STRUCTURE,STRUCTURE_ID,ACTION,REF_AREA,INDICATOR,TIME_PERIOD,OBS_VALUE,UNIT_MEASURE
dataflow,PSOLAN:DF_GREEN_SPACE(1.0),I,E06000026,GSA_300M,2024,72.6353,PC
dataflow,PSOLAN:DF_GREEN_SPACE(1.0),I,E06000027,GSA_300M,2024,66.0974,PC
dataflow,PSOLAN:DF_GREEN_SPACE(1.0),I,E07000040,GSA_300M,2024,51.9861,PC
dataflow,PSOLAN:DF_GREEN_SPACE(1.0),I,E07000041,GSA_300M,2024,69.7189,PC
dataflow,PSOLAN:DF_GREEN_SPACE(1.0),I,E07000042,GSA_300M,2024,51.8809,PC
dataflow,PSOLAN:DF_GREEN_SPACE(1.0),I,E07000043,GSA_300M,2024,51.1205,PC
dataflow,PSOLAN:DF_GREEN_SPACE(1.0),I,E07000044,GSA_300M,2024,46.7509,PC
dataflow,PSOLAN:DF_GREEN_SPACE(1.0),I,E07000045,GSA_300M,2024,51.5828,PC
dataflow,PSOLAN:DF_GREEN_SPACE(1.0),I,E07000046,GSA_300M,2024,43.641,PC
dataflow,PSOLAN:DF_GREEN_SPACE(1.0),I,E07000047,GSA_300M,2024,43.752,PC
dataflow,PSOLAN:DF_GREEN_SPACE(1.0),I,E01015023,GSA_300M,2024,96.7342,PC
dataflow,PSOLAN:DF_GREEN_SPACE(1.0),I,E01015024,GSA_300M,2024,80.8271,PC
dataflow,PSOLAN:DF_GREEN_SPACE(1.0),I,E01015025,GSA_300M,2024,98.498,PC
dataflow,PSOLAN:DF_GREEN_SPACE(1.0),I,E01015026,GSA_300M,2024,58.8846,PC
dataflow,PSOLAN:DF_GREEN_SPACE(1.0),I,E01015027,GSA_300M,2024,62.8022,PC
dataflow,PSOLAN:DF_GREEN_SPACE(1.0),I,E01015028,GSA_300M,2024,100.0,PC
dataflow,PSOLAN:DF_GREEN_SPACE(1.0),I,E01015029,GSA_300M,2024,25.7157,PC
dataflow,PSOLAN:DF_GREEN_SPACE(1.0),I,E01015030,GSA_300M,2024,100.0,PC
dataflow,PSOLAN:DF_GREEN_SPACE(1.0),I,E01015031,GSA_300M,2024,95.3795,PC
dataflow,PSOLAN:DF_GREEN_SPACE(1.0),I,E01015032,GSA_300M,2024,11.0209,PC
dataflow,PSOLAN:DF_GREEN_SPACE(1.0),I,E01015033,GSA_300M,2024,29.0467,PC
dataflow,PSOLAN:DF_GREEN_SPACE(1.0),I,E01015034,GSA_300M,2024,99.5913,PC
dataflow,PSOLAN:DF_GREEN_SPACE(1.0),I,E01015035,GSA_300M,2024,23.554,PC
dataflow,PSOLAN:DF_GREEN_SPACE(1.0),I,E01015036,GSA_300M,2024,99.8697,PC
dataflow,PSOLAN:DF_GREEN_SPACE(1.0),I,E01015037,GSA_300M,2024,67.2714,PC
dataflow,PSOLAN:DF_GREEN_SPACE(1.0),I,E01015038,GSA_300M,2024,100.0,PC
dataflow,PSOLAN:DF_GREEN_SPACE(1.0),I,E01015039,GSA_300M,2024,99.618,PC
dataflow,PSOLAN:DF_GREEN_SPACE(1.0),I,E01015040,GSA_300M,2024,100.0,PC
dataflow,PSOLAN:DF_GREEN_SPACE(1.0),I,E01015041,GSA_300M,2024,90.3089,PC
dataflow,PSOLAN:DF_GREEN_SPACE(1.0),I,E01015042,GSA_300M,2024,100.0,PC
dataflow,PSOLAN:DF_GREEN_SPACE(1.0),I,E01015043,GSA_300M,2024,60.9652,PC
dataflow,PSOLAN:DF_GREEN_SPACE(1.0),I,E01015044,GSA_300M,2024,90.6993,PC
dataflow,PSOLAN:DF_GREEN_SPACE(1.0),I,E01015045,GSA_300M,2024,98.1532,PC
dataflow,PSOLAN:DF_GREEN_SPACE(1.0),I,E01015046,GSA_300M,2024,62.7021,PC
dataflow,PSOLAN:DF_GREEN_SPACE(1.0),I,E01015047,GSA_300M,2024,99.9007,PC
dataflow,PSOLAN:DF_GREEN_SPACE(1.0),I,E01015048,GSA_300M,2024,65.8403,PC
dataflow,PSOLAN:DF_GREEN_SPACE(1.0),I,E01015049,GSA_300M,2024,26.5133,PC
dataflow,PSOLAN:DF_GREEN_SPACE(1.0),I,E01015050,GSA_300M,2024,58.0627,PC
dataflow,PSOLAN:DF_GREEN_SPACE(1.0),I,E01015051,GSA_300M,2024,99.7197,PC
dataflow,PSOLAN:DF_GREEN_SPACE(1.0),I,E01015052,GSA_300M,2024,90.8599,PC
dataflow,PSOLAN:DF_GREEN_SPACE(1.0),I,E01015053,GSA_300M,2024,100.0,PC
dataflow,PSOLAN:DF_GREEN_SPACE(1.0),I,E01015054,GSA_300M,2024,100.0,PC
dataflow,PSOLAN:DF_GREEN_SPACE(1.0),I,E01015055,GSA_300M,2024,44.3221,PC
dataflow,PSOLAN:DF_GREEN_SPACE(1.0),I,E01015056,GSA_300M,2024,77.5213,PC
dataflow,PSOLAN:DF_GREEN_SPACE(1.0),I,E01015057,GSA_300M,2024,100.0,PC
dataflow,PSOLAN:DF_GREEN_SPACE(1.0),I,E01015058,GSA_300M,2024,100.0,PC
dataflow,PSOLAN:DF_GREEN_SPACE(1.0),I,E01015059,GSA_300M,2024,99.738,PC
dataflow,PSOLAN:DF_GREEN_SPACE(1.0),I,E01015060,GSA_300M,2024,89.7987,PC
dataflow,PSOLAN:DF_GREEN_SPACE(1.0),I,E01015061,GSA_300M,2024,96.018,PC
dataflow,PSOLAN:DF_GREEN_SPACE(1.0),I,E01015062,GSA_300M,2024,74.6786,PC
dataflow,PSOLAN:DF_GREEN_SPACE(1.0),I,E01015063,GSA_300M,2024,66.5517,PC
dataflow,PSOLAN:DF_GREEN_SPACE(1.0),I,E01015064,GSA_300M,2024,18.8199,PC
dataflow,PSOLAN:DF_GREEN_SPACE(1.0),I,E01015065,GSA_300M,2024,22.1716,PC
dataflow,PSOLAN:DF_GREEN_SPACE(1.0),I,E01015066,GSA_300M,2024,76.1029,PC
dataflow,PSOLAN:DF_GREEN_SPACE(1.0),I,E01015067,GSA_300M,2024,96.8728,PC
dataflow,PSOLAN:DF_GREEN_SPACE(1.0),I,E01015068,GSA_300M,2024,13.4555,PC
dataflow,PSOLAN:DF_GREEN_SPACE(1.0),I,E01015069,GSA_300M,2024,32.0631,PC
dataflow,PSOLAN:DF_GREEN_SPACE(1.0),I,E01015070,GSA_300M,2024,97.7504,PC
dataflow,PSOLAN:DF_GREEN_SPACE(1.0),I,E01015071,GSA_300M,2024,87.0504,PC
dataflow,PSOLAN:DF_GREEN_SPACE(1.0),I,E01015072,GSA_300M,2024,0.0,PC
dataflow,PSOLAN:DF_GREEN_SPACE(1.0),I,E01015073,GSA_300M,2024,87.7634,PC
dataflow,PSOLAN:DF_GREEN_SPACE(1.0),I,E01015074,GSA_300M,2024,81.4618,PC
dataflow,PSOLAN:DF_GREEN_SPACE(1.0),I,E01015075,GSA_300M,2024,82.8947,PC
dataflow,PSOLAN:DF_GREEN_SPACE(1.0),I,E01015076,GSA_300M,2024,89.665,PC
dataflow,PSOLAN:DF_GREEN_SPACE(1.0),I,E01015077,GSA_300M,2024,97.2745,PC
dataflow,PSOLAN:DF_GREEN_SPACE(1.0),I,E01015078,GSA_300M,2024,32.0055,PC
dataflow,PSOLAN:DF_GREEN_SPACE(1.0),I,E01015079,GSA_300M,2024,64.9306,PC
dataflow,PSOLAN:DF_GREEN_SPACE(1.0),I,E01015080,GSA_300M,2024,70.5357,PC
dataflow,PSOLAN:DF_GREEN_SPACE(1.0),I,E01015081,GSA_300M,2024,89.7541,PC
dataflow,PSOLAN:DF_GREEN_SPACE(1.0),I,E01015082,GSA_300M,2024,99.8775,PC
dataflow,PSOLAN:DF_GREEN_SPACE(1.0),I,E01015083,GSA_300M,2024,99.562,PC
dataflow,PSOLAN:DF_GREEN_SPACE(1.0),I,E01015084,GSA_300M,2024,97.4898,PC
dataflow,PSOLAN:DF_GREEN_SPACE(1.0),I,E01015085,GSA_300M,2024,100.0,PC
dataflow,PSOLAN:DF_GREEN_SPACE(1.0),I,E01015086,GSA_300M,2024,100.0,PC
dataflow,PSOLAN:DF_GREEN_SPACE(1.0),I,E01015087,GSA_300M,2024,84.8085,PC
dataflow,PSOLAN:DF_GREEN_SPACE(1.0),I,E01015088,GSA_300M,2024,100.0,PC
dataflow,PSOLAN:DF_GREEN_SPACE(1.0),I,E01015089,GSA_300M,2024,99.7074,PC
dataflow,PSOLAN:DF_GREEN_SPACE(1.0),I,E01015090,GSA_300M,2024,77.4169,PC
dataflow,PSOLAN:DF_GREEN_SPACE(1.0),I,E01015091,GSA_300M,2024,79.7761,PC
dataflow,PSOLAN:DF_GREEN_SPACE(1.0),I,E01015092,GSA_300M,2024,62.6738,PC
dataflow,PSOLAN:DF_GREEN_SPACE(1.0),I,E01015093,GSA_300M,2024,82.6577,PC
dataflow,PSOLAN:DF_GREEN_SPACE(1.0),I,E01015094,GSA_300M,2024,27.9817,PC
dataflow,PSOLAN:DF_GREEN_SPACE(1.0),I,E01015095,GSA_300M,2024,69.9489,PC
dataflow,PSOLAN:DF_GREEN_SPACE(1.0),I,E01015096,GSA_300M,2024,85.536,PC
dataflow,PSOLAN:DF_GREEN_SPACE(1.0),I,E01015097,GSA_300M,2024,40.009,PC
dataflow,PSOLAN:DF_GREEN_SPACE(1.0),I,E01015098,GSA_300M,2024,92.4177,PC
dataflow,PSOLAN:DF_GREEN_SPACE(1.0),I,E01015099,GSA_300M,2024,87.2296,PC
dataflow,PSOLAN:DF_GREEN_SPACE(1.0),I,E01015100,GSA_300M,2024,76.6576,PC
dataflow,PSOLAN:DF_GREEN_SPACE(1.0),I,E01015101,GSA_300M,2024,34.7029,PC
dataflow,PSOLAN:DF_GREEN_SPACE(1.0),I,E01015102,GSA_300M,2024,100.0,PC
dataflow,PSOLAN:DF_GREEN_SPACE(1.0),I,E01015103,GSA_300M,2024,100.0,PC
dataflow,PSOLAN:DF_GREEN_SPACE(1.0),I,E01015104,GSA_300M,2024,44.2295,PC
dataflow,PSOLAN:DF_GREEN_SPACE(1.0),I,E01015105,GSA_300M,2024,90.7662,PC
dataflow,PSOLAN:DF_GREEN_SPACE(1.0),I,E01015106,GSA_300M,2024,67.6033,PC
dataflow,PSOLAN:DF_GREEN_SPACE(1.0),I,E01015107,GSA_300M,2024,75.1623,PC
dataflow,PSOLAN:DF_GREEN_SPACE(1.0),I,E01015108,GSA_300M,2024,40.0441,PC
dataflow,PSOLAN:DF_GREEN_SPACE(1.0),I,E01015109,GSA_300M,2024,99.1018,PC
dataflow,PSOLAN:DF_GREEN_SPACE(1.0),I,E01015110,GSA_300M,2024,40.8818,PC
dataflow,PSOLAN:DF_GREEN_SPACE(1.0),I,E01015111,GSA_300M,2024,55.6647,PC
dataflow,PSOLAN:DF_GREEN_SPACE(1.0),I,E01015112,GSA_300M,2024,73.0024,PC
dataflow,PSOLAN:DF_GREEN_SPACE(1.0),I,E01015113,GSA_300M,2024,52.4983,PC
dataflow,PSOLAN:DF_GREEN_SPACE(1.0),I,E01015114,GSA_300M,2024,73.0061,PC
dataflow,PSOLAN:DF_GREEN_SPACE(1.0),I,E01015115,GSA_300M,2024,43.9825,PC
dataflow,PSOLAN:DF_GREEN_SPACE(1.0),I,E01015116,GSA_300M,2024,84.2475,PC
dataflow,PSOLAN:DF_GREEN_SPACE(1.0),I,E01015117,GSA_300M,2024,56.5312,PC
dataflow,PSOLAN:DF_GREEN_SPACE(1.0),I,E01015118,GSA_300M,2024,8.6903,PC
dataflow,PSOLAN:DF_GREEN_SPACE(1.0),I,E01015119,GSA_300M,2024,99.7526,PC
dataflow,PSOLAN:DF_GREEN_SPACE(1.0),I,E01015120,GSA_300M,2024,6.879,PC
dataflow,PSOLAN:DF_GREEN_SPACE(1.0),I,E01015121,GSA_300M,2024,2.9216,PC
dataflow,PSOLAN:DF_GREEN_SPACE(1.0),I,E01015122,GSA_300M,2024,9.75,PC
dataflow,PSOLAN:DF_GREEN_SPACE(1.0),I,E01015123,GSA_300M,2024,85.7751,PC
dataflow,PSOLAN:DF_GREEN_SPACE(1.0),I,E01015124,GSA_300M,2024,90.6658,PC
dataflow,PSOLAN:DF_GREEN_SPACE(1.0),I,E01015125,GSA_300M,2024,50.1355,PC
dataflow,PSOLAN:DF_GREEN_SPACE(1.0),I,E01015126,GSA_300M,2024,0.4572,PC
dataflow,PSOLAN:DF_GREEN_SPACE(1.0),I,E01015127,GSA_300M,2024,91.1401,PC
dataflow,PSOLAN:DF_GREEN_SPACE(1.0),I,E01015128,GSA_300M,2024,74.4021,PC
dataflow,PSOLAN:DF_GREEN_SPACE(1.0),I,E01015129,GSA_300M,2024,96.793,PC
dataflow,PSOLAN:DF_GREEN_SPACE(1.0),I,E01015130,GSA_300M,2024,57.2809,PC
dataflow,PSOLAN:DF_GREEN_SPACE(1.0),I,E01015131,GSA_300M,2024,41.1595,PC
dataflow,PSOLAN:DF_GREEN_SPACE(1.0),I,E01015132,GSA_300M,2024,12.4244,PC
dataflow,PSOLAN:DF_GREEN_SPACE(1.0),I,E01015133,GSA_300M,2024,31.1385,PC
dataflow,PSOLAN:DF_GREEN_SPACE(1.0),I,E01015134,GSA_300M,2024,68.5621,PC
dataflow,PSOLAN:DF_GREEN_SPACE(1.0),I,E01015136,GSA_300M,2024,100.0,PC
dataflow,PSOLAN:DF_GREEN_SPACE(1.0),I,E01015137,GSA_300M,2024,80.1462,PC
dataflow,PSOLAN:DF_GREEN_SPACE(1.0),I,E01015138,GSA_300M,2024,95.2229,PC
dataflow,PSOLAN:DF_GREEN_SPACE(1.0),I,E01015139,GSA_300M,2024,48.1224,PC
dataflow,PSOLAN:DF_GREEN_SPACE(1.0),I,E01015140,GSA_300M,2024,10.1884,PC
dataflow,PSOLAN:DF_GREEN_SPACE(1.0),I,E01015141,GSA_300M,2024,56.5513,PC
dataflow,PSOLAN:DF_GREEN_SPACE(1.0),I,E01015142,GSA_300M,2024,85.2669,PC
dataflow,PSOLAN:DF_GREEN_SPACE(1.0),I,E01015143,GSA_300M,2024,15.3014,PC
dataflow,PSOLAN:DF_GREEN_SPACE(1.0),I,E01015144,GSA_300M,2024,44.5501,PC
dataflow,PSOLAN:DF_GREEN_SPACE(1.0),I,E01015145,GSA_300M,2024,74.4378,PC
dataflow,PSOLAN:DF_GREEN_SPACE(1.0),I,E01015146,GSA_300M,2024,96.3459,PC
dataflow,PSOLAN:DF_GREEN_SPACE(1.0),I,E01015147,GSA_300M,2024,99.5261,PC
dataflow,PSOLAN:DF_GREEN_SPACE(1.0),I,E01015148,GSA_300M,2024,92.4212,PC
dataflow,PSOLAN:DF_GREEN_SPACE(1.0),I,E01015149,GSA_300M,2024,49.0934,PC
dataflow,PSOLAN:DF_GREEN_SPACE(1.0),I,E01015150,GSA_300M,2024,86.5398,PC
dataflow,PSOLAN:DF_GREEN_SPACE(1.0),I,E01015151,GSA_300M,2024,100.0,PC
dataflow,PSOLAN:DF_GREEN_SPACE(1.0),I,E01015152,GSA_300M,2024,87.9523,PC
dataflow,PSOLAN:DF_GREEN_SPACE(1.0),I,E01015153,GSA_300M,2024,100.0,PC
dataflow,PSOLAN:DF_GREEN_SPACE(1.0),I,E01015155,GSA_300M,2024,93.9557,PC
dataflow,PSOLAN:DF_GREEN_SPACE(1.0),I,E01015156,GSA_300M,2024,89.9206,PC
dataflow,PSOLAN:DF_GREEN_SPACE(1.0),I,E01015159,GSA_300M,2024,91.0353,PC
dataflow,PSOLAN:DF_GREEN_SPACE(1.0),I,E01015160,GSA_300M,2024,69.6949,PC
dataflow,PSOLAN:DF_GREEN_SPACE(1.0),I,E01015161,GSA_300M,2024,97.6261,PC
dataflow,PSOLAN:DF_GREEN_SPACE(1.0),I,E01015162,GSA_300M,2024,97.5415,PC
dataflow,PSOLAN:DF_GREEN_SPACE(1.0),I,E01015163,GSA_300M,2024,71.9825,PC
dataflow,PSOLAN:DF_GREEN_SPACE(1.0),I,E01015164,GSA_300M,2024,53.3649,PC
dataflow,PSOLAN:DF_GREEN_SPACE(1.0),I,E01015165,GSA_300M,2024,0.0,PC
dataflow,PSOLAN:DF_GREEN_SPACE(1.0),I,E01015166,GSA_300M,2024,15.157,PC
dataflow,PSOLAN:DF_GREEN_SPACE(1.0),I,E01015167,GSA_300M,2024,100.0,PC
dataflow,PSOLAN:DF_GREEN_SPACE(1.0),I,E01015168,GSA_300M,2024,87.0187,PC
dataflow,PSOLAN:DF_GREEN_SPACE(1.0),I,E01015169,GSA_300M,2024,100.0,PC
dataflow,PSOLAN:DF_GREEN_SPACE(1.0),I,E01015170,GSA_300M,2024,100.0,PC
dataflow,PSOLAN:DF_GREEN_SPACE(1.0),I,E01015171,GSA_300M,2024,97.9334,PC
dataflow,PSOLAN:DF_GREEN_SPACE(1.0),I,E01015172,GSA_300M,2024,100.0,PC
dataflow,PSOLAN:DF_GREEN_SPACE(1.0),I,E01015173,GSA_300M,2024,98.1303,PC
dataflow,PSOLAN:DF_GREEN_SPACE(1.0),I,E01015174,GSA_300M,2024,80.5738,PC
dataflow,PSOLAN:DF_GREEN_SPACE(1.0),I,E01015175,GSA_300M,2024,52.3632,PC
dataflow,PSOLAN:DF_GREEN_SPACE(1.0),I,E01015176,GSA_300M,2024,93.3191,PC
dataflow,PSOLAN:DF_GREEN_SPACE(1.0),I,E01015177,GSA_300M,2024,93.9589,PC
dataflow,PSOLAN:DF_GREEN_SPACE(1.0),I,E01015178,GSA_300M,2024,100.0,PC
dataflow,PSOLAN:DF_GREEN_SPACE(1.0),I,E01015179,GSA_300M,2024,100.0,PC
dataflow,PSOLAN:DF_GREEN_SPACE(1.0),I,E01015180,GSA_300M,2024,81.417,PC
dataflow,PSOLAN:DF_GREEN_SPACE(1.0),I,E01015181,GSA_300M,2024,96.7296,PC
dataflow,PSOLAN:DF_GREEN_SPACE(1.0),I,E01015182,GSA_300M,2024,59.3558,PC
dataflow,PSOLAN:DF_GREEN_SPACE(1.0),I,E01015183,GSA_300M,2024,79.1545,PC
dataflow,PSOLAN:DF_GREEN_SPACE(1.0),I,E01015184,GSA_300M,2024,3.9106,PC
dataflow,PSOLAN:DF_GREEN_SPACE(1.0),I,E01015185,GSA_300M,2024,26.6869,PC
dataflow,PSOLAN:DF_GREEN_SPACE(1.0),I,E01015186,GSA_300M,2024,25.0192,PC
dataflow,PSOLAN:DF_GREEN_SPACE(1.0),I,E01015187,GSA_300M,2024,78.3911,PC
dataflow,PSOLAN:DF_GREEN_SPACE(1.0),I,E01015188,GSA_300M,2024,97.1429,PC
dataflow,PSOLAN:DF_GREEN_SPACE(1.0),I,E01015189,GSA_300M,2024,97.7407,PC
dataflow,PSOLAN:DF_GREEN_SPACE(1.0),I,E01015190,GSA_300M,2024,0.0,PC
dataflow,PSOLAN:DF_GREEN_SPACE(1.0),I,E01015191,GSA_300M,2024,12.7633,PC
dataflow,PSOLAN:DF_GREEN_SPACE(1.0),I,E01015192,GSA_300M,2024,14.3219,PC
dataflow,PSOLAN:DF_GREEN_SPACE(1.0),I,E01015193,GSA_300M,2024,81.069,PC
dataflow,PSOLAN:DF_GREEN_SPACE(1.0),I,E01015194,GSA_300M,2024,62.7825,PC
dataflow,PSOLAN:DF_GREEN_SPACE(1.0),I,E01015196,GSA_300M,2024,13.0459,PC
dataflow,PSOLAN:DF_GREEN_SPACE(1.0),I,E01015197,GSA_300M,2024,16.5582,PC
dataflow,PSOLAN:DF_GREEN_SPACE(1.0),I,E01015198,GSA_300M,2024,31.7104,PC
dataflow,PSOLAN:DF_GREEN_SPACE(1.0),I,E01015199,GSA_300M,2024,63.8109,PC
dataflow,PSOLAN:DF_GREEN_SPACE(1.0),I,E01015200,GSA_300M,2024,69.3107,PC
dataflow,PSOLAN:DF_GREEN_SPACE(1.0),I,E01015201,GSA_300M,2024,55.153,PC
dataflow,PSOLAN:DF_GREEN_SPACE(1.0),I,E01015202,GSA_300M,2024,76.4352,PC
dataflow,PSOLAN:DF_GREEN_SPACE(1.0),I,E01015203,GSA_300M,2024,14.9398,PC
dataflow,PSOLAN:DF_GREEN_SPACE(1.0),I,E01015204,GSA_300M,2024,63.3443,PC
dataflow,PSOLAN:DF_GREEN_SPACE(1.0),I,E01015205,GSA_300M,2024,63.4963,PC
dataflow,PSOLAN:DF_GREEN_SPACE(1.0),I,E01015206,GSA_300M,2024,22.4503,PC
dataflow,PSOLAN:DF_GREEN_SPACE(1.0),I,E01015207,GSA_300M,2024,92.3871,PC
dataflow,PSOLAN:DF_GREEN_SPACE(1.0),I,E01015208,GSA_300M,2024,12.8477,PC
dataflow,PSOLAN:DF_GREEN_SPACE(1.0),I,E01015209,GSA_300M,2024,98.6781,PC
dataflow,PSOLAN:DF_GREEN_SPACE(1.0),I,E01015210,GSA_300M,2024,59.7433,PC
dataflow,PSOLAN:DF_GREEN_SPACE(1.0),I,E01015211,GSA_300M,2024,96.0953,PC
dataflow,PSOLAN:DF_GREEN_SPACE(1.0),I,E01015212,GSA_300M,2024,92.6099,PC
dataflow,PSOLAN:DF_GREEN_SPACE(1.0),I,E01015213,GSA_300M,2024,91.4908,PC
dataflow,PSOLAN:DF_GREEN_SPACE(1.0),I,E01015214,GSA_300M,2024,98.067,PC
dataflow,PSOLAN:DF_GREEN_SPACE(1.0),I,E01015215,GSA_300M,2024,100.0,PC
dataflow,PSOLAN:DF_GREEN_SPACE(1.0),I,E01015216,GSA_300M,2024,100.0,PC
dataflow,PSOLAN:DF_GREEN_SPACE(1.0),I,E01015217,GSA_300M,2024,75.0602,PC
dataflow,PSOLAN:DF_GREEN_SPACE(1.0),I,E01015218,GSA_300M,2024,93.4373,PC
dataflow,PSOLAN:DF_GREEN_SPACE(1.0),I,E01015219,GSA_300M,2024,100.0,PC
dataflow,PSOLAN:DF_GREEN_SPACE(1.0),I,E01015220,GSA_300M,2024,95.689,PC
dataflow,PSOLAN:DF_GREEN_SPACE(1.0),I,E01015221,GSA_300M,2024,49.4997,PC
dataflow,PSOLAN:DF_GREEN_SPACE(1.0),I,E01015222,GSA_300M,2024,54.8571,PC
dataflow,PSOLAN:DF_GREEN_SPACE(1.0),I,E01015223,GSA_300M,2024,5.0433,PC
dataflow,PSOLAN:DF_GREEN_SPACE(1.0),I,E01015224,GSA_300M,2024,97.5911,PC
dataflow,PSOLAN:DF_GREEN_SPACE(1.0),I,E01015225,GSA_300M,2024,100.0,PC
dataflow,PSOLAN:DF_GREEN_SPACE(1.0),I,E01015226,GSA_300M,2024,95.646,PC
dataflow,PSOLAN:DF_GREEN_SPACE(1.0),I,E01015227,GSA_300M,2024,75.3296,PC
dataflow,PSOLAN:DF_GREEN_SPACE(1.0),I,E01015228,GSA_300M,2024,100.0,PC
dataflow,PSOLAN:DF_GREEN_SPACE(1.0),I,E01015229,GSA_300M,2024,100.0,PC
dataflow,PSOLAN:DF_GREEN_SPACE(1.0),I,E01015230,GSA_300M,2024,83.4532,PC
dataflow,PSOLAN:DF_GREEN_SPACE(1.0),I,E01015231,GSA_300M,2024,74.8749,PC
dataflow,PSOLAN:DF_GREEN_SPACE(1.0),I,E01015232,GSA_300M,2024,100.0,PC
dataflow,PSOLAN:DF_GREEN_SPACE(1.0),I,E01015233,GSA_300M,2024,59.3039,PC
dataflow,PSOLAN:DF_GREEN_SPACE(1.0),I,E01015234,GSA_300M,2024,99.703,PC
dataflow,PSOLAN:DF_GREEN_SPACE(1.0),I,E01015235,GSA_300M,2024,98.5971,PC
dataflow,PSOLAN:DF_GREEN_SPACE(1.0),I,E01015236,GSA_300M,2024,73.7483,PC
dataflow,PSOLAN:DF_GREEN_SPACE(1.0),I,E01015237,GSA_300M,2024,37.1681,PC
dataflow,PSOLAN:DF_GREEN_SPACE(1.0),I,E01015238,GSA_300M,2024,61.1643,PC
dataflow,PSOLAN:DF_GREEN_SPACE(1.0),I,E01015239,GSA_300M,2024,96.0924,PC
dataflow,PSOLAN:DF_GREEN_SPACE(1.0),I,E01015240,GSA_300M,2024,97.5228,PC
dataflow,PSOLAN:DF_GREEN_SPACE(1.0),I,E01015241,GSA_300M,2024,62.1843,PC
dataflow,PSOLAN:DF_GREEN_SPACE(1.0),I,E01015242,GSA_300M,2024,41.6605,PC
dataflow,PSOLAN:DF_GREEN_SPACE(1.0),I,E01015243,GSA_300M,2024,99.3765,PC
dataflow,PSOLAN:DF_GREEN_SPACE(1.0),I,E01015244,GSA_300M,2024,38.6525,PC
dataflow,PSOLAN:DF_GREEN_SPACE(1.0),I,E01015245,GSA_300M,2024,64.3312,PC
dataflow,PSOLAN:DF_GREEN_SPACE(1.0),I,E01015246,GSA_300M,2024,39.7632,PC
dataflow,PSOLAN:DF_GREEN_SPACE(1.0),I,E01015247,GSA_300M,2024,57.9558,PC
dataflow,PSOLAN:DF_GREEN_SPACE(1.0),I,E01015248,GSA_300M,2024,31.6263,PC
dataflow,PSOLAN:DF_GREEN_SPACE(1.0),I,E01015249,GSA_300M,2024,89.4422,PC
dataflow,PSOLAN:DF_GREEN_SPACE(1.0),I,E01015250,GSA_300M,2024,39.9073,PC
dataflow,PSOLAN:DF_GREEN_SPACE(1.0),I,E01015251,GSA_300M,2024,71.6271,PC
dataflow,PSOLAN:DF_GREEN_SPACE(1.0),I,E01015253,GSA_300M,2024,0.2993,PC
dataflow,PSOLAN:DF_GREEN_SPACE(1.0),I,E01015254,GSA_300M,2024,42.1309,PC
dataflow,PSOLAN:DF_GREEN_SPACE(1.0),I,E01015255,GSA_300M,2024,94.3771,PC
dataflow,PSOLAN:DF_GREEN_SPACE(1.0),I,E01015256,GSA_300M,2024,77.2636,PC
dataflow,PSOLAN:DF_GREEN_SPACE(1.0),I,E01015257,GSA_300M,2024,99.458,PC
dataflow,PSOLAN:DF_GREEN_SPACE(1.0),I,E01015258,GSA_300M,2024,80.8305,PC
dataflow,PSOLAN:DF_GREEN_SPACE(1.0),I,E01015259,GSA_300M,2024,22.2292,PC
dataflow,PSOLAN:DF_GREEN_SPACE(1.0),I,E01015260,GSA_300M,2024,87.845,PC
dataflow,PSOLAN:DF_GREEN_SPACE(1.0),I,E01015261,GSA_300M,2024,84.5181,PC
dataflow,PSOLAN:DF_GREEN_SPACE(1.0),I,E01015262,GSA_300M,2024,68.0959,PC
dataflow,PSOLAN:DF_GREEN_SPACE(1.0),I,E01015263,GSA_300M,2024,98.8977,PC
dataflow,PSOLAN:DF_GREEN_SPACE(1.0),I,E01015264,GSA_300M,2024,55.6724,PC
dataflow,PSOLAN:DF_GREEN_SPACE(1.0),I,E01015265,GSA_300M,2024,27.6923,PC
dataflow,PSOLAN:DF_GREEN_SPACE(1.0),I,E01015266,GSA_300M,2024,90.5337,PC
dataflow,PSOLAN:DF_GREEN_SPACE(1.0),I,E01015267,GSA_300M,2024,85.327,PC
dataflow,PSOLAN:DF_GREEN_SPACE(1.0),I,E01015268,GSA_300M,2024,66.0967,PC
dataflow,PSOLAN:DF_GREEN_SPACE(1.0),I,E01015269,GSA_300M,2024,52.6248,PC
dataflow,PSOLAN:DF_GREEN_SPACE(1.0),I,E01015270,GSA_300M,2024,41.1765,PC
dataflow,PSOLAN:DF_GREEN_SPACE(1.0),I,E01015271,GSA_300M,2024,80.202,PC
dataflow,PSOLAN:DF_GREEN_SPACE(1.0),I,E01019887,GSA_300M,2024,94.0553,PC
dataflow,PSOLAN:DF_GREEN_SPACE(1.0),I,E01019888,GSA_300M,2024,70.8528,PC
dataflow,PSOLAN:DF_GREEN_SPACE(1.0),I,E01019889,GSA_300M,2024,60.6962,PC
dataflow,PSOLAN:DF_GREEN_SPACE(1.0),I,E01019890,GSA_300M,2024,20.4685,PC
dataflow,PSOLAN:DF_GREEN_SPACE(1.0),I,E01019891,GSA_300M,2024,42.7391,PC
dataflow,PSOLAN:DF_GREEN_SPACE(1.0),I,E01019894,GSA_300M,2024,50.4323,PC
dataflow,PSOLAN:DF_GREEN_SPACE(1.0),I,E01019895,GSA_300M,2024,56.0518,PC
dataflow,PSOLAN:DF_GREEN_SPACE(1.0),I,E01019896,GSA_300M,2024,76.5448,PC
dataflow,PSOLAN:DF_GREEN_SPACE(1.0),I,E01019897,GSA_300M,2024,86.1461,PC
dataflow,PSOLAN:DF_GREEN_SPACE(1.0),I,E01019898,GSA_300M,2024,51.2784,PC
dataflow,PSOLAN:DF_GREEN_SPACE(1.0),I,E01019899,GSA_300M,2024,73.3518,PC
dataflow,PSOLAN:DF_GREEN_SPACE(1.0),I,E01019900,GSA_300M,2024,31.5188,PC
dataflow,PSOLAN:DF_GREEN_SPACE(1.0),I,E01019901,GSA_300M,2024,11.3906,PC
dataflow,PSOLAN:DF_GREEN_SPACE(1.0),I,E01019902,GSA_300M,2024,35.9895,PC
dataflow,PSOLAN:DF_GREEN_SPACE(1.0),I,E01019903,GSA_300M,2024,18.2831,PC
dataflow,PSOLAN:DF_GREEN_SPACE(1.0),I,E01019904,GSA_300M,2024,76.9655,PC
dataflow,PSOLAN:DF_GREEN_SPACE(1.0),I,E01019905,GSA_300M,2024,0.0,PC
dataflow,PSOLAN:DF_GREEN_SPACE(1.0),I,E01019906,GSA_300M,2024,36.9565,PC
dataflow,PSOLAN:DF_GREEN_SPACE(1.0),I,E01019907,GSA_300M,2024,8.1099,PC
dataflow,PSOLAN:DF_GREEN_SPACE(1.0),I,E01019908,GSA_300M,2024,7.0349,PC
dataflow,PSOLAN:DF_GREEN_SPACE(1.0),I,E01019909,GSA_300M,2024,61.4411,PC
dataflow,PSOLAN:DF_GREEN_SPACE(1.0),I,E01019910,GSA_300M,2024,100.0,PC
dataflow,PSOLAN:DF_GREEN_SPACE(1.0),I,E01019911,GSA_300M,2024,13.9405,PC
dataflow,PSOLAN:DF_GREEN_SPACE(1.0),I,E01019912,GSA_300M,2024,52.97,PC
dataflow,PSOLAN:DF_GREEN_SPACE(1.0),I,E01019913,GSA_300M,2024,77.3459,PC
dataflow,PSOLAN:DF_GREEN_SPACE(1.0),I,E01019914,GSA_300M,2024,48.7221,PC
dataflow,PSOLAN:DF_GREEN_SPACE(1.0),I,E01019915,GSA_300M,2024,73.0523,PC
dataflow,PSOLAN:DF_GREEN_SPACE(1.0),I,E01019916,GSA_300M,2024,53.9082,PC
dataflow,PSOLAN:DF_GREEN_SPACE(1.0),I,E01019917,GSA_300M,2024,85.4942,PC
dataflow,PSOLAN:DF_GREEN_SPACE(1.0),I,E01019918,GSA_300M,2024,88.8047,PC
dataflow,PSOLAN:DF_GREEN_SPACE(1.0),I,E01019919,GSA_300M,2024,97.7339,PC
dataflow,PSOLAN:DF_GREEN_SPACE(1.0),I,E01019920,GSA_300M,2024,94.8276,PC
dataflow,PSOLAN:DF_GREEN_SPACE(1.0),I,E01019921,GSA_300M,2024,69.0371,PC
dataflow,PSOLAN:DF_GREEN_SPACE(1.0),I,E01019922,GSA_300M,2024,86.185,PC
dataflow,PSOLAN:DF_GREEN_SPACE(1.0),I,E01019923,GSA_300M,2024,100.0,PC
dataflow,PSOLAN:DF_GREEN_SPACE(1.0),I,E01019924,GSA_300M,2024,16.6553,PC
dataflow,PSOLAN:DF_GREEN_SPACE(1.0),I,E01019925,GSA_300M,2024,81.9084,PC
dataflow,PSOLAN:DF_GREEN_SPACE(1.0),I,E01019927,GSA_300M,2024,100.0,PC
dataflow,PSOLAN:DF_GREEN_SPACE(1.0),I,E01019928,GSA_300M,2024,68.1011,PC
dataflow,PSOLAN:DF_GREEN_SPACE(1.0),I,E01019929,GSA_300M,2024,73.3577,PC
dataflow,PSOLAN:DF_GREEN_SPACE(1.0),I,E01019930,GSA_300M,2024,10.6529,PC
dataflow,PSOLAN:DF_GREEN_SPACE(1.0),I,E01019931,GSA_300M,2024,38.1667,PC
dataflow,PSOLAN:DF_GREEN_SPACE(1.0),I,E01019932,GSA_300M,2024,95.1087,PC
dataflow,PSOLAN:DF_GREEN_SPACE(1.0),I,E01019933,GSA_300M,2024,8.5779,PC
dataflow,PSOLAN:DF_GREEN_SPACE(1.0),I,E01019934,GSA_300M,2024,66.9695,PC
dataflow,PSOLAN:DF_GREEN_SPACE(1.0),I,E01019935,GSA_300M,2024,34.8115,PC
dataflow,PSOLAN:DF_GREEN_SPACE(1.0),I,E01019936,GSA_300M,2024,44.1624,PC
dataflow,PSOLAN:DF_GREEN_SPACE(1.0),I,E01019937,GSA_300M,2024,30.6557,PC
dataflow,PSOLAN:DF_GREEN_SPACE(1.0),I,E01019938,GSA_300M,2024,16.4015,PC
dataflow,PSOLAN:DF_GREEN_SPACE(1.0),I,E01019939,GSA_300M,2024,0.0,PC
dataflow,PSOLAN:DF_GREEN_SPACE(1.0),I,E01019940,GSA_300M,2024,23.9908,PC
dataflow,PSOLAN:DF_GREEN_SPACE(1.0),I,E01019942,GSA_300M,2024,85.0575,PC
dataflow,PSOLAN:DF_GREEN_SPACE(1.0),I,E01019943,GSA_300M,2024,28.0022,PC
dataflow,PSOLAN:DF_GREEN_SPACE(1.0),I,E01019944,GSA_300M,2024,31.6667,PC
dataflow,PSOLAN:DF_GREEN_SPACE(1.0),I,E01019945,GSA_300M,2024,6.7421,PC
dataflow,PSOLAN:DF_GREEN_SPACE(1.0),I,E01019946,GSA_300M,2024,24.116,PC
dataflow,PSOLAN:DF_GREEN_SPACE(1.0),I,E01019947,GSA_300M,2024,90.3738,PC
dataflow,PSOLAN:DF_GREEN_SPACE(1.0),I,E01019948,GSA_300M,2024,90.9377,PC
dataflow,PSOLAN:DF_GREEN_SPACE(1.0),I,E01019949,GSA_300M,2024,33.6683,PC
dataflow,PSOLAN:DF_GREEN_SPACE(1.0),I,E01019950,GSA_300M,2024,92.5809,PC
dataflow,PSOLAN:DF_GREEN_SPACE(1.0),I,E01019951,GSA_300M,2024,63.2255,PC
dataflow,PSOLAN:DF_GREEN_SPACE(1.0),I,E01019952,GSA_300M,2024,85.4802,PC
dataflow,PSOLAN:DF_GREEN_SPACE(1.0),I,E01019953,GSA_300M,2024,10.6962,PC
dataflow,PSOLAN:DF_GREEN_SPACE(1.0),I,E01019954,GSA_300M,2024,14.2218,PC
dataflow,PSOLAN:DF_GREEN_SPACE(1.0),I,E01019955,GSA_300M,2024,99.511,PC
dataflow,PSOLAN:DF_GREEN_SPACE(1.0),I,E01019956,GSA_300M,2024,99.6548,PC
dataflow,PSOLAN:DF_GREEN_SPACE(1.0),I,E01019957,GSA_300M,2024,51.1455,PC
dataflow,PSOLAN:DF_GREEN_SPACE(1.0),I,E01019958,GSA_300M,2024,64.0022,PC
dataflow,PSOLAN:DF_GREEN_SPACE(1.0),I,E01019959,GSA_300M,2024,0.0,PC
dataflow,PSOLAN:DF_GREEN_SPACE(1.0),I,E01019960,GSA_300M,2024,11.2336,PC
dataflow,PSOLAN:DF_GREEN_SPACE(1.0),I,E01019961,GSA_300M,2024,20.4002,PC
dataflow,PSOLAN:DF_GREEN_SPACE(1.0),I,E01019962,GSA_300M,2024,27.5174,PC
dataflow,PSOLAN:DF_GREEN_SPACE(1.0),I,E01019963,GSA_300M,2024,68.4391,PC
dataflow,PSOLAN:DF_GREEN_SPACE(1.0),I,E01019964,GSA_300M,2024,45.3213,PC
dataflow,PSOLAN:DF_GREEN_SPACE(1.0),I,E01019965,GSA_300M,2024,70.7291,PC
dataflow,PSOLAN:DF_GREEN_SPACE(1.0),I,E01019966,GSA_300M,2024,6.4,PC
dataflow,PSOLAN:DF_GREEN_SPACE(1.0),I,E01019967,GSA_300M,2024,1.3383,PC
dataflow,PSOLAN:DF_GREEN_SPACE(1.0),I,E01019968,GSA_300M,2024,50.8832,PC
dataflow,PSOLAN:DF_GREEN_SPACE(1.0),I,E01019969,GSA_300M,2024,98.9828,PC
dataflow,PSOLAN:DF_GREEN_SPACE(1.0),I,E01019970,GSA_300M,2024,36.7948,PC
dataflow,PSOLAN:DF_GREEN_SPACE(1.0),I,E01019971,GSA_300M,2024,74.4971,PC
dataflow,PSOLAN:DF_GREEN_SPACE(1.0),I,E01019972,GSA_300M,2024,100.0,PC
dataflow,PSOLAN:DF_GREEN_SPACE(1.0),I,E01019973,GSA_300M,2024,93.9987,PC
dataflow,PSOLAN:DF_GREEN_SPACE(1.0),I,E01019974,GSA_300M,2024,40.9551,PC
dataflow,PSOLAN:DF_GREEN_SPACE(1.0),I,E01019975,GSA_300M,2024,99.3935,PC
dataflow,PSOLAN:DF_GREEN_SPACE(1.0),I,E01019976,GSA_300M,2024,14.0339,PC
dataflow,PSOLAN:DF_GREEN_SPACE(1.0),I,E01019977,GSA_300M,2024,58.3277,PC
dataflow,PSOLAN:DF_GREEN_SPACE(1.0),I,E01019980,GSA_300M,2024,6.1801,PC
dataflow,PSOLAN:DF_GREEN_SPACE(1.0),I,E01019981,GSA_300M,2024,23.6805,PC
dataflow,PSOLAN:DF_GREEN_SPACE(1.0),I,E01019982,GSA_300M,2024,20.3247,PC
dataflow,PSOLAN:DF_GREEN_SPACE(1.0),I,E01019983,GSA_300M,2024,84.7107,PC
dataflow,PSOLAN:DF_GREEN_SPACE(1.0),I,E01019984,GSA_300M,2024,1.1424,PC
dataflow,PSOLAN:DF_GREEN_SPACE(1.0),I,E01019985,GSA_300M,2024,83.0758,PC
dataflow,PSOLAN:DF_GREEN_SPACE(1.0),I,E01019986,GSA_300M,2024,100.0,PC
dataflow,PSOLAN:DF_GREEN_SPACE(1.0),I,E01019987,GSA_300M,2024,81.2962,PC
dataflow,PSOLAN:DF_GREEN_SPACE(1.0),I,E01019988,GSA_300M,2024,87.5356,PC
dataflow,PSOLAN:DF_GREEN_SPACE(1.0),I,E01019989,GSA_300M,2024,100.0,PC
dataflow,PSOLAN:DF_GREEN_SPACE(1.0),I,E01019990,GSA_300M,2024,100.0,PC
dataflow,PSOLAN:DF_GREEN_SPACE(1.0),I,E01019991,GSA_300M,2024,100.0,PC
dataflow,PSOLAN:DF_GREEN_SPACE(1.0),I,E01019992,GSA_300M,2024,99.44,PC
dataflow,PSOLAN:DF_GREEN_SPACE(1.0),I,E01019993,GSA_300M,2024,89.6104,PC
dataflow,PSOLAN:DF_GREEN_SPACE(1.0),I,E01019994,GSA_300M,2024,99.6768,PC
dataflow,PSOLAN:DF_GREEN_SPACE(1.0),I,E01019995,GSA_300M,2024,59.8553,PC
dataflow,PSOLAN:DF_GREEN_SPACE(1.0),I,E01019996,GSA_300M,2024,29.7872,PC
dataflow,PSOLAN:DF_GREEN_SPACE(1.0),I,E01019997,GSA_300M,2024,100.0,PC
dataflow,PSOLAN:DF_GREEN_SPACE(1.0),I,E01019998,GSA_300M,2024,61.5607,PC
dataflow,PSOLAN:DF_GREEN_SPACE(1.0),I,E01019999,GSA_300M,2024,29.9127,PC
dataflow,PSOLAN:DF_GREEN_SPACE(1.0),I,E01020000,GSA_300M,2024,100.0,PC
dataflow,PSOLAN:DF_GREEN_SPACE(1.0),I,E01020001,GSA_300M,2024,1.2251,PC
dataflow,PSOLAN:DF_GREEN_SPACE(1.0),I,E01020002,GSA_300M,2024,88.5889,PC
dataflow,PSOLAN:DF_GREEN_SPACE(1.0),I,E01020003,GSA_300M,2024,35.6282,PC
dataflow,PSOLAN:DF_GREEN_SPACE(1.0),I,E01020004,GSA_300M,2024,54.2917,PC
dataflow,PSOLAN:DF_GREEN_SPACE(1.0),I,E01020005,GSA_300M,2024,84.847,PC
dataflow,PSOLAN:DF_GREEN_SPACE(1.0),I,E01020006,GSA_300M,2024,98.423,PC
dataflow,PSOLAN:DF_GREEN_SPACE(1.0),I,E01020007,GSA_300M,2024,100.0,PC
dataflow,PSOLAN:DF_GREEN_SPACE(1.0),I,E01020008,GSA_300M,2024,82.6158,PC
dataflow,PSOLAN:DF_GREEN_SPACE(1.0),I,E01020009,GSA_300M,2024,74.8559,PC
dataflow,PSOLAN:DF_GREEN_SPACE(1.0),I,E01020010,GSA_300M,2024,65.9478,PC
dataflow,PSOLAN:DF_GREEN_SPACE(1.0),I,E01020011,GSA_300M,2024,100.0,PC
dataflow,PSOLAN:DF_GREEN_SPACE(1.0),I,E01020012,GSA_300M,2024,99.5558,PC
dataflow,PSOLAN:DF_GREEN_SPACE(1.0),I,E01020013,GSA_300M,2024,86.109,PC
dataflow,PSOLAN:DF_GREEN_SPACE(1.0),I,E01020014,GSA_300M,2024,76.3954,PC
dataflow,PSOLAN:DF_GREEN_SPACE(1.0),I,E01020015,GSA_300M,2024,97.1042,PC
dataflow,PSOLAN:DF_GREEN_SPACE(1.0),I,E01020017,GSA_300M,2024,85.4129,PC
dataflow,PSOLAN:DF_GREEN_SPACE(1.0),I,E01020018,GSA_300M,2024,63.3224,PC
dataflow,PSOLAN:DF_GREEN_SPACE(1.0),I,E01020019,GSA_300M,2024,25.1093,PC
dataflow,PSOLAN:DF_GREEN_SPACE(1.0),I,E01020020,GSA_300M,2024,56.1581,PC
dataflow,PSOLAN:DF_GREEN_SPACE(1.0),I,E01020021,GSA_300M,2024,100.0,PC
dataflow,PSOLAN:DF_GREEN_SPACE(1.0),I,E01020022,GSA_300M,2024,70.4985,PC
dataflow,PSOLAN:DF_GREEN_SPACE(1.0),I,E01020023,GSA_300M,2024,66.5625,PC
dataflow,PSOLAN:DF_GREEN_SPACE(1.0),I,E01020024,GSA_300M,2024,16.8746,PC
dataflow,PSOLAN:DF_GREEN_SPACE(1.0),I,E01020025,GSA_300M,2024,97.3759,PC
dataflow,PSOLAN:DF_GREEN_SPACE(1.0),I,E01020026,GSA_300M,2024,52.4677,PC
dataflow,PSOLAN:DF_GREEN_SPACE(1.0),I,E01020027,GSA_300M,2024,93.3664,PC
dataflow,PSOLAN:DF_GREEN_SPACE(1.0),I,E01020029,GSA_300M,2024,100.0,PC
dataflow,PSOLAN:DF_GREEN_SPACE(1.0),I,E01020030,GSA_300M,2024,100.0,PC
dataflow,PSOLAN:DF_GREEN_SPACE(1.0),I,E01020031,GSA_300M,2024,100.0,PC
dataflow,PSOLAN:DF_GREEN_SPACE(1.0),I,E01020032,GSA_300M,2024,100.0,PC
dataflow,PSOLAN:DF_GREEN_SPACE(1.0),I,E01020036,GSA_300M,2024,99.3046,PC
dataflow,PSOLAN:DF_GREEN_SPACE(1.0),I,E01020037,GSA_300M,2024,64.936,PC
dataflow,PSOLAN:DF_GREEN_SPACE(1.0),I,E01020038,GSA_300M,2024,22.0527,PC
dataflow,PSOLAN:DF_GREEN_SPACE(1.0),I,E01020039,GSA_300M,2024,28.9318,PC
dataflow,PSOLAN:DF_GREEN_SPACE(1.0),I,E01020040,GSA_300M,2024,97.7152,PC
dataflow,PSOLAN:DF_GREEN_SPACE(1.0),I,E01020041,GSA_300M,2024,68.3966,PC
dataflow,PSOLAN:DF_GREEN_SPACE(1.0),I,E01020042,GSA_300M,2024,100.0,PC
dataflow,PSOLAN:DF_GREEN_SPACE(1.0),I,E01020043,GSA_300M,2024,47.7307,PC
dataflow,PSOLAN:DF_GREEN_SPACE(1.0),I,E01020044,GSA_300M,2024,29.1491,PC
dataflow,PSOLAN:DF_GREEN_SPACE(1.0),I,E01020045,GSA_300M,2024,72.3416,PC
dataflow,PSOLAN:DF_GREEN_SPACE(1.0),I,E01020046,GSA_300M,2024,16.2686,PC
dataflow,PSOLAN:DF_GREEN_SPACE(1.0),I,E01020047,GSA_300M,2024,58.6629,PC
dataflow,PSOLAN:DF_GREEN_SPACE(1.0),I,E01020048,GSA_300M,2024,58.3749,PC
dataflow,PSOLAN:DF_GREEN_SPACE(1.0),I,E01020049,GSA_300M,2024,12.1662,PC
dataflow,PSOLAN:DF_GREEN_SPACE(1.0),I,E01020050,GSA_300M,2024,20.5081,PC
dataflow,PSOLAN:DF_GREEN_SPACE(1.0),I,E01020051,GSA_300M,2024,82.7689,PC
dataflow,PSOLAN:DF_GREEN_SPACE(1.0),I,E01020052,GSA_300M,2024,57.3699,PC
dataflow,PSOLAN:DF_GREEN_SPACE(1.0),I,E01020053,GSA_300M,2024,100.0,PC
dataflow,PSOLAN:DF_GREEN_SPACE(1.0),I,E01020054,GSA_300M,2024,72.431,PC
dataflow,PSOLAN:DF_GREEN_SPACE(1.0),I,E01020055,GSA_300M,2024,100.0,PC
dataflow,PSOLAN:DF_GREEN_SPACE(1.0),I,E01020056,GSA_300M,2024,18.2865,PC
dataflow,PSOLAN:DF_GREEN_SPACE(1.0),I,E01020057,GSA_300M,2024,86.5269,PC
dataflow,PSOLAN:DF_GREEN_SPACE(1.0),I,E01020058,GSA_300M,2024,52.1303,PC
dataflow,PSOLAN:DF_GREEN_SPACE(1.0),I,E01020059,GSA_300M,2024,48.4576,PC
dataflow,PSOLAN:DF_GREEN_SPACE(1.0),I,E01020060,GSA_300M,2024,97.227,PC
dataflow,PSOLAN:DF_GREEN_SPACE(1.0),I,E01020061,GSA_300M,2024,54.8309,PC
dataflow,PSOLAN:DF_GREEN_SPACE(1.0),I,E01020062,GSA_300M,2024,63.8804,PC
dataflow,PSOLAN:DF_GREEN_SPACE(1.0),I,E01020063,GSA_300M,2024,50.285,PC
dataflow,PSOLAN:DF_GREEN_SPACE(1.0),I,E01020064,GSA_300M,2024,86.1806,PC
dataflow,PSOLAN:DF_GREEN_SPACE(1.0),I,E01020065,GSA_300M,2024,72.4018,PC
dataflow,PSOLAN:DF_GREEN_SPACE(1.0),I,E01020067,GSA_300M,2024,98.7785,PC
dataflow,PSOLAN:DF_GREEN_SPACE(1.0),I,E01020068,GSA_300M,2024,13.7453,PC
dataflow,PSOLAN:DF_GREEN_SPACE(1.0),I,E01020069,GSA_300M,2024,39.1599,PC
dataflow,PSOLAN:DF_GREEN_SPACE(1.0),I,E01020070,GSA_300M,2024,26.9519,PC
dataflow,PSOLAN:DF_GREEN_SPACE(1.0),I,E01020071,GSA_300M,2024,70.7023,PC
dataflow,PSOLAN:DF_GREEN_SPACE(1.0),I,E01020072,GSA_300M,2024,12.8391,PC
dataflow,PSOLAN:DF_GREEN_SPACE(1.0),I,E01020073,GSA_300M,2024,15.1308,PC
dataflow,PSOLAN:DF_GREEN_SPACE(1.0),I,E01020074,GSA_300M,2024,22.2941,PC
dataflow,PSOLAN:DF_GREEN_SPACE(1.0),I,E01020075,GSA_300M,2024,55.7549,PC
dataflow,PSOLAN:DF_GREEN_SPACE(1.0),I,E01020076,GSA_300M,2024,43.8122,PC
dataflow,PSOLAN:DF_GREEN_SPACE(1.0),I,E01020077,GSA_300M,2024,7.2046,PC
dataflow,PSOLAN:DF_GREEN_SPACE(1.0),I,E01020078,GSA_300M,2024,96.2138,PC
dataflow,PSOLAN:DF_GREEN_SPACE(1.0),I,E01020079,GSA_300M,2024,63.9035,PC
dataflow,PSOLAN:DF_GREEN_SPACE(1.0),I,E01020080,GSA_300M,2024,53.1818,PC
dataflow,PSOLAN:DF_GREEN_SPACE(1.0),I,E01020081,GSA_300M,2024,4.5852,PC
dataflow,PSOLAN:DF_GREEN_SPACE(1.0),I,E01020082,GSA_300M,2024,21.3501,PC
dataflow,PSOLAN:DF_GREEN_SPACE(1.0),I,E01020083,GSA_300M,2024,30.7031,PC
dataflow,PSOLAN:DF_GREEN_SPACE(1.0),I,E01020084,GSA_300M,2024,80.0289,PC
dataflow,PSOLAN:DF_GREEN_SPACE(1.0),I,E01020085,GSA_300M,2024,95.8361,PC
dataflow,PSOLAN:DF_GREEN_SPACE(1.0),I,E01020087,GSA_300M,2024,0.2816,PC
dataflow,PSOLAN:DF_GREEN_SPACE(1.0),I,E01020088,GSA_300M,2024,38.1624,PC
dataflow,PSOLAN:DF_GREEN_SPACE(1.0),I,E01020089,GSA_300M,2024,89.1855,PC
dataflow,PSOLAN:DF_GREEN_SPACE(1.0),I,E01020090,GSA_300M,2024,33.5443,PC
dataflow,PSOLAN:DF_GREEN_SPACE(1.0),I,E01020091,GSA_300M,2024,18.0223,PC
dataflow,PSOLAN:DF_GREEN_SPACE(1.0),I,E01020092,GSA_300M,2024,40.483,PC
dataflow,PSOLAN:DF_GREEN_SPACE(1.0),I,E01020093,GSA_300M,2024,99.5146,PC
dataflow,PSOLAN:DF_GREEN_SPACE(1.0),I,E01020094,GSA_300M,2024,55.5886,PC
dataflow,PSOLAN:DF_GREEN_SPACE(1.0),I,E01020095,GSA_300M,2024,95.7823,PC
dataflow,PSOLAN:DF_GREEN_SPACE(1.0),I,E01020096,GSA_300M,2024,99.5224,PC
dataflow,PSOLAN:DF_GREEN_SPACE(1.0),I,E01020097,GSA_300M,2024,23.0736,PC
dataflow,PSOLAN:DF_GREEN_SPACE(1.0),I,E01020098,GSA_300M,2024,45.3763,PC
dataflow,PSOLAN:DF_GREEN_SPACE(1.0),I,E01020099,GSA_300M,2024,29.8646,PC
dataflow,PSOLAN:DF_GREEN_SPACE(1.0),I,E01020100,GSA_300M,2024,14.6957,PC
dataflow,PSOLAN:DF_GREEN_SPACE(1.0),I,E01020101,GSA_300M,2024,51.8149,PC
dataflow,PSOLAN:DF_GREEN_SPACE(1.0),I,E01020102,GSA_300M,2024,68.4967,PC
dataflow,PSOLAN:DF_GREEN_SPACE(1.0),I,E01020103,GSA_300M,2024,37.0229,PC
dataflow,PSOLAN:DF_GREEN_SPACE(1.0),I,E01020104,GSA_300M,2024,17.2915,PC
dataflow,PSOLAN:DF_GREEN_SPACE(1.0),I,E01020105,GSA_300M,2024,48.2348,PC
dataflow,PSOLAN:DF_GREEN_SPACE(1.0),I,E01020106,GSA_300M,2024,0.0,PC
dataflow,PSOLAN:DF_GREEN_SPACE(1.0),I,E01020107,GSA_300M,2024,77.7983,PC
dataflow,PSOLAN:DF_GREEN_SPACE(1.0),I,E01020108,GSA_300M,2024,48.577,PC
dataflow,PSOLAN:DF_GREEN_SPACE(1.0),I,E01020109,GSA_300M,2024,36.6314,PC
dataflow,PSOLAN:DF_GREEN_SPACE(1.0),I,E01020110,GSA_300M,2024,13.7086,PC
dataflow,PSOLAN:DF_GREEN_SPACE(1.0),I,E01020111,GSA_300M,2024,43.3835,PC
dataflow,PSOLAN:DF_GREEN_SPACE(1.0),I,E01020112,GSA_300M,2024,52.8174,PC
dataflow,PSOLAN:DF_GREEN_SPACE(1.0),I,E01020113,GSA_300M,2024,54.8824,PC
dataflow,PSOLAN:DF_GREEN_SPACE(1.0),I,E01020114,GSA_300M,2024,42.0103,PC
dataflow,PSOLAN:DF_GREEN_SPACE(1.0),I,E01020115,GSA_300M,2024,85.9441,PC
dataflow,PSOLAN:DF_GREEN_SPACE(1.0),I,E01020116,GSA_300M,2024,26.0896,PC
dataflow,PSOLAN:DF_GREEN_SPACE(1.0),I,E01020117,GSA_300M,2024,50.5222,PC
dataflow,PSOLAN:DF_GREEN_SPACE(1.0),I,E01020118,GSA_300M,2024,2.2642,PC
dataflow,PSOLAN:DF_GREEN_SPACE(1.0),I,E01020119,GSA_300M,2024,22.1239,PC
dataflow,PSOLAN:DF_GREEN_SPACE(1.0),I,E01020120,GSA_300M,2024,30.1075,PC
dataflow,PSOLAN:DF_GREEN_SPACE(1.0),I,E01020121,GSA_300M,2024,49.1085,PC
dataflow,PSOLAN:DF_GREEN_SPACE(1.0),I,E01020122,GSA_300M,2024,17.0732,PC
dataflow,PSOLAN:DF_GREEN_SPACE(1.0),I,E01020123,GSA_300M,2024,46.7497,PC
dataflow,PSOLAN:DF_GREEN_SPACE(1.0),I,E01020124,GSA_300M,2024,34.9138,PC
dataflow,PSOLAN:DF_GREEN_SPACE(1.0),I,E01020125,GSA_300M,2024,35.2453,PC
dataflow,PSOLAN:DF_GREEN_SPACE(1.0),I,E01020126,GSA_300M,2024,29.291,PC
dataflow,PSOLAN:DF_GREEN_SPACE(1.0),I,E01020127,GSA_300M,2024,0.405,PC
dataflow,PSOLAN:DF_GREEN_SPACE(1.0),I,E01020128,GSA_300M,2024,86.3186,PC
dataflow,PSOLAN:DF_GREEN_SPACE(1.0),I,E01020129,GSA_300M,2024,74.8079,PC
dataflow,PSOLAN:DF_GREEN_SPACE(1.0),I,E01020130,GSA_300M,2024,94.769,PC
dataflow,PSOLAN:DF_GREEN_SPACE(1.0),I,E01020131,GSA_300M,2024,28.6758,PC
dataflow,PSOLAN:DF_GREEN_SPACE(1.0),I,E01020132,GSA_300M,2024,57.4041,PC
dataflow,PSOLAN:DF_GREEN_SPACE(1.0),I,E01020133,GSA_300M,2024,68.8591,PC
dataflow,PSOLAN:DF_GREEN_SPACE(1.0),I,E01020134,GSA_300M,2024,98.009,PC
dataflow,PSOLAN:DF_GREEN_SPACE(1.0),I,E01020135,GSA_300M,2024,96.3539,PC
dataflow,PSOLAN:DF_GREEN_SPACE(1.0),I,E01020136,GSA_300M,2024,81.2804,PC
dataflow,PSOLAN:DF_GREEN_SPACE(1.0),I,E01020137,GSA_300M,2024,80.8107,PC
dataflow,PSOLAN:DF_GREEN_SPACE(1.0),I,E01020138,GSA_300M,2024,39.5785,PC
dataflow,PSOLAN:DF_GREEN_SPACE(1.0),I,E01020139,GSA_300M,2024,100.0,PC
dataflow,PSOLAN:DF_GREEN_SPACE(1.0),I,E01020140,GSA_300M,2024,80.6502,PC
dataflow,PSOLAN:DF_GREEN_SPACE(1.0),I,E01020141,GSA_300M,2024,100.0,PC
dataflow,PSOLAN:DF_GREEN_SPACE(1.0),I,E01020142,GSA_300M,2024,28.5457,PC
dataflow,PSOLAN:DF_GREEN_SPACE(1.0),I,E01020143,GSA_300M,2024,33.4279,PC
dataflow,PSOLAN:DF_GREEN_SPACE(1.0),I,E01020144,GSA_300M,2024,92.3936,PC
dataflow,PSOLAN:DF_GREEN_SPACE(1.0),I,E01020145,GSA_300M,2024,39.7638,PC
dataflow,PSOLAN:DF_GREEN_SPACE(1.0),I,E01020146,GSA_300M,2024,90.2655,PC
dataflow,PSOLAN:DF_GREEN_SPACE(1.0),I,E01020147,GSA_300M,2024,33.1571,PC
dataflow,PSOLAN:DF_GREEN_SPACE(1.0),I,E01020148,GSA_300M,2024,2.852,PC
dataflow,PSOLAN:DF_GREEN_SPACE(1.0),I,E01020149,GSA_300M,2024,41.655,PC
dataflow,PSOLAN:DF_GREEN_SPACE(1.0),I,E01020150,GSA_300M,2024,48.1136,PC
dataflow,PSOLAN:DF_GREEN_SPACE(1.0),I,E01020151,GSA_300M,2024,33.7374,PC
dataflow,PSOLAN:DF_GREEN_SPACE(1.0),I,E01020152,GSA_300M,2024,66.5635,PC
dataflow,PSOLAN:DF_GREEN_SPACE(1.0),I,E01020153,GSA_300M,2024,0.0,PC
dataflow,PSOLAN:DF_GREEN_SPACE(1.0),I,E01020154,GSA_300M,2024,79.5963,PC
dataflow,PSOLAN:DF_GREEN_SPACE(1.0),I,E01020155,GSA_300M,2024,26.5511,PC
dataflow,PSOLAN:DF_GREEN_SPACE(1.0),I,E01020156,GSA_300M,2024,2.2999,PC
dataflow,PSOLAN:DF_GREEN_SPACE(1.0),I,E01020157,GSA_300M,2024,3.0145,PC
dataflow,PSOLAN:DF_GREEN_SPACE(1.0),I,E01020158,GSA_300M,2024,41.5254,PC
dataflow,PSOLAN:DF_GREEN_SPACE(1.0),I,E01020159,GSA_300M,2024,33.1034,PC
dataflow,PSOLAN:DF_GREEN_SPACE(1.0),I,E01020160,GSA_300M,2024,49.8573,PC
dataflow,PSOLAN:DF_GREEN_SPACE(1.0),I,E01020161,GSA_300M,2024,69.2808,PC
dataflow,PSOLAN:DF_GREEN_SPACE(1.0),I,E01020162,GSA_300M,2024,100.0,PC
dataflow,PSOLAN:DF_GREEN_SPACE(1.0),I,E01020163,GSA_300M,2024,97.6282,PC
dataflow,PSOLAN:DF_GREEN_SPACE(1.0),I,E01020164,GSA_300M,2024,69.5622,PC
dataflow,PSOLAN:DF_GREEN_SPACE(1.0),I,E01020165,GSA_300M,2024,84.7872,PC
dataflow,PSOLAN:DF_GREEN_SPACE(1.0),I,E01020166,GSA_300M,2024,34.4948,PC
dataflow,PSOLAN:DF_GREEN_SPACE(1.0),I,E01020167,GSA_300M,2024,86.0685,PC
dataflow,PSOLAN:DF_GREEN_SPACE(1.0),I,E01020168,GSA_300M,2024,79.9804,PC
dataflow,PSOLAN:DF_GREEN_SPACE(1.0),I,E01020169,GSA_300M,2024,70.6551,PC
dataflow,PSOLAN:DF_GREEN_SPACE(1.0),I,E01020170,GSA_300M,2024,53.0178,PC
dataflow,PSOLAN:DF_GREEN_SPACE(1.0),I,E01020171,GSA_300M,2024,17.1734,PC
dataflow,PSOLAN:DF_GREEN_SPACE(1.0),I,E01020172,GSA_300M,2024,54.2247,PC
dataflow,PSOLAN:DF_GREEN_SPACE(1.0),I,E01020173,GSA_300M,2024,72.0851,PC
dataflow,PSOLAN:DF_GREEN_SPACE(1.0),I,E01020174,GSA_300M,2024,8.1761,PC
dataflow,PSOLAN:DF_GREEN_SPACE(1.0),I,E01020175,GSA_300M,2024,35.9368,PC
dataflow,PSOLAN:DF_GREEN_SPACE(1.0),I,E01020176,GSA_300M,2024,59.93,PC
dataflow,PSOLAN:DF_GREEN_SPACE(1.0),I,E01020177,GSA_300M,2024,46.7333,PC
dataflow,PSOLAN:DF_GREEN_SPACE(1.0),I,E01020178,GSA_300M,2024,27.5962,PC
dataflow,PSOLAN:DF_GREEN_SPACE(1.0),I,E01020179,GSA_300M,2024,0.0,PC
dataflow,PSOLAN:DF_GREEN_SPACE(1.0),I,E01020180,GSA_300M,2024,44.4635,PC
dataflow,PSOLAN:DF_GREEN_SPACE(1.0),I,E01020181,GSA_300M,2024,73.4003,PC
dataflow,PSOLAN:DF_GREEN_SPACE(1.0),I,E01020182,GSA_300M,2024,29.2607,PC
dataflow,PSOLAN:DF_GREEN_SPACE(1.0),I,E01020183,GSA_300M,2024,74.8812,PC
dataflow,PSOLAN:DF_GREEN_SPACE(1.0),I,E01020184,GSA_300M,2024,47.5344,PC
dataflow,PSOLAN:DF_GREEN_SPACE(1.0),I,E01020185,GSA_300M,2024,62.4746,PC
dataflow,PSOLAN:DF_GREEN_SPACE(1.0),I,E01020186,GSA_300M,2024,9.3727,PC
dataflow,PSOLAN:DF_GREEN_SPACE(1.0),I,E01020187,GSA_300M,2024,38.1797,PC
dataflow,PSOLAN:DF_GREEN_SPACE(1.0),I,E01020188,GSA_300M,2024,15.6982,PC
dataflow,PSOLAN:DF_GREEN_SPACE(1.0),I,E01020189,GSA_300M,2024,66.4059,PC
dataflow,PSOLAN:DF_GREEN_SPACE(1.0),I,E01020190,GSA_300M,2024,59.3789,PC
dataflow,PSOLAN:DF_GREEN_SPACE(1.0),I,E01020191,GSA_300M,2024,0.5982,PC
dataflow,PSOLAN:DF_GREEN_SPACE(1.0),I,E01020192,GSA_300M,2024,28.8182,PC
dataflow,PSOLAN:DF_GREEN_SPACE(1.0),I,E01020193,GSA_300M,2024,14.1708,PC
dataflow,PSOLAN:DF_GREEN_SPACE(1.0),I,E01020194,GSA_300M,2024,2.6263,PC
dataflow,PSOLAN:DF_GREEN_SPACE(1.0),I,E01020195,GSA_300M,2024,31.5878,PC
dataflow,PSOLAN:DF_GREEN_SPACE(1.0),I,E01020196,GSA_300M,2024,44.8576,PC
dataflow,PSOLAN:DF_GREEN_SPACE(1.0),I,E01020197,GSA_300M,2024,30.6677,PC
dataflow,PSOLAN:DF_GREEN_SPACE(1.0),I,E01020198,GSA_300M,2024,71.6846,PC
dataflow,PSOLAN:DF_GREEN_SPACE(1.0),I,E01020199,GSA_300M,2024,78.1424,PC
dataflow,PSOLAN:DF_GREEN_SPACE(1.0),I,E01020200,GSA_300M,2024,2.2305,PC
dataflow,PSOLAN:DF_GREEN_SPACE(1.0),I,E01020201,GSA_300M,2024,61.9962,PC
dataflow,PSOLAN:DF_GREEN_SPACE(1.0),I,E01020202,GSA_300M,2024,38.4263,PC
dataflow,PSOLAN:DF_GREEN_SPACE(1.0),I,E01020203,GSA_300M,2024,48.6265,PC
dataflow,PSOLAN:DF_GREEN_SPACE(1.0),I,E01020204,GSA_300M,2024,65.7086,PC
dataflow,PSOLAN:DF_GREEN_SPACE(1.0),I,E01020205,GSA_300M,2024,33.9235,PC
dataflow,PSOLAN:DF_GREEN_SPACE(1.0),I,E01020206,GSA_300M,2024,86.2846,PC
dataflow,PSOLAN:DF_GREEN_SPACE(1.0),I,E01020208,GSA_300M,2024,98.8095,PC
dataflow,PSOLAN:DF_GREEN_SPACE(1.0),I,E01020209,GSA_300M,2024,66.8076,PC
dataflow,PSOLAN:DF_GREEN_SPACE(1.0),I,E01020210,GSA_300M,2024,30.9117,PC
dataflow,PSOLAN:DF_GREEN_SPACE(1.0),I,E01020211,GSA_300M,2024,100.0,PC
dataflow,PSOLAN:DF_GREEN_SPACE(1.0),I,E01020212,GSA_300M,2024,42.97,PC
dataflow,PSOLAN:DF_GREEN_SPACE(1.0),I,E01020213,GSA_300M,2024,4.805,PC
dataflow,PSOLAN:DF_GREEN_SPACE(1.0),I,E01020214,GSA_300M,2024,24.2444,PC
dataflow,PSOLAN:DF_GREEN_SPACE(1.0),I,E01020215,GSA_300M,2024,23.3308,PC
dataflow,PSOLAN:DF_GREEN_SPACE(1.0),I,E01020216,GSA_300M,2024,99.3227,PC
dataflow,PSOLAN:DF_GREEN_SPACE(1.0),I,E01020217,GSA_300M,2024,99.7658,PC
dataflow,PSOLAN:DF_GREEN_SPACE(1.0),I,E01020218,GSA_300M,2024,61.0937,PC
dataflow,PSOLAN:DF_GREEN_SPACE(1.0),I,E01020219,GSA_300M,2024,37.7756,PC
dataflow,PSOLAN:DF_GREEN_SPACE(1.0),I,E01020220,GSA_300M,2024,18.3491,PC
dataflow,PSOLAN:DF_GREEN_SPACE(1.0),I,E01020221,GSA_300M,2024,79.516,PC
dataflow,PSOLAN:DF_GREEN_SPACE(1.0),I,E01020222,GSA_300M,2024,29.4218,PC
dataflow,PSOLAN:DF_GREEN_SPACE(1.0),I,E01020223,GSA_300M,2024,60.9945,PC
dataflow,PSOLAN:DF_GREEN_SPACE(1.0),I,E01020224,GSA_300M,2024,80.2345,PC
dataflow,PSOLAN:DF_GREEN_SPACE(1.0),I,E01020225,GSA_300M,2024,65.1659,PC
dataflow,PSOLAN:DF_GREEN_SPACE(1.0),I,E01020226,GSA_300M,2024,70.4515,PC
dataflow,PSOLAN:DF_GREEN_SPACE(1.0),I,E01020227,GSA_300M,2024,95.098,PC
dataflow,PSOLAN:DF_GREEN_SPACE(1.0),I,E01020228,GSA_300M,2024,91.4003,PC
dataflow,PSOLAN:DF_GREEN_SPACE(1.0),I,E01020230,GSA_300M,2024,75.3012,PC
dataflow,PSOLAN:DF_GREEN_SPACE(1.0),I,E01020231,GSA_300M,2024,74.7051,PC
dataflow,PSOLAN:DF_GREEN_SPACE(1.0),I,E01020232,GSA_300M,2024,49.5922,PC
dataflow,PSOLAN:DF_GREEN_SPACE(1.0),I,E01020233,GSA_300M,2024,13.6957,PC
dataflow,PSOLAN:DF_GREEN_SPACE(1.0),I,E01020234,GSA_300M,2024,45.7676,PC
dataflow,PSOLAN:DF_GREEN_SPACE(1.0),I,E01020235,GSA_300M,2024,81.871,PC
dataflow,PSOLAN:DF_GREEN_SPACE(1.0),I,E01020236,GSA_300M,2024,13.7437,PC
dataflow,PSOLAN:DF_GREEN_SPACE(1.0),I,E01020237,GSA_300M,2024,4.7706,PC
dataflow,PSOLAN:DF_GREEN_SPACE(1.0),I,E01020238,GSA_300M,2024,13.5762,PC
dataflow,PSOLAN:DF_GREEN_SPACE(1.0),I,E01020239,GSA_300M,2024,24.9619,PC
dataflow,PSOLAN:DF_GREEN_SPACE(1.0),I,E01020240,GSA_300M,2024,88.0589,PC
dataflow,PSOLAN:DF_GREEN_SPACE(1.0),I,E01020241,GSA_300M,2024,30.2949,PC
dataflow,PSOLAN:DF_GREEN_SPACE(1.0),I,E01020242,GSA_300M,2024,94.5835,PC
dataflow,PSOLAN:DF_GREEN_SPACE(1.0),I,E01020243,GSA_300M,2024,3.6,PC
dataflow,PSOLAN:DF_GREEN_SPACE(1.0),I,E01020244,GSA_300M,2024,95.6966,PC
dataflow,PSOLAN:DF_GREEN_SPACE(1.0),I,E01020245,GSA_300M,2024,49.7814,PC
dataflow,PSOLAN:DF_GREEN_SPACE(1.0),I,E01020246,GSA_300M,2024,27.8761,PC
dataflow,PSOLAN:DF_GREEN_SPACE(1.0),I,E01020247,GSA_300M,2024,77.3832,PC
dataflow,PSOLAN:DF_GREEN_SPACE(1.0),I,E01020248,GSA_300M,2024,34.2504,PC
dataflow,PSOLAN:DF_GREEN_SPACE(1.0),I,E01020249,GSA_300M,2024,58.9558,PC
dataflow,PSOLAN:DF_GREEN_SPACE(1.0),I,E01020250,GSA_300M,2024,81.7176,PC
dataflow,PSOLAN:DF_GREEN_SPACE(1.0),I,E01020251,GSA_300M,2024,55.7909,PC
dataflow,PSOLAN:DF_GREEN_SPACE(1.0),I,E01020252,GSA_300M,2024,72.4762,PC
dataflow,PSOLAN:DF_GREEN_SPACE(1.0),I,E01020253,GSA_300M,2024,84.8208,PC
dataflow,PSOLAN:DF_GREEN_SPACE(1.0),I,E01020254,GSA_300M,2024,81.6643,PC
dataflow,PSOLAN:DF_GREEN_SPACE(1.0),I,E01020255,GSA_300M,2024,94.0803,PC
dataflow,PSOLAN:DF_GREEN_SPACE(1.0),I,E01020256,GSA_300M,2024,43.5419,PC
dataflow,PSOLAN:DF_GREEN_SPACE(1.0),I,E01020257,GSA_300M,2024,49.4318,PC
dataflow,PSOLAN:DF_GREEN_SPACE(1.0),I,E01020258,GSA_300M,2024,72.1805,PC
dataflow,PSOLAN:DF_GREEN_SPACE(1.0),I,E01020259,GSA_300M,2024,5.032,PC
dataflow,PSOLAN:DF_GREEN_SPACE(1.0),I,E01020260,GSA_300M,2024,79.9353,PC
dataflow,PSOLAN:DF_GREEN_SPACE(1.0),I,E01020261,GSA_300M,2024,17.3663,PC
dataflow,PSOLAN:DF_GREEN_SPACE(1.0),I,E01020262,GSA_300M,2024,0.5831,PC
dataflow,PSOLAN:DF_GREEN_SPACE(1.0),I,E01020263,GSA_300M,2024,31.8504,PC
dataflow,PSOLAN:DF_GREEN_SPACE(1.0),I,E01020264,GSA_300M,2024,14.8422,PC
dataflow,PSOLAN:DF_GREEN_SPACE(1.0),I,E01020265,GSA_300M,2024,88.9194,PC
dataflow,PSOLAN:DF_GREEN_SPACE(1.0),I,E01020266,GSA_300M,2024,20.5066,PC
dataflow,PSOLAN:DF_GREEN_SPACE(1.0),I,E01020267,GSA_300M,2024,41.7018,PC
dataflow,PSOLAN:DF_GREEN_SPACE(1.0),I,E01020268,GSA_300M,2024,49.5765,PC
dataflow,PSOLAN:DF_GREEN_SPACE(1.0),I,E01020269,GSA_300M,2024,93.4097,PC
dataflow,PSOLAN:DF_GREEN_SPACE(1.0),I,E01020270,GSA_300M,2024,97.4034,PC
dataflow,PSOLAN:DF_GREEN_SPACE(1.0),I,E01020271,GSA_300M,2024,83.5208,PC
dataflow,PSOLAN:DF_GREEN_SPACE(1.0),I,E01020272,GSA_300M,2024,78.0829,PC
dataflow,PSOLAN:DF_GREEN_SPACE(1.0),I,E01020273,GSA_300M,2024,33.1785,PC
dataflow,PSOLAN:DF_GREEN_SPACE(1.0),I,E01020274,GSA_300M,2024,9.5963,PC
dataflow,PSOLAN:DF_GREEN_SPACE(1.0),I,E01020275,GSA_300M,2024,44.0367,PC
dataflow,PSOLAN:DF_GREEN_SPACE(1.0),I,E01020276,GSA_300M,2024,90.6103,PC
dataflow,PSOLAN:DF_GREEN_SPACE(1.0),I,E01020277,GSA_300M,2024,90.0433,PC
dataflow,PSOLAN:DF_GREEN_SPACE(1.0),I,E01020278,GSA_300M,2024,41.5545,PC
dataflow,PSOLAN:DF_GREEN_SPACE(1.0),I,E01020279,GSA_300M,2024,53.286,PC
dataflow,PSOLAN:DF_GREEN_SPACE(1.0),I,E01020280,GSA_300M,2024,53.1308,PC
dataflow,PSOLAN:DF_GREEN_SPACE(1.0),I,E01020281,GSA_300M,2024,50.9976,PC
dataflow,PSOLAN:DF_GREEN_SPACE(1.0),I,E01020282,GSA_300M,2024,60.9061,PC
dataflow,PSOLAN:DF_GREEN_SPACE(1.0),I,E01020283,GSA_300M,2024,85.2018,PC
dataflow,PSOLAN:DF_GREEN_SPACE(1.0),I,E01020284,GSA_300M,2024,97.7077,PC
dataflow,PSOLAN:DF_GREEN_SPACE(1.0),I,E01020285,GSA_300M,2024,76.9507,PC
dataflow,PSOLAN:DF_GREEN_SPACE(1.0),I,E01020286,GSA_300M,2024,0.0541,PC
dataflow,PSOLAN:DF_GREEN_SPACE(1.0),I,E01020287,GSA_300M,2024,13.3686,PC
dataflow,PSOLAN:DF_GREEN_SPACE(1.0),I,E01020288,GSA_300M,2024,9.9939,PC
dataflow,PSOLAN:DF_GREEN_SPACE(1.0),I,E01020289,GSA_300M,2024,15.1266,PC
dataflow,PSOLAN:DF_GREEN_SPACE(1.0),I,E01020290,GSA_300M,2024,15.9412,PC
dataflow,PSOLAN:DF_GREEN_SPACE(1.0),I,E01020291,GSA_300M,2024,32.9348,PC
dataflow,PSOLAN:DF_GREEN_SPACE(1.0),I,E01020292,GSA_300M,2024,32.9712,PC
dataflow,PSOLAN:DF_GREEN_SPACE(1.0),I,E01020293,GSA_300M,2024,12.4752,PC
dataflow,PSOLAN:DF_GREEN_SPACE(1.0),I,E01020294,GSA_300M,2024,91.5663,PC
dataflow,PSOLAN:DF_GREEN_SPACE(1.0),I,E01020295,GSA_300M,2024,18.996,PC
dataflow,PSOLAN:DF_GREEN_SPACE(1.0),I,E01020296,GSA_300M,2024,24.4489,PC
dataflow,PSOLAN:DF_GREEN_SPACE(1.0),I,E01020297,GSA_300M,2024,75.4362,PC
dataflow,PSOLAN:DF_GREEN_SPACE(1.0),I,E01020298,GSA_300M,2024,42.0905,PC
dataflow,PSOLAN:DF_GREEN_SPACE(1.0),I,E01020299,GSA_300M,2024,38.4786,PC
dataflow,PSOLAN:DF_GREEN_SPACE(1.0),I,E01020300,GSA_300M,2024,23.907,PC
dataflow,PSOLAN:DF_GREEN_SPACE(1.0),I,E01020301,GSA_300M,2024,25.6398,PC
dataflow,PSOLAN:DF_GREEN_SPACE(1.0),I,E01020302,GSA_300M,2024,22.6895,PC
dataflow,PSOLAN:DF_GREEN_SPACE(1.0),I,E01020303,GSA_300M,2024,29.9593,PC
dataflow,PSOLAN:DF_GREEN_SPACE(1.0),I,E01020304,GSA_300M,2024,36.342,PC
dataflow,PSOLAN:DF_GREEN_SPACE(1.0),I,E01020305,GSA_300M,2024,71.9591,PC
dataflow,PSOLAN:DF_GREEN_SPACE(1.0),I,E01020306,GSA_300M,2024,80.4448,PC
dataflow,PSOLAN:DF_GREEN_SPACE(1.0),I,E01020307,GSA_300M,2024,75.6477,PC
dataflow,PSOLAN:DF_GREEN_SPACE(1.0),I,E01020308,GSA_300M,2024,25.0664,PC
dataflow,PSOLAN:DF_GREEN_SPACE(1.0),I,E01020309,GSA_300M,2024,19.9462,PC
dataflow,PSOLAN:DF_GREEN_SPACE(1.0),I,E01020311,GSA_300M,2024,6.0758,PC
dataflow,PSOLAN:DF_GREEN_SPACE(1.0),I,E01020312,GSA_300M,2024,33.7607,PC
dataflow,PSOLAN:DF_GREEN_SPACE(1.0),I,E01020313,GSA_300M,2024,33.6735,PC
dataflow,PSOLAN:DF_GREEN_SPACE(1.0),I,E01020314,GSA_300M,2024,20.5055,PC
dataflow,PSOLAN:DF_GREEN_SPACE(1.0),I,E01020315,GSA_300M,2024,37.8647,PC
dataflow,PSOLAN:DF_GREEN_SPACE(1.0),I,E01020316,GSA_300M,2024,36.8884,PC
dataflow,PSOLAN:DF_GREEN_SPACE(1.0),I,E01020317,GSA_300M,2024,21.6292,PC
dataflow,PSOLAN:DF_GREEN_SPACE(1.0),I,E01020318,GSA_300M,2024,46.9481,PC
dataflow,PSOLAN:DF_GREEN_SPACE(1.0),I,E01020319,GSA_300M,2024,11.3197,PC
dataflow,PSOLAN:DF_GREEN_SPACE(1.0),I,E01020320,GSA_300M,2024,5.5139,PC
dataflow,PSOLAN:DF_GREEN_SPACE(1.0),I,E01020321,GSA_300M,2024,31.0894,PC
dataflow,PSOLAN:DF_GREEN_SPACE(1.0),I,E01020323,GSA_300M,2024,41.3302,PC
dataflow,PSOLAN:DF_GREEN_SPACE(1.0),I,E01020324,GSA_300M,2024,34.3945,PC
dataflow,PSOLAN:DF_GREEN_SPACE(1.0),I,E01020325,GSA_300M,2024,17.1711,PC
dataflow,PSOLAN:DF_GREEN_SPACE(1.0),I,E01020326,GSA_300M,2024,62.0553,PC
dataflow,PSOLAN:DF_GREEN_SPACE(1.0),I,E01020327,GSA_300M,2024,22.8128,PC
dataflow,PSOLAN:DF_GREEN_SPACE(1.0),I,E01020328,GSA_300M,2024,58.3195,PC
dataflow,PSOLAN:DF_GREEN_SPACE(1.0),I,E01020329,GSA_300M,2024,71.4021,PC
dataflow,PSOLAN:DF_GREEN_SPACE(1.0),I,E01020330,GSA_300M,2024,96.1682,PC
dataflow,PSOLAN:DF_GREEN_SPACE(1.0),I,E01020331,GSA_300M,2024,25.3247,PC
dataflow,PSOLAN:DF_GREEN_SPACE(1.0),I,E01020332,GSA_300M,2024,62.0339,PC
dataflow,PSOLAN:DF_GREEN_SPACE(1.0),I,E01020333,GSA_300M,2024,91.5799,PC
dataflow,PSOLAN:DF_GREEN_SPACE(1.0),I,E01020334,GSA_300M,2024,79.4402,PC
dataflow,PSOLAN:DF_GREEN_SPACE(1.0),I,E01020335,GSA_300M,2024,75.6624,PC
dataflow,PSOLAN:DF_GREEN_SPACE(1.0),I,E01020336,GSA_300M,2024,49.5542,PC
dataflow,PSOLAN:DF_GREEN_SPACE(1.0),I,E01020337,GSA_300M,2024,47.8476,PC
dataflow,PSOLAN:DF_GREEN_SPACE(1.0),I,E01020338,GSA_300M,2024,59.7613,PC
dataflow,PSOLAN:DF_GREEN_SPACE(1.0),I,E01020339,GSA_300M,2024,31.9238,PC
dataflow,PSOLAN:DF_GREEN_SPACE(1.0),I,E01020340,GSA_300M,2024,9.6461,PC
dataflow,PSOLAN:DF_GREEN_SPACE(1.0),I,E01020341,GSA_300M,2024,17.1515,PC
dataflow,PSOLAN:DF_GREEN_SPACE(1.0),I,E01020342,GSA_300M,2024,79.5602,PC
dataflow,PSOLAN:DF_GREEN_SPACE(1.0),I,E01032628,GSA_300M,2024,15.1737,PC
dataflow,PSOLAN:DF_GREEN_SPACE(1.0),I,E01032657,GSA_300M,2024,92.7969,PC
dataflow,PSOLAN:DF_GREEN_SPACE(1.0),I,E01032658,GSA_300M,2024,58.961,PC
dataflow,PSOLAN:DF_GREEN_SPACE(1.0),I,E01033232,GSA_300M,2024,94.726,PC
dataflow,PSOLAN:DF_GREEN_SPACE(1.0),I,E01033234,GSA_300M,2024,89.7596,PC
dataflow,PSOLAN:DF_GREEN_SPACE(1.0),I,E01033235,GSA_300M,2024,87.3534,PC
dataflow,PSOLAN:DF_GREEN_SPACE(1.0),I,E01033236,GSA_300M,2024,0.0,PC
dataflow,PSOLAN:DF_GREEN_SPACE(1.0),I,E01034157,GSA_300M,2024,19.8073,PC
dataflow,PSOLAN:DF_GREEN_SPACE(1.0),I,E01034158,GSA_300M,2024,65.9574,PC
dataflow,PSOLAN:DF_GREEN_SPACE(1.0),I,E01034159,GSA_300M,2024,44.6141,PC
dataflow,PSOLAN:DF_GREEN_SPACE(1.0),I,E01034160,GSA_300M,2024,95.8876,PC
dataflow,PSOLAN:DF_GREEN_SPACE(1.0),I,E01034161,GSA_300M,2024,100.0,PC
dataflow,PSOLAN:DF_GREEN_SPACE(1.0),I,E01034162,GSA_300M,2024,33.557,PC
dataflow,PSOLAN:DF_GREEN_SPACE(1.0),I,E01034165,GSA_300M,2024,39.763,PC
dataflow,PSOLAN:DF_GREEN_SPACE(1.0),I,E01034166,GSA_300M,2024,60.4787,PC
dataflow,PSOLAN:DF_GREEN_SPACE(1.0),I,E01034167,GSA_300M,2024,3.9164,PC
dataflow,PSOLAN:DF_GREEN_SPACE(1.0),I,E01034168,GSA_300M,2024,3.8375,PC
dataflow,PSOLAN:DF_GREEN_SPACE(1.0),I,E01034169,GSA_300M,2024,73.3892,PC
dataflow,PSOLAN:DF_GREEN_SPACE(1.0),I,E01034170,GSA_300M,2024,85.0179,PC
dataflow,PSOLAN:DF_GREEN_SPACE(1.0),I,E01034171,GSA_300M,2024,31.5609,PC
dataflow,PSOLAN:DF_GREEN_SPACE(1.0),I,E01034172,GSA_300M,2024,83.7198,PC
dataflow,PSOLAN:DF_GREEN_SPACE(1.0),I,E01034618,GSA_300M,2024,98.0671,PC
dataflow,PSOLAN:DF_GREEN_SPACE(1.0),I,E01034619,GSA_300M,2024,25.7488,PC
dataflow,PSOLAN:DF_GREEN_SPACE(1.0),I,E01034620,GSA_300M,2024,67.3034,PC
dataflow,PSOLAN:DF_GREEN_SPACE(1.0),I,E01034621,GSA_300M,2024,74.0804,PC
dataflow,PSOLAN:DF_GREEN_SPACE(1.0),I,E01034622,GSA_300M,2024,38.2137,PC
dataflow,PSOLAN:DF_GREEN_SPACE(1.0),I,E01034623,GSA_300M,2024,51.9625,PC
dataflow,PSOLAN:DF_GREEN_SPACE(1.0),I,E01034624,GSA_300M,2024,36.7614,PC
dataflow,PSOLAN:DF_GREEN_SPACE(1.0),I,E01034625,GSA_300M,2024,98.5663,PC
dataflow,PSOLAN:DF_GREEN_SPACE(1.0),I,E01034626,GSA_300M,2024,100.0,PC
dataflow,PSOLAN:DF_GREEN_SPACE(1.0),I,E01034627,GSA_300M,2024,100.0,PC
dataflow,PSOLAN:DF_GREEN_SPACE(1.0),I,E01034628,GSA_300M,2024,64.1695,PC
dataflow,PSOLAN:DF_GREEN_SPACE(1.0),I,E01034629,GSA_300M,2024,35.373,PC
dataflow,PSOLAN:DF_GREEN_SPACE(1.0),I,E01034630,GSA_300M,2024,84.6746,PC
dataflow,PSOLAN:DF_GREEN_SPACE(1.0),I,E01034631,GSA_300M,2024,29.3116,PC
dataflow,PSOLAN:DF_GREEN_SPACE(1.0),I,E01034632,GSA_300M,2024,86.1538,PC
dataflow,PSOLAN:DF_GREEN_SPACE(1.0),I,E01034633,GSA_300M,2024,42.9717,PC
dataflow,PSOLAN:DF_GREEN_SPACE(1.0),I,E01034634,GSA_300M,2024,69.6223,PC
dataflow,PSOLAN:DF_GREEN_SPACE(1.0),I,E01034635,GSA_300M,2024,100.0,PC
dataflow,PSOLAN:DF_GREEN_SPACE(1.0),I,E01034636,GSA_300M,2024,23.1063,PC
dataflow,PSOLAN:DF_GREEN_SPACE(1.0),I,E01034637,GSA_300M,2024,44.4664,PC
dataflow,PSOLAN:DF_GREEN_SPACE(1.0),I,E01034638,GSA_300M,2024,62.0456,PC
dataflow,PSOLAN:DF_GREEN_SPACE(1.0),I,E01034639,GSA_300M,2024,76.3997,PC
dataflow,PSOLAN:DF_GREEN_SPACE(1.0),I,E01034640,GSA_300M,2024,53.6889,PC
dataflow,PSOLAN:DF_GREEN_SPACE(1.0),I,E01034641,GSA_300M,2024,0.0,PC
dataflow,PSOLAN:DF_GREEN_SPACE(1.0),I,E01034642,GSA_300M,2024,16.7841,PC
dataflow,PSOLAN:DF_GREEN_SPACE(1.0),I,E01034643,GSA_300M,2024,40.2778,PC
dataflow,PSOLAN:DF_GREEN_SPACE(1.0),I,E06000026,NDVI_CLEAR_PCT,2024,98.2969,PC
dataflow,PSOLAN:DF_GREEN_SPACE(1.0),I,E06000027,NDVI_CLEAR_PCT,2024,99.553,PC
dataflow,PSOLAN:DF_GREEN_SPACE(1.0),I,E07000040,NDVI_CLEAR_PCT,2024,99.9974,PC
dataflow,PSOLAN:DF_GREEN_SPACE(1.0),I,E07000041,NDVI_CLEAR_PCT,2024,99.9005,PC
dataflow,PSOLAN:DF_GREEN_SPACE(1.0),I,E07000042,NDVI_CLEAR_PCT,2024,99.3664,PC
dataflow,PSOLAN:DF_GREEN_SPACE(1.0),I,E07000043,NDVI_CLEAR_PCT,2024,98.205,PC
dataflow,PSOLAN:DF_GREEN_SPACE(1.0),I,E07000044,NDVI_CLEAR_PCT,2024,98.6236,PC
dataflow,PSOLAN:DF_GREEN_SPACE(1.0),I,E07000045,NDVI_CLEAR_PCT,2024,99.1042,PC
dataflow,PSOLAN:DF_GREEN_SPACE(1.0),I,E07000046,NDVI_CLEAR_PCT,2024,98.7984,PC
dataflow,PSOLAN:DF_GREEN_SPACE(1.0),I,E07000047,NDVI_CLEAR_PCT,2024,96.3663,PC
dataflow,PSOLAN:DF_GREEN_SPACE(1.0),I,E01015023,NDVI_CLEAR_PCT,2024,100.0,PC
dataflow,PSOLAN:DF_GREEN_SPACE(1.0),I,E01015024,NDVI_CLEAR_PCT,2024,68.5427,PC
dataflow,PSOLAN:DF_GREEN_SPACE(1.0),I,E01015025,NDVI_CLEAR_PCT,2024,100.0,PC
dataflow,PSOLAN:DF_GREEN_SPACE(1.0),I,E01015026,NDVI_CLEAR_PCT,2024,68.6144,PC
dataflow,PSOLAN:DF_GREEN_SPACE(1.0),I,E01015027,NDVI_CLEAR_PCT,2024,99.9407,PC
dataflow,PSOLAN:DF_GREEN_SPACE(1.0),I,E01015028,NDVI_CLEAR_PCT,2024,100.0,PC
dataflow,PSOLAN:DF_GREEN_SPACE(1.0),I,E01015029,NDVI_CLEAR_PCT,2024,99.5259,PC
dataflow,PSOLAN:DF_GREEN_SPACE(1.0),I,E01015030,NDVI_CLEAR_PCT,2024,100.0,PC
dataflow,PSOLAN:DF_GREEN_SPACE(1.0),I,E01015031,NDVI_CLEAR_PCT,2024,100.0,PC
dataflow,PSOLAN:DF_GREEN_SPACE(1.0),I,E01015032,NDVI_CLEAR_PCT,2024,99.4671,PC
dataflow,PSOLAN:DF_GREEN_SPACE(1.0),I,E01015033,NDVI_CLEAR_PCT,2024,100.0,PC
dataflow,PSOLAN:DF_GREEN_SPACE(1.0),I,E01015034,NDVI_CLEAR_PCT,2024,100.0,PC
dataflow,PSOLAN:DF_GREEN_SPACE(1.0),I,E01015035,NDVI_CLEAR_PCT,2024,100.0,PC
dataflow,PSOLAN:DF_GREEN_SPACE(1.0),I,E01015036,NDVI_CLEAR_PCT,2024,100.0,PC
dataflow,PSOLAN:DF_GREEN_SPACE(1.0),I,E01015037,NDVI_CLEAR_PCT,2024,100.0,PC
dataflow,PSOLAN:DF_GREEN_SPACE(1.0),I,E01015038,NDVI_CLEAR_PCT,2024,99.0466,PC
dataflow,PSOLAN:DF_GREEN_SPACE(1.0),I,E01015039,NDVI_CLEAR_PCT,2024,98.6022,PC
dataflow,PSOLAN:DF_GREEN_SPACE(1.0),I,E01015040,NDVI_CLEAR_PCT,2024,100.0,PC
dataflow,PSOLAN:DF_GREEN_SPACE(1.0),I,E01015041,NDVI_CLEAR_PCT,2024,98.0808,PC
dataflow,PSOLAN:DF_GREEN_SPACE(1.0),I,E01015042,NDVI_CLEAR_PCT,2024,100.0,PC
dataflow,PSOLAN:DF_GREEN_SPACE(1.0),I,E01015043,NDVI_CLEAR_PCT,2024,95.5,PC
dataflow,PSOLAN:DF_GREEN_SPACE(1.0),I,E01015044,NDVI_CLEAR_PCT,2024,75.7979,PC
dataflow,PSOLAN:DF_GREEN_SPACE(1.0),I,E01015045,NDVI_CLEAR_PCT,2024,99.6032,PC
dataflow,PSOLAN:DF_GREEN_SPACE(1.0),I,E01015046,NDVI_CLEAR_PCT,2024,93.693,PC
dataflow,PSOLAN:DF_GREEN_SPACE(1.0),I,E01015047,NDVI_CLEAR_PCT,2024,100.0,PC
dataflow,PSOLAN:DF_GREEN_SPACE(1.0),I,E01015048,NDVI_CLEAR_PCT,2024,100.0,PC
dataflow,PSOLAN:DF_GREEN_SPACE(1.0),I,E01015049,NDVI_CLEAR_PCT,2024,93.1373,PC
dataflow,PSOLAN:DF_GREEN_SPACE(1.0),I,E01015050,NDVI_CLEAR_PCT,2024,75.1366,PC
dataflow,PSOLAN:DF_GREEN_SPACE(1.0),I,E01015051,NDVI_CLEAR_PCT,2024,90.8184,PC
dataflow,PSOLAN:DF_GREEN_SPACE(1.0),I,E01015052,NDVI_CLEAR_PCT,2024,100.0,PC
dataflow,PSOLAN:DF_GREEN_SPACE(1.0),I,E01015053,NDVI_CLEAR_PCT,2024,100.0,PC
dataflow,PSOLAN:DF_GREEN_SPACE(1.0),I,E01015054,NDVI_CLEAR_PCT,2024,100.0,PC
dataflow,PSOLAN:DF_GREEN_SPACE(1.0),I,E01015055,NDVI_CLEAR_PCT,2024,100.0,PC
dataflow,PSOLAN:DF_GREEN_SPACE(1.0),I,E01015056,NDVI_CLEAR_PCT,2024,100.0,PC
dataflow,PSOLAN:DF_GREEN_SPACE(1.0),I,E01015057,NDVI_CLEAR_PCT,2024,100.0,PC
dataflow,PSOLAN:DF_GREEN_SPACE(1.0),I,E01015058,NDVI_CLEAR_PCT,2024,100.0,PC
dataflow,PSOLAN:DF_GREEN_SPACE(1.0),I,E01015059,NDVI_CLEAR_PCT,2024,100.0,PC
dataflow,PSOLAN:DF_GREEN_SPACE(1.0),I,E01015060,NDVI_CLEAR_PCT,2024,100.0,PC
dataflow,PSOLAN:DF_GREEN_SPACE(1.0),I,E01015061,NDVI_CLEAR_PCT,2024,84.6715,PC
dataflow,PSOLAN:DF_GREEN_SPACE(1.0),I,E01015062,NDVI_CLEAR_PCT,2024,74.1855,PC
dataflow,PSOLAN:DF_GREEN_SPACE(1.0),I,E01015063,NDVI_CLEAR_PCT,2024,100.0,PC
dataflow,PSOLAN:DF_GREEN_SPACE(1.0),I,E01015064,NDVI_CLEAR_PCT,2024,100.0,PC
dataflow,PSOLAN:DF_GREEN_SPACE(1.0),I,E01015065,NDVI_CLEAR_PCT,2024,100.0,PC
dataflow,PSOLAN:DF_GREEN_SPACE(1.0),I,E01015066,NDVI_CLEAR_PCT,2024,100.0,PC
dataflow,PSOLAN:DF_GREEN_SPACE(1.0),I,E01015067,NDVI_CLEAR_PCT,2024,100.0,PC
dataflow,PSOLAN:DF_GREEN_SPACE(1.0),I,E01015068,NDVI_CLEAR_PCT,2024,99.9038,PC
dataflow,PSOLAN:DF_GREEN_SPACE(1.0),I,E01015069,NDVI_CLEAR_PCT,2024,100.0,PC
dataflow,PSOLAN:DF_GREEN_SPACE(1.0),I,E01015070,NDVI_CLEAR_PCT,2024,100.0,PC
dataflow,PSOLAN:DF_GREEN_SPACE(1.0),I,E01015071,NDVI_CLEAR_PCT,2024,100.0,PC
dataflow,PSOLAN:DF_GREEN_SPACE(1.0),I,E01015072,NDVI_CLEAR_PCT,2024,100.0,PC
dataflow,PSOLAN:DF_GREEN_SPACE(1.0),I,E01015073,NDVI_CLEAR_PCT,2024,98.341,PC
dataflow,PSOLAN:DF_GREEN_SPACE(1.0),I,E01015074,NDVI_CLEAR_PCT,2024,100.0,PC
dataflow,PSOLAN:DF_GREEN_SPACE(1.0),I,E01015075,NDVI_CLEAR_PCT,2024,100.0,PC
dataflow,PSOLAN:DF_GREEN_SPACE(1.0),I,E01015076,NDVI_CLEAR_PCT,2024,100.0,PC
dataflow,PSOLAN:DF_GREEN_SPACE(1.0),I,E01015077,NDVI_CLEAR_PCT,2024,99.8529,PC
dataflow,PSOLAN:DF_GREEN_SPACE(1.0),I,E01015078,NDVI_CLEAR_PCT,2024,100.0,PC
dataflow,PSOLAN:DF_GREEN_SPACE(1.0),I,E01015079,NDVI_CLEAR_PCT,2024,100.0,PC
dataflow,PSOLAN:DF_GREEN_SPACE(1.0),I,E01015080,NDVI_CLEAR_PCT,2024,100.0,PC
dataflow,PSOLAN:DF_GREEN_SPACE(1.0),I,E01015081,NDVI_CLEAR_PCT,2024,85.8543,PC
dataflow,PSOLAN:DF_GREEN_SPACE(1.0),I,E01015082,NDVI_CLEAR_PCT,2024,99.7774,PC
dataflow,PSOLAN:DF_GREEN_SPACE(1.0),I,E01015083,NDVI_CLEAR_PCT,2024,99.0045,PC
dataflow,PSOLAN:DF_GREEN_SPACE(1.0),I,E01015084,NDVI_CLEAR_PCT,2024,74.9436,PC
dataflow,PSOLAN:DF_GREEN_SPACE(1.0),I,E01015085,NDVI_CLEAR_PCT,2024,55.2067,PC
dataflow,PSOLAN:DF_GREEN_SPACE(1.0),I,E01015086,NDVI_CLEAR_PCT,2024,100.0,PC
dataflow,PSOLAN:DF_GREEN_SPACE(1.0),I,E01015087,NDVI_CLEAR_PCT,2024,81.7633,PC
dataflow,PSOLAN:DF_GREEN_SPACE(1.0),I,E01015088,NDVI_CLEAR_PCT,2024,88.3117,PC
dataflow,PSOLAN:DF_GREEN_SPACE(1.0),I,E01015089,NDVI_CLEAR_PCT,2024,98.6122,PC
dataflow,PSOLAN:DF_GREEN_SPACE(1.0),I,E01015090,NDVI_CLEAR_PCT,2024,100.0,PC
dataflow,PSOLAN:DF_GREEN_SPACE(1.0),I,E01015091,NDVI_CLEAR_PCT,2024,100.0,PC
dataflow,PSOLAN:DF_GREEN_SPACE(1.0),I,E01015092,NDVI_CLEAR_PCT,2024,100.0,PC
dataflow,PSOLAN:DF_GREEN_SPACE(1.0),I,E01015093,NDVI_CLEAR_PCT,2024,100.0,PC
dataflow,PSOLAN:DF_GREEN_SPACE(1.0),I,E01015094,NDVI_CLEAR_PCT,2024,100.0,PC
dataflow,PSOLAN:DF_GREEN_SPACE(1.0),I,E01015095,NDVI_CLEAR_PCT,2024,99.9611,PC
dataflow,PSOLAN:DF_GREEN_SPACE(1.0),I,E01015096,NDVI_CLEAR_PCT,2024,100.0,PC
dataflow,PSOLAN:DF_GREEN_SPACE(1.0),I,E01015097,NDVI_CLEAR_PCT,2024,100.0,PC
dataflow,PSOLAN:DF_GREEN_SPACE(1.0),I,E01015098,NDVI_CLEAR_PCT,2024,99.5272,PC
dataflow,PSOLAN:DF_GREEN_SPACE(1.0),I,E01015099,NDVI_CLEAR_PCT,2024,99.9455,PC
dataflow,PSOLAN:DF_GREEN_SPACE(1.0),I,E01015100,NDVI_CLEAR_PCT,2024,100.0,PC
dataflow,PSOLAN:DF_GREEN_SPACE(1.0),I,E01015101,NDVI_CLEAR_PCT,2024,98.9372,PC
dataflow,PSOLAN:DF_GREEN_SPACE(1.0),I,E01015102,NDVI_CLEAR_PCT,2024,100.0,PC
dataflow,PSOLAN:DF_GREEN_SPACE(1.0),I,E01015103,NDVI_CLEAR_PCT,2024,100.0,PC
dataflow,PSOLAN:DF_GREEN_SPACE(1.0),I,E01015104,NDVI_CLEAR_PCT,2024,100.0,PC
dataflow,PSOLAN:DF_GREEN_SPACE(1.0),I,E01015105,NDVI_CLEAR_PCT,2024,100.0,PC
dataflow,PSOLAN:DF_GREEN_SPACE(1.0),I,E01015106,NDVI_CLEAR_PCT,2024,100.0,PC
dataflow,PSOLAN:DF_GREEN_SPACE(1.0),I,E01015107,NDVI_CLEAR_PCT,2024,99.7522,PC
dataflow,PSOLAN:DF_GREEN_SPACE(1.0),I,E01015108,NDVI_CLEAR_PCT,2024,100.0,PC
dataflow,PSOLAN:DF_GREEN_SPACE(1.0),I,E01015109,NDVI_CLEAR_PCT,2024,99.4994,PC
dataflow,PSOLAN:DF_GREEN_SPACE(1.0),I,E01015110,NDVI_CLEAR_PCT,2024,100.0,PC
dataflow,PSOLAN:DF_GREEN_SPACE(1.0),I,E01015111,NDVI_CLEAR_PCT,2024,100.0,PC
dataflow,PSOLAN:DF_GREEN_SPACE(1.0),I,E01015112,NDVI_CLEAR_PCT,2024,96.9896,PC
dataflow,PSOLAN:DF_GREEN_SPACE(1.0),I,E01015113,NDVI_CLEAR_PCT,2024,100.0,PC
dataflow,PSOLAN:DF_GREEN_SPACE(1.0),I,E01015114,NDVI_CLEAR_PCT,2024,100.0,PC
dataflow,PSOLAN:DF_GREEN_SPACE(1.0),I,E01015115,NDVI_CLEAR_PCT,2024,100.0,PC
dataflow,PSOLAN:DF_GREEN_SPACE(1.0),I,E01015116,NDVI_CLEAR_PCT,2024,100.0,PC
dataflow,PSOLAN:DF_GREEN_SPACE(1.0),I,E01015117,NDVI_CLEAR_PCT,2024,100.0,PC
dataflow,PSOLAN:DF_GREEN_SPACE(1.0),I,E01015118,NDVI_CLEAR_PCT,2024,100.0,PC
dataflow,PSOLAN:DF_GREEN_SPACE(1.0),I,E01015119,NDVI_CLEAR_PCT,2024,100.0,PC
dataflow,PSOLAN:DF_GREEN_SPACE(1.0),I,E01015120,NDVI_CLEAR_PCT,2024,100.0,PC
dataflow,PSOLAN:DF_GREEN_SPACE(1.0),I,E01015121,NDVI_CLEAR_PCT,2024,100.0,PC
dataflow,PSOLAN:DF_GREEN_SPACE(1.0),I,E01015122,NDVI_CLEAR_PCT,2024,100.0,PC
dataflow,PSOLAN:DF_GREEN_SPACE(1.0),I,E01015123,NDVI_CLEAR_PCT,2024,100.0,PC
dataflow,PSOLAN:DF_GREEN_SPACE(1.0),I,E01015124,NDVI_CLEAR_PCT,2024,99.1506,PC
dataflow,PSOLAN:DF_GREEN_SPACE(1.0),I,E01015125,NDVI_CLEAR_PCT,2024,100.0,PC
dataflow,PSOLAN:DF_GREEN_SPACE(1.0),I,E01015126,NDVI_CLEAR_PCT,2024,100.0,PC
dataflow,PSOLAN:DF_GREEN_SPACE(1.0),I,E01015127,NDVI_CLEAR_PCT,2024,100.0,PC
dataflow,PSOLAN:DF_GREEN_SPACE(1.0),I,E01015128,NDVI_CLEAR_PCT,2024,99.9076,PC
dataflow,PSOLAN:DF_GREEN_SPACE(1.0),I,E01015129,NDVI_CLEAR_PCT,2024,99.8819,PC
dataflow,PSOLAN:DF_GREEN_SPACE(1.0),I,E01015130,NDVI_CLEAR_PCT,2024,100.0,PC
dataflow,PSOLAN:DF_GREEN_SPACE(1.0),I,E01015131,NDVI_CLEAR_PCT,2024,98.218,PC
dataflow,PSOLAN:DF_GREEN_SPACE(1.0),I,E01015132,NDVI_CLEAR_PCT,2024,100.0,PC
dataflow,PSOLAN:DF_GREEN_SPACE(1.0),I,E01015133,NDVI_CLEAR_PCT,2024,92.0623,PC
dataflow,PSOLAN:DF_GREEN_SPACE(1.0),I,E01015134,NDVI_CLEAR_PCT,2024,100.0,PC
dataflow,PSOLAN:DF_GREEN_SPACE(1.0),I,E01015136,NDVI_CLEAR_PCT,2024,100.0,PC
dataflow,PSOLAN:DF_GREEN_SPACE(1.0),I,E01015137,NDVI_CLEAR_PCT,2024,98.3386,PC
dataflow,PSOLAN:DF_GREEN_SPACE(1.0),I,E01015138,NDVI_CLEAR_PCT,2024,98.9816,PC
dataflow,PSOLAN:DF_GREEN_SPACE(1.0),I,E01015139,NDVI_CLEAR_PCT,2024,99.9011,PC
dataflow,PSOLAN:DF_GREEN_SPACE(1.0),I,E01015140,NDVI_CLEAR_PCT,2024,100.0,PC
dataflow,PSOLAN:DF_GREEN_SPACE(1.0),I,E01015141,NDVI_CLEAR_PCT,2024,99.4033,PC
dataflow,PSOLAN:DF_GREEN_SPACE(1.0),I,E01015142,NDVI_CLEAR_PCT,2024,97.2311,PC
dataflow,PSOLAN:DF_GREEN_SPACE(1.0),I,E01015143,NDVI_CLEAR_PCT,2024,100.0,PC
dataflow,PSOLAN:DF_GREEN_SPACE(1.0),I,E01015144,NDVI_CLEAR_PCT,2024,100.0,PC
dataflow,PSOLAN:DF_GREEN_SPACE(1.0),I,E01015145,NDVI_CLEAR_PCT,2024,99.8966,PC
dataflow,PSOLAN:DF_GREEN_SPACE(1.0),I,E01015146,NDVI_CLEAR_PCT,2024,99.8553,PC
dataflow,PSOLAN:DF_GREEN_SPACE(1.0),I,E01015147,NDVI_CLEAR_PCT,2024,100.0,PC
dataflow,PSOLAN:DF_GREEN_SPACE(1.0),I,E01015148,NDVI_CLEAR_PCT,2024,100.0,PC
dataflow,PSOLAN:DF_GREEN_SPACE(1.0),I,E01015149,NDVI_CLEAR_PCT,2024,100.0,PC
dataflow,PSOLAN:DF_GREEN_SPACE(1.0),I,E01015150,NDVI_CLEAR_PCT,2024,100.0,PC
dataflow,PSOLAN:DF_GREEN_SPACE(1.0),I,E01015151,NDVI_CLEAR_PCT,2024,90.4661,PC
dataflow,PSOLAN:DF_GREEN_SPACE(1.0),I,E01015152,NDVI_CLEAR_PCT,2024,100.0,PC
dataflow,PSOLAN:DF_GREEN_SPACE(1.0),I,E01015153,NDVI_CLEAR_PCT,2024,99.1243,PC
dataflow,PSOLAN:DF_GREEN_SPACE(1.0),I,E01015155,NDVI_CLEAR_PCT,2024,100.0,PC
dataflow,PSOLAN:DF_GREEN_SPACE(1.0),I,E01015156,NDVI_CLEAR_PCT,2024,96.3689,PC
dataflow,PSOLAN:DF_GREEN_SPACE(1.0),I,E01015159,NDVI_CLEAR_PCT,2024,100.0,PC
dataflow,PSOLAN:DF_GREEN_SPACE(1.0),I,E01015160,NDVI_CLEAR_PCT,2024,100.0,PC
dataflow,PSOLAN:DF_GREEN_SPACE(1.0),I,E01015161,NDVI_CLEAR_PCT,2024,100.0,PC
dataflow,PSOLAN:DF_GREEN_SPACE(1.0),I,E01015162,NDVI_CLEAR_PCT,2024,100.0,PC
dataflow,PSOLAN:DF_GREEN_SPACE(1.0),I,E01015163,NDVI_CLEAR_PCT,2024,100.0,PC
dataflow,PSOLAN:DF_GREEN_SPACE(1.0),I,E01015164,NDVI_CLEAR_PCT,2024,100.0,PC
dataflow,PSOLAN:DF_GREEN_SPACE(1.0),I,E01015165,NDVI_CLEAR_PCT,2024,97.6568,PC
dataflow,PSOLAN:DF_GREEN_SPACE(1.0),I,E01015166,NDVI_CLEAR_PCT,2024,99.5089,PC
dataflow,PSOLAN:DF_GREEN_SPACE(1.0),I,E01015167,NDVI_CLEAR_PCT,2024,75.5208,PC
dataflow,PSOLAN:DF_GREEN_SPACE(1.0),I,E01015168,NDVI_CLEAR_PCT,2024,84.0691,PC
dataflow,PSOLAN:DF_GREEN_SPACE(1.0),I,E01015169,NDVI_CLEAR_PCT,2024,100.0,PC
dataflow,PSOLAN:DF_GREEN_SPACE(1.0),I,E01015170,NDVI_CLEAR_PCT,2024,99.8798,PC
dataflow,PSOLAN:DF_GREEN_SPACE(1.0),I,E01015171,NDVI_CLEAR_PCT,2024,92.0543,PC
dataflow,PSOLAN:DF_GREEN_SPACE(1.0),I,E01015172,NDVI_CLEAR_PCT,2024,99.9034,PC
dataflow,PSOLAN:DF_GREEN_SPACE(1.0),I,E01015173,NDVI_CLEAR_PCT,2024,100.0,PC
dataflow,PSOLAN:DF_GREEN_SPACE(1.0),I,E01015174,NDVI_CLEAR_PCT,2024,89.1892,PC
dataflow,PSOLAN:DF_GREEN_SPACE(1.0),I,E01015175,NDVI_CLEAR_PCT,2024,99.7238,PC
dataflow,PSOLAN:DF_GREEN_SPACE(1.0),I,E01015176,NDVI_CLEAR_PCT,2024,100.0,PC
dataflow,PSOLAN:DF_GREEN_SPACE(1.0),I,E01015177,NDVI_CLEAR_PCT,2024,100.0,PC
dataflow,PSOLAN:DF_GREEN_SPACE(1.0),I,E01015178,NDVI_CLEAR_PCT,2024,100.0,PC
dataflow,PSOLAN:DF_GREEN_SPACE(1.0),I,E01015179,NDVI_CLEAR_PCT,2024,100.0,PC
dataflow,PSOLAN:DF_GREEN_SPACE(1.0),I,E01015180,NDVI_CLEAR_PCT,2024,99.9171,PC
dataflow,PSOLAN:DF_GREEN_SPACE(1.0),I,E01015181,NDVI_CLEAR_PCT,2024,99.8773,PC
dataflow,PSOLAN:DF_GREEN_SPACE(1.0),I,E01015182,NDVI_CLEAR_PCT,2024,100.0,PC
dataflow,PSOLAN:DF_GREEN_SPACE(1.0),I,E01015183,NDVI_CLEAR_PCT,2024,99.9205,PC
dataflow,PSOLAN:DF_GREEN_SPACE(1.0),I,E01015184,NDVI_CLEAR_PCT,2024,100.0,PC
dataflow,PSOLAN:DF_GREEN_SPACE(1.0),I,E01015185,NDVI_CLEAR_PCT,2024,99.8584,PC
dataflow,PSOLAN:DF_GREEN_SPACE(1.0),I,E01015186,NDVI_CLEAR_PCT,2024,83.6466,PC
dataflow,PSOLAN:DF_GREEN_SPACE(1.0),I,E01015187,NDVI_CLEAR_PCT,2024,96.3749,PC
dataflow,PSOLAN:DF_GREEN_SPACE(1.0),I,E01015188,NDVI_CLEAR_PCT,2024,100.0,PC
dataflow,PSOLAN:DF_GREEN_SPACE(1.0),I,E01015189,NDVI_CLEAR_PCT,2024,100.0,PC
dataflow,PSOLAN:DF_GREEN_SPACE(1.0),I,E01015190,NDVI_CLEAR_PCT,2024,100.0,PC
dataflow,PSOLAN:DF_GREEN_SPACE(1.0),I,E01015191,NDVI_CLEAR_PCT,2024,100.0,PC
dataflow,PSOLAN:DF_GREEN_SPACE(1.0),I,E01015192,NDVI_CLEAR_PCT,2024,100.0,PC
dataflow,PSOLAN:DF_GREEN_SPACE(1.0),I,E01015193,NDVI_CLEAR_PCT,2024,100.0,PC
dataflow,PSOLAN:DF_GREEN_SPACE(1.0),I,E01015194,NDVI_CLEAR_PCT,2024,100.0,PC
dataflow,PSOLAN:DF_GREEN_SPACE(1.0),I,E01015196,NDVI_CLEAR_PCT,2024,100.0,PC
dataflow,PSOLAN:DF_GREEN_SPACE(1.0),I,E01015197,NDVI_CLEAR_PCT,2024,99.9706,PC
dataflow,PSOLAN:DF_GREEN_SPACE(1.0),I,E01015198,NDVI_CLEAR_PCT,2024,100.0,PC
dataflow,PSOLAN:DF_GREEN_SPACE(1.0),I,E01015199,NDVI_CLEAR_PCT,2024,100.0,PC
dataflow,PSOLAN:DF_GREEN_SPACE(1.0),I,E01015200,NDVI_CLEAR_PCT,2024,100.0,PC
dataflow,PSOLAN:DF_GREEN_SPACE(1.0),I,E01015201,NDVI_CLEAR_PCT,2024,99.9916,PC
dataflow,PSOLAN:DF_GREEN_SPACE(1.0),I,E01015202,NDVI_CLEAR_PCT,2024,100.0,PC
dataflow,PSOLAN:DF_GREEN_SPACE(1.0),I,E01015203,NDVI_CLEAR_PCT,2024,100.0,PC
dataflow,PSOLAN:DF_GREEN_SPACE(1.0),I,E01015204,NDVI_CLEAR_PCT,2024,100.0,PC
dataflow,PSOLAN:DF_GREEN_SPACE(1.0),I,E01015205,NDVI_CLEAR_PCT,2024,100.0,PC
dataflow,PSOLAN:DF_GREEN_SPACE(1.0),I,E01015206,NDVI_CLEAR_PCT,2024,98.7484,PC
dataflow,PSOLAN:DF_GREEN_SPACE(1.0),I,E01015207,NDVI_CLEAR_PCT,2024,100.0,PC
dataflow,PSOLAN:DF_GREEN_SPACE(1.0),I,E01015208,NDVI_CLEAR_PCT,2024,100.0,PC
dataflow,PSOLAN:DF_GREEN_SPACE(1.0),I,E01015209,NDVI_CLEAR_PCT,2024,100.0,PC
dataflow,PSOLAN:DF_GREEN_SPACE(1.0),I,E01015210,NDVI_CLEAR_PCT,2024,100.0,PC
dataflow,PSOLAN:DF_GREEN_SPACE(1.0),I,E01015211,NDVI_CLEAR_PCT,2024,100.0,PC
dataflow,PSOLAN:DF_GREEN_SPACE(1.0),I,E01015212,NDVI_CLEAR_PCT,2024,100.0,PC
dataflow,PSOLAN:DF_GREEN_SPACE(1.0),I,E01015213,NDVI_CLEAR_PCT,2024,100.0,PC
dataflow,PSOLAN:DF_GREEN_SPACE(1.0),I,E01015214,NDVI_CLEAR_PCT,2024,99.1914,PC
dataflow,PSOLAN:DF_GREEN_SPACE(1.0),I,E01015215,NDVI_CLEAR_PCT,2024,93.8095,PC
dataflow,PSOLAN:DF_GREEN_SPACE(1.0),I,E01015216,NDVI_CLEAR_PCT,2024,87.0968,PC
dataflow,PSOLAN:DF_GREEN_SPACE(1.0),I,E01015217,NDVI_CLEAR_PCT,2024,83.4254,PC
dataflow,PSOLAN:DF_GREEN_SPACE(1.0),I,E01015218,NDVI_CLEAR_PCT,2024,100.0,PC
dataflow,PSOLAN:DF_GREEN_SPACE(1.0),I,E01015219,NDVI_CLEAR_PCT,2024,100.0,PC
dataflow,PSOLAN:DF_GREEN_SPACE(1.0),I,E01015220,NDVI_CLEAR_PCT,2024,100.0,PC
dataflow,PSOLAN:DF_GREEN_SPACE(1.0),I,E01015221,NDVI_CLEAR_PCT,2024,100.0,PC
dataflow,PSOLAN:DF_GREEN_SPACE(1.0),I,E01015222,NDVI_CLEAR_PCT,2024,100.0,PC
dataflow,PSOLAN:DF_GREEN_SPACE(1.0),I,E01015223,NDVI_CLEAR_PCT,2024,100.0,PC
dataflow,PSOLAN:DF_GREEN_SPACE(1.0),I,E01015224,NDVI_CLEAR_PCT,2024,100.0,PC
dataflow,PSOLAN:DF_GREEN_SPACE(1.0),I,E01015225,NDVI_CLEAR_PCT,2024,100.0,PC
dataflow,PSOLAN:DF_GREEN_SPACE(1.0),I,E01015226,NDVI_CLEAR_PCT,2024,99.9508,PC
dataflow,PSOLAN:DF_GREEN_SPACE(1.0),I,E01015227,NDVI_CLEAR_PCT,2024,100.0,PC
dataflow,PSOLAN:DF_GREEN_SPACE(1.0),I,E01015228,NDVI_CLEAR_PCT,2024,100.0,PC
dataflow,PSOLAN:DF_GREEN_SPACE(1.0),I,E01015229,NDVI_CLEAR_PCT,2024,100.0,PC
dataflow,PSOLAN:DF_GREEN_SPACE(1.0),I,E01015230,NDVI_CLEAR_PCT,2024,100.0,PC
dataflow,PSOLAN:DF_GREEN_SPACE(1.0),I,E01015231,NDVI_CLEAR_PCT,2024,97.4026,PC
dataflow,PSOLAN:DF_GREEN_SPACE(1.0),I,E01015232,NDVI_CLEAR_PCT,2024,100.0,PC
dataflow,PSOLAN:DF_GREEN_SPACE(1.0),I,E01015233,NDVI_CLEAR_PCT,2024,100.0,PC
dataflow,PSOLAN:DF_GREEN_SPACE(1.0),I,E01015234,NDVI_CLEAR_PCT,2024,100.0,PC
dataflow,PSOLAN:DF_GREEN_SPACE(1.0),I,E01015235,NDVI_CLEAR_PCT,2024,98.9485,PC
dataflow,PSOLAN:DF_GREEN_SPACE(1.0),I,E01015236,NDVI_CLEAR_PCT,2024,99.763,PC
dataflow,PSOLAN:DF_GREEN_SPACE(1.0),I,E01015237,NDVI_CLEAR_PCT,2024,100.0,PC
dataflow,PSOLAN:DF_GREEN_SPACE(1.0),I,E01015238,NDVI_CLEAR_PCT,2024,98.8312,PC
dataflow,PSOLAN:DF_GREEN_SPACE(1.0),I,E01015239,NDVI_CLEAR_PCT,2024,100.0,PC
dataflow,PSOLAN:DF_GREEN_SPACE(1.0),I,E01015240,NDVI_CLEAR_PCT,2024,100.0,PC
dataflow,PSOLAN:DF_GREEN_SPACE(1.0),I,E01015241,NDVI_CLEAR_PCT,2024,100.0,PC
dataflow,PSOLAN:DF_GREEN_SPACE(1.0),I,E01015242,NDVI_CLEAR_PCT,2024,100.0,PC
dataflow,PSOLAN:DF_GREEN_SPACE(1.0),I,E01015243,NDVI_CLEAR_PCT,2024,99.8387,PC
dataflow,PSOLAN:DF_GREEN_SPACE(1.0),I,E01015244,NDVI_CLEAR_PCT,2024,100.0,PC
dataflow,PSOLAN:DF_GREEN_SPACE(1.0),I,E01015245,NDVI_CLEAR_PCT,2024,100.0,PC
dataflow,PSOLAN:DF_GREEN_SPACE(1.0),I,E01015246,NDVI_CLEAR_PCT,2024,99.2308,PC
dataflow,PSOLAN:DF_GREEN_SPACE(1.0),I,E01015247,NDVI_CLEAR_PCT,2024,99.9086,PC
dataflow,PSOLAN:DF_GREEN_SPACE(1.0),I,E01015248,NDVI_CLEAR_PCT,2024,99.115,PC
dataflow,PSOLAN:DF_GREEN_SPACE(1.0),I,E01015249,NDVI_CLEAR_PCT,2024,100.0,PC
dataflow,PSOLAN:DF_GREEN_SPACE(1.0),I,E01015250,NDVI_CLEAR_PCT,2024,100.0,PC
dataflow,PSOLAN:DF_GREEN_SPACE(1.0),I,E01015251,NDVI_CLEAR_PCT,2024,99.3843,PC
dataflow,PSOLAN:DF_GREEN_SPACE(1.0),I,E01015253,NDVI_CLEAR_PCT,2024,100.0,PC
dataflow,PSOLAN:DF_GREEN_SPACE(1.0),I,E01015254,NDVI_CLEAR_PCT,2024,99.7673,PC
dataflow,PSOLAN:DF_GREEN_SPACE(1.0),I,E01015255,NDVI_CLEAR_PCT,2024,96.6138,PC
dataflow,PSOLAN:DF_GREEN_SPACE(1.0),I,E01015256,NDVI_CLEAR_PCT,2024,89.6615,PC
dataflow,PSOLAN:DF_GREEN_SPACE(1.0),I,E01015257,NDVI_CLEAR_PCT,2024,99.8713,PC
dataflow,PSOLAN:DF_GREEN_SPACE(1.0),I,E01015258,NDVI_CLEAR_PCT,2024,100.0,PC
dataflow,PSOLAN:DF_GREEN_SPACE(1.0),I,E01015259,NDVI_CLEAR_PCT,2024,97.7622,PC
dataflow,PSOLAN:DF_GREEN_SPACE(1.0),I,E01015260,NDVI_CLEAR_PCT,2024,98.2622,PC
dataflow,PSOLAN:DF_GREEN_SPACE(1.0),I,E01015261,NDVI_CLEAR_PCT,2024,100.0,PC
dataflow,PSOLAN:DF_GREEN_SPACE(1.0),I,E01015262,NDVI_CLEAR_PCT,2024,100.0,PC
dataflow,PSOLAN:DF_GREEN_SPACE(1.0),I,E01015263,NDVI_CLEAR_PCT,2024,100.0,PC
dataflow,PSOLAN:DF_GREEN_SPACE(1.0),I,E01015264,NDVI_CLEAR_PCT,2024,100.0,PC
dataflow,PSOLAN:DF_GREEN_SPACE(1.0),I,E01015265,NDVI_CLEAR_PCT,2024,100.0,PC
dataflow,PSOLAN:DF_GREEN_SPACE(1.0),I,E01015266,NDVI_CLEAR_PCT,2024,100.0,PC
dataflow,PSOLAN:DF_GREEN_SPACE(1.0),I,E01015267,NDVI_CLEAR_PCT,2024,94.7025,PC
dataflow,PSOLAN:DF_GREEN_SPACE(1.0),I,E01015268,NDVI_CLEAR_PCT,2024,99.9398,PC
dataflow,PSOLAN:DF_GREEN_SPACE(1.0),I,E01015269,NDVI_CLEAR_PCT,2024,99.6366,PC
dataflow,PSOLAN:DF_GREEN_SPACE(1.0),I,E01015270,NDVI_CLEAR_PCT,2024,99.556,PC
dataflow,PSOLAN:DF_GREEN_SPACE(1.0),I,E01015271,NDVI_CLEAR_PCT,2024,99.7618,PC
dataflow,PSOLAN:DF_GREEN_SPACE(1.0),I,E01019887,NDVI_CLEAR_PCT,2024,100.0,PC
dataflow,PSOLAN:DF_GREEN_SPACE(1.0),I,E01019888,NDVI_CLEAR_PCT,2024,100.0,PC
dataflow,PSOLAN:DF_GREEN_SPACE(1.0),I,E01019889,NDVI_CLEAR_PCT,2024,100.0,PC
dataflow,PSOLAN:DF_GREEN_SPACE(1.0),I,E01019890,NDVI_CLEAR_PCT,2024,100.0,PC
dataflow,PSOLAN:DF_GREEN_SPACE(1.0),I,E01019891,NDVI_CLEAR_PCT,2024,99.97,PC
dataflow,PSOLAN:DF_GREEN_SPACE(1.0),I,E01019894,NDVI_CLEAR_PCT,2024,100.0,PC
dataflow,PSOLAN:DF_GREEN_SPACE(1.0),I,E01019895,NDVI_CLEAR_PCT,2024,100.0,PC
dataflow,PSOLAN:DF_GREEN_SPACE(1.0),I,E01019896,NDVI_CLEAR_PCT,2024,100.0,PC
dataflow,PSOLAN:DF_GREEN_SPACE(1.0),I,E01019897,NDVI_CLEAR_PCT,2024,100.0,PC
dataflow,PSOLAN:DF_GREEN_SPACE(1.0),I,E01019898,NDVI_CLEAR_PCT,2024,100.0,PC
dataflow,PSOLAN:DF_GREEN_SPACE(1.0),I,E01019899,NDVI_CLEAR_PCT,2024,100.0,PC
dataflow,PSOLAN:DF_GREEN_SPACE(1.0),I,E01019900,NDVI_CLEAR_PCT,2024,100.0,PC
dataflow,PSOLAN:DF_GREEN_SPACE(1.0),I,E01019901,NDVI_CLEAR_PCT,2024,100.0,PC
dataflow,PSOLAN:DF_GREEN_SPACE(1.0),I,E01019902,NDVI_CLEAR_PCT,2024,100.0,PC
dataflow,PSOLAN:DF_GREEN_SPACE(1.0),I,E01019903,NDVI_CLEAR_PCT,2024,99.9905,PC
dataflow,PSOLAN:DF_GREEN_SPACE(1.0),I,E01019904,NDVI_CLEAR_PCT,2024,100.0,PC
dataflow,PSOLAN:DF_GREEN_SPACE(1.0),I,E01019905,NDVI_CLEAR_PCT,2024,100.0,PC
dataflow,PSOLAN:DF_GREEN_SPACE(1.0),I,E01019906,NDVI_CLEAR_PCT,2024,100.0,PC
dataflow,PSOLAN:DF_GREEN_SPACE(1.0),I,E01019907,NDVI_CLEAR_PCT,2024,100.0,PC
dataflow,PSOLAN:DF_GREEN_SPACE(1.0),I,E01019908,NDVI_CLEAR_PCT,2024,100.0,PC
dataflow,PSOLAN:DF_GREEN_SPACE(1.0),I,E01019909,NDVI_CLEAR_PCT,2024,100.0,PC
dataflow,PSOLAN:DF_GREEN_SPACE(1.0),I,E01019910,NDVI_CLEAR_PCT,2024,100.0,PC
dataflow,PSOLAN:DF_GREEN_SPACE(1.0),I,E01019911,NDVI_CLEAR_PCT,2024,100.0,PC
dataflow,PSOLAN:DF_GREEN_SPACE(1.0),I,E01019912,NDVI_CLEAR_PCT,2024,100.0,PC
dataflow,PSOLAN:DF_GREEN_SPACE(1.0),I,E01019913,NDVI_CLEAR_PCT,2024,100.0,PC
dataflow,PSOLAN:DF_GREEN_SPACE(1.0),I,E01019914,NDVI_CLEAR_PCT,2024,100.0,PC
dataflow,PSOLAN:DF_GREEN_SPACE(1.0),I,E01019915,NDVI_CLEAR_PCT,2024,100.0,PC
dataflow,PSOLAN:DF_GREEN_SPACE(1.0),I,E01019916,NDVI_CLEAR_PCT,2024,100.0,PC
dataflow,PSOLAN:DF_GREEN_SPACE(1.0),I,E01019917,NDVI_CLEAR_PCT,2024,100.0,PC
dataflow,PSOLAN:DF_GREEN_SPACE(1.0),I,E01019918,NDVI_CLEAR_PCT,2024,100.0,PC
dataflow,PSOLAN:DF_GREEN_SPACE(1.0),I,E01019919,NDVI_CLEAR_PCT,2024,100.0,PC
dataflow,PSOLAN:DF_GREEN_SPACE(1.0),I,E01019920,NDVI_CLEAR_PCT,2024,100.0,PC
dataflow,PSOLAN:DF_GREEN_SPACE(1.0),I,E01019921,NDVI_CLEAR_PCT,2024,100.0,PC
dataflow,PSOLAN:DF_GREEN_SPACE(1.0),I,E01019922,NDVI_CLEAR_PCT,2024,100.0,PC
dataflow,PSOLAN:DF_GREEN_SPACE(1.0),I,E01019923,NDVI_CLEAR_PCT,2024,100.0,PC
dataflow,PSOLAN:DF_GREEN_SPACE(1.0),I,E01019924,NDVI_CLEAR_PCT,2024,100.0,PC
dataflow,PSOLAN:DF_GREEN_SPACE(1.0),I,E01019925,NDVI_CLEAR_PCT,2024,100.0,PC
dataflow,PSOLAN:DF_GREEN_SPACE(1.0),I,E01019927,NDVI_CLEAR_PCT,2024,100.0,PC
dataflow,PSOLAN:DF_GREEN_SPACE(1.0),I,E01019928,NDVI_CLEAR_PCT,2024,100.0,PC
dataflow,PSOLAN:DF_GREEN_SPACE(1.0),I,E01019929,NDVI_CLEAR_PCT,2024,100.0,PC
dataflow,PSOLAN:DF_GREEN_SPACE(1.0),I,E01019930,NDVI_CLEAR_PCT,2024,100.0,PC
dataflow,PSOLAN:DF_GREEN_SPACE(1.0),I,E01019931,NDVI_CLEAR_PCT,2024,100.0,PC
dataflow,PSOLAN:DF_GREEN_SPACE(1.0),I,E01019932,NDVI_CLEAR_PCT,2024,100.0,PC
dataflow,PSOLAN:DF_GREEN_SPACE(1.0),I,E01019933,NDVI_CLEAR_PCT,2024,100.0,PC
dataflow,PSOLAN:DF_GREEN_SPACE(1.0),I,E01019934,NDVI_CLEAR_PCT,2024,100.0,PC
dataflow,PSOLAN:DF_GREEN_SPACE(1.0),I,E01019935,NDVI_CLEAR_PCT,2024,100.0,PC
dataflow,PSOLAN:DF_GREEN_SPACE(1.0),I,E01019936,NDVI_CLEAR_PCT,2024,100.0,PC
dataflow,PSOLAN:DF_GREEN_SPACE(1.0),I,E01019937,NDVI_CLEAR_PCT,2024,100.0,PC
dataflow,PSOLAN:DF_GREEN_SPACE(1.0),I,E01019938,NDVI_CLEAR_PCT,2024,100.0,PC
dataflow,PSOLAN:DF_GREEN_SPACE(1.0),I,E01019939,NDVI_CLEAR_PCT,2024,100.0,PC
dataflow,PSOLAN:DF_GREEN_SPACE(1.0),I,E01019940,NDVI_CLEAR_PCT,2024,100.0,PC
dataflow,PSOLAN:DF_GREEN_SPACE(1.0),I,E01019942,NDVI_CLEAR_PCT,2024,99.8956,PC
dataflow,PSOLAN:DF_GREEN_SPACE(1.0),I,E01019943,NDVI_CLEAR_PCT,2024,100.0,PC
dataflow,PSOLAN:DF_GREEN_SPACE(1.0),I,E01019944,NDVI_CLEAR_PCT,2024,100.0,PC
dataflow,PSOLAN:DF_GREEN_SPACE(1.0),I,E01019945,NDVI_CLEAR_PCT,2024,100.0,PC
dataflow,PSOLAN:DF_GREEN_SPACE(1.0),I,E01019946,NDVI_CLEAR_PCT,2024,100.0,PC
dataflow,PSOLAN:DF_GREEN_SPACE(1.0),I,E01019947,NDVI_CLEAR_PCT,2024,100.0,PC
dataflow,PSOLAN:DF_GREEN_SPACE(1.0),I,E01019948,NDVI_CLEAR_PCT,2024,100.0,PC
dataflow,PSOLAN:DF_GREEN_SPACE(1.0),I,E01019949,NDVI_CLEAR_PCT,2024,100.0,PC
dataflow,PSOLAN:DF_GREEN_SPACE(1.0),I,E01019950,NDVI_CLEAR_PCT,2024,100.0,PC
dataflow,PSOLAN:DF_GREEN_SPACE(1.0),I,E01019951,NDVI_CLEAR_PCT,2024,99.9976,PC
dataflow,PSOLAN:DF_GREEN_SPACE(1.0),I,E01019952,NDVI_CLEAR_PCT,2024,100.0,PC
dataflow,PSOLAN:DF_GREEN_SPACE(1.0),I,E01019953,NDVI_CLEAR_PCT,2024,100.0,PC
dataflow,PSOLAN:DF_GREEN_SPACE(1.0),I,E01019954,NDVI_CLEAR_PCT,2024,100.0,PC
dataflow,PSOLAN:DF_GREEN_SPACE(1.0),I,E01019955,NDVI_CLEAR_PCT,2024,100.0,PC
dataflow,PSOLAN:DF_GREEN_SPACE(1.0),I,E01019956,NDVI_CLEAR_PCT,2024,100.0,PC
dataflow,PSOLAN:DF_GREEN_SPACE(1.0),I,E01019957,NDVI_CLEAR_PCT,2024,100.0,PC
dataflow,PSOLAN:DF_GREEN_SPACE(1.0),I,E01019958,NDVI_CLEAR_PCT,2024,100.0,PC
dataflow,PSOLAN:DF_GREEN_SPACE(1.0),I,E01019959,NDVI_CLEAR_PCT,2024,100.0,PC
dataflow,PSOLAN:DF_GREEN_SPACE(1.0),I,E01019960,NDVI_CLEAR_PCT,2024,100.0,PC
dataflow,PSOLAN:DF_GREEN_SPACE(1.0),I,E01019961,NDVI_CLEAR_PCT,2024,100.0,PC
dataflow,PSOLAN:DF_GREEN_SPACE(1.0),I,E01019962,NDVI_CLEAR_PCT,2024,100.0,PC
dataflow,PSOLAN:DF_GREEN_SPACE(1.0),I,E01019963,NDVI_CLEAR_PCT,2024,100.0,PC
dataflow,PSOLAN:DF_GREEN_SPACE(1.0),I,E01019964,NDVI_CLEAR_PCT,2024,100.0,PC
dataflow,PSOLAN:DF_GREEN_SPACE(1.0),I,E01019965,NDVI_CLEAR_PCT,2024,99.9624,PC
dataflow,PSOLAN:DF_GREEN_SPACE(1.0),I,E01019966,NDVI_CLEAR_PCT,2024,100.0,PC
dataflow,PSOLAN:DF_GREEN_SPACE(1.0),I,E01019967,NDVI_CLEAR_PCT,2024,100.0,PC
dataflow,PSOLAN:DF_GREEN_SPACE(1.0),I,E01019968,NDVI_CLEAR_PCT,2024,100.0,PC
dataflow,PSOLAN:DF_GREEN_SPACE(1.0),I,E01019969,NDVI_CLEAR_PCT,2024,100.0,PC
dataflow,PSOLAN:DF_GREEN_SPACE(1.0),I,E01019970,NDVI_CLEAR_PCT,2024,100.0,PC
dataflow,PSOLAN:DF_GREEN_SPACE(1.0),I,E01019971,NDVI_CLEAR_PCT,2024,100.0,PC
dataflow,PSOLAN:DF_GREEN_SPACE(1.0),I,E01019972,NDVI_CLEAR_PCT,2024,100.0,PC
dataflow,PSOLAN:DF_GREEN_SPACE(1.0),I,E01019973,NDVI_CLEAR_PCT,2024,100.0,PC
dataflow,PSOLAN:DF_GREEN_SPACE(1.0),I,E01019974,NDVI_CLEAR_PCT,2024,100.0,PC
dataflow,PSOLAN:DF_GREEN_SPACE(1.0),I,E01019975,NDVI_CLEAR_PCT,2024,100.0,PC
dataflow,PSOLAN:DF_GREEN_SPACE(1.0),I,E01019976,NDVI_CLEAR_PCT,2024,100.0,PC
dataflow,PSOLAN:DF_GREEN_SPACE(1.0),I,E01019977,NDVI_CLEAR_PCT,2024,100.0,PC
dataflow,PSOLAN:DF_GREEN_SPACE(1.0),I,E01019980,NDVI_CLEAR_PCT,2024,100.0,PC
dataflow,PSOLAN:DF_GREEN_SPACE(1.0),I,E01019981,NDVI_CLEAR_PCT,2024,100.0,PC
dataflow,PSOLAN:DF_GREEN_SPACE(1.0),I,E01019982,NDVI_CLEAR_PCT,2024,99.978,PC
dataflow,PSOLAN:DF_GREEN_SPACE(1.0),I,E01019983,NDVI_CLEAR_PCT,2024,100.0,PC
dataflow,PSOLAN:DF_GREEN_SPACE(1.0),I,E01019984,NDVI_CLEAR_PCT,2024,100.0,PC
dataflow,PSOLAN:DF_GREEN_SPACE(1.0),I,E01019985,NDVI_CLEAR_PCT,2024,100.0,PC
dataflow,PSOLAN:DF_GREEN_SPACE(1.0),I,E01019986,NDVI_CLEAR_PCT,2024,99.8626,PC
dataflow,PSOLAN:DF_GREEN_SPACE(1.0),I,E01019987,NDVI_CLEAR_PCT,2024,100.0,PC
dataflow,PSOLAN:DF_GREEN_SPACE(1.0),I,E01019988,NDVI_CLEAR_PCT,2024,100.0,PC
dataflow,PSOLAN:DF_GREEN_SPACE(1.0),I,E01019989,NDVI_CLEAR_PCT,2024,100.0,PC
dataflow,PSOLAN:DF_GREEN_SPACE(1.0),I,E01019990,NDVI_CLEAR_PCT,2024,100.0,PC
dataflow,PSOLAN:DF_GREEN_SPACE(1.0),I,E01019991,NDVI_CLEAR_PCT,2024,100.0,PC
dataflow,PSOLAN:DF_GREEN_SPACE(1.0),I,E01019992,NDVI_CLEAR_PCT,2024,100.0,PC
dataflow,PSOLAN:DF_GREEN_SPACE(1.0),I,E01019993,NDVI_CLEAR_PCT,2024,100.0,PC
dataflow,PSOLAN:DF_GREEN_SPACE(1.0),I,E01019994,NDVI_CLEAR_PCT,2024,100.0,PC
dataflow,PSOLAN:DF_GREEN_SPACE(1.0),I,E01019995,NDVI_CLEAR_PCT,2024,100.0,PC
dataflow,PSOLAN:DF_GREEN_SPACE(1.0),I,E01019996,NDVI_CLEAR_PCT,2024,100.0,PC
dataflow,PSOLAN:DF_GREEN_SPACE(1.0),I,E01019997,NDVI_CLEAR_PCT,2024,99.569,PC
dataflow,PSOLAN:DF_GREEN_SPACE(1.0),I,E01019998,NDVI_CLEAR_PCT,2024,100.0,PC
dataflow,PSOLAN:DF_GREEN_SPACE(1.0),I,E01019999,NDVI_CLEAR_PCT,2024,100.0,PC
dataflow,PSOLAN:DF_GREEN_SPACE(1.0),I,E01020000,NDVI_CLEAR_PCT,2024,100.0,PC
dataflow,PSOLAN:DF_GREEN_SPACE(1.0),I,E01020001,NDVI_CLEAR_PCT,2024,99.9862,PC
dataflow,PSOLAN:DF_GREEN_SPACE(1.0),I,E01020002,NDVI_CLEAR_PCT,2024,100.0,PC
dataflow,PSOLAN:DF_GREEN_SPACE(1.0),I,E01020003,NDVI_CLEAR_PCT,2024,100.0,PC
dataflow,PSOLAN:DF_GREEN_SPACE(1.0),I,E01020004,NDVI_CLEAR_PCT,2024,100.0,PC
dataflow,PSOLAN:DF_GREEN_SPACE(1.0),I,E01020005,NDVI_CLEAR_PCT,2024,100.0,PC
dataflow,PSOLAN:DF_GREEN_SPACE(1.0),I,E01020006,NDVI_CLEAR_PCT,2024,100.0,PC
dataflow,PSOLAN:DF_GREEN_SPACE(1.0),I,E01020007,NDVI_CLEAR_PCT,2024,92.1201,PC
dataflow,PSOLAN:DF_GREEN_SPACE(1.0),I,E01020008,NDVI_CLEAR_PCT,2024,100.0,PC
dataflow,PSOLAN:DF_GREEN_SPACE(1.0),I,E01020009,NDVI_CLEAR_PCT,2024,100.0,PC
dataflow,PSOLAN:DF_GREEN_SPACE(1.0),I,E01020010,NDVI_CLEAR_PCT,2024,100.0,PC
dataflow,PSOLAN:DF_GREEN_SPACE(1.0),I,E01020011,NDVI_CLEAR_PCT,2024,100.0,PC
dataflow,PSOLAN:DF_GREEN_SPACE(1.0),I,E01020012,NDVI_CLEAR_PCT,2024,100.0,PC
dataflow,PSOLAN:DF_GREEN_SPACE(1.0),I,E01020013,NDVI_CLEAR_PCT,2024,100.0,PC
dataflow,PSOLAN:DF_GREEN_SPACE(1.0),I,E01020014,NDVI_CLEAR_PCT,2024,100.0,PC
dataflow,PSOLAN:DF_GREEN_SPACE(1.0),I,E01020015,NDVI_CLEAR_PCT,2024,100.0,PC
dataflow,PSOLAN:DF_GREEN_SPACE(1.0),I,E01020017,NDVI_CLEAR_PCT,2024,99.5575,PC
dataflow,PSOLAN:DF_GREEN_SPACE(1.0),I,E01020018,NDVI_CLEAR_PCT,2024,95.9442,PC
dataflow,PSOLAN:DF_GREEN_SPACE(1.0),I,E01020019,NDVI_CLEAR_PCT,2024,100.0,PC
dataflow,PSOLAN:DF_GREEN_SPACE(1.0),I,E01020020,NDVI_CLEAR_PCT,2024,100.0,PC
dataflow,PSOLAN:DF_GREEN_SPACE(1.0),I,E01020021,NDVI_CLEAR_PCT,2024,100.0,PC
dataflow,PSOLAN:DF_GREEN_SPACE(1.0),I,E01020022,NDVI_CLEAR_PCT,2024,92.8899,PC
dataflow,PSOLAN:DF_GREEN_SPACE(1.0),I,E01020023,NDVI_CLEAR_PCT,2024,100.0,PC
dataflow,PSOLAN:DF_GREEN_SPACE(1.0),I,E01020024,NDVI_CLEAR_PCT,2024,100.0,PC
dataflow,PSOLAN:DF_GREEN_SPACE(1.0),I,E01020025,NDVI_CLEAR_PCT,2024,100.0,PC
dataflow,PSOLAN:DF_GREEN_SPACE(1.0),I,E01020026,NDVI_CLEAR_PCT,2024,100.0,PC
dataflow,PSOLAN:DF_GREEN_SPACE(1.0),I,E01020027,NDVI_CLEAR_PCT,2024,100.0,PC
dataflow,PSOLAN:DF_GREEN_SPACE(1.0),I,E01020029,NDVI_CLEAR_PCT,2024,100.0,PC
dataflow,PSOLAN:DF_GREEN_SPACE(1.0),I,E01020030,NDVI_CLEAR_PCT,2024,100.0,PC
dataflow,PSOLAN:DF_GREEN_SPACE(1.0),I,E01020031,NDVI_CLEAR_PCT,2024,100.0,PC
dataflow,PSOLAN:DF_GREEN_SPACE(1.0),I,E01020032,NDVI_CLEAR_PCT,2024,100.0,PC
dataflow,PSOLAN:DF_GREEN_SPACE(1.0),I,E01020036,NDVI_CLEAR_PCT,2024,100.0,PC
dataflow,PSOLAN:DF_GREEN_SPACE(1.0),I,E01020037,NDVI_CLEAR_PCT,2024,100.0,PC
dataflow,PSOLAN:DF_GREEN_SPACE(1.0),I,E01020038,NDVI_CLEAR_PCT,2024,100.0,PC
dataflow,PSOLAN:DF_GREEN_SPACE(1.0),I,E01020039,NDVI_CLEAR_PCT,2024,100.0,PC
dataflow,PSOLAN:DF_GREEN_SPACE(1.0),I,E01020040,NDVI_CLEAR_PCT,2024,100.0,PC
dataflow,PSOLAN:DF_GREEN_SPACE(1.0),I,E01020041,NDVI_CLEAR_PCT,2024,99.9832,PC
dataflow,PSOLAN:DF_GREEN_SPACE(1.0),I,E01020042,NDVI_CLEAR_PCT,2024,100.0,PC
dataflow,PSOLAN:DF_GREEN_SPACE(1.0),I,E01020043,NDVI_CLEAR_PCT,2024,100.0,PC
dataflow,PSOLAN:DF_GREEN_SPACE(1.0),I,E01020044,NDVI_CLEAR_PCT,2024,100.0,PC
dataflow,PSOLAN:DF_GREEN_SPACE(1.0),I,E01020045,NDVI_CLEAR_PCT,2024,99.9445,PC
dataflow,PSOLAN:DF_GREEN_SPACE(1.0),I,E01020046,NDVI_CLEAR_PCT,2024,99.9861,PC
dataflow,PSOLAN:DF_GREEN_SPACE(1.0),I,E01020047,NDVI_CLEAR_PCT,2024,100.0,PC
dataflow,PSOLAN:DF_GREEN_SPACE(1.0),I,E01020048,NDVI_CLEAR_PCT,2024,100.0,PC
dataflow,PSOLAN:DF_GREEN_SPACE(1.0),I,E01020049,NDVI_CLEAR_PCT,2024,100.0,PC
dataflow,PSOLAN:DF_GREEN_SPACE(1.0),I,E01020050,NDVI_CLEAR_PCT,2024,99.9991,PC
dataflow,PSOLAN:DF_GREEN_SPACE(1.0),I,E01020051,NDVI_CLEAR_PCT,2024,100.0,PC
dataflow,PSOLAN:DF_GREEN_SPACE(1.0),I,E01020052,NDVI_CLEAR_PCT,2024,100.0,PC
dataflow,PSOLAN:DF_GREEN_SPACE(1.0),I,E01020053,NDVI_CLEAR_PCT,2024,100.0,PC
dataflow,PSOLAN:DF_GREEN_SPACE(1.0),I,E01020054,NDVI_CLEAR_PCT,2024,100.0,PC
dataflow,PSOLAN:DF_GREEN_SPACE(1.0),I,E01020055,NDVI_CLEAR_PCT,2024,100.0,PC
dataflow,PSOLAN:DF_GREEN_SPACE(1.0),I,E01020056,NDVI_CLEAR_PCT,2024,99.9934,PC
dataflow,PSOLAN:DF_GREEN_SPACE(1.0),I,E01020057,NDVI_CLEAR_PCT,2024,100.0,PC
dataflow,PSOLAN:DF_GREEN_SPACE(1.0),I,E01020058,NDVI_CLEAR_PCT,2024,100.0,PC
dataflow,PSOLAN:DF_GREEN_SPACE(1.0),I,E01020059,NDVI_CLEAR_PCT,2024,100.0,PC
dataflow,PSOLAN:DF_GREEN_SPACE(1.0),I,E01020060,NDVI_CLEAR_PCT,2024,98.8542,PC
dataflow,PSOLAN:DF_GREEN_SPACE(1.0),I,E01020061,NDVI_CLEAR_PCT,2024,100.0,PC
dataflow,PSOLAN:DF_GREEN_SPACE(1.0),I,E01020062,NDVI_CLEAR_PCT,2024,100.0,PC
dataflow,PSOLAN:DF_GREEN_SPACE(1.0),I,E01020063,NDVI_CLEAR_PCT,2024,99.9244,PC
dataflow,PSOLAN:DF_GREEN_SPACE(1.0),I,E01020064,NDVI_CLEAR_PCT,2024,100.0,PC
dataflow,PSOLAN:DF_GREEN_SPACE(1.0),I,E01020065,NDVI_CLEAR_PCT,2024,99.9595,PC
dataflow,PSOLAN:DF_GREEN_SPACE(1.0),I,E01020067,NDVI_CLEAR_PCT,2024,100.0,PC
dataflow,PSOLAN:DF_GREEN_SPACE(1.0),I,E01020068,NDVI_CLEAR_PCT,2024,100.0,PC
dataflow,PSOLAN:DF_GREEN_SPACE(1.0),I,E01020069,NDVI_CLEAR_PCT,2024,100.0,PC
dataflow,PSOLAN:DF_GREEN_SPACE(1.0),I,E01020070,NDVI_CLEAR_PCT,2024,99.9769,PC
dataflow,PSOLAN:DF_GREEN_SPACE(1.0),I,E01020071,NDVI_CLEAR_PCT,2024,100.0,PC
dataflow,PSOLAN:DF_GREEN_SPACE(1.0),I,E01020072,NDVI_CLEAR_PCT,2024,95.7626,PC
dataflow,PSOLAN:DF_GREEN_SPACE(1.0),I,E01020073,NDVI_CLEAR_PCT,2024,96.801,PC
dataflow,PSOLAN:DF_GREEN_SPACE(1.0),I,E01020074,NDVI_CLEAR_PCT,2024,98.6896,PC
dataflow,PSOLAN:DF_GREEN_SPACE(1.0),I,E01020075,NDVI_CLEAR_PCT,2024,100.0,PC
dataflow,PSOLAN:DF_GREEN_SPACE(1.0),I,E01020076,NDVI_CLEAR_PCT,2024,98.6667,PC
dataflow,PSOLAN:DF_GREEN_SPACE(1.0),I,E01020077,NDVI_CLEAR_PCT,2024,100.0,PC
dataflow,PSOLAN:DF_GREEN_SPACE(1.0),I,E01020078,NDVI_CLEAR_PCT,2024,100.0,PC
dataflow,PSOLAN:DF_GREEN_SPACE(1.0),I,E01020079,NDVI_CLEAR_PCT,2024,100.0,PC
dataflow,PSOLAN:DF_GREEN_SPACE(1.0),I,E01020080,NDVI_CLEAR_PCT,2024,100.0,PC
dataflow,PSOLAN:DF_GREEN_SPACE(1.0),I,E01020081,NDVI_CLEAR_PCT,2024,100.0,PC
dataflow,PSOLAN:DF_GREEN_SPACE(1.0),I,E01020082,NDVI_CLEAR_PCT,2024,97.8598,PC
dataflow,PSOLAN:DF_GREEN_SPACE(1.0),I,E01020083,NDVI_CLEAR_PCT,2024,99.1325,PC
dataflow,PSOLAN:DF_GREEN_SPACE(1.0),I,E01020084,NDVI_CLEAR_PCT,2024,100.0,PC
dataflow,PSOLAN:DF_GREEN_SPACE(1.0),I,E01020085,NDVI_CLEAR_PCT,2024,100.0,PC
dataflow,PSOLAN:DF_GREEN_SPACE(1.0),I,E01020087,NDVI_CLEAR_PCT,2024,99.9953,PC
dataflow,PSOLAN:DF_GREEN_SPACE(1.0),I,E01020088,NDVI_CLEAR_PCT,2024,99.989,PC
dataflow,PSOLAN:DF_GREEN_SPACE(1.0),I,E01020089,NDVI_CLEAR_PCT,2024,100.0,PC
dataflow,PSOLAN:DF_GREEN_SPACE(1.0),I,E01020090,NDVI_CLEAR_PCT,2024,99.7142,PC
dataflow,PSOLAN:DF_GREEN_SPACE(1.0),I,E01020091,NDVI_CLEAR_PCT,2024,100.0,PC
dataflow,PSOLAN:DF_GREEN_SPACE(1.0),I,E01020092,NDVI_CLEAR_PCT,2024,100.0,PC
dataflow,PSOLAN:DF_GREEN_SPACE(1.0),I,E01020093,NDVI_CLEAR_PCT,2024,100.0,PC
dataflow,PSOLAN:DF_GREEN_SPACE(1.0),I,E01020094,NDVI_CLEAR_PCT,2024,100.0,PC
dataflow,PSOLAN:DF_GREEN_SPACE(1.0),I,E01020095,NDVI_CLEAR_PCT,2024,100.0,PC
dataflow,PSOLAN:DF_GREEN_SPACE(1.0),I,E01020096,NDVI_CLEAR_PCT,2024,100.0,PC
dataflow,PSOLAN:DF_GREEN_SPACE(1.0),I,E01020097,NDVI_CLEAR_PCT,2024,94.5756,PC
dataflow,PSOLAN:DF_GREEN_SPACE(1.0),I,E01020098,NDVI_CLEAR_PCT,2024,97.3908,PC
dataflow,PSOLAN:DF_GREEN_SPACE(1.0),I,E01020099,NDVI_CLEAR_PCT,2024,99.8428,PC
dataflow,PSOLAN:DF_GREEN_SPACE(1.0),I,E01020100,NDVI_CLEAR_PCT,2024,99.4037,PC
dataflow,PSOLAN:DF_GREEN_SPACE(1.0),I,E01020101,NDVI_CLEAR_PCT,2024,100.0,PC
dataflow,PSOLAN:DF_GREEN_SPACE(1.0),I,E01020102,NDVI_CLEAR_PCT,2024,100.0,PC
dataflow,PSOLAN:DF_GREEN_SPACE(1.0),I,E01020103,NDVI_CLEAR_PCT,2024,100.0,PC
dataflow,PSOLAN:DF_GREEN_SPACE(1.0),I,E01020104,NDVI_CLEAR_PCT,2024,100.0,PC
dataflow,PSOLAN:DF_GREEN_SPACE(1.0),I,E01020105,NDVI_CLEAR_PCT,2024,100.0,PC
dataflow,PSOLAN:DF_GREEN_SPACE(1.0),I,E01020106,NDVI_CLEAR_PCT,2024,100.0,PC
dataflow,PSOLAN:DF_GREEN_SPACE(1.0),I,E01020107,NDVI_CLEAR_PCT,2024,100.0,PC
dataflow,PSOLAN:DF_GREEN_SPACE(1.0),I,E01020108,NDVI_CLEAR_PCT,2024,99.8196,PC
dataflow,PSOLAN:DF_GREEN_SPACE(1.0),I,E01020109,NDVI_CLEAR_PCT,2024,99.8516,PC
dataflow,PSOLAN:DF_GREEN_SPACE(1.0),I,E01020110,NDVI_CLEAR_PCT,2024,100.0,PC
dataflow,PSOLAN:DF_GREEN_SPACE(1.0),I,E01020111,NDVI_CLEAR_PCT,2024,99.1573,PC
dataflow,PSOLAN:DF_GREEN_SPACE(1.0),I,E01020112,NDVI_CLEAR_PCT,2024,76.431,PC
dataflow,PSOLAN:DF_GREEN_SPACE(1.0),I,E01020113,NDVI_CLEAR_PCT,2024,93.0784,PC
dataflow,PSOLAN:DF_GREEN_SPACE(1.0),I,E01020114,NDVI_CLEAR_PCT,2024,97.1639,PC
dataflow,PSOLAN:DF_GREEN_SPACE(1.0),I,E01020115,NDVI_CLEAR_PCT,2024,99.4644,PC
dataflow,PSOLAN:DF_GREEN_SPACE(1.0),I,E01020116,NDVI_CLEAR_PCT,2024,99.8919,PC
dataflow,PSOLAN:DF_GREEN_SPACE(1.0),I,E01020117,NDVI_CLEAR_PCT,2024,99.3177,PC
dataflow,PSOLAN:DF_GREEN_SPACE(1.0),I,E01020118,NDVI_CLEAR_PCT,2024,100.0,PC
dataflow,PSOLAN:DF_GREEN_SPACE(1.0),I,E01020119,NDVI_CLEAR_PCT,2024,100.0,PC
dataflow,PSOLAN:DF_GREEN_SPACE(1.0),I,E01020120,NDVI_CLEAR_PCT,2024,100.0,PC
dataflow,PSOLAN:DF_GREEN_SPACE(1.0),I,E01020121,NDVI_CLEAR_PCT,2024,100.0,PC
dataflow,PSOLAN:DF_GREEN_SPACE(1.0),I,E01020122,NDVI_CLEAR_PCT,2024,100.0,PC
dataflow,PSOLAN:DF_GREEN_SPACE(1.0),I,E01020123,NDVI_CLEAR_PCT,2024,100.0,PC
dataflow,PSOLAN:DF_GREEN_SPACE(1.0),I,E01020124,NDVI_CLEAR_PCT,2024,100.0,PC
dataflow,PSOLAN:DF_GREEN_SPACE(1.0),I,E01020125,NDVI_CLEAR_PCT,2024,100.0,PC
dataflow,PSOLAN:DF_GREEN_SPACE(1.0),I,E01020126,NDVI_CLEAR_PCT,2024,99.5805,PC
dataflow,PSOLAN:DF_GREEN_SPACE(1.0),I,E01020127,NDVI_CLEAR_PCT,2024,100.0,PC
dataflow,PSOLAN:DF_GREEN_SPACE(1.0),I,E01020128,NDVI_CLEAR_PCT,2024,100.0,PC
dataflow,PSOLAN:DF_GREEN_SPACE(1.0),I,E01020129,NDVI_CLEAR_PCT,2024,100.0,PC
dataflow,PSOLAN:DF_GREEN_SPACE(1.0),I,E01020130,NDVI_CLEAR_PCT,2024,100.0,PC
dataflow,PSOLAN:DF_GREEN_SPACE(1.0),I,E01020131,NDVI_CLEAR_PCT,2024,92.1627,PC
dataflow,PSOLAN:DF_GREEN_SPACE(1.0),I,E01020132,NDVI_CLEAR_PCT,2024,100.0,PC
dataflow,PSOLAN:DF_GREEN_SPACE(1.0),I,E01020133,NDVI_CLEAR_PCT,2024,100.0,PC
dataflow,PSOLAN:DF_GREEN_SPACE(1.0),I,E01020134,NDVI_CLEAR_PCT,2024,100.0,PC
dataflow,PSOLAN:DF_GREEN_SPACE(1.0),I,E01020135,NDVI_CLEAR_PCT,2024,100.0,PC
dataflow,PSOLAN:DF_GREEN_SPACE(1.0),I,E01020136,NDVI_CLEAR_PCT,2024,99.9974,PC
dataflow,PSOLAN:DF_GREEN_SPACE(1.0),I,E01020137,NDVI_CLEAR_PCT,2024,100.0,PC
dataflow,PSOLAN:DF_GREEN_SPACE(1.0),I,E01020138,NDVI_CLEAR_PCT,2024,100.0,PC
dataflow,PSOLAN:DF_GREEN_SPACE(1.0),I,E01020139,NDVI_CLEAR_PCT,2024,100.0,PC
dataflow,PSOLAN:DF_GREEN_SPACE(1.0),I,E01020140,NDVI_CLEAR_PCT,2024,100.0,PC
dataflow,PSOLAN:DF_GREEN_SPACE(1.0),I,E01020141,NDVI_CLEAR_PCT,2024,100.0,PC
dataflow,PSOLAN:DF_GREEN_SPACE(1.0),I,E01020142,NDVI_CLEAR_PCT,2024,99.7367,PC
dataflow,PSOLAN:DF_GREEN_SPACE(1.0),I,E01020143,NDVI_CLEAR_PCT,2024,98.3272,PC
dataflow,PSOLAN:DF_GREEN_SPACE(1.0),I,E01020144,NDVI_CLEAR_PCT,2024,100.0,PC
dataflow,PSOLAN:DF_GREEN_SPACE(1.0),I,E01020145,NDVI_CLEAR_PCT,2024,93.4931,PC
dataflow,PSOLAN:DF_GREEN_SPACE(1.0),I,E01020146,NDVI_CLEAR_PCT,2024,100.0,PC
dataflow,PSOLAN:DF_GREEN_SPACE(1.0),I,E01020147,NDVI_CLEAR_PCT,2024,99.9316,PC
dataflow,PSOLAN:DF_GREEN_SPACE(1.0),I,E01020148,NDVI_CLEAR_PCT,2024,98.458,PC
dataflow,PSOLAN:DF_GREEN_SPACE(1.0),I,E01020149,NDVI_CLEAR_PCT,2024,99.9401,PC
dataflow,PSOLAN:DF_GREEN_SPACE(1.0),I,E01020150,NDVI_CLEAR_PCT,2024,94.6539,PC
dataflow,PSOLAN:DF_GREEN_SPACE(1.0),I,E01020151,NDVI_CLEAR_PCT,2024,100.0,PC
dataflow,PSOLAN:DF_GREEN_SPACE(1.0),I,E01020152,NDVI_CLEAR_PCT,2024,97.4038,PC
dataflow,PSOLAN:DF_GREEN_SPACE(1.0),I,E01020153,NDVI_CLEAR_PCT,2024,99.6048,PC
dataflow,PSOLAN:DF_GREEN_SPACE(1.0),I,E01020154,NDVI_CLEAR_PCT,2024,99.936,PC
dataflow,PSOLAN:DF_GREEN_SPACE(1.0),I,E01020155,NDVI_CLEAR_PCT,2024,100.0,PC
dataflow,PSOLAN:DF_GREEN_SPACE(1.0),I,E01020156,NDVI_CLEAR_PCT,2024,99.6664,PC
dataflow,PSOLAN:DF_GREEN_SPACE(1.0),I,E01020157,NDVI_CLEAR_PCT,2024,96.1915,PC
dataflow,PSOLAN:DF_GREEN_SPACE(1.0),I,E01020158,NDVI_CLEAR_PCT,2024,99.9815,PC
dataflow,PSOLAN:DF_GREEN_SPACE(1.0),I,E01020159,NDVI_CLEAR_PCT,2024,99.9886,PC
dataflow,PSOLAN:DF_GREEN_SPACE(1.0),I,E01020160,NDVI_CLEAR_PCT,2024,98.1435,PC
dataflow,PSOLAN:DF_GREEN_SPACE(1.0),I,E01020161,NDVI_CLEAR_PCT,2024,100.0,PC
dataflow,PSOLAN:DF_GREEN_SPACE(1.0),I,E01020162,NDVI_CLEAR_PCT,2024,100.0,PC
dataflow,PSOLAN:DF_GREEN_SPACE(1.0),I,E01020163,NDVI_CLEAR_PCT,2024,100.0,PC
dataflow,PSOLAN:DF_GREEN_SPACE(1.0),I,E01020164,NDVI_CLEAR_PCT,2024,100.0,PC
dataflow,PSOLAN:DF_GREEN_SPACE(1.0),I,E01020165,NDVI_CLEAR_PCT,2024,100.0,PC
dataflow,PSOLAN:DF_GREEN_SPACE(1.0),I,E01020166,NDVI_CLEAR_PCT,2024,100.0,PC
dataflow,PSOLAN:DF_GREEN_SPACE(1.0),I,E01020167,NDVI_CLEAR_PCT,2024,100.0,PC
dataflow,PSOLAN:DF_GREEN_SPACE(1.0),I,E01020168,NDVI_CLEAR_PCT,2024,100.0,PC
dataflow,PSOLAN:DF_GREEN_SPACE(1.0),I,E01020169,NDVI_CLEAR_PCT,2024,99.5791,PC
dataflow,PSOLAN:DF_GREEN_SPACE(1.0),I,E01020170,NDVI_CLEAR_PCT,2024,99.9953,PC
dataflow,PSOLAN:DF_GREEN_SPACE(1.0),I,E01020171,NDVI_CLEAR_PCT,2024,99.9298,PC
dataflow,PSOLAN:DF_GREEN_SPACE(1.0),I,E01020172,NDVI_CLEAR_PCT,2024,99.8829,PC
dataflow,PSOLAN:DF_GREEN_SPACE(1.0),I,E01020173,NDVI_CLEAR_PCT,2024,99.8727,PC
dataflow,PSOLAN:DF_GREEN_SPACE(1.0),I,E01020174,NDVI_CLEAR_PCT,2024,99.9825,PC
dataflow,PSOLAN:DF_GREEN_SPACE(1.0),I,E01020175,NDVI_CLEAR_PCT,2024,99.9682,PC
dataflow,PSOLAN:DF_GREEN_SPACE(1.0),I,E01020176,NDVI_CLEAR_PCT,2024,96.0037,PC
dataflow,PSOLAN:DF_GREEN_SPACE(1.0),I,E01020177,NDVI_CLEAR_PCT,2024,100.0,PC
dataflow,PSOLAN:DF_GREEN_SPACE(1.0),I,E01020178,NDVI_CLEAR_PCT,2024,99.3369,PC
dataflow,PSOLAN:DF_GREEN_SPACE(1.0),I,E01020179,NDVI_CLEAR_PCT,2024,99.9796,PC
dataflow,PSOLAN:DF_GREEN_SPACE(1.0),I,E01020180,NDVI_CLEAR_PCT,2024,100.0,PC
dataflow,PSOLAN:DF_GREEN_SPACE(1.0),I,E01020181,NDVI_CLEAR_PCT,2024,100.0,PC
dataflow,PSOLAN:DF_GREEN_SPACE(1.0),I,E01020182,NDVI_CLEAR_PCT,2024,100.0,PC
dataflow,PSOLAN:DF_GREEN_SPACE(1.0),I,E01020183,NDVI_CLEAR_PCT,2024,99.8815,PC
dataflow,PSOLAN:DF_GREEN_SPACE(1.0),I,E01020184,NDVI_CLEAR_PCT,2024,99.9251,PC
dataflow,PSOLAN:DF_GREEN_SPACE(1.0),I,E01020185,NDVI_CLEAR_PCT,2024,99.9874,PC
dataflow,PSOLAN:DF_GREEN_SPACE(1.0),I,E01020186,NDVI_CLEAR_PCT,2024,99.7258,PC
dataflow,PSOLAN:DF_GREEN_SPACE(1.0),I,E01020187,NDVI_CLEAR_PCT,2024,99.9824,PC
dataflow,PSOLAN:DF_GREEN_SPACE(1.0),I,E01020188,NDVI_CLEAR_PCT,2024,99.8883,PC
dataflow,PSOLAN:DF_GREEN_SPACE(1.0),I,E01020189,NDVI_CLEAR_PCT,2024,99.9927,PC
dataflow,PSOLAN:DF_GREEN_SPACE(1.0),I,E01020190,NDVI_CLEAR_PCT,2024,99.8887,PC
dataflow,PSOLAN:DF_GREEN_SPACE(1.0),I,E01020191,NDVI_CLEAR_PCT,2024,100.0,PC
dataflow,PSOLAN:DF_GREEN_SPACE(1.0),I,E01020192,NDVI_CLEAR_PCT,2024,100.0,PC
dataflow,PSOLAN:DF_GREEN_SPACE(1.0),I,E01020193,NDVI_CLEAR_PCT,2024,100.0,PC
dataflow,PSOLAN:DF_GREEN_SPACE(1.0),I,E01020194,NDVI_CLEAR_PCT,2024,100.0,PC
dataflow,PSOLAN:DF_GREEN_SPACE(1.0),I,E01020195,NDVI_CLEAR_PCT,2024,99.8222,PC
dataflow,PSOLAN:DF_GREEN_SPACE(1.0),I,E01020196,NDVI_CLEAR_PCT,2024,100.0,PC
dataflow,PSOLAN:DF_GREEN_SPACE(1.0),I,E01020197,NDVI_CLEAR_PCT,2024,99.998,PC
dataflow,PSOLAN:DF_GREEN_SPACE(1.0),I,E01020198,NDVI_CLEAR_PCT,2024,99.9133,PC
dataflow,PSOLAN:DF_GREEN_SPACE(1.0),I,E01020199,NDVI_CLEAR_PCT,2024,99.4249,PC
dataflow,PSOLAN:DF_GREEN_SPACE(1.0),I,E01020200,NDVI_CLEAR_PCT,2024,100.0,PC
dataflow,PSOLAN:DF_GREEN_SPACE(1.0),I,E01020201,NDVI_CLEAR_PCT,2024,100.0,PC
dataflow,PSOLAN:DF_GREEN_SPACE(1.0),I,E01020202,NDVI_CLEAR_PCT,2024,100.0,PC
dataflow,PSOLAN:DF_GREEN_SPACE(1.0),I,E01020203,NDVI_CLEAR_PCT,2024,100.0,PC
dataflow,PSOLAN:DF_GREEN_SPACE(1.0),I,E01020204,NDVI_CLEAR_PCT,2024,100.0,PC
dataflow,PSOLAN:DF_GREEN_SPACE(1.0),I,E01020205,NDVI_CLEAR_PCT,2024,98.4755,PC
dataflow,PSOLAN:DF_GREEN_SPACE(1.0),I,E01020206,NDVI_CLEAR_PCT,2024,100.0,PC
dataflow,PSOLAN:DF_GREEN_SPACE(1.0),I,E01020208,NDVI_CLEAR_PCT,2024,100.0,PC
dataflow,PSOLAN:DF_GREEN_SPACE(1.0),I,E01020209,NDVI_CLEAR_PCT,2024,100.0,PC
dataflow,PSOLAN:DF_GREEN_SPACE(1.0),I,E01020210,NDVI_CLEAR_PCT,2024,100.0,PC
dataflow,PSOLAN:DF_GREEN_SPACE(1.0),I,E01020211,NDVI_CLEAR_PCT,2024,99.791,PC
dataflow,PSOLAN:DF_GREEN_SPACE(1.0),I,E01020212,NDVI_CLEAR_PCT,2024,100.0,PC
dataflow,PSOLAN:DF_GREEN_SPACE(1.0),I,E01020213,NDVI_CLEAR_PCT,2024,100.0,PC
dataflow,PSOLAN:DF_GREEN_SPACE(1.0),I,E01020214,NDVI_CLEAR_PCT,2024,100.0,PC
dataflow,PSOLAN:DF_GREEN_SPACE(1.0),I,E01020215,NDVI_CLEAR_PCT,2024,100.0,PC
dataflow,PSOLAN:DF_GREEN_SPACE(1.0),I,E01020216,NDVI_CLEAR_PCT,2024,100.0,PC
dataflow,PSOLAN:DF_GREEN_SPACE(1.0),I,E01020217,NDVI_CLEAR_PCT,2024,99.6795,PC
dataflow,PSOLAN:DF_GREEN_SPACE(1.0),I,E01020218,NDVI_CLEAR_PCT,2024,99.8285,PC
dataflow,PSOLAN:DF_GREEN_SPACE(1.0),I,E01020219,NDVI_CLEAR_PCT,2024,99.8822,PC
dataflow,PSOLAN:DF_GREEN_SPACE(1.0),I,E01020220,NDVI_CLEAR_PCT,2024,100.0,PC
dataflow,PSOLAN:DF_GREEN_SPACE(1.0),I,E01020221,NDVI_CLEAR_PCT,2024,99.9597,PC
dataflow,PSOLAN:DF_GREEN_SPACE(1.0),I,E01020222,NDVI_CLEAR_PCT,2024,100.0,PC
dataflow,PSOLAN:DF_GREEN_SPACE(1.0),I,E01020223,NDVI_CLEAR_PCT,2024,99.8698,PC
dataflow,PSOLAN:DF_GREEN_SPACE(1.0),I,E01020224,NDVI_CLEAR_PCT,2024,67.1171,PC
dataflow,PSOLAN:DF_GREEN_SPACE(1.0),I,E01020225,NDVI_CLEAR_PCT,2024,94.9109,PC
dataflow,PSOLAN:DF_GREEN_SPACE(1.0),I,E01020226,NDVI_CLEAR_PCT,2024,98.6797,PC
dataflow,PSOLAN:DF_GREEN_SPACE(1.0),I,E01020227,NDVI_CLEAR_PCT,2024,100.0,PC
dataflow,PSOLAN:DF_GREEN_SPACE(1.0),I,E01020228,NDVI_CLEAR_PCT,2024,100.0,PC
dataflow,PSOLAN:DF_GREEN_SPACE(1.0),I,E01020230,NDVI_CLEAR_PCT,2024,100.0,PC
dataflow,PSOLAN:DF_GREEN_SPACE(1.0),I,E01020231,NDVI_CLEAR_PCT,2024,100.0,PC
dataflow,PSOLAN:DF_GREEN_SPACE(1.0),I,E01020232,NDVI_CLEAR_PCT,2024,100.0,PC
dataflow,PSOLAN:DF_GREEN_SPACE(1.0),I,E01020233,NDVI_CLEAR_PCT,2024,100.0,PC
dataflow,PSOLAN:DF_GREEN_SPACE(1.0),I,E01020234,NDVI_CLEAR_PCT,2024,100.0,PC
dataflow,PSOLAN:DF_GREEN_SPACE(1.0),I,E01020235,NDVI_CLEAR_PCT,2024,100.0,PC
dataflow,PSOLAN:DF_GREEN_SPACE(1.0),I,E01020236,NDVI_CLEAR_PCT,2024,100.0,PC
dataflow,PSOLAN:DF_GREEN_SPACE(1.0),I,E01020237,NDVI_CLEAR_PCT,2024,100.0,PC
dataflow,PSOLAN:DF_GREEN_SPACE(1.0),I,E01020238,NDVI_CLEAR_PCT,2024,100.0,PC
dataflow,PSOLAN:DF_GREEN_SPACE(1.0),I,E01020239,NDVI_CLEAR_PCT,2024,99.9929,PC
dataflow,PSOLAN:DF_GREEN_SPACE(1.0),I,E01020240,NDVI_CLEAR_PCT,2024,100.0,PC
dataflow,PSOLAN:DF_GREEN_SPACE(1.0),I,E01020241,NDVI_CLEAR_PCT,2024,96.2461,PC
dataflow,PSOLAN:DF_GREEN_SPACE(1.0),I,E01020242,NDVI_CLEAR_PCT,2024,99.9878,PC
dataflow,PSOLAN:DF_GREEN_SPACE(1.0),I,E01020243,NDVI_CLEAR_PCT,2024,100.0,PC
dataflow,PSOLAN:DF_GREEN_SPACE(1.0),I,E01020244,NDVI_CLEAR_PCT,2024,100.0,PC
dataflow,PSOLAN:DF_GREEN_SPACE(1.0),I,E01020245,NDVI_CLEAR_PCT,2024,100.0,PC
dataflow,PSOLAN:DF_GREEN_SPACE(1.0),I,E01020246,NDVI_CLEAR_PCT,2024,99.8742,PC
dataflow,PSOLAN:DF_GREEN_SPACE(1.0),I,E01020247,NDVI_CLEAR_PCT,2024,100.0,PC
dataflow,PSOLAN:DF_GREEN_SPACE(1.0),I,E01020248,NDVI_CLEAR_PCT,2024,100.0,PC
dataflow,PSOLAN:DF_GREEN_SPACE(1.0),I,E01020249,NDVI_CLEAR_PCT,2024,100.0,PC
dataflow,PSOLAN:DF_GREEN_SPACE(1.0),I,E01020250,NDVI_CLEAR_PCT,2024,100.0,PC
dataflow,PSOLAN:DF_GREEN_SPACE(1.0),I,E01020251,NDVI_CLEAR_PCT,2024,100.0,PC
dataflow,PSOLAN:DF_GREEN_SPACE(1.0),I,E01020252,NDVI_CLEAR_PCT,2024,99.8205,PC
dataflow,PSOLAN:DF_GREEN_SPACE(1.0),I,E01020253,NDVI_CLEAR_PCT,2024,100.0,PC
dataflow,PSOLAN:DF_GREEN_SPACE(1.0),I,E01020254,NDVI_CLEAR_PCT,2024,100.0,PC
dataflow,PSOLAN:DF_GREEN_SPACE(1.0),I,E01020255,NDVI_CLEAR_PCT,2024,99.695,PC
dataflow,PSOLAN:DF_GREEN_SPACE(1.0),I,E01020256,NDVI_CLEAR_PCT,2024,99.8914,PC
dataflow,PSOLAN:DF_GREEN_SPACE(1.0),I,E01020257,NDVI_CLEAR_PCT,2024,100.0,PC
dataflow,PSOLAN:DF_GREEN_SPACE(1.0),I,E01020258,NDVI_CLEAR_PCT,2024,100.0,PC
dataflow,PSOLAN:DF_GREEN_SPACE(1.0),I,E01020259,NDVI_CLEAR_PCT,2024,98.7978,PC
dataflow,PSOLAN:DF_GREEN_SPACE(1.0),I,E01020260,NDVI_CLEAR_PCT,2024,99.836,PC
dataflow,PSOLAN:DF_GREEN_SPACE(1.0),I,E01020261,NDVI_CLEAR_PCT,2024,100.0,PC
dataflow,PSOLAN:DF_GREEN_SPACE(1.0),I,E01020262,NDVI_CLEAR_PCT,2024,100.0,PC
dataflow,PSOLAN:DF_GREEN_SPACE(1.0),I,E01020263,NDVI_CLEAR_PCT,2024,94.6697,PC
dataflow,PSOLAN:DF_GREEN_SPACE(1.0),I,E01020264,NDVI_CLEAR_PCT,2024,100.0,PC
dataflow,PSOLAN:DF_GREEN_SPACE(1.0),I,E01020265,NDVI_CLEAR_PCT,2024,100.0,PC
dataflow,PSOLAN:DF_GREEN_SPACE(1.0),I,E01020266,NDVI_CLEAR_PCT,2024,100.0,PC
dataflow,PSOLAN:DF_GREEN_SPACE(1.0),I,E01020267,NDVI_CLEAR_PCT,2024,100.0,PC
dataflow,PSOLAN:DF_GREEN_SPACE(1.0),I,E01020268,NDVI_CLEAR_PCT,2024,100.0,PC
dataflow,PSOLAN:DF_GREEN_SPACE(1.0),I,E01020269,NDVI_CLEAR_PCT,2024,100.0,PC
dataflow,PSOLAN:DF_GREEN_SPACE(1.0),I,E01020270,NDVI_CLEAR_PCT,2024,100.0,PC
dataflow,PSOLAN:DF_GREEN_SPACE(1.0),I,E01020271,NDVI_CLEAR_PCT,2024,100.0,PC
dataflow,PSOLAN:DF_GREEN_SPACE(1.0),I,E01020272,NDVI_CLEAR_PCT,2024,100.0,PC
dataflow,PSOLAN:DF_GREEN_SPACE(1.0),I,E01020273,NDVI_CLEAR_PCT,2024,99.9981,PC
dataflow,PSOLAN:DF_GREEN_SPACE(1.0),I,E01020274,NDVI_CLEAR_PCT,2024,95.8452,PC
dataflow,PSOLAN:DF_GREEN_SPACE(1.0),I,E01020275,NDVI_CLEAR_PCT,2024,98.8249,PC
dataflow,PSOLAN:DF_GREEN_SPACE(1.0),I,E01020276,NDVI_CLEAR_PCT,2024,99.9601,PC
dataflow,PSOLAN:DF_GREEN_SPACE(1.0),I,E01020277,NDVI_CLEAR_PCT,2024,100.0,PC
dataflow,PSOLAN:DF_GREEN_SPACE(1.0),I,E01020278,NDVI_CLEAR_PCT,2024,99.9774,PC
dataflow,PSOLAN:DF_GREEN_SPACE(1.0),I,E01020279,NDVI_CLEAR_PCT,2024,99.7618,PC
dataflow,PSOLAN:DF_GREEN_SPACE(1.0),I,E01020280,NDVI_CLEAR_PCT,2024,99.8695,PC
dataflow,PSOLAN:DF_GREEN_SPACE(1.0),I,E01020281,NDVI_CLEAR_PCT,2024,100.0,PC
dataflow,PSOLAN:DF_GREEN_SPACE(1.0),I,E01020282,NDVI_CLEAR_PCT,2024,100.0,PC
dataflow,PSOLAN:DF_GREEN_SPACE(1.0),I,E01020283,NDVI_CLEAR_PCT,2024,100.0,PC
dataflow,PSOLAN:DF_GREEN_SPACE(1.0),I,E01020284,NDVI_CLEAR_PCT,2024,100.0,PC
dataflow,PSOLAN:DF_GREEN_SPACE(1.0),I,E01020285,NDVI_CLEAR_PCT,2024,98.5203,PC
dataflow,PSOLAN:DF_GREEN_SPACE(1.0),I,E01020286,NDVI_CLEAR_PCT,2024,99.993,PC
dataflow,PSOLAN:DF_GREEN_SPACE(1.0),I,E01020287,NDVI_CLEAR_PCT,2024,98.4417,PC
dataflow,PSOLAN:DF_GREEN_SPACE(1.0),I,E01020288,NDVI_CLEAR_PCT,2024,99.1268,PC
dataflow,PSOLAN:DF_GREEN_SPACE(1.0),I,E01020289,NDVI_CLEAR_PCT,2024,99.7012,PC
dataflow,PSOLAN:DF_GREEN_SPACE(1.0),I,E01020290,NDVI_CLEAR_PCT,2024,97.9264,PC
dataflow,PSOLAN:DF_GREEN_SPACE(1.0),I,E01020291,NDVI_CLEAR_PCT,2024,99.6604,PC
dataflow,PSOLAN:DF_GREEN_SPACE(1.0),I,E01020292,NDVI_CLEAR_PCT,2024,99.267,PC
dataflow,PSOLAN:DF_GREEN_SPACE(1.0),I,E01020293,NDVI_CLEAR_PCT,2024,100.0,PC
dataflow,PSOLAN:DF_GREEN_SPACE(1.0),I,E01020294,NDVI_CLEAR_PCT,2024,100.0,PC
dataflow,PSOLAN:DF_GREEN_SPACE(1.0),I,E01020295,NDVI_CLEAR_PCT,2024,99.7811,PC
dataflow,PSOLAN:DF_GREEN_SPACE(1.0),I,E01020296,NDVI_CLEAR_PCT,2024,99.994,PC
dataflow,PSOLAN:DF_GREEN_SPACE(1.0),I,E01020297,NDVI_CLEAR_PCT,2024,99.8521,PC
dataflow,PSOLAN:DF_GREEN_SPACE(1.0),I,E01020298,NDVI_CLEAR_PCT,2024,100.0,PC
dataflow,PSOLAN:DF_GREEN_SPACE(1.0),I,E01020299,NDVI_CLEAR_PCT,2024,99.8286,PC
dataflow,PSOLAN:DF_GREEN_SPACE(1.0),I,E01020300,NDVI_CLEAR_PCT,2024,100.0,PC
dataflow,PSOLAN:DF_GREEN_SPACE(1.0),I,E01020301,NDVI_CLEAR_PCT,2024,100.0,PC
dataflow,PSOLAN:DF_GREEN_SPACE(1.0),I,E01020302,NDVI_CLEAR_PCT,2024,99.936,PC
dataflow,PSOLAN:DF_GREEN_SPACE(1.0),I,E01020303,NDVI_CLEAR_PCT,2024,95.6899,PC
dataflow,PSOLAN:DF_GREEN_SPACE(1.0),I,E01020304,NDVI_CLEAR_PCT,2024,100.0,PC
dataflow,PSOLAN:DF_GREEN_SPACE(1.0),I,E01020305,NDVI_CLEAR_PCT,2024,100.0,PC
dataflow,PSOLAN:DF_GREEN_SPACE(1.0),I,E01020306,NDVI_CLEAR_PCT,2024,100.0,PC
dataflow,PSOLAN:DF_GREEN_SPACE(1.0),I,E01020307,NDVI_CLEAR_PCT,2024,100.0,PC
dataflow,PSOLAN:DF_GREEN_SPACE(1.0),I,E01020308,NDVI_CLEAR_PCT,2024,98.2979,PC
dataflow,PSOLAN:DF_GREEN_SPACE(1.0),I,E01020309,NDVI_CLEAR_PCT,2024,100.0,PC
dataflow,PSOLAN:DF_GREEN_SPACE(1.0),I,E01020311,NDVI_CLEAR_PCT,2024,91.301,PC
dataflow,PSOLAN:DF_GREEN_SPACE(1.0),I,E01020312,NDVI_CLEAR_PCT,2024,99.7217,PC
dataflow,PSOLAN:DF_GREEN_SPACE(1.0),I,E01020313,NDVI_CLEAR_PCT,2024,100.0,PC
dataflow,PSOLAN:DF_GREEN_SPACE(1.0),I,E01020314,NDVI_CLEAR_PCT,2024,99.9992,PC
dataflow,PSOLAN:DF_GREEN_SPACE(1.0),I,E01020315,NDVI_CLEAR_PCT,2024,75.7445,PC
dataflow,PSOLAN:DF_GREEN_SPACE(1.0),I,E01020316,NDVI_CLEAR_PCT,2024,88.0432,PC
dataflow,PSOLAN:DF_GREEN_SPACE(1.0),I,E01020317,NDVI_CLEAR_PCT,2024,90.9305,PC
dataflow,PSOLAN:DF_GREEN_SPACE(1.0),I,E01020318,NDVI_CLEAR_PCT,2024,98.4034,PC
dataflow,PSOLAN:DF_GREEN_SPACE(1.0),I,E01020319,NDVI_CLEAR_PCT,2024,96.4192,PC
dataflow,PSOLAN:DF_GREEN_SPACE(1.0),I,E01020320,NDVI_CLEAR_PCT,2024,96.7617,PC
dataflow,PSOLAN:DF_GREEN_SPACE(1.0),I,E01020321,NDVI_CLEAR_PCT,2024,97.7555,PC
dataflow,PSOLAN:DF_GREEN_SPACE(1.0),I,E01020323,NDVI_CLEAR_PCT,2024,98.7598,PC
dataflow,PSOLAN:DF_GREEN_SPACE(1.0),I,E01020324,NDVI_CLEAR_PCT,2024,98.8462,PC
dataflow,PSOLAN:DF_GREEN_SPACE(1.0),I,E01020325,NDVI_CLEAR_PCT,2024,99.9994,PC
dataflow,PSOLAN:DF_GREEN_SPACE(1.0),I,E01020326,NDVI_CLEAR_PCT,2024,84.3414,PC
dataflow,PSOLAN:DF_GREEN_SPACE(1.0),I,E01020327,NDVI_CLEAR_PCT,2024,100.0,PC
dataflow,PSOLAN:DF_GREEN_SPACE(1.0),I,E01020328,NDVI_CLEAR_PCT,2024,99.4489,PC
dataflow,PSOLAN:DF_GREEN_SPACE(1.0),I,E01020329,NDVI_CLEAR_PCT,2024,99.5199,PC
dataflow,PSOLAN:DF_GREEN_SPACE(1.0),I,E01020330,NDVI_CLEAR_PCT,2024,98.5101,PC
dataflow,PSOLAN:DF_GREEN_SPACE(1.0),I,E01020331,NDVI_CLEAR_PCT,2024,94.5029,PC
dataflow,PSOLAN:DF_GREEN_SPACE(1.0),I,E01020332,NDVI_CLEAR_PCT,2024,99.5637,PC
dataflow,PSOLAN:DF_GREEN_SPACE(1.0),I,E01020333,NDVI_CLEAR_PCT,2024,99.9875,PC
dataflow,PSOLAN:DF_GREEN_SPACE(1.0),I,E01020334,NDVI_CLEAR_PCT,2024,100.0,PC
dataflow,PSOLAN:DF_GREEN_SPACE(1.0),I,E01020335,NDVI_CLEAR_PCT,2024,100.0,PC
dataflow,PSOLAN:DF_GREEN_SPACE(1.0),I,E01020336,NDVI_CLEAR_PCT,2024,100.0,PC
dataflow,PSOLAN:DF_GREEN_SPACE(1.0),I,E01020337,NDVI_CLEAR_PCT,2024,99.9023,PC
dataflow,PSOLAN:DF_GREEN_SPACE(1.0),I,E01020338,NDVI_CLEAR_PCT,2024,100.0,PC
dataflow,PSOLAN:DF_GREEN_SPACE(1.0),I,E01020339,NDVI_CLEAR_PCT,2024,95.7302,PC
dataflow,PSOLAN:DF_GREEN_SPACE(1.0),I,E01020340,NDVI_CLEAR_PCT,2024,100.0,PC
dataflow,PSOLAN:DF_GREEN_SPACE(1.0),I,E01020341,NDVI_CLEAR_PCT,2024,69.9719,PC
dataflow,PSOLAN:DF_GREEN_SPACE(1.0),I,E01020342,NDVI_CLEAR_PCT,2024,48.0528,PC
dataflow,PSOLAN:DF_GREEN_SPACE(1.0),I,E01032628,NDVI_CLEAR_PCT,2024,100.0,PC
dataflow,PSOLAN:DF_GREEN_SPACE(1.0),I,E01032657,NDVI_CLEAR_PCT,2024,100.0,PC
dataflow,PSOLAN:DF_GREEN_SPACE(1.0),I,E01032658,NDVI_CLEAR_PCT,2024,100.0,PC
dataflow,PSOLAN:DF_GREEN_SPACE(1.0),I,E01033232,NDVI_CLEAR_PCT,2024,100.0,PC
dataflow,PSOLAN:DF_GREEN_SPACE(1.0),I,E01033234,NDVI_CLEAR_PCT,2024,100.0,PC
dataflow,PSOLAN:DF_GREEN_SPACE(1.0),I,E01033235,NDVI_CLEAR_PCT,2024,100.0,PC
dataflow,PSOLAN:DF_GREEN_SPACE(1.0),I,E01033236,NDVI_CLEAR_PCT,2024,100.0,PC
dataflow,PSOLAN:DF_GREEN_SPACE(1.0),I,E01034157,NDVI_CLEAR_PCT,2024,99.5638,PC
dataflow,PSOLAN:DF_GREEN_SPACE(1.0),I,E01034158,NDVI_CLEAR_PCT,2024,100.0,PC
dataflow,PSOLAN:DF_GREEN_SPACE(1.0),I,E01034159,NDVI_CLEAR_PCT,2024,99.232,PC
dataflow,PSOLAN:DF_GREEN_SPACE(1.0),I,E01034160,NDVI_CLEAR_PCT,2024,92.8899,PC
dataflow,PSOLAN:DF_GREEN_SPACE(1.0),I,E01034161,NDVI_CLEAR_PCT,2024,98.4429,PC
dataflow,PSOLAN:DF_GREEN_SPACE(1.0),I,E01034162,NDVI_CLEAR_PCT,2024,98.5167,PC
dataflow,PSOLAN:DF_GREEN_SPACE(1.0),I,E01034165,NDVI_CLEAR_PCT,2024,100.0,PC
dataflow,PSOLAN:DF_GREEN_SPACE(1.0),I,E01034166,NDVI_CLEAR_PCT,2024,99.9105,PC
dataflow,PSOLAN:DF_GREEN_SPACE(1.0),I,E01034167,NDVI_CLEAR_PCT,2024,100.0,PC
dataflow,PSOLAN:DF_GREEN_SPACE(1.0),I,E01034168,NDVI_CLEAR_PCT,2024,100.0,PC
dataflow,PSOLAN:DF_GREEN_SPACE(1.0),I,E01034169,NDVI_CLEAR_PCT,2024,100.0,PC
dataflow,PSOLAN:DF_GREEN_SPACE(1.0),I,E01034170,NDVI_CLEAR_PCT,2024,100.0,PC
dataflow,PSOLAN:DF_GREEN_SPACE(1.0),I,E01034171,NDVI_CLEAR_PCT,2024,100.0,PC
dataflow,PSOLAN:DF_GREEN_SPACE(1.0),I,E01034172,NDVI_CLEAR_PCT,2024,99.9193,PC
dataflow,PSOLAN:DF_GREEN_SPACE(1.0),I,E01034618,NDVI_CLEAR_PCT,2024,100.0,PC
dataflow,PSOLAN:DF_GREEN_SPACE(1.0),I,E01034619,NDVI_CLEAR_PCT,2024,100.0,PC
dataflow,PSOLAN:DF_GREEN_SPACE(1.0),I,E01034620,NDVI_CLEAR_PCT,2024,100.0,PC
dataflow,PSOLAN:DF_GREEN_SPACE(1.0),I,E01034621,NDVI_CLEAR_PCT,2024,100.0,PC
dataflow,PSOLAN:DF_GREEN_SPACE(1.0),I,E01034622,NDVI_CLEAR_PCT,2024,100.0,PC
dataflow,PSOLAN:DF_GREEN_SPACE(1.0),I,E01034623,NDVI_CLEAR_PCT,2024,99.9867,PC
dataflow,PSOLAN:DF_GREEN_SPACE(1.0),I,E01034624,NDVI_CLEAR_PCT,2024,100.0,PC
dataflow,PSOLAN:DF_GREEN_SPACE(1.0),I,E01034625,NDVI_CLEAR_PCT,2024,100.0,PC
dataflow,PSOLAN:DF_GREEN_SPACE(1.0),I,E01034626,NDVI_CLEAR_PCT,2024,100.0,PC
dataflow,PSOLAN:DF_GREEN_SPACE(1.0),I,E01034627,NDVI_CLEAR_PCT,2024,100.0,PC
dataflow,PSOLAN:DF_GREEN_SPACE(1.0),I,E01034628,NDVI_CLEAR_PCT,2024,100.0,PC
dataflow,PSOLAN:DF_GREEN_SPACE(1.0),I,E01034629,NDVI_CLEAR_PCT,2024,99.9761,PC
dataflow,PSOLAN:DF_GREEN_SPACE(1.0),I,E01034630,NDVI_CLEAR_PCT,2024,99.8092,PC
dataflow,PSOLAN:DF_GREEN_SPACE(1.0),I,E01034631,NDVI_CLEAR_PCT,2024,100.0,PC
dataflow,PSOLAN:DF_GREEN_SPACE(1.0),I,E01034632,NDVI_CLEAR_PCT,2024,100.0,PC
dataflow,PSOLAN:DF_GREEN_SPACE(1.0),I,E01034633,NDVI_CLEAR_PCT,2024,100.0,PC
dataflow,PSOLAN:DF_GREEN_SPACE(1.0),I,E01034634,NDVI_CLEAR_PCT,2024,100.0,PC
dataflow,PSOLAN:DF_GREEN_SPACE(1.0),I,E01034635,NDVI_CLEAR_PCT,2024,100.0,PC
dataflow,PSOLAN:DF_GREEN_SPACE(1.0),I,E01034636,NDVI_CLEAR_PCT,2024,99.9844,PC
dataflow,PSOLAN:DF_GREEN_SPACE(1.0),I,E01034637,NDVI_CLEAR_PCT,2024,100.0,PC
dataflow,PSOLAN:DF_GREEN_SPACE(1.0),I,E01034638,NDVI_CLEAR_PCT,2024,100.0,PC
dataflow,PSOLAN:DF_GREEN_SPACE(1.0),I,E01034639,NDVI_CLEAR_PCT,2024,100.0,PC
dataflow,PSOLAN:DF_GREEN_SPACE(1.0),I,E01034640,NDVI_CLEAR_PCT,2024,98.8056,PC
dataflow,PSOLAN:DF_GREEN_SPACE(1.0),I,E01034641,NDVI_CLEAR_PCT,2024,98.7581,PC
dataflow,PSOLAN:DF_GREEN_SPACE(1.0),I,E01034642,NDVI_CLEAR_PCT,2024,98.311,PC
dataflow,PSOLAN:DF_GREEN_SPACE(1.0),I,E01034643,NDVI_CLEAR_PCT,2024,97.3776,PC
dataflow,PSOLAN:DF_GREEN_SPACE(1.0),I,E06000026,NDVI_MEAN,2024,0.574,NDVI
dataflow,PSOLAN:DF_GREEN_SPACE(1.0),I,E06000027,NDVI_MEAN,2024,0.6584,NDVI
dataflow,PSOLAN:DF_GREEN_SPACE(1.0),I,E07000040,NDVI_MEAN,2024,0.7513,NDVI
dataflow,PSOLAN:DF_GREEN_SPACE(1.0),I,E07000041,NDVI_MEAN,2024,0.6072,NDVI
dataflow,PSOLAN:DF_GREEN_SPACE(1.0),I,E07000042,NDVI_MEAN,2024,0.7729,NDVI
dataflow,PSOLAN:DF_GREEN_SPACE(1.0),I,E07000043,NDVI_MEAN,2024,0.7795,NDVI
dataflow,PSOLAN:DF_GREEN_SPACE(1.0),I,E07000044,NDVI_MEAN,2024,0.7922,NDVI
dataflow,PSOLAN:DF_GREEN_SPACE(1.0),I,E07000045,NDVI_MEAN,2024,0.7927,NDVI
dataflow,PSOLAN:DF_GREEN_SPACE(1.0),I,E07000046,NDVI_MEAN,2024,0.7553,NDVI
dataflow,PSOLAN:DF_GREEN_SPACE(1.0),I,E07000047,NDVI_MEAN,2024,0.7658,NDVI
dataflow,PSOLAN:DF_GREEN_SPACE(1.0),I,E01015023,NDVI_MEAN,2024,0.7903,NDVI
dataflow,PSOLAN:DF_GREEN_SPACE(1.0),I,E01015024,NDVI_MEAN,2024,0.5944,NDVI
dataflow,PSOLAN:DF_GREEN_SPACE(1.0),I,E01015025,NDVI_MEAN,2024,0.6564,NDVI
dataflow,PSOLAN:DF_GREEN_SPACE(1.0),I,E01015026,NDVI_MEAN,2024,0.549,NDVI
dataflow,PSOLAN:DF_GREEN_SPACE(1.0),I,E01015027,NDVI_MEAN,2024,0.5519,NDVI
dataflow,PSOLAN:DF_GREEN_SPACE(1.0),I,E01015028,NDVI_MEAN,2024,0.6136,NDVI
dataflow,PSOLAN:DF_GREEN_SPACE(1.0),I,E01015029,NDVI_MEAN,2024,0.5992,NDVI
dataflow,PSOLAN:DF_GREEN_SPACE(1.0),I,E01015030,NDVI_MEAN,2024,0.6331,NDVI
dataflow,PSOLAN:DF_GREEN_SPACE(1.0),I,E01015031,NDVI_MEAN,2024,0.4701,NDVI
dataflow,PSOLAN:DF_GREEN_SPACE(1.0),I,E01015032,NDVI_MEAN,2024,0.3344,NDVI
dataflow,PSOLAN:DF_GREEN_SPACE(1.0),I,E01015033,NDVI_MEAN,2024,0.5587,NDVI
dataflow,PSOLAN:DF_GREEN_SPACE(1.0),I,E01015034,NDVI_MEAN,2024,0.5623,NDVI
dataflow,PSOLAN:DF_GREEN_SPACE(1.0),I,E01015035,NDVI_MEAN,2024,0.5093,NDVI
dataflow,PSOLAN:DF_GREEN_SPACE(1.0),I,E01015036,NDVI_MEAN,2024,0.6142,NDVI
dataflow,PSOLAN:DF_GREEN_SPACE(1.0),I,E01015037,NDVI_MEAN,2024,0.4873,NDVI
dataflow,PSOLAN:DF_GREEN_SPACE(1.0),I,E01015038,NDVI_MEAN,2024,0.5843,NDVI
dataflow,PSOLAN:DF_GREEN_SPACE(1.0),I,E01015039,NDVI_MEAN,2024,0.3687,NDVI
dataflow,PSOLAN:DF_GREEN_SPACE(1.0),I,E01015040,NDVI_MEAN,2024,0.5851,NDVI
dataflow,PSOLAN:DF_GREEN_SPACE(1.0),I,E01015041,NDVI_MEAN,2024,0.1934,NDVI
dataflow,PSOLAN:DF_GREEN_SPACE(1.0),I,E01015042,NDVI_MEAN,2024,0.2218,NDVI
dataflow,PSOLAN:DF_GREEN_SPACE(1.0),I,E01015043,NDVI_MEAN,2024,0.3164,NDVI
dataflow,PSOLAN:DF_GREEN_SPACE(1.0),I,E01015044,NDVI_MEAN,2024,0.3433,NDVI
dataflow,PSOLAN:DF_GREEN_SPACE(1.0),I,E01015045,NDVI_MEAN,2024,0.357,NDVI
dataflow,PSOLAN:DF_GREEN_SPACE(1.0),I,E01015046,NDVI_MEAN,2024,0.2488,NDVI
dataflow,PSOLAN:DF_GREEN_SPACE(1.0),I,E01015047,NDVI_MEAN,2024,0.4979,NDVI
dataflow,PSOLAN:DF_GREEN_SPACE(1.0),I,E01015048,NDVI_MEAN,2024,0.2806,NDVI
dataflow,PSOLAN:DF_GREEN_SPACE(1.0),I,E01015049,NDVI_MEAN,2024,0.2676,NDVI
dataflow,PSOLAN:DF_GREEN_SPACE(1.0),I,E01015050,NDVI_MEAN,2024,0.3441,NDVI
dataflow,PSOLAN:DF_GREEN_SPACE(1.0),I,E01015051,NDVI_MEAN,2024,0.2735,NDVI
dataflow,PSOLAN:DF_GREEN_SPACE(1.0),I,E01015052,NDVI_MEAN,2024,0.2715,NDVI
dataflow,PSOLAN:DF_GREEN_SPACE(1.0),I,E01015053,NDVI_MEAN,2024,0.3278,NDVI
dataflow,PSOLAN:DF_GREEN_SPACE(1.0),I,E01015054,NDVI_MEAN,2024,0.2698,NDVI
dataflow,PSOLAN:DF_GREEN_SPACE(1.0),I,E01015055,NDVI_MEAN,2024,0.693,NDVI
dataflow,PSOLAN:DF_GREEN_SPACE(1.0),I,E01015056,NDVI_MEAN,2024,0.6108,NDVI
dataflow,PSOLAN:DF_GREEN_SPACE(1.0),I,E01015057,NDVI_MEAN,2024,0.4971,NDVI
dataflow,PSOLAN:DF_GREEN_SPACE(1.0),I,E01015058,NDVI_MEAN,2024,0.6254,NDVI
dataflow,PSOLAN:DF_GREEN_SPACE(1.0),I,E01015059,NDVI_MEAN,2024,0.4679,NDVI
dataflow,PSOLAN:DF_GREEN_SPACE(1.0),I,E01015060,NDVI_MEAN,2024,0.5257,NDVI
dataflow,PSOLAN:DF_GREEN_SPACE(1.0),I,E01015061,NDVI_MEAN,2024,0.3985,NDVI
dataflow,PSOLAN:DF_GREEN_SPACE(1.0),I,E01015062,NDVI_MEAN,2024,0.3527,NDVI
dataflow,PSOLAN:DF_GREEN_SPACE(1.0),I,E01015063,NDVI_MEAN,2024,0.6899,NDVI
dataflow,PSOLAN:DF_GREEN_SPACE(1.0),I,E01015064,NDVI_MEAN,2024,0.5496,NDVI
dataflow,PSOLAN:DF_GREEN_SPACE(1.0),I,E01015065,NDVI_MEAN,2024,0.5011,NDVI
dataflow,PSOLAN:DF_GREEN_SPACE(1.0),I,E01015066,NDVI_MEAN,2024,0.6679,NDVI
dataflow,PSOLAN:DF_GREEN_SPACE(1.0),I,E01015067,NDVI_MEAN,2024,0.5456,NDVI
dataflow,PSOLAN:DF_GREEN_SPACE(1.0),I,E01015068,NDVI_MEAN,2024,0.5918,NDVI
dataflow,PSOLAN:DF_GREEN_SPACE(1.0),I,E01015069,NDVI_MEAN,2024,0.684,NDVI
dataflow,PSOLAN:DF_GREEN_SPACE(1.0),I,E01015070,NDVI_MEAN,2024,0.5906,NDVI
dataflow,PSOLAN:DF_GREEN_SPACE(1.0),I,E01015071,NDVI_MEAN,2024,0.6123,NDVI
dataflow,PSOLAN:DF_GREEN_SPACE(1.0),I,E01015072,NDVI_MEAN,2024,0.453,NDVI
dataflow,PSOLAN:DF_GREEN_SPACE(1.0),I,E01015073,NDVI_MEAN,2024,0.6644,NDVI
dataflow,PSOLAN:DF_GREEN_SPACE(1.0),I,E01015074,NDVI_MEAN,2024,0.6659,NDVI
dataflow,PSOLAN:DF_GREEN_SPACE(1.0),I,E01015075,NDVI_MEAN,2024,0.5799,NDVI
dataflow,PSOLAN:DF_GREEN_SPACE(1.0),I,E01015076,NDVI_MEAN,2024,0.5529,NDVI
dataflow,PSOLAN:DF_GREEN_SPACE(1.0),I,E01015077,NDVI_MEAN,2024,0.5788,NDVI
dataflow,PSOLAN:DF_GREEN_SPACE(1.0),I,E01015078,NDVI_MEAN,2024,0.4134,NDVI
dataflow,PSOLAN:DF_GREEN_SPACE(1.0),I,E01015079,NDVI_MEAN,2024,0.4314,NDVI
dataflow,PSOLAN:DF_GREEN_SPACE(1.0),I,E01015080,NDVI_MEAN,2024,0.4167,NDVI
dataflow,PSOLAN:DF_GREEN_SPACE(1.0),I,E01015081,NDVI_MEAN,2024,0.5171,NDVI
dataflow,PSOLAN:DF_GREEN_SPACE(1.0),I,E01015082,NDVI_MEAN,2024,0.5682,NDVI
dataflow,PSOLAN:DF_GREEN_SPACE(1.0),I,E01015083,NDVI_MEAN,2024,0.7635,NDVI
dataflow,PSOLAN:DF_GREEN_SPACE(1.0),I,E01015084,NDVI_MEAN,2024,0.6325,NDVI
dataflow,PSOLAN:DF_GREEN_SPACE(1.0),I,E01015085,NDVI_MEAN,2024,0.5967,NDVI
dataflow,PSOLAN:DF_GREEN_SPACE(1.0),I,E01015086,NDVI_MEAN,2024,0.651,NDVI
dataflow,PSOLAN:DF_GREEN_SPACE(1.0),I,E01015087,NDVI_MEAN,2024,0.5642,NDVI
dataflow,PSOLAN:DF_GREEN_SPACE(1.0),I,E01015088,NDVI_MEAN,2024,0.4638,NDVI
dataflow,PSOLAN:DF_GREEN_SPACE(1.0),I,E01015089,NDVI_MEAN,2024,0.5041,NDVI
dataflow,PSOLAN:DF_GREEN_SPACE(1.0),I,E01015090,NDVI_MEAN,2024,0.6005,NDVI
dataflow,PSOLAN:DF_GREEN_SPACE(1.0),I,E01015091,NDVI_MEAN,2024,0.7374,NDVI
dataflow,PSOLAN:DF_GREEN_SPACE(1.0),I,E01015092,NDVI_MEAN,2024,0.6223,NDVI
dataflow,PSOLAN:DF_GREEN_SPACE(1.0),I,E01015093,NDVI_MEAN,2024,0.6546,NDVI
dataflow,PSOLAN:DF_GREEN_SPACE(1.0),I,E01015094,NDVI_MEAN,2024,0.5313,NDVI
dataflow,PSOLAN:DF_GREEN_SPACE(1.0),I,E01015095,NDVI_MEAN,2024,0.6057,NDVI
dataflow,PSOLAN:DF_GREEN_SPACE(1.0),I,E01015096,NDVI_MEAN,2024,0.6874,NDVI
dataflow,PSOLAN:DF_GREEN_SPACE(1.0),I,E01015097,NDVI_MEAN,2024,0.639,NDVI
dataflow,PSOLAN:DF_GREEN_SPACE(1.0),I,E01015098,NDVI_MEAN,2024,0.3119,NDVI
dataflow,PSOLAN:DF_GREEN_SPACE(1.0),I,E01015099,NDVI_MEAN,2024,0.7291,NDVI
dataflow,PSOLAN:DF_GREEN_SPACE(1.0),I,E01015100,NDVI_MEAN,2024,0.4172,NDVI
dataflow,PSOLAN:DF_GREEN_SPACE(1.0),I,E01015101,NDVI_MEAN,2024,0.4903,NDVI
dataflow,PSOLAN:DF_GREEN_SPACE(1.0),I,E01015102,NDVI_MEAN,2024,0.4362,NDVI
dataflow,PSOLAN:DF_GREEN_SPACE(1.0),I,E01015103,NDVI_MEAN,2024,0.2596,NDVI
dataflow,PSOLAN:DF_GREEN_SPACE(1.0),I,E01015104,NDVI_MEAN,2024,0.3631,NDVI
dataflow,PSOLAN:DF_GREEN_SPACE(1.0),I,E01015105,NDVI_MEAN,2024,0.2919,NDVI
dataflow,PSOLAN:DF_GREEN_SPACE(1.0),I,E01015106,NDVI_MEAN,2024,0.5838,NDVI
dataflow,PSOLAN:DF_GREEN_SPACE(1.0),I,E01015107,NDVI_MEAN,2024,0.5333,NDVI
dataflow,PSOLAN:DF_GREEN_SPACE(1.0),I,E01015108,NDVI_MEAN,2024,0.5822,NDVI
dataflow,PSOLAN:DF_GREEN_SPACE(1.0),I,E01015109,NDVI_MEAN,2024,0.6064,NDVI
dataflow,PSOLAN:DF_GREEN_SPACE(1.0),I,E01015110,NDVI_MEAN,2024,0.525,NDVI
dataflow,PSOLAN:DF_GREEN_SPACE(1.0),I,E01015111,NDVI_MEAN,2024,0.4038,NDVI
dataflow,PSOLAN:DF_GREEN_SPACE(1.0),I,E01015112,NDVI_MEAN,2024,0.7429,NDVI
dataflow,PSOLAN:DF_GREEN_SPACE(1.0),I,E01015113,NDVI_MEAN,2024,0.5847,NDVI
dataflow,PSOLAN:DF_GREEN_SPACE(1.0),I,E01015114,NDVI_MEAN,2024,0.7114,NDVI
dataflow,PSOLAN:DF_GREEN_SPACE(1.0),I,E01015115,NDVI_MEAN,2024,0.6531,NDVI
dataflow,PSOLAN:DF_GREEN_SPACE(1.0),I,E01015116,NDVI_MEAN,2024,0.5039,NDVI
dataflow,PSOLAN:DF_GREEN_SPACE(1.0),I,E01015117,NDVI_MEAN,2024,0.6509,NDVI
dataflow,PSOLAN:DF_GREEN_SPACE(1.0),I,E01015118,NDVI_MEAN,2024,0.4452,NDVI
dataflow,PSOLAN:DF_GREEN_SPACE(1.0),I,E01015119,NDVI_MEAN,2024,0.5725,NDVI
dataflow,PSOLAN:DF_GREEN_SPACE(1.0),I,E01015120,NDVI_MEAN,2024,0.7582,NDVI
dataflow,PSOLAN:DF_GREEN_SPACE(1.0),I,E01015121,NDVI_MEAN,2024,0.4487,NDVI
dataflow,PSOLAN:DF_GREEN_SPACE(1.0),I,E01015122,NDVI_MEAN,2024,0.4549,NDVI
dataflow,PSOLAN:DF_GREEN_SPACE(1.0),I,E01015123,NDVI_MEAN,2024,0.526,NDVI
dataflow,PSOLAN:DF_GREEN_SPACE(1.0),I,E01015124,NDVI_MEAN,2024,0.4618,NDVI
dataflow,PSOLAN:DF_GREEN_SPACE(1.0),I,E01015125,NDVI_MEAN,2024,0.7261,NDVI
dataflow,PSOLAN:DF_GREEN_SPACE(1.0),I,E01015126,NDVI_MEAN,2024,0.5292,NDVI
dataflow,PSOLAN:DF_GREEN_SPACE(1.0),I,E01015127,NDVI_MEAN,2024,0.5437,NDVI
dataflow,PSOLAN:DF_GREEN_SPACE(1.0),I,E01015128,NDVI_MEAN,2024,0.5674,NDVI
dataflow,PSOLAN:DF_GREEN_SPACE(1.0),I,E01015129,NDVI_MEAN,2024,0.6563,NDVI
dataflow,PSOLAN:DF_GREEN_SPACE(1.0),I,E01015130,NDVI_MEAN,2024,0.7259,NDVI
dataflow,PSOLAN:DF_GREEN_SPACE(1.0),I,E01015131,NDVI_MEAN,2024,0.6405,NDVI
dataflow,PSOLAN:DF_GREEN_SPACE(1.0),I,E01015132,NDVI_MEAN,2024,0.5123,NDVI
dataflow,PSOLAN:DF_GREEN_SPACE(1.0),I,E01015133,NDVI_MEAN,2024,0.5009,NDVI
dataflow,PSOLAN:DF_GREEN_SPACE(1.0),I,E01015134,NDVI_MEAN,2024,0.5067,NDVI
dataflow,PSOLAN:DF_GREEN_SPACE(1.0),I,E01015136,NDVI_MEAN,2024,0.4983,NDVI
dataflow,PSOLAN:DF_GREEN_SPACE(1.0),I,E01015137,NDVI_MEAN,2024,0.4693,NDVI
dataflow,PSOLAN:DF_GREEN_SPACE(1.0),I,E01015138,NDVI_MEAN,2024,0.6237,NDVI
dataflow,PSOLAN:DF_GREEN_SPACE(1.0),I,E01015139,NDVI_MEAN,2024,0.7564,NDVI
dataflow,PSOLAN:DF_GREEN_SPACE(1.0),I,E01015140,NDVI_MEAN,2024,0.5203,NDVI
dataflow,PSOLAN:DF_GREEN_SPACE(1.0),I,E01015141,NDVI_MEAN,2024,0.6465,NDVI
dataflow,PSOLAN:DF_GREEN_SPACE(1.0),I,E01015142,NDVI_MEAN,2024,0.6106,NDVI
dataflow,PSOLAN:DF_GREEN_SPACE(1.0),I,E01015143,NDVI_MEAN,2024,0.4759,NDVI
dataflow,PSOLAN:DF_GREEN_SPACE(1.0),I,E01015144,NDVI_MEAN,2024,0.3898,NDVI
dataflow,PSOLAN:DF_GREEN_SPACE(1.0),I,E01015145,NDVI_MEAN,2024,0.5621,NDVI
dataflow,PSOLAN:DF_GREEN_SPACE(1.0),I,E01015146,NDVI_MEAN,2024,0.5559,NDVI
dataflow,PSOLAN:DF_GREEN_SPACE(1.0),I,E01015147,NDVI_MEAN,2024,0.4424,NDVI
dataflow,PSOLAN:DF_GREEN_SPACE(1.0),I,E01015148,NDVI_MEAN,2024,0.6876,NDVI
dataflow,PSOLAN:DF_GREEN_SPACE(1.0),I,E01015149,NDVI_MEAN,2024,0.5161,NDVI
dataflow,PSOLAN:DF_GREEN_SPACE(1.0),I,E01015150,NDVI_MEAN,2024,0.4676,NDVI
dataflow,PSOLAN:DF_GREEN_SPACE(1.0),I,E01015151,NDVI_MEAN,2024,0.46,NDVI
dataflow,PSOLAN:DF_GREEN_SPACE(1.0),I,E01015152,NDVI_MEAN,2024,0.287,NDVI
dataflow,PSOLAN:DF_GREEN_SPACE(1.0),I,E01015153,NDVI_MEAN,2024,0.489,NDVI
dataflow,PSOLAN:DF_GREEN_SPACE(1.0),I,E01015155,NDVI_MEAN,2024,0.3504,NDVI
dataflow,PSOLAN:DF_GREEN_SPACE(1.0),I,E01015156,NDVI_MEAN,2024,0.3579,NDVI
dataflow,PSOLAN:DF_GREEN_SPACE(1.0),I,E01015159,NDVI_MEAN,2024,0.6068,NDVI
dataflow,PSOLAN:DF_GREEN_SPACE(1.0),I,E01015160,NDVI_MEAN,2024,0.5819,NDVI
dataflow,PSOLAN:DF_GREEN_SPACE(1.0),I,E01015161,NDVI_MEAN,2024,0.5758,NDVI
dataflow,PSOLAN:DF_GREEN_SPACE(1.0),I,E01015162,NDVI_MEAN,2024,0.6587,NDVI
dataflow,PSOLAN:DF_GREEN_SPACE(1.0),I,E01015163,NDVI_MEAN,2024,0.744,NDVI
dataflow,PSOLAN:DF_GREEN_SPACE(1.0),I,E01015164,NDVI_MEAN,2024,0.5634,NDVI
dataflow,PSOLAN:DF_GREEN_SPACE(1.0),I,E01015165,NDVI_MEAN,2024,0.6922,NDVI
dataflow,PSOLAN:DF_GREEN_SPACE(1.0),I,E01015166,NDVI_MEAN,2024,0.702,NDVI
dataflow,PSOLAN:DF_GREEN_SPACE(1.0),I,E01015167,NDVI_MEAN,2024,0.4161,NDVI
dataflow,PSOLAN:DF_GREEN_SPACE(1.0),I,E01015168,NDVI_MEAN,2024,0.3492,NDVI
dataflow,PSOLAN:DF_GREEN_SPACE(1.0),I,E01015169,NDVI_MEAN,2024,0.4586,NDVI
dataflow,PSOLAN:DF_GREEN_SPACE(1.0),I,E01015170,NDVI_MEAN,2024,0.493,NDVI
dataflow,PSOLAN:DF_GREEN_SPACE(1.0),I,E01015171,NDVI_MEAN,2024,0.4877,NDVI
dataflow,PSOLAN:DF_GREEN_SPACE(1.0),I,E01015172,NDVI_MEAN,2024,0.5168,NDVI
dataflow,PSOLAN:DF_GREEN_SPACE(1.0),I,E01015173,NDVI_MEAN,2024,0.5836,NDVI
dataflow,PSOLAN:DF_GREEN_SPACE(1.0),I,E01015174,NDVI_MEAN,2024,0.2327,NDVI
dataflow,PSOLAN:DF_GREEN_SPACE(1.0),I,E01015175,NDVI_MEAN,2024,0.3185,NDVI
dataflow,PSOLAN:DF_GREEN_SPACE(1.0),I,E01015176,NDVI_MEAN,2024,0.5078,NDVI
dataflow,PSOLAN:DF_GREEN_SPACE(1.0),I,E01015177,NDVI_MEAN,2024,0.3596,NDVI
dataflow,PSOLAN:DF_GREEN_SPACE(1.0),I,E01015178,NDVI_MEAN,2024,0.3309,NDVI
dataflow,PSOLAN:DF_GREEN_SPACE(1.0),I,E01015179,NDVI_MEAN,2024,0.2967,NDVI
dataflow,PSOLAN:DF_GREEN_SPACE(1.0),I,E01015180,NDVI_MEAN,2024,0.4602,NDVI
dataflow,PSOLAN:DF_GREEN_SPACE(1.0),I,E01015181,NDVI_MEAN,2024,0.2039,NDVI
dataflow,PSOLAN:DF_GREEN_SPACE(1.0),I,E01015182,NDVI_MEAN,2024,0.2422,NDVI
dataflow,PSOLAN:DF_GREEN_SPACE(1.0),I,E01015183,NDVI_MEAN,2024,0.6235,NDVI
dataflow,PSOLAN:DF_GREEN_SPACE(1.0),I,E01015184,NDVI_MEAN,2024,0.4586,NDVI
dataflow,PSOLAN:DF_GREEN_SPACE(1.0),I,E01015185,NDVI_MEAN,2024,0.4792,NDVI
dataflow,PSOLAN:DF_GREEN_SPACE(1.0),I,E01015186,NDVI_MEAN,2024,0.3569,NDVI
dataflow,PSOLAN:DF_GREEN_SPACE(1.0),I,E01015187,NDVI_MEAN,2024,0.5663,NDVI
dataflow,PSOLAN:DF_GREEN_SPACE(1.0),I,E01015188,NDVI_MEAN,2024,0.4637,NDVI
dataflow,PSOLAN:DF_GREEN_SPACE(1.0),I,E01015189,NDVI_MEAN,2024,0.5114,NDVI
dataflow,PSOLAN:DF_GREEN_SPACE(1.0),I,E01015190,NDVI_MEAN,2024,0.7853,NDVI
dataflow,PSOLAN:DF_GREEN_SPACE(1.0),I,E01015191,NDVI_MEAN,2024,0.6977,NDVI
dataflow,PSOLAN:DF_GREEN_SPACE(1.0),I,E01015192,NDVI_MEAN,2024,0.4829,NDVI
dataflow,PSOLAN:DF_GREEN_SPACE(1.0),I,E01015193,NDVI_MEAN,2024,0.431,NDVI
dataflow,PSOLAN:DF_GREEN_SPACE(1.0),I,E01015194,NDVI_MEAN,2024,0.5955,NDVI
dataflow,PSOLAN:DF_GREEN_SPACE(1.0),I,E01015196,NDVI_MEAN,2024,0.5184,NDVI
dataflow,PSOLAN:DF_GREEN_SPACE(1.0),I,E01015197,NDVI_MEAN,2024,0.6608,NDVI
dataflow,PSOLAN:DF_GREEN_SPACE(1.0),I,E01015198,NDVI_MEAN,2024,0.4928,NDVI
dataflow,PSOLAN:DF_GREEN_SPACE(1.0),I,E01015199,NDVI_MEAN,2024,0.7707,NDVI
dataflow,PSOLAN:DF_GREEN_SPACE(1.0),I,E01015200,NDVI_MEAN,2024,0.5133,NDVI
dataflow,PSOLAN:DF_GREEN_SPACE(1.0),I,E01015201,NDVI_MEAN,2024,0.8335,NDVI
dataflow,PSOLAN:DF_GREEN_SPACE(1.0),I,E01015202,NDVI_MEAN,2024,0.5064,NDVI
dataflow,PSOLAN:DF_GREEN_SPACE(1.0),I,E01015203,NDVI_MEAN,2024,0.4798,NDVI
dataflow,PSOLAN:DF_GREEN_SPACE(1.0),I,E01015204,NDVI_MEAN,2024,0.4485,NDVI
dataflow,PSOLAN:DF_GREEN_SPACE(1.0),I,E01015205,NDVI_MEAN,2024,0.4791,NDVI
dataflow,PSOLAN:DF_GREEN_SPACE(1.0),I,E01015206,NDVI_MEAN,2024,0.6596,NDVI
dataflow,PSOLAN:DF_GREEN_SPACE(1.0),I,E01015207,NDVI_MEAN,2024,0.7839,NDVI
dataflow,PSOLAN:DF_GREEN_SPACE(1.0),I,E01015208,NDVI_MEAN,2024,0.7,NDVI
dataflow,PSOLAN:DF_GREEN_SPACE(1.0),I,E01015209,NDVI_MEAN,2024,0.625,NDVI
dataflow,PSOLAN:DF_GREEN_SPACE(1.0),I,E01015210,NDVI_MEAN,2024,0.6592,NDVI
dataflow,PSOLAN:DF_GREEN_SPACE(1.0),I,E01015211,NDVI_MEAN,2024,0.6146,NDVI
dataflow,PSOLAN:DF_GREEN_SPACE(1.0),I,E01015212,NDVI_MEAN,2024,0.5385,NDVI
dataflow,PSOLAN:DF_GREEN_SPACE(1.0),I,E01015213,NDVI_MEAN,2024,0.6248,NDVI
dataflow,PSOLAN:DF_GREEN_SPACE(1.0),I,E01015214,NDVI_MEAN,2024,0.3683,NDVI
dataflow,PSOLAN:DF_GREEN_SPACE(1.0),I,E01015215,NDVI_MEAN,2024,0.5448,NDVI
dataflow,PSOLAN:DF_GREEN_SPACE(1.0),I,E01015216,NDVI_MEAN,2024,0.3605,NDVI
dataflow,PSOLAN:DF_GREEN_SPACE(1.0),I,E01015217,NDVI_MEAN,2024,0.5037,NDVI
dataflow,PSOLAN:DF_GREEN_SPACE(1.0),I,E01015218,NDVI_MEAN,2024,0.4552,NDVI
dataflow,PSOLAN:DF_GREEN_SPACE(1.0),I,E01015219,NDVI_MEAN,2024,0.4639,NDVI
dataflow,PSOLAN:DF_GREEN_SPACE(1.0),I,E01015220,NDVI_MEAN,2024,0.6594,NDVI
dataflow,PSOLAN:DF_GREEN_SPACE(1.0),I,E01015221,NDVI_MEAN,2024,0.6409,NDVI
dataflow,PSOLAN:DF_GREEN_SPACE(1.0),I,E01015222,NDVI_MEAN,2024,0.6327,NDVI
dataflow,PSOLAN:DF_GREEN_SPACE(1.0),I,E01015223,NDVI_MEAN,2024,0.5884,NDVI
dataflow,PSOLAN:DF_GREEN_SPACE(1.0),I,E01015224,NDVI_MEAN,2024,0.5211,NDVI
dataflow,PSOLAN:DF_GREEN_SPACE(1.0),I,E01015225,NDVI_MEAN,2024,0.6195,NDVI
dataflow,PSOLAN:DF_GREEN_SPACE(1.0),I,E01015226,NDVI_MEAN,2024,0.6849,NDVI
dataflow,PSOLAN:DF_GREEN_SPACE(1.0),I,E01015227,NDVI_MEAN,2024,0.4985,NDVI
dataflow,PSOLAN:DF_GREEN_SPACE(1.0),I,E01015228,NDVI_MEAN,2024,0.3574,NDVI
dataflow,PSOLAN:DF_GREEN_SPACE(1.0),I,E01015229,NDVI_MEAN,2024,0.483,NDVI
dataflow,PSOLAN:DF_GREEN_SPACE(1.0),I,E01015230,NDVI_MEAN,2024,0.6028,NDVI
dataflow,PSOLAN:DF_GREEN_SPACE(1.0),I,E01015231,NDVI_MEAN,2024,0.3262,NDVI
dataflow,PSOLAN:DF_GREEN_SPACE(1.0),I,E01015232,NDVI_MEAN,2024,0.3737,NDVI
dataflow,PSOLAN:DF_GREEN_SPACE(1.0),I,E01015233,NDVI_MEAN,2024,0.3838,NDVI
dataflow,PSOLAN:DF_GREEN_SPACE(1.0),I,E01015234,NDVI_MEAN,2024,0.3968,NDVI
dataflow,PSOLAN:DF_GREEN_SPACE(1.0),I,E01015235,NDVI_MEAN,2024,0.4838,NDVI
dataflow,PSOLAN:DF_GREEN_SPACE(1.0),I,E01015236,NDVI_MEAN,2024,0.8227,NDVI
dataflow,PSOLAN:DF_GREEN_SPACE(1.0),I,E01015237,NDVI_MEAN,2024,0.4647,NDVI
dataflow,PSOLAN:DF_GREEN_SPACE(1.0),I,E01015238,NDVI_MEAN,2024,0.5581,NDVI
dataflow,PSOLAN:DF_GREEN_SPACE(1.0),I,E01015239,NDVI_MEAN,2024,0.4455,NDVI
dataflow,PSOLAN:DF_GREEN_SPACE(1.0),I,E01015240,NDVI_MEAN,2024,0.6034,NDVI
dataflow,PSOLAN:DF_GREEN_SPACE(1.0),I,E01015241,NDVI_MEAN,2024,0.364,NDVI
dataflow,PSOLAN:DF_GREEN_SPACE(1.0),I,E01015242,NDVI_MEAN,2024,0.4106,NDVI
dataflow,PSOLAN:DF_GREEN_SPACE(1.0),I,E01015243,NDVI_MEAN,2024,0.4897,NDVI
dataflow,PSOLAN:DF_GREEN_SPACE(1.0),I,E01015244,NDVI_MEAN,2024,0.6699,NDVI
dataflow,PSOLAN:DF_GREEN_SPACE(1.0),I,E01015245,NDVI_MEAN,2024,0.6211,NDVI
dataflow,PSOLAN:DF_GREEN_SPACE(1.0),I,E01015246,NDVI_MEAN,2024,0.5068,NDVI
dataflow,PSOLAN:DF_GREEN_SPACE(1.0),I,E01015247,NDVI_MEAN,2024,0.726,NDVI
dataflow,PSOLAN:DF_GREEN_SPACE(1.0),I,E01015248,NDVI_MEAN,2024,0.4657,NDVI
dataflow,PSOLAN:DF_GREEN_SPACE(1.0),I,E01015249,NDVI_MEAN,2024,0.5335,NDVI
dataflow,PSOLAN:DF_GREEN_SPACE(1.0),I,E01015250,NDVI_MEAN,2024,0.7155,NDVI
dataflow,PSOLAN:DF_GREEN_SPACE(1.0),I,E01015251,NDVI_MEAN,2024,0.5152,NDVI
dataflow,PSOLAN:DF_GREEN_SPACE(1.0),I,E01015253,NDVI_MEAN,2024,0.642,NDVI
dataflow,PSOLAN:DF_GREEN_SPACE(1.0),I,E01015254,NDVI_MEAN,2024,0.5256,NDVI
dataflow,PSOLAN:DF_GREEN_SPACE(1.0),I,E01015255,NDVI_MEAN,2024,0.3793,NDVI
dataflow,PSOLAN:DF_GREEN_SPACE(1.0),I,E01015256,NDVI_MEAN,2024,0.3342,NDVI
dataflow,PSOLAN:DF_GREEN_SPACE(1.0),I,E01015257,NDVI_MEAN,2024,0.6292,NDVI
dataflow,PSOLAN:DF_GREEN_SPACE(1.0),I,E01015258,NDVI_MEAN,2024,0.5298,NDVI
dataflow,PSOLAN:DF_GREEN_SPACE(1.0),I,E01015259,NDVI_MEAN,2024,0.5275,NDVI
dataflow,PSOLAN:DF_GREEN_SPACE(1.0),I,E01015260,NDVI_MEAN,2024,0.492,NDVI
dataflow,PSOLAN:DF_GREEN_SPACE(1.0),I,E01015261,NDVI_MEAN,2024,0.4812,NDVI
dataflow,PSOLAN:DF_GREEN_SPACE(1.0),I,E01015262,NDVI_MEAN,2024,0.4906,NDVI
dataflow,PSOLAN:DF_GREEN_SPACE(1.0),I,E01015263,NDVI_MEAN,2024,0.5696,NDVI
dataflow,PSOLAN:DF_GREEN_SPACE(1.0),I,E01015264,NDVI_MEAN,2024,0.6851,NDVI
dataflow,PSOLAN:DF_GREEN_SPACE(1.0),I,E01015265,NDVI_MEAN,2024,0.5424,NDVI
dataflow,PSOLAN:DF_GREEN_SPACE(1.0),I,E01015266,NDVI_MEAN,2024,0.526,NDVI
dataflow,PSOLAN:DF_GREEN_SPACE(1.0),I,E01015267,NDVI_MEAN,2024,0.5636,NDVI
dataflow,PSOLAN:DF_GREEN_SPACE(1.0),I,E01015268,NDVI_MEAN,2024,0.6396,NDVI
dataflow,PSOLAN:DF_GREEN_SPACE(1.0),I,E01015269,NDVI_MEAN,2024,0.6498,NDVI
dataflow,PSOLAN:DF_GREEN_SPACE(1.0),I,E01015270,NDVI_MEAN,2024,0.6354,NDVI
dataflow,PSOLAN:DF_GREEN_SPACE(1.0),I,E01015271,NDVI_MEAN,2024,0.7321,NDVI
dataflow,PSOLAN:DF_GREEN_SPACE(1.0),I,E01019887,NDVI_MEAN,2024,0.6003,NDVI
dataflow,PSOLAN:DF_GREEN_SPACE(1.0),I,E01019888,NDVI_MEAN,2024,0.7693,NDVI
dataflow,PSOLAN:DF_GREEN_SPACE(1.0),I,E01019889,NDVI_MEAN,2024,0.7828,NDVI
dataflow,PSOLAN:DF_GREEN_SPACE(1.0),I,E01019890,NDVI_MEAN,2024,0.7597,NDVI
dataflow,PSOLAN:DF_GREEN_SPACE(1.0),I,E01019891,NDVI_MEAN,2024,0.7563,NDVI
dataflow,PSOLAN:DF_GREEN_SPACE(1.0),I,E01019894,NDVI_MEAN,2024,0.5073,NDVI
dataflow,PSOLAN:DF_GREEN_SPACE(1.0),I,E01019895,NDVI_MEAN,2024,0.7455,NDVI
dataflow,PSOLAN:DF_GREEN_SPACE(1.0),I,E01019896,NDVI_MEAN,2024,0.6955,NDVI
dataflow,PSOLAN:DF_GREEN_SPACE(1.0),I,E01019897,NDVI_MEAN,2024,0.6201,NDVI
dataflow,PSOLAN:DF_GREEN_SPACE(1.0),I,E01019898,NDVI_MEAN,2024,0.6664,NDVI
dataflow,PSOLAN:DF_GREEN_SPACE(1.0),I,E01019899,NDVI_MEAN,2024,0.5803,NDVI
dataflow,PSOLAN:DF_GREEN_SPACE(1.0),I,E01019900,NDVI_MEAN,2024,0.7883,NDVI
dataflow,PSOLAN:DF_GREEN_SPACE(1.0),I,E01019901,NDVI_MEAN,2024,0.8096,NDVI
dataflow,PSOLAN:DF_GREEN_SPACE(1.0),I,E01019902,NDVI_MEAN,2024,0.7893,NDVI
dataflow,PSOLAN:DF_GREEN_SPACE(1.0),I,E01019903,NDVI_MEAN,2024,0.745,NDVI
dataflow,PSOLAN:DF_GREEN_SPACE(1.0),I,E01019904,NDVI_MEAN,2024,0.442,NDVI
dataflow,PSOLAN:DF_GREEN_SPACE(1.0),I,E01019905,NDVI_MEAN,2024,0.7572,NDVI
dataflow,PSOLAN:DF_GREEN_SPACE(1.0),I,E01019906,NDVI_MEAN,2024,0.4556,NDVI
dataflow,PSOLAN:DF_GREEN_SPACE(1.0),I,E01019907,NDVI_MEAN,2024,0.4467,NDVI
dataflow,PSOLAN:DF_GREEN_SPACE(1.0),I,E01019908,NDVI_MEAN,2024,0.4717,NDVI
dataflow,PSOLAN:DF_GREEN_SPACE(1.0),I,E01019909,NDVI_MEAN,2024,0.515,NDVI
dataflow,PSOLAN:DF_GREEN_SPACE(1.0),I,E01019910,NDVI_MEAN,2024,0.5396,NDVI
dataflow,PSOLAN:DF_GREEN_SPACE(1.0),I,E01019911,NDVI_MEAN,2024,0.7143,NDVI
dataflow,PSOLAN:DF_GREEN_SPACE(1.0),I,E01019912,NDVI_MEAN,2024,0.462,NDVI
dataflow,PSOLAN:DF_GREEN_SPACE(1.0),I,E01019913,NDVI_MEAN,2024,0.612,NDVI
dataflow,PSOLAN:DF_GREEN_SPACE(1.0),I,E01019914,NDVI_MEAN,2024,0.6863,NDVI
dataflow,PSOLAN:DF_GREEN_SPACE(1.0),I,E01019915,NDVI_MEAN,2024,0.5739,NDVI
dataflow,PSOLAN:DF_GREEN_SPACE(1.0),I,E01019916,NDVI_MEAN,2024,0.2644,NDVI
dataflow,PSOLAN:DF_GREEN_SPACE(1.0),I,E01019917,NDVI_MEAN,2024,0.3282,NDVI
dataflow,PSOLAN:DF_GREEN_SPACE(1.0),I,E01019918,NDVI_MEAN,2024,0.4122,NDVI
dataflow,PSOLAN:DF_GREEN_SPACE(1.0),I,E01019919,NDVI_MEAN,2024,0.3259,NDVI
dataflow,PSOLAN:DF_GREEN_SPACE(1.0),I,E01019920,NDVI_MEAN,2024,0.5221,NDVI
dataflow,PSOLAN:DF_GREEN_SPACE(1.0),I,E01019921,NDVI_MEAN,2024,0.4903,NDVI
dataflow,PSOLAN:DF_GREEN_SPACE(1.0),I,E01019922,NDVI_MEAN,2024,0.5517,NDVI
dataflow,PSOLAN:DF_GREEN_SPACE(1.0),I,E01019923,NDVI_MEAN,2024,0.5036,NDVI
dataflow,PSOLAN:DF_GREEN_SPACE(1.0),I,E01019924,NDVI_MEAN,2024,0.7048,NDVI
dataflow,PSOLAN:DF_GREEN_SPACE(1.0),I,E01019925,NDVI_MEAN,2024,0.6672,NDVI
dataflow,PSOLAN:DF_GREEN_SPACE(1.0),I,E01019927,NDVI_MEAN,2024,0.4208,NDVI
dataflow,PSOLAN:DF_GREEN_SPACE(1.0),I,E01019928,NDVI_MEAN,2024,0.5144,NDVI
dataflow,PSOLAN:DF_GREEN_SPACE(1.0),I,E01019929,NDVI_MEAN,2024,0.6272,NDVI
dataflow,PSOLAN:DF_GREEN_SPACE(1.0),I,E01019930,NDVI_MEAN,2024,0.559,NDVI
dataflow,PSOLAN:DF_GREEN_SPACE(1.0),I,E01019931,NDVI_MEAN,2024,0.7952,NDVI
dataflow,PSOLAN:DF_GREEN_SPACE(1.0),I,E01019932,NDVI_MEAN,2024,0.5413,NDVI
dataflow,PSOLAN:DF_GREEN_SPACE(1.0),I,E01019933,NDVI_MEAN,2024,0.5504,NDVI
dataflow,PSOLAN:DF_GREEN_SPACE(1.0),I,E01019934,NDVI_MEAN,2024,0.7771,NDVI
dataflow,PSOLAN:DF_GREEN_SPACE(1.0),I,E01019935,NDVI_MEAN,2024,0.7824,NDVI
dataflow,PSOLAN:DF_GREEN_SPACE(1.0),I,E01019936,NDVI_MEAN,2024,0.7865,NDVI
dataflow,PSOLAN:DF_GREEN_SPACE(1.0),I,E01019937,NDVI_MEAN,2024,0.7468,NDVI
dataflow,PSOLAN:DF_GREEN_SPACE(1.0),I,E01019938,NDVI_MEAN,2024,0.7941,NDVI
dataflow,PSOLAN:DF_GREEN_SPACE(1.0),I,E01019939,NDVI_MEAN,2024,0.735,NDVI
dataflow,PSOLAN:DF_GREEN_SPACE(1.0),I,E01019940,NDVI_MEAN,2024,0.7556,NDVI
dataflow,PSOLAN:DF_GREEN_SPACE(1.0),I,E01019942,NDVI_MEAN,2024,0.6503,NDVI
dataflow,PSOLAN:DF_GREEN_SPACE(1.0),I,E01019943,NDVI_MEAN,2024,0.7412,NDVI
dataflow,PSOLAN:DF_GREEN_SPACE(1.0),I,E01019944,NDVI_MEAN,2024,0.6836,NDVI
dataflow,PSOLAN:DF_GREEN_SPACE(1.0),I,E01019945,NDVI_MEAN,2024,0.7145,NDVI
dataflow,PSOLAN:DF_GREEN_SPACE(1.0),I,E01019946,NDVI_MEAN,2024,0.6846,NDVI
dataflow,PSOLAN:DF_GREEN_SPACE(1.0),I,E01019947,NDVI_MEAN,2024,0.3314,NDVI
dataflow,PSOLAN:DF_GREEN_SPACE(1.0),I,E01019948,NDVI_MEAN,2024,0.4842,NDVI
dataflow,PSOLAN:DF_GREEN_SPACE(1.0),I,E01019949,NDVI_MEAN,2024,0.7172,NDVI
dataflow,PSOLAN:DF_GREEN_SPACE(1.0),I,E01019950,NDVI_MEAN,2024,0.6345,NDVI
dataflow,PSOLAN:DF_GREEN_SPACE(1.0),I,E01019951,NDVI_MEAN,2024,0.7904,NDVI
dataflow,PSOLAN:DF_GREEN_SPACE(1.0),I,E01019952,NDVI_MEAN,2024,0.5836,NDVI
dataflow,PSOLAN:DF_GREEN_SPACE(1.0),I,E01019953,NDVI_MEAN,2024,0.6928,NDVI
dataflow,PSOLAN:DF_GREEN_SPACE(1.0),I,E01019954,NDVI_MEAN,2024,0.7591,NDVI
dataflow,PSOLAN:DF_GREEN_SPACE(1.0),I,E01019955,NDVI_MEAN,2024,0.6013,NDVI
dataflow,PSOLAN:DF_GREEN_SPACE(1.0),I,E01019956,NDVI_MEAN,2024,0.4111,NDVI
dataflow,PSOLAN:DF_GREEN_SPACE(1.0),I,E01019957,NDVI_MEAN,2024,0.742,NDVI
dataflow,PSOLAN:DF_GREEN_SPACE(1.0),I,E01019958,NDVI_MEAN,2024,0.6776,NDVI
dataflow,PSOLAN:DF_GREEN_SPACE(1.0),I,E01019959,NDVI_MEAN,2024,0.7513,NDVI
dataflow,PSOLAN:DF_GREEN_SPACE(1.0),I,E01019960,NDVI_MEAN,2024,0.716,NDVI
dataflow,PSOLAN:DF_GREEN_SPACE(1.0),I,E01019961,NDVI_MEAN,2024,0.7289,NDVI
dataflow,PSOLAN:DF_GREEN_SPACE(1.0),I,E01019962,NDVI_MEAN,2024,0.7356,NDVI
dataflow,PSOLAN:DF_GREEN_SPACE(1.0),I,E01019963,NDVI_MEAN,2024,0.6381,NDVI
dataflow,PSOLAN:DF_GREEN_SPACE(1.0),I,E01019964,NDVI_MEAN,2024,0.7108,NDVI
dataflow,PSOLAN:DF_GREEN_SPACE(1.0),I,E01019965,NDVI_MEAN,2024,0.6694,NDVI
dataflow,PSOLAN:DF_GREEN_SPACE(1.0),I,E01019966,NDVI_MEAN,2024,0.7927,NDVI
dataflow,PSOLAN:DF_GREEN_SPACE(1.0),I,E01019967,NDVI_MEAN,2024,0.789,NDVI
dataflow,PSOLAN:DF_GREEN_SPACE(1.0),I,E01019968,NDVI_MEAN,2024,0.5105,NDVI
dataflow,PSOLAN:DF_GREEN_SPACE(1.0),I,E01019969,NDVI_MEAN,2024,0.3836,NDVI
dataflow,PSOLAN:DF_GREEN_SPACE(1.0),I,E01019970,NDVI_MEAN,2024,0.5642,NDVI
dataflow,PSOLAN:DF_GREEN_SPACE(1.0),I,E01019971,NDVI_MEAN,2024,0.4917,NDVI
dataflow,PSOLAN:DF_GREEN_SPACE(1.0),I,E01019972,NDVI_MEAN,2024,0.3382,NDVI
dataflow,PSOLAN:DF_GREEN_SPACE(1.0),I,E01019973,NDVI_MEAN,2024,0.659,NDVI
dataflow,PSOLAN:DF_GREEN_SPACE(1.0),I,E01019974,NDVI_MEAN,2024,0.5377,NDVI
dataflow,PSOLAN:DF_GREEN_SPACE(1.0),I,E01019975,NDVI_MEAN,2024,0.4555,NDVI
dataflow,PSOLAN:DF_GREEN_SPACE(1.0),I,E01019976,NDVI_MEAN,2024,0.743,NDVI
dataflow,PSOLAN:DF_GREEN_SPACE(1.0),I,E01019977,NDVI_MEAN,2024,0.4572,NDVI
dataflow,PSOLAN:DF_GREEN_SPACE(1.0),I,E01019980,NDVI_MEAN,2024,0.7346,NDVI
dataflow,PSOLAN:DF_GREEN_SPACE(1.0),I,E01019981,NDVI_MEAN,2024,0.7693,NDVI
dataflow,PSOLAN:DF_GREEN_SPACE(1.0),I,E01019982,NDVI_MEAN,2024,0.8257,NDVI
dataflow,PSOLAN:DF_GREEN_SPACE(1.0),I,E01019983,NDVI_MEAN,2024,0.5207,NDVI
dataflow,PSOLAN:DF_GREEN_SPACE(1.0),I,E01019984,NDVI_MEAN,2024,0.5785,NDVI
dataflow,PSOLAN:DF_GREEN_SPACE(1.0),I,E01019985,NDVI_MEAN,2024,0.6317,NDVI
dataflow,PSOLAN:DF_GREEN_SPACE(1.0),I,E01019986,NDVI_MEAN,2024,0.5727,NDVI
dataflow,PSOLAN:DF_GREEN_SPACE(1.0),I,E01019987,NDVI_MEAN,2024,0.4375,NDVI
dataflow,PSOLAN:DF_GREEN_SPACE(1.0),I,E01019988,NDVI_MEAN,2024,0.5034,NDVI
dataflow,PSOLAN:DF_GREEN_SPACE(1.0),I,E01019989,NDVI_MEAN,2024,0.4278,NDVI
dataflow,PSOLAN:DF_GREEN_SPACE(1.0),I,E01019990,NDVI_MEAN,2024,0.7777,NDVI
dataflow,PSOLAN:DF_GREEN_SPACE(1.0),I,E01019991,NDVI_MEAN,2024,0.6024,NDVI
dataflow,PSOLAN:DF_GREEN_SPACE(1.0),I,E01019992,NDVI_MEAN,2024,0.528,NDVI
dataflow,PSOLAN:DF_GREEN_SPACE(1.0),I,E01019993,NDVI_MEAN,2024,0.8053,NDVI
dataflow,PSOLAN:DF_GREEN_SPACE(1.0),I,E01019994,NDVI_MEAN,2024,0.5712,NDVI
dataflow,PSOLAN:DF_GREEN_SPACE(1.0),I,E01019995,NDVI_MEAN,2024,0.355,NDVI
dataflow,PSOLAN:DF_GREEN_SPACE(1.0),I,E01019996,NDVI_MEAN,2024,0.4947,NDVI
dataflow,PSOLAN:DF_GREEN_SPACE(1.0),I,E01019997,NDVI_MEAN,2024,0.3755,NDVI
dataflow,PSOLAN:DF_GREEN_SPACE(1.0),I,E01019998,NDVI_MEAN,2024,0.6326,NDVI
dataflow,PSOLAN:DF_GREEN_SPACE(1.0),I,E01019999,NDVI_MEAN,2024,0.6106,NDVI
dataflow,PSOLAN:DF_GREEN_SPACE(1.0),I,E01020000,NDVI_MEAN,2024,0.5558,NDVI
dataflow,PSOLAN:DF_GREEN_SPACE(1.0),I,E01020001,NDVI_MEAN,2024,0.8283,NDVI
dataflow,PSOLAN:DF_GREEN_SPACE(1.0),I,E01020002,NDVI_MEAN,2024,0.635,NDVI
dataflow,PSOLAN:DF_GREEN_SPACE(1.0),I,E01020003,NDVI_MEAN,2024,0.606,NDVI
dataflow,PSOLAN:DF_GREEN_SPACE(1.0),I,E01020004,NDVI_MEAN,2024,0.5108,NDVI
dataflow,PSOLAN:DF_GREEN_SPACE(1.0),I,E01020005,NDVI_MEAN,2024,0.4808,NDVI
dataflow,PSOLAN:DF_GREEN_SPACE(1.0),I,E01020006,NDVI_MEAN,2024,0.5079,NDVI
dataflow,PSOLAN:DF_GREEN_SPACE(1.0),I,E01020007,NDVI_MEAN,2024,0.4683,NDVI
dataflow,PSOLAN:DF_GREEN_SPACE(1.0),I,E01020008,NDVI_MEAN,2024,0.3979,NDVI
dataflow,PSOLAN:DF_GREEN_SPACE(1.0),I,E01020009,NDVI_MEAN,2024,0.5582,NDVI
dataflow,PSOLAN:DF_GREEN_SPACE(1.0),I,E01020010,NDVI_MEAN,2024,0.5798,NDVI
dataflow,PSOLAN:DF_GREEN_SPACE(1.0),I,E01020011,NDVI_MEAN,2024,0.7019,NDVI
dataflow,PSOLAN:DF_GREEN_SPACE(1.0),I,E01020012,NDVI_MEAN,2024,0.6229,NDVI
dataflow,PSOLAN:DF_GREEN_SPACE(1.0),I,E01020013,NDVI_MEAN,2024,0.4398,NDVI
dataflow,PSOLAN:DF_GREEN_SPACE(1.0),I,E01020014,NDVI_MEAN,2024,0.4845,NDVI
dataflow,PSOLAN:DF_GREEN_SPACE(1.0),I,E01020015,NDVI_MEAN,2024,0.5738,NDVI
dataflow,PSOLAN:DF_GREEN_SPACE(1.0),I,E01020017,NDVI_MEAN,2024,0.4564,NDVI
dataflow,PSOLAN:DF_GREEN_SPACE(1.0),I,E01020018,NDVI_MEAN,2024,0.4139,NDVI
dataflow,PSOLAN:DF_GREEN_SPACE(1.0),I,E01020019,NDVI_MEAN,2024,0.4856,NDVI
dataflow,PSOLAN:DF_GREEN_SPACE(1.0),I,E01020020,NDVI_MEAN,2024,0.4913,NDVI
dataflow,PSOLAN:DF_GREEN_SPACE(1.0),I,E01020021,NDVI_MEAN,2024,0.6654,NDVI
dataflow,PSOLAN:DF_GREEN_SPACE(1.0),I,E01020022,NDVI_MEAN,2024,0.4019,NDVI
dataflow,PSOLAN:DF_GREEN_SPACE(1.0),I,E01020023,NDVI_MEAN,2024,0.5685,NDVI
dataflow,PSOLAN:DF_GREEN_SPACE(1.0),I,E01020024,NDVI_MEAN,2024,0.562,NDVI
dataflow,PSOLAN:DF_GREEN_SPACE(1.0),I,E01020025,NDVI_MEAN,2024,0.4696,NDVI
dataflow,PSOLAN:DF_GREEN_SPACE(1.0),I,E01020026,NDVI_MEAN,2024,0.495,NDVI
dataflow,PSOLAN:DF_GREEN_SPACE(1.0),I,E01020027,NDVI_MEAN,2024,0.6456,NDVI
dataflow,PSOLAN:DF_GREEN_SPACE(1.0),I,E01020029,NDVI_MEAN,2024,0.4237,NDVI
dataflow,PSOLAN:DF_GREEN_SPACE(1.0),I,E01020030,NDVI_MEAN,2024,0.3921,NDVI
dataflow,PSOLAN:DF_GREEN_SPACE(1.0),I,E01020031,NDVI_MEAN,2024,0.4222,NDVI
dataflow,PSOLAN:DF_GREEN_SPACE(1.0),I,E01020032,NDVI_MEAN,2024,0.4298,NDVI
dataflow,PSOLAN:DF_GREEN_SPACE(1.0),I,E01020036,NDVI_MEAN,2024,0.6023,NDVI
dataflow,PSOLAN:DF_GREEN_SPACE(1.0),I,E01020037,NDVI_MEAN,2024,0.5346,NDVI
dataflow,PSOLAN:DF_GREEN_SPACE(1.0),I,E01020038,NDVI_MEAN,2024,0.5287,NDVI
dataflow,PSOLAN:DF_GREEN_SPACE(1.0),I,E01020039,NDVI_MEAN,2024,0.5544,NDVI
dataflow,PSOLAN:DF_GREEN_SPACE(1.0),I,E01020040,NDVI_MEAN,2024,0.5817,NDVI
dataflow,PSOLAN:DF_GREEN_SPACE(1.0),I,E01020041,NDVI_MEAN,2024,0.6958,NDVI
dataflow,PSOLAN:DF_GREEN_SPACE(1.0),I,E01020042,NDVI_MEAN,2024,0.5606,NDVI
dataflow,PSOLAN:DF_GREEN_SPACE(1.0),I,E01020043,NDVI_MEAN,2024,0.7324,NDVI
dataflow,PSOLAN:DF_GREEN_SPACE(1.0),I,E01020044,NDVI_MEAN,2024,0.7962,NDVI
dataflow,PSOLAN:DF_GREEN_SPACE(1.0),I,E01020045,NDVI_MEAN,2024,0.7183,NDVI
dataflow,PSOLAN:DF_GREEN_SPACE(1.0),I,E01020046,NDVI_MEAN,2024,0.7823,NDVI
dataflow,PSOLAN:DF_GREEN_SPACE(1.0),I,E01020047,NDVI_MEAN,2024,0.8277,NDVI
dataflow,PSOLAN:DF_GREEN_SPACE(1.0),I,E01020048,NDVI_MEAN,2024,0.5477,NDVI
dataflow,PSOLAN:DF_GREEN_SPACE(1.0),I,E01020049,NDVI_MEAN,2024,0.8226,NDVI
dataflow,PSOLAN:DF_GREEN_SPACE(1.0),I,E01020050,NDVI_MEAN,2024,0.84,NDVI
dataflow,PSOLAN:DF_GREEN_SPACE(1.0),I,E01020051,NDVI_MEAN,2024,0.7286,NDVI
dataflow,PSOLAN:DF_GREEN_SPACE(1.0),I,E01020052,NDVI_MEAN,2024,0.7202,NDVI
dataflow,PSOLAN:DF_GREEN_SPACE(1.0),I,E01020053,NDVI_MEAN,2024,0.5348,NDVI
dataflow,PSOLAN:DF_GREEN_SPACE(1.0),I,E01020054,NDVI_MEAN,2024,0.5974,NDVI
dataflow,PSOLAN:DF_GREEN_SPACE(1.0),I,E01020055,NDVI_MEAN,2024,0.6457,NDVI
dataflow,PSOLAN:DF_GREEN_SPACE(1.0),I,E01020056,NDVI_MEAN,2024,0.728,NDVI
dataflow,PSOLAN:DF_GREEN_SPACE(1.0),I,E01020057,NDVI_MEAN,2024,0.4971,NDVI
dataflow,PSOLAN:DF_GREEN_SPACE(1.0),I,E01020058,NDVI_MEAN,2024,0.4916,NDVI
dataflow,PSOLAN:DF_GREEN_SPACE(1.0),I,E01020059,NDVI_MEAN,2024,0.725,NDVI
dataflow,PSOLAN:DF_GREEN_SPACE(1.0),I,E01020060,NDVI_MEAN,2024,0.5376,NDVI
dataflow,PSOLAN:DF_GREEN_SPACE(1.0),I,E01020061,NDVI_MEAN,2024,0.6395,NDVI
dataflow,PSOLAN:DF_GREEN_SPACE(1.0),I,E01020062,NDVI_MEAN,2024,0.6991,NDVI
dataflow,PSOLAN:DF_GREEN_SPACE(1.0),I,E01020063,NDVI_MEAN,2024,0.7258,NDVI
dataflow,PSOLAN:DF_GREEN_SPACE(1.0),I,E01020064,NDVI_MEAN,2024,0.6403,NDVI
dataflow,PSOLAN:DF_GREEN_SPACE(1.0),I,E01020065,NDVI_MEAN,2024,0.5449,NDVI
dataflow,PSOLAN:DF_GREEN_SPACE(1.0),I,E01020067,NDVI_MEAN,2024,0.5202,NDVI
dataflow,PSOLAN:DF_GREEN_SPACE(1.0),I,E01020068,NDVI_MEAN,2024,0.7386,NDVI
dataflow,PSOLAN:DF_GREEN_SPACE(1.0),I,E01020069,NDVI_MEAN,2024,0.7697,NDVI
dataflow,PSOLAN:DF_GREEN_SPACE(1.0),I,E01020070,NDVI_MEAN,2024,0.7737,NDVI
dataflow,PSOLAN:DF_GREEN_SPACE(1.0),I,E01020071,NDVI_MEAN,2024,0.7507,NDVI
dataflow,PSOLAN:DF_GREEN_SPACE(1.0),I,E01020072,NDVI_MEAN,2024,0.7717,NDVI
dataflow,PSOLAN:DF_GREEN_SPACE(1.0),I,E01020073,NDVI_MEAN,2024,0.7704,NDVI
dataflow,PSOLAN:DF_GREEN_SPACE(1.0),I,E01020074,NDVI_MEAN,2024,0.7746,NDVI
dataflow,PSOLAN:DF_GREEN_SPACE(1.0),I,E01020075,NDVI_MEAN,2024,0.7872,NDVI
dataflow,PSOLAN:DF_GREEN_SPACE(1.0),I,E01020076,NDVI_MEAN,2024,0.7458,NDVI
dataflow,PSOLAN:DF_GREEN_SPACE(1.0),I,E01020077,NDVI_MEAN,2024,0.7904,NDVI
dataflow,PSOLAN:DF_GREEN_SPACE(1.0),I,E01020078,NDVI_MEAN,2024,0.4273,NDVI
dataflow,PSOLAN:DF_GREEN_SPACE(1.0),I,E01020079,NDVI_MEAN,2024,0.7067,NDVI
dataflow,PSOLAN:DF_GREEN_SPACE(1.0),I,E01020080,NDVI_MEAN,2024,0.7924,NDVI
dataflow,PSOLAN:DF_GREEN_SPACE(1.0),I,E01020081,NDVI_MEAN,2024,0.8349,NDVI
dataflow,PSOLAN:DF_GREEN_SPACE(1.0),I,E01020082,NDVI_MEAN,2024,0.824,NDVI
dataflow,PSOLAN:DF_GREEN_SPACE(1.0),I,E01020083,NDVI_MEAN,2024,0.7489,NDVI
dataflow,PSOLAN:DF_GREEN_SPACE(1.0),I,E01020084,NDVI_MEAN,2024,0.5311,NDVI
dataflow,PSOLAN:DF_GREEN_SPACE(1.0),I,E01020085,NDVI_MEAN,2024,0.4059,NDVI
dataflow,PSOLAN:DF_GREEN_SPACE(1.0),I,E01020087,NDVI_MEAN,2024,0.7952,NDVI
dataflow,PSOLAN:DF_GREEN_SPACE(1.0),I,E01020088,NDVI_MEAN,2024,0.7997,NDVI
dataflow,PSOLAN:DF_GREEN_SPACE(1.0),I,E01020089,NDVI_MEAN,2024,0.5147,NDVI
dataflow,PSOLAN:DF_GREEN_SPACE(1.0),I,E01020090,NDVI_MEAN,2024,0.7462,NDVI
dataflow,PSOLAN:DF_GREEN_SPACE(1.0),I,E01020091,NDVI_MEAN,2024,0.7113,NDVI
dataflow,PSOLAN:DF_GREEN_SPACE(1.0),I,E01020092,NDVI_MEAN,2024,0.652,NDVI
dataflow,PSOLAN:DF_GREEN_SPACE(1.0),I,E01020093,NDVI_MEAN,2024,0.5353,NDVI
dataflow,PSOLAN:DF_GREEN_SPACE(1.0),I,E01020094,NDVI_MEAN,2024,0.2738,NDVI
dataflow,PSOLAN:DF_GREEN_SPACE(1.0),I,E01020095,NDVI_MEAN,2024,0.3701,NDVI
dataflow,PSOLAN:DF_GREEN_SPACE(1.0),I,E01020096,NDVI_MEAN,2024,0.368,NDVI
dataflow,PSOLAN:DF_GREEN_SPACE(1.0),I,E01020097,NDVI_MEAN,2024,0.7582,NDVI
dataflow,PSOLAN:DF_GREEN_SPACE(1.0),I,E01020098,NDVI_MEAN,2024,0.7915,NDVI
dataflow,PSOLAN:DF_GREEN_SPACE(1.0),I,E01020099,NDVI_MEAN,2024,0.8106,NDVI
dataflow,PSOLAN:DF_GREEN_SPACE(1.0),I,E01020100,NDVI_MEAN,2024,0.8353,NDVI
dataflow,PSOLAN:DF_GREEN_SPACE(1.0),I,E01020101,NDVI_MEAN,2024,0.6873,NDVI
dataflow,PSOLAN:DF_GREEN_SPACE(1.0),I,E01020102,NDVI_MEAN,2024,0.4883,NDVI
dataflow,PSOLAN:DF_GREEN_SPACE(1.0),I,E01020103,NDVI_MEAN,2024,0.4671,NDVI
dataflow,PSOLAN:DF_GREEN_SPACE(1.0),I,E01020104,NDVI_MEAN,2024,0.4571,NDVI
dataflow,PSOLAN:DF_GREEN_SPACE(1.0),I,E01020105,NDVI_MEAN,2024,0.6285,NDVI
dataflow,PSOLAN:DF_GREEN_SPACE(1.0),I,E01020106,NDVI_MEAN,2024,0.6641,NDVI
dataflow,PSOLAN:DF_GREEN_SPACE(1.0),I,E01020107,NDVI_MEAN,2024,0.7426,NDVI
dataflow,PSOLAN:DF_GREEN_SPACE(1.0),I,E01020108,NDVI_MEAN,2024,0.7715,NDVI
dataflow,PSOLAN:DF_GREEN_SPACE(1.0),I,E01020109,NDVI_MEAN,2024,0.7444,NDVI
dataflow,PSOLAN:DF_GREEN_SPACE(1.0),I,E01020110,NDVI_MEAN,2024,0.6601,NDVI
dataflow,PSOLAN:DF_GREEN_SPACE(1.0),I,E01020111,NDVI_MEAN,2024,0.4852,NDVI
dataflow,PSOLAN:DF_GREEN_SPACE(1.0),I,E01020112,NDVI_MEAN,2024,0.4195,NDVI
dataflow,PSOLAN:DF_GREEN_SPACE(1.0),I,E01020113,NDVI_MEAN,2024,0.7001,NDVI
dataflow,PSOLAN:DF_GREEN_SPACE(1.0),I,E01020114,NDVI_MEAN,2024,0.6218,NDVI
dataflow,PSOLAN:DF_GREEN_SPACE(1.0),I,E01020115,NDVI_MEAN,2024,0.8041,NDVI
dataflow,PSOLAN:DF_GREEN_SPACE(1.0),I,E01020116,NDVI_MEAN,2024,0.5503,NDVI
dataflow,PSOLAN:DF_GREEN_SPACE(1.0),I,E01020117,NDVI_MEAN,2024,0.8041,NDVI
dataflow,PSOLAN:DF_GREEN_SPACE(1.0),I,E01020118,NDVI_MEAN,2024,0.762,NDVI
dataflow,PSOLAN:DF_GREEN_SPACE(1.0),I,E01020119,NDVI_MEAN,2024,0.7196,NDVI
dataflow,PSOLAN:DF_GREEN_SPACE(1.0),I,E01020120,NDVI_MEAN,2024,0.7283,NDVI
dataflow,PSOLAN:DF_GREEN_SPACE(1.0),I,E01020121,NDVI_MEAN,2024,0.7297,NDVI
dataflow,PSOLAN:DF_GREEN_SPACE(1.0),I,E01020122,NDVI_MEAN,2024,0.7015,NDVI
dataflow,PSOLAN:DF_GREEN_SPACE(1.0),I,E01020123,NDVI_MEAN,2024,0.6123,NDVI
dataflow,PSOLAN:DF_GREEN_SPACE(1.0),I,E01020124,NDVI_MEAN,2024,0.4789,NDVI
dataflow,PSOLAN:DF_GREEN_SPACE(1.0),I,E01020125,NDVI_MEAN,2024,0.5216,NDVI
dataflow,PSOLAN:DF_GREEN_SPACE(1.0),I,E01020126,NDVI_MEAN,2024,0.8042,NDVI
dataflow,PSOLAN:DF_GREEN_SPACE(1.0),I,E01020127,NDVI_MEAN,2024,0.7833,NDVI
dataflow,PSOLAN:DF_GREEN_SPACE(1.0),I,E01020128,NDVI_MEAN,2024,0.6208,NDVI
dataflow,PSOLAN:DF_GREEN_SPACE(1.0),I,E01020129,NDVI_MEAN,2024,0.4147,NDVI
dataflow,PSOLAN:DF_GREEN_SPACE(1.0),I,E01020130,NDVI_MEAN,2024,0.3583,NDVI
dataflow,PSOLAN:DF_GREEN_SPACE(1.0),I,E01020131,NDVI_MEAN,2024,0.8254,NDVI
dataflow,PSOLAN:DF_GREEN_SPACE(1.0),I,E01020132,NDVI_MEAN,2024,0.5154,NDVI
dataflow,PSOLAN:DF_GREEN_SPACE(1.0),I,E01020133,NDVI_MEAN,2024,0.5219,NDVI
dataflow,PSOLAN:DF_GREEN_SPACE(1.0),I,E01020134,NDVI_MEAN,2024,0.5732,NDVI
dataflow,PSOLAN:DF_GREEN_SPACE(1.0),I,E01020135,NDVI_MEAN,2024,0.5771,NDVI
dataflow,PSOLAN:DF_GREEN_SPACE(1.0),I,E01020136,NDVI_MEAN,2024,0.7223,NDVI
dataflow,PSOLAN:DF_GREEN_SPACE(1.0),I,E01020137,NDVI_MEAN,2024,0.6048,NDVI
dataflow,PSOLAN:DF_GREEN_SPACE(1.0),I,E01020138,NDVI_MEAN,2024,0.8184,NDVI
dataflow,PSOLAN:DF_GREEN_SPACE(1.0),I,E01020139,NDVI_MEAN,2024,0.4083,NDVI
dataflow,PSOLAN:DF_GREEN_SPACE(1.0),I,E01020140,NDVI_MEAN,2024,0.6567,NDVI
dataflow,PSOLAN:DF_GREEN_SPACE(1.0),I,E01020141,NDVI_MEAN,2024,0.6151,NDVI
dataflow,PSOLAN:DF_GREEN_SPACE(1.0),I,E01020142,NDVI_MEAN,2024,0.8085,NDVI
dataflow,PSOLAN:DF_GREEN_SPACE(1.0),I,E01020143,NDVI_MEAN,2024,0.7938,NDVI
dataflow,PSOLAN:DF_GREEN_SPACE(1.0),I,E01020144,NDVI_MEAN,2024,0.6846,NDVI
dataflow,PSOLAN:DF_GREEN_SPACE(1.0),I,E01020145,NDVI_MEAN,2024,0.7574,NDVI
dataflow,PSOLAN:DF_GREEN_SPACE(1.0),I,E01020146,NDVI_MEAN,2024,0.8232,NDVI
dataflow,PSOLAN:DF_GREEN_SPACE(1.0),I,E01020147,NDVI_MEAN,2024,0.7956,NDVI
dataflow,PSOLAN:DF_GREEN_SPACE(1.0),I,E01020148,NDVI_MEAN,2024,0.7952,NDVI
dataflow,PSOLAN:DF_GREEN_SPACE(1.0),I,E01020149,NDVI_MEAN,2024,0.7612,NDVI
dataflow,PSOLAN:DF_GREEN_SPACE(1.0),I,E01020150,NDVI_MEAN,2024,0.8009,NDVI
dataflow,PSOLAN:DF_GREEN_SPACE(1.0),I,E01020151,NDVI_MEAN,2024,0.7517,NDVI
dataflow,PSOLAN:DF_GREEN_SPACE(1.0),I,E01020152,NDVI_MEAN,2024,0.4963,NDVI
dataflow,PSOLAN:DF_GREEN_SPACE(1.0),I,E01020153,NDVI_MEAN,2024,0.8168,NDVI
dataflow,PSOLAN:DF_GREEN_SPACE(1.0),I,E01020154,NDVI_MEAN,2024,0.8269,NDVI
dataflow,PSOLAN:DF_GREEN_SPACE(1.0),I,E01020155,NDVI_MEAN,2024,0.422,NDVI
dataflow,PSOLAN:DF_GREEN_SPACE(1.0),I,E01020156,NDVI_MEAN,2024,0.7847,NDVI
dataflow,PSOLAN:DF_GREEN_SPACE(1.0),I,E01020157,NDVI_MEAN,2024,0.8055,NDVI
dataflow,PSOLAN:DF_GREEN_SPACE(1.0),I,E01020158,NDVI_MEAN,2024,0.8021,NDVI
dataflow,PSOLAN:DF_GREEN_SPACE(1.0),I,E01020159,NDVI_MEAN,2024,0.8063,NDVI
dataflow,PSOLAN:DF_GREEN_SPACE(1.0),I,E01020160,NDVI_MEAN,2024,0.8051,NDVI
dataflow,PSOLAN:DF_GREEN_SPACE(1.0),I,E01020161,NDVI_MEAN,2024,0.5966,NDVI
dataflow,PSOLAN:DF_GREEN_SPACE(1.0),I,E01020162,NDVI_MEAN,2024,0.5924,NDVI
dataflow,PSOLAN:DF_GREEN_SPACE(1.0),I,E01020163,NDVI_MEAN,2024,0.5985,NDVI
dataflow,PSOLAN:DF_GREEN_SPACE(1.0),I,E01020164,NDVI_MEAN,2024,0.5687,NDVI
dataflow,PSOLAN:DF_GREEN_SPACE(1.0),I,E01020165,NDVI_MEAN,2024,0.5348,NDVI
dataflow,PSOLAN:DF_GREEN_SPACE(1.0),I,E01020166,NDVI_MEAN,2024,0.5399,NDVI
dataflow,PSOLAN:DF_GREEN_SPACE(1.0),I,E01020167,NDVI_MEAN,2024,0.6772,NDVI
dataflow,PSOLAN:DF_GREEN_SPACE(1.0),I,E01020168,NDVI_MEAN,2024,0.7381,NDVI
dataflow,PSOLAN:DF_GREEN_SPACE(1.0),I,E01020169,NDVI_MEAN,2024,0.7307,NDVI
dataflow,PSOLAN:DF_GREEN_SPACE(1.0),I,E01020170,NDVI_MEAN,2024,0.7799,NDVI
dataflow,PSOLAN:DF_GREEN_SPACE(1.0),I,E01020171,NDVI_MEAN,2024,0.8046,NDVI
dataflow,PSOLAN:DF_GREEN_SPACE(1.0),I,E01020172,NDVI_MEAN,2024,0.789,NDVI
dataflow,PSOLAN:DF_GREEN_SPACE(1.0),I,E01020173,NDVI_MEAN,2024,0.7416,NDVI
dataflow,PSOLAN:DF_GREEN_SPACE(1.0),I,E01020174,NDVI_MEAN,2024,0.8034,NDVI
dataflow,PSOLAN:DF_GREEN_SPACE(1.0),I,E01020175,NDVI_MEAN,2024,0.797,NDVI
dataflow,PSOLAN:DF_GREEN_SPACE(1.0),I,E01020176,NDVI_MEAN,2024,0.7975,NDVI
dataflow,PSOLAN:DF_GREEN_SPACE(1.0),I,E01020177,NDVI_MEAN,2024,0.7436,NDVI
dataflow,PSOLAN:DF_GREEN_SPACE(1.0),I,E01020178,NDVI_MEAN,2024,0.7639,NDVI
dataflow,PSOLAN:DF_GREEN_SPACE(1.0),I,E01020179,NDVI_MEAN,2024,0.7817,NDVI
dataflow,PSOLAN:DF_GREEN_SPACE(1.0),I,E01020180,NDVI_MEAN,2024,0.6156,NDVI
dataflow,PSOLAN:DF_GREEN_SPACE(1.0),I,E01020181,NDVI_MEAN,2024,0.5781,NDVI
dataflow,PSOLAN:DF_GREEN_SPACE(1.0),I,E01020182,NDVI_MEAN,2024,0.7184,NDVI
dataflow,PSOLAN:DF_GREEN_SPACE(1.0),I,E01020183,NDVI_MEAN,2024,0.4283,NDVI
dataflow,PSOLAN:DF_GREEN_SPACE(1.0),I,E01020184,NDVI_MEAN,2024,0.7807,NDVI
dataflow,PSOLAN:DF_GREEN_SPACE(1.0),I,E01020185,NDVI_MEAN,2024,0.7429,NDVI
dataflow,PSOLAN:DF_GREEN_SPACE(1.0),I,E01020186,NDVI_MEAN,2024,0.786,NDVI
dataflow,PSOLAN:DF_GREEN_SPACE(1.0),I,E01020187,NDVI_MEAN,2024,0.7591,NDVI
dataflow,PSOLAN:DF_GREEN_SPACE(1.0),I,E01020188,NDVI_MEAN,2024,0.8162,NDVI
dataflow,PSOLAN:DF_GREEN_SPACE(1.0),I,E01020189,NDVI_MEAN,2024,0.7511,NDVI
dataflow,PSOLAN:DF_GREEN_SPACE(1.0),I,E01020190,NDVI_MEAN,2024,0.8233,NDVI
dataflow,PSOLAN:DF_GREEN_SPACE(1.0),I,E01020191,NDVI_MEAN,2024,0.8369,NDVI
dataflow,PSOLAN:DF_GREEN_SPACE(1.0),I,E01020192,NDVI_MEAN,2024,0.7856,NDVI
dataflow,PSOLAN:DF_GREEN_SPACE(1.0),I,E01020193,NDVI_MEAN,2024,0.8059,NDVI
dataflow,PSOLAN:DF_GREEN_SPACE(1.0),I,E01020194,NDVI_MEAN,2024,0.7752,NDVI
dataflow,PSOLAN:DF_GREEN_SPACE(1.0),I,E01020195,NDVI_MEAN,2024,0.7872,NDVI
dataflow,PSOLAN:DF_GREEN_SPACE(1.0),I,E01020196,NDVI_MEAN,2024,0.7844,NDVI
dataflow,PSOLAN:DF_GREEN_SPACE(1.0),I,E01020197,NDVI_MEAN,2024,0.8218,NDVI
dataflow,PSOLAN:DF_GREEN_SPACE(1.0),I,E01020198,NDVI_MEAN,2024,0.7395,NDVI
dataflow,PSOLAN:DF_GREEN_SPACE(1.0),I,E01020199,NDVI_MEAN,2024,0.8319,NDVI
dataflow,PSOLAN:DF_GREEN_SPACE(1.0),I,E01020200,NDVI_MEAN,2024,0.7827,NDVI
dataflow,PSOLAN:DF_GREEN_SPACE(1.0),I,E01020201,NDVI_MEAN,2024,0.7646,NDVI
dataflow,PSOLAN:DF_GREEN_SPACE(1.0),I,E01020202,NDVI_MEAN,2024,0.714,NDVI
dataflow,PSOLAN:DF_GREEN_SPACE(1.0),I,E01020203,NDVI_MEAN,2024,0.7534,NDVI
dataflow,PSOLAN:DF_GREEN_SPACE(1.0),I,E01020204,NDVI_MEAN,2024,0.4227,NDVI
dataflow,PSOLAN:DF_GREEN_SPACE(1.0),I,E01020205,NDVI_MEAN,2024,0.8418,NDVI
dataflow,PSOLAN:DF_GREEN_SPACE(1.0),I,E01020206,NDVI_MEAN,2024,0.6283,NDVI
dataflow,PSOLAN:DF_GREEN_SPACE(1.0),I,E01020208,NDVI_MEAN,2024,0.5066,NDVI
dataflow,PSOLAN:DF_GREEN_SPACE(1.0),I,E01020209,NDVI_MEAN,2024,0.7173,NDVI
dataflow,PSOLAN:DF_GREEN_SPACE(1.0),I,E01020210,NDVI_MEAN,2024,0.6244,NDVI
dataflow,PSOLAN:DF_GREEN_SPACE(1.0),I,E01020211,NDVI_MEAN,2024,0.6332,NDVI
dataflow,PSOLAN:DF_GREEN_SPACE(1.0),I,E01020212,NDVI_MEAN,2024,0.4666,NDVI
dataflow,PSOLAN:DF_GREEN_SPACE(1.0),I,E01020213,NDVI_MEAN,2024,0.5086,NDVI
dataflow,PSOLAN:DF_GREEN_SPACE(1.0),I,E01020214,NDVI_MEAN,2024,0.5912,NDVI
dataflow,PSOLAN:DF_GREEN_SPACE(1.0),I,E01020215,NDVI_MEAN,2024,0.6659,NDVI
dataflow,PSOLAN:DF_GREEN_SPACE(1.0),I,E01020216,NDVI_MEAN,2024,0.4777,NDVI
dataflow,PSOLAN:DF_GREEN_SPACE(1.0),I,E01020217,NDVI_MEAN,2024,0.4182,NDVI
dataflow,PSOLAN:DF_GREEN_SPACE(1.0),I,E01020218,NDVI_MEAN,2024,0.2104,NDVI
dataflow,PSOLAN:DF_GREEN_SPACE(1.0),I,E01020219,NDVI_MEAN,2024,0.6285,NDVI
dataflow,PSOLAN:DF_GREEN_SPACE(1.0),I,E01020220,NDVI_MEAN,2024,0.7791,NDVI
dataflow,PSOLAN:DF_GREEN_SPACE(1.0),I,E01020221,NDVI_MEAN,2024,0.824,NDVI
dataflow,PSOLAN:DF_GREEN_SPACE(1.0),I,E01020222,NDVI_MEAN,2024,0.6521,NDVI
dataflow,PSOLAN:DF_GREEN_SPACE(1.0),I,E01020223,NDVI_MEAN,2024,0.7969,NDVI
dataflow,PSOLAN:DF_GREEN_SPACE(1.0),I,E01020224,NDVI_MEAN,2024,0.3847,NDVI
dataflow,PSOLAN:DF_GREEN_SPACE(1.0),I,E01020225,NDVI_MEAN,2024,0.602,NDVI
dataflow,PSOLAN:DF_GREEN_SPACE(1.0),I,E01020226,NDVI_MEAN,2024,0.7399,NDVI
dataflow,PSOLAN:DF_GREEN_SPACE(1.0),I,E01020227,NDVI_MEAN,2024,0.7028,NDVI
dataflow,PSOLAN:DF_GREEN_SPACE(1.0),I,E01020228,NDVI_MEAN,2024,0.4327,NDVI
dataflow,PSOLAN:DF_GREEN_SPACE(1.0),I,E01020230,NDVI_MEAN,2024,0.7154,NDVI
dataflow,PSOLAN:DF_GREEN_SPACE(1.0),I,E01020231,NDVI_MEAN,2024,0.6068,NDVI
dataflow,PSOLAN:DF_GREEN_SPACE(1.0),I,E01020232,NDVI_MEAN,2024,0.584,NDVI
dataflow,PSOLAN:DF_GREEN_SPACE(1.0),I,E01020233,NDVI_MEAN,2024,0.7137,NDVI
dataflow,PSOLAN:DF_GREEN_SPACE(1.0),I,E01020234,NDVI_MEAN,2024,0.5652,NDVI
dataflow,PSOLAN:DF_GREEN_SPACE(1.0),I,E01020235,NDVI_MEAN,2024,0.8309,NDVI
dataflow,PSOLAN:DF_GREEN_SPACE(1.0),I,E01020236,NDVI_MEAN,2024,0.7777,NDVI
dataflow,PSOLAN:DF_GREEN_SPACE(1.0),I,E01020237,NDVI_MEAN,2024,0.7967,NDVI
dataflow,PSOLAN:DF_GREEN_SPACE(1.0),I,E01020238,NDVI_MEAN,2024,0.5919,NDVI
dataflow,PSOLAN:DF_GREEN_SPACE(1.0),I,E01020239,NDVI_MEAN,2024,0.7494,NDVI
dataflow,PSOLAN:DF_GREEN_SPACE(1.0),I,E01020240,NDVI_MEAN,2024,0.7876,NDVI
dataflow,PSOLAN:DF_GREEN_SPACE(1.0),I,E01020241,NDVI_MEAN,2024,0.7584,NDVI
dataflow,PSOLAN:DF_GREEN_SPACE(1.0),I,E01020242,NDVI_MEAN,2024,0.7301,NDVI
dataflow,PSOLAN:DF_GREEN_SPACE(1.0),I,E01020243,NDVI_MEAN,2024,0.765,NDVI
dataflow,PSOLAN:DF_GREEN_SPACE(1.0),I,E01020244,NDVI_MEAN,2024,0.7695,NDVI
dataflow,PSOLAN:DF_GREEN_SPACE(1.0),I,E01020245,NDVI_MEAN,2024,0.8072,NDVI
dataflow,PSOLAN:DF_GREEN_SPACE(1.0),I,E01020246,NDVI_MEAN,2024,0.8127,NDVI
dataflow,PSOLAN:DF_GREEN_SPACE(1.0),I,E01020247,NDVI_MEAN,2024,0.6355,NDVI
dataflow,PSOLAN:DF_GREEN_SPACE(1.0),I,E01020248,NDVI_MEAN,2024,0.7845,NDVI
dataflow,PSOLAN:DF_GREEN_SPACE(1.0),I,E01020249,NDVI_MEAN,2024,0.6573,NDVI
dataflow,PSOLAN:DF_GREEN_SPACE(1.0),I,E01020250,NDVI_MEAN,2024,0.4897,NDVI
dataflow,PSOLAN:DF_GREEN_SPACE(1.0),I,E01020251,NDVI_MEAN,2024,0.7687,NDVI
dataflow,PSOLAN:DF_GREEN_SPACE(1.0),I,E01020252,NDVI_MEAN,2024,0.627,NDVI
dataflow,PSOLAN:DF_GREEN_SPACE(1.0),I,E01020253,NDVI_MEAN,2024,0.5649,NDVI
dataflow,PSOLAN:DF_GREEN_SPACE(1.0),I,E01020254,NDVI_MEAN,2024,0.4826,NDVI
dataflow,PSOLAN:DF_GREEN_SPACE(1.0),I,E01020255,NDVI_MEAN,2024,0.6362,NDVI
dataflow,PSOLAN:DF_GREEN_SPACE(1.0),I,E01020256,NDVI_MEAN,2024,0.6625,NDVI
dataflow,PSOLAN:DF_GREEN_SPACE(1.0),I,E01020257,NDVI_MEAN,2024,0.6479,NDVI
dataflow,PSOLAN:DF_GREEN_SPACE(1.0),I,E01020258,NDVI_MEAN,2024,0.8419,NDVI
dataflow,PSOLAN:DF_GREEN_SPACE(1.0),I,E01020259,NDVI_MEAN,2024,0.8114,NDVI
dataflow,PSOLAN:DF_GREEN_SPACE(1.0),I,E01020260,NDVI_MEAN,2024,0.7567,NDVI
dataflow,PSOLAN:DF_GREEN_SPACE(1.0),I,E01020261,NDVI_MEAN,2024,0.7863,NDVI
dataflow,PSOLAN:DF_GREEN_SPACE(1.0),I,E01020262,NDVI_MEAN,2024,0.8141,NDVI
dataflow,PSOLAN:DF_GREEN_SPACE(1.0),I,E01020263,NDVI_MEAN,2024,0.8042,NDVI
dataflow,PSOLAN:DF_GREEN_SPACE(1.0),I,E01020264,NDVI_MEAN,2024,0.4579,NDVI
dataflow,PSOLAN:DF_GREEN_SPACE(1.0),I,E01020265,NDVI_MEAN,2024,0.6916,NDVI
dataflow,PSOLAN:DF_GREEN_SPACE(1.0),I,E01020266,NDVI_MEAN,2024,0.591,NDVI
dataflow,PSOLAN:DF_GREEN_SPACE(1.0),I,E01020267,NDVI_MEAN,2024,0.6588,NDVI
dataflow,PSOLAN:DF_GREEN_SPACE(1.0),I,E01020268,NDVI_MEAN,2024,0.7456,NDVI
dataflow,PSOLAN:DF_GREEN_SPACE(1.0),I,E01020269,NDVI_MEAN,2024,0.249,NDVI
dataflow,PSOLAN:DF_GREEN_SPACE(1.0),I,E01020270,NDVI_MEAN,2024,0.6721,NDVI
dataflow,PSOLAN:DF_GREEN_SPACE(1.0),I,E01020271,NDVI_MEAN,2024,0.5169,NDVI
dataflow,PSOLAN:DF_GREEN_SPACE(1.0),I,E01020272,NDVI_MEAN,2024,0.6181,NDVI
dataflow,PSOLAN:DF_GREEN_SPACE(1.0),I,E01020273,NDVI_MEAN,2024,0.8198,NDVI
dataflow,PSOLAN:DF_GREEN_SPACE(1.0),I,E01020274,NDVI_MEAN,2024,0.8319,NDVI
dataflow,PSOLAN:DF_GREEN_SPACE(1.0),I,E01020275,NDVI_MEAN,2024,0.4529,NDVI
dataflow,PSOLAN:DF_GREEN_SPACE(1.0),I,E01020276,NDVI_MEAN,2024,0.6869,NDVI
dataflow,PSOLAN:DF_GREEN_SPACE(1.0),I,E01020277,NDVI_MEAN,2024,0.6308,NDVI
dataflow,PSOLAN:DF_GREEN_SPACE(1.0),I,E01020278,NDVI_MEAN,2024,0.7386,NDVI
dataflow,PSOLAN:DF_GREEN_SPACE(1.0),I,E01020279,NDVI_MEAN,2024,0.6582,NDVI
dataflow,PSOLAN:DF_GREEN_SPACE(1.0),I,E01020280,NDVI_MEAN,2024,0.383,NDVI
dataflow,PSOLAN:DF_GREEN_SPACE(1.0),I,E01020281,NDVI_MEAN,2024,0.6588,NDVI
dataflow,PSOLAN:DF_GREEN_SPACE(1.0),I,E01020282,NDVI_MEAN,2024,0.4825,NDVI
dataflow,PSOLAN:DF_GREEN_SPACE(1.0),I,E01020283,NDVI_MEAN,2024,0.6277,NDVI
dataflow,PSOLAN:DF_GREEN_SPACE(1.0),I,E01020284,NDVI_MEAN,2024,0.4559,NDVI
dataflow,PSOLAN:DF_GREEN_SPACE(1.0),I,E01020285,NDVI_MEAN,2024,0.4932,NDVI
dataflow,PSOLAN:DF_GREEN_SPACE(1.0),I,E01020286,NDVI_MEAN,2024,0.7642,NDVI
dataflow,PSOLAN:DF_GREEN_SPACE(1.0),I,E01020287,NDVI_MEAN,2024,0.7565,NDVI
dataflow,PSOLAN:DF_GREEN_SPACE(1.0),I,E01020288,NDVI_MEAN,2024,0.7773,NDVI
dataflow,PSOLAN:DF_GREEN_SPACE(1.0),I,E01020289,NDVI_MEAN,2024,0.7412,NDVI
dataflow,PSOLAN:DF_GREEN_SPACE(1.0),I,E01020290,NDVI_MEAN,2024,0.7457,NDVI
dataflow,PSOLAN:DF_GREEN_SPACE(1.0),I,E01020291,NDVI_MEAN,2024,0.7658,NDVI
dataflow,PSOLAN:DF_GREEN_SPACE(1.0),I,E01020292,NDVI_MEAN,2024,0.7811,NDVI
dataflow,PSOLAN:DF_GREEN_SPACE(1.0),I,E01020293,NDVI_MEAN,2024,0.738,NDVI
dataflow,PSOLAN:DF_GREEN_SPACE(1.0),I,E01020294,NDVI_MEAN,2024,0.5897,NDVI
dataflow,PSOLAN:DF_GREEN_SPACE(1.0),I,E01020295,NDVI_MEAN,2024,0.7648,NDVI
dataflow,PSOLAN:DF_GREEN_SPACE(1.0),I,E01020296,NDVI_MEAN,2024,0.753,NDVI
dataflow,PSOLAN:DF_GREEN_SPACE(1.0),I,E01020297,NDVI_MEAN,2024,0.454,NDVI
dataflow,PSOLAN:DF_GREEN_SPACE(1.0),I,E01020298,NDVI_MEAN,2024,0.6563,NDVI
dataflow,PSOLAN:DF_GREEN_SPACE(1.0),I,E01020299,NDVI_MEAN,2024,0.5552,NDVI
dataflow,PSOLAN:DF_GREEN_SPACE(1.0),I,E01020300,NDVI_MEAN,2024,0.6846,NDVI
dataflow,PSOLAN:DF_GREEN_SPACE(1.0),I,E01020301,NDVI_MEAN,2024,0.7572,NDVI
dataflow,PSOLAN:DF_GREEN_SPACE(1.0),I,E01020302,NDVI_MEAN,2024,0.7762,NDVI
dataflow,PSOLAN:DF_GREEN_SPACE(1.0),I,E01020303,NDVI_MEAN,2024,0.7612,NDVI
dataflow,PSOLAN:DF_GREEN_SPACE(1.0),I,E01020304,NDVI_MEAN,2024,0.6682,NDVI
dataflow,PSOLAN:DF_GREEN_SPACE(1.0),I,E01020305,NDVI_MEAN,2024,0.6278,NDVI
dataflow,PSOLAN:DF_GREEN_SPACE(1.0),I,E01020306,NDVI_MEAN,2024,0.5213,NDVI
dataflow,PSOLAN:DF_GREEN_SPACE(1.0),I,E01020307,NDVI_MEAN,2024,0.7444,NDVI
dataflow,PSOLAN:DF_GREEN_SPACE(1.0),I,E01020308,NDVI_MEAN,2024,0.768,NDVI
dataflow,PSOLAN:DF_GREEN_SPACE(1.0),I,E01020309,NDVI_MEAN,2024,0.7336,NDVI
dataflow,PSOLAN:DF_GREEN_SPACE(1.0),I,E01020311,NDVI_MEAN,2024,0.7828,NDVI
dataflow,PSOLAN:DF_GREEN_SPACE(1.0),I,E01020312,NDVI_MEAN,2024,0.7809,NDVI
dataflow,PSOLAN:DF_GREEN_SPACE(1.0),I,E01020313,NDVI_MEAN,2024,0.5412,NDVI
dataflow,PSOLAN:DF_GREEN_SPACE(1.0),I,E01020314,NDVI_MEAN,2024,0.7842,NDVI
dataflow,PSOLAN:DF_GREEN_SPACE(1.0),I,E01020315,NDVI_MEAN,2024,0.8087,NDVI
dataflow,PSOLAN:DF_GREEN_SPACE(1.0),I,E01020316,NDVI_MEAN,2024,0.8062,NDVI
dataflow,PSOLAN:DF_GREEN_SPACE(1.0),I,E01020317,NDVI_MEAN,2024,0.7958,NDVI
dataflow,PSOLAN:DF_GREEN_SPACE(1.0),I,E01020318,NDVI_MEAN,2024,0.8217,NDVI
dataflow,PSOLAN:DF_GREEN_SPACE(1.0),I,E01020319,NDVI_MEAN,2024,0.789,NDVI
dataflow,PSOLAN:DF_GREEN_SPACE(1.0),I,E01020320,NDVI_MEAN,2024,0.8109,NDVI
dataflow,PSOLAN:DF_GREEN_SPACE(1.0),I,E01020321,NDVI_MEAN,2024,0.75,NDVI
dataflow,PSOLAN:DF_GREEN_SPACE(1.0),I,E01020323,NDVI_MEAN,2024,0.685,NDVI
dataflow,PSOLAN:DF_GREEN_SPACE(1.0),I,E01020324,NDVI_MEAN,2024,0.787,NDVI
dataflow,PSOLAN:DF_GREEN_SPACE(1.0),I,E01020325,NDVI_MEAN,2024,0.7953,NDVI
dataflow,PSOLAN:DF_GREEN_SPACE(1.0),I,E01020326,NDVI_MEAN,2024,0.766,NDVI
dataflow,PSOLAN:DF_GREEN_SPACE(1.0),I,E01020327,NDVI_MEAN,2024,0.5641,NDVI
dataflow,PSOLAN:DF_GREEN_SPACE(1.0),I,E01020328,NDVI_MEAN,2024,0.6449,NDVI
dataflow,PSOLAN:DF_GREEN_SPACE(1.0),I,E01020329,NDVI_MEAN,2024,0.7729,NDVI
dataflow,PSOLAN:DF_GREEN_SPACE(1.0),I,E01020330,NDVI_MEAN,2024,0.6318,NDVI
dataflow,PSOLAN:DF_GREEN_SPACE(1.0),I,E01020331,NDVI_MEAN,2024,0.7697,NDVI
dataflow,PSOLAN:DF_GREEN_SPACE(1.0),I,E01020332,NDVI_MEAN,2024,0.5544,NDVI
dataflow,PSOLAN:DF_GREEN_SPACE(1.0),I,E01020333,NDVI_MEAN,2024,0.8138,NDVI
dataflow,PSOLAN:DF_GREEN_SPACE(1.0),I,E01020334,NDVI_MEAN,2024,0.7007,NDVI
dataflow,PSOLAN:DF_GREEN_SPACE(1.0),I,E01020335,NDVI_MEAN,2024,0.6623,NDVI
dataflow,PSOLAN:DF_GREEN_SPACE(1.0),I,E01020336,NDVI_MEAN,2024,0.7732,NDVI
dataflow,PSOLAN:DF_GREEN_SPACE(1.0),I,E01020337,NDVI_MEAN,2024,0.7799,NDVI
dataflow,PSOLAN:DF_GREEN_SPACE(1.0),I,E01020338,NDVI_MEAN,2024,0.6621,NDVI
dataflow,PSOLAN:DF_GREEN_SPACE(1.0),I,E01020339,NDVI_MEAN,2024,0.7789,NDVI
dataflow,PSOLAN:DF_GREEN_SPACE(1.0),I,E01020340,NDVI_MEAN,2024,0.8028,NDVI
dataflow,PSOLAN:DF_GREEN_SPACE(1.0),I,E01020341,NDVI_MEAN,2024,0.8362,NDVI
dataflow,PSOLAN:DF_GREEN_SPACE(1.0),I,E01020342,NDVI_MEAN,2024,0.7077,NDVI
dataflow,PSOLAN:DF_GREEN_SPACE(1.0),I,E01032628,NDVI_MEAN,2024,0.7522,NDVI
dataflow,PSOLAN:DF_GREEN_SPACE(1.0),I,E01032657,NDVI_MEAN,2024,0.3856,NDVI
dataflow,PSOLAN:DF_GREEN_SPACE(1.0),I,E01032658,NDVI_MEAN,2024,0.1707,NDVI
dataflow,PSOLAN:DF_GREEN_SPACE(1.0),I,E01033232,NDVI_MEAN,2024,0.4676,NDVI
dataflow,PSOLAN:DF_GREEN_SPACE(1.0),I,E01033234,NDVI_MEAN,2024,0.4379,NDVI
dataflow,PSOLAN:DF_GREEN_SPACE(1.0),I,E01033235,NDVI_MEAN,2024,0.5162,NDVI
dataflow,PSOLAN:DF_GREEN_SPACE(1.0),I,E01033236,NDVI_MEAN,2024,0.6573,NDVI
dataflow,PSOLAN:DF_GREEN_SPACE(1.0),I,E01034157,NDVI_MEAN,2024,0.7569,NDVI
dataflow,PSOLAN:DF_GREEN_SPACE(1.0),I,E01034158,NDVI_MEAN,2024,0.429,NDVI
dataflow,PSOLAN:DF_GREEN_SPACE(1.0),I,E01034159,NDVI_MEAN,2024,0.221,NDVI
dataflow,PSOLAN:DF_GREEN_SPACE(1.0),I,E01034160,NDVI_MEAN,2024,0.2749,NDVI
dataflow,PSOLAN:DF_GREEN_SPACE(1.0),I,E01034161,NDVI_MEAN,2024,0.4242,NDVI
dataflow,PSOLAN:DF_GREEN_SPACE(1.0),I,E01034162,NDVI_MEAN,2024,0.3646,NDVI
dataflow,PSOLAN:DF_GREEN_SPACE(1.0),I,E01034165,NDVI_MEAN,2024,0.6434,NDVI
dataflow,PSOLAN:DF_GREEN_SPACE(1.0),I,E01034166,NDVI_MEAN,2024,0.7253,NDVI
dataflow,PSOLAN:DF_GREEN_SPACE(1.0),I,E01034167,NDVI_MEAN,2024,0.7255,NDVI
dataflow,PSOLAN:DF_GREEN_SPACE(1.0),I,E01034168,NDVI_MEAN,2024,0.6505,NDVI
dataflow,PSOLAN:DF_GREEN_SPACE(1.0),I,E01034169,NDVI_MEAN,2024,0.6696,NDVI
dataflow,PSOLAN:DF_GREEN_SPACE(1.0),I,E01034170,NDVI_MEAN,2024,0.5904,NDVI
dataflow,PSOLAN:DF_GREEN_SPACE(1.0),I,E01034171,NDVI_MEAN,2024,0.6141,NDVI
dataflow,PSOLAN:DF_GREEN_SPACE(1.0),I,E01034172,NDVI_MEAN,2024,0.6742,NDVI
dataflow,PSOLAN:DF_GREEN_SPACE(1.0),I,E01034618,NDVI_MEAN,2024,0.5181,NDVI
dataflow,PSOLAN:DF_GREEN_SPACE(1.0),I,E01034619,NDVI_MEAN,2024,0.7967,NDVI
dataflow,PSOLAN:DF_GREEN_SPACE(1.0),I,E01034620,NDVI_MEAN,2024,0.687,NDVI
dataflow,PSOLAN:DF_GREEN_SPACE(1.0),I,E01034621,NDVI_MEAN,2024,0.6511,NDVI
dataflow,PSOLAN:DF_GREEN_SPACE(1.0),I,E01034622,NDVI_MEAN,2024,0.638,NDVI
dataflow,PSOLAN:DF_GREEN_SPACE(1.0),I,E01034623,NDVI_MEAN,2024,0.6612,NDVI
dataflow,PSOLAN:DF_GREEN_SPACE(1.0),I,E01034624,NDVI_MEAN,2024,0.4786,NDVI
dataflow,PSOLAN:DF_GREEN_SPACE(1.0),I,E01034625,NDVI_MEAN,2024,0.576,NDVI
dataflow,PSOLAN:DF_GREEN_SPACE(1.0),I,E01034626,NDVI_MEAN,2024,0.5835,NDVI
dataflow,PSOLAN:DF_GREEN_SPACE(1.0),I,E01034627,NDVI_MEAN,2024,0.4301,NDVI
dataflow,PSOLAN:DF_GREEN_SPACE(1.0),I,E01034628,NDVI_MEAN,2024,0.7739,NDVI
dataflow,PSOLAN:DF_GREEN_SPACE(1.0),I,E01034629,NDVI_MEAN,2024,0.6542,NDVI
dataflow,PSOLAN:DF_GREEN_SPACE(1.0),I,E01034630,NDVI_MEAN,2024,0.387,NDVI
dataflow,PSOLAN:DF_GREEN_SPACE(1.0),I,E01034631,NDVI_MEAN,2024,0.3669,NDVI
dataflow,PSOLAN:DF_GREEN_SPACE(1.0),I,E01034632,NDVI_MEAN,2024,0.7202,NDVI
dataflow,PSOLAN:DF_GREEN_SPACE(1.0),I,E01034633,NDVI_MEAN,2024,0.4878,NDVI
dataflow,PSOLAN:DF_GREEN_SPACE(1.0),I,E01034634,NDVI_MEAN,2024,0.6734,NDVI
dataflow,PSOLAN:DF_GREEN_SPACE(1.0),I,E01034635,NDVI_MEAN,2024,0.6073,NDVI
dataflow,PSOLAN:DF_GREEN_SPACE(1.0),I,E01034636,NDVI_MEAN,2024,0.7841,NDVI
dataflow,PSOLAN:DF_GREEN_SPACE(1.0),I,E01034637,NDVI_MEAN,2024,0.5418,NDVI
dataflow,PSOLAN:DF_GREEN_SPACE(1.0),I,E01034638,NDVI_MEAN,2024,0.7315,NDVI
dataflow,PSOLAN:DF_GREEN_SPACE(1.0),I,E01034639,NDVI_MEAN,2024,0.5502,NDVI
dataflow,PSOLAN:DF_GREEN_SPACE(1.0),I,E01034640,NDVI_MEAN,2024,0.4085,NDVI
dataflow,PSOLAN:DF_GREEN_SPACE(1.0),I,E01034641,NDVI_MEAN,2024,0.5706,NDVI
dataflow,PSOLAN:DF_GREEN_SPACE(1.0),I,E01034642,NDVI_MEAN,2024,0.7524,NDVI
dataflow,PSOLAN:DF_GREEN_SPACE(1.0),I,E01034643,NDVI_MEAN,2024,0.7994,NDVI
dataflow,PSOLAN:DF_GREEN_SPACE(1.0),I,E06000026,NDVI_VEG_PCT,2024,58.4423,PC
dataflow,PSOLAN:DF_GREEN_SPACE(1.0),I,E06000027,NDVI_VEG_PCT,2024,70.7131,PC
dataflow,PSOLAN:DF_GREEN_SPACE(1.0),I,E07000040,NDVI_VEG_PCT,2024,89.2663,PC
dataflow,PSOLAN:DF_GREEN_SPACE(1.0),I,E07000041,NDVI_VEG_PCT,2024,65.4512,PC
dataflow,PSOLAN:DF_GREEN_SPACE(1.0),I,E07000042,NDVI_VEG_PCT,2024,89.7774,PC
dataflow,PSOLAN:DF_GREEN_SPACE(1.0),I,E07000043,NDVI_VEG_PCT,2024,92.9026,PC
dataflow,PSOLAN:DF_GREEN_SPACE(1.0),I,E07000044,NDVI_VEG_PCT,2024,91.3602,PC
dataflow,PSOLAN:DF_GREEN_SPACE(1.0),I,E07000045,NDVI_VEG_PCT,2024,92.4798,PC
dataflow,PSOLAN:DF_GREEN_SPACE(1.0),I,E07000046,NDVI_VEG_PCT,2024,93.7032,PC
dataflow,PSOLAN:DF_GREEN_SPACE(1.0),I,E07000047,NDVI_VEG_PCT,2024,94.4207,PC
dataflow,PSOLAN:DF_GREEN_SPACE(1.0),I,E01015023,NDVI_VEG_PCT,2024,89.8482,PC
dataflow,PSOLAN:DF_GREEN_SPACE(1.0),I,E01015024,NDVI_VEG_PCT,2024,58.2111,PC
dataflow,PSOLAN:DF_GREEN_SPACE(1.0),I,E01015025,NDVI_VEG_PCT,2024,72.9319,PC
dataflow,PSOLAN:DF_GREEN_SPACE(1.0),I,E01015026,NDVI_VEG_PCT,2024,52.3114,PC
dataflow,PSOLAN:DF_GREEN_SPACE(1.0),I,E01015027,NDVI_VEG_PCT,2024,56.7023,PC
dataflow,PSOLAN:DF_GREEN_SPACE(1.0),I,E01015028,NDVI_VEG_PCT,2024,74.2313,PC
dataflow,PSOLAN:DF_GREEN_SPACE(1.0),I,E01015029,NDVI_VEG_PCT,2024,65.0931,PC
dataflow,PSOLAN:DF_GREEN_SPACE(1.0),I,E01015030,NDVI_VEG_PCT,2024,75.1969,PC
dataflow,PSOLAN:DF_GREEN_SPACE(1.0),I,E01015031,NDVI_VEG_PCT,2024,46.0076,PC
dataflow,PSOLAN:DF_GREEN_SPACE(1.0),I,E01015032,NDVI_VEG_PCT,2024,23.3929,PC
dataflow,PSOLAN:DF_GREEN_SPACE(1.0),I,E01015033,NDVI_VEG_PCT,2024,55.334,PC
dataflow,PSOLAN:DF_GREEN_SPACE(1.0),I,E01015034,NDVI_VEG_PCT,2024,62.9966,PC
dataflow,PSOLAN:DF_GREEN_SPACE(1.0),I,E01015035,NDVI_VEG_PCT,2024,47.9564,PC
dataflow,PSOLAN:DF_GREEN_SPACE(1.0),I,E01015036,NDVI_VEG_PCT,2024,64.9351,PC
dataflow,PSOLAN:DF_GREEN_SPACE(1.0),I,E01015037,NDVI_VEG_PCT,2024,40.1869,PC
dataflow,PSOLAN:DF_GREEN_SPACE(1.0),I,E01015038,NDVI_VEG_PCT,2024,58.7166,PC
dataflow,PSOLAN:DF_GREEN_SPACE(1.0),I,E01015039,NDVI_VEG_PCT,2024,28.6805,PC
dataflow,PSOLAN:DF_GREEN_SPACE(1.0),I,E01015040,NDVI_VEG_PCT,2024,69.0909,PC
dataflow,PSOLAN:DF_GREEN_SPACE(1.0),I,E01015041,NDVI_VEG_PCT,2024,15.7055,PC
dataflow,PSOLAN:DF_GREEN_SPACE(1.0),I,E01015042,NDVI_VEG_PCT,2024,5.4475,PC
dataflow,PSOLAN:DF_GREEN_SPACE(1.0),I,E01015043,NDVI_VEG_PCT,2024,14.3979,PC
dataflow,PSOLAN:DF_GREEN_SPACE(1.0),I,E01015044,NDVI_VEG_PCT,2024,16.1404,PC
dataflow,PSOLAN:DF_GREEN_SPACE(1.0),I,E01015045,NDVI_VEG_PCT,2024,34.7942,PC
dataflow,PSOLAN:DF_GREEN_SPACE(1.0),I,E01015046,NDVI_VEG_PCT,2024,13.2198,PC
dataflow,PSOLAN:DF_GREEN_SPACE(1.0),I,E01015047,NDVI_VEG_PCT,2024,48.136,PC
dataflow,PSOLAN:DF_GREEN_SPACE(1.0),I,E01015048,NDVI_VEG_PCT,2024,10.9049,PC
dataflow,PSOLAN:DF_GREEN_SPACE(1.0),I,E01015049,NDVI_VEG_PCT,2024,4.9123,PC
dataflow,PSOLAN:DF_GREEN_SPACE(1.0),I,E01015050,NDVI_VEG_PCT,2024,18.9091,PC
dataflow,PSOLAN:DF_GREEN_SPACE(1.0),I,E01015051,NDVI_VEG_PCT,2024,13.6264,PC
dataflow,PSOLAN:DF_GREEN_SPACE(1.0),I,E01015052,NDVI_VEG_PCT,2024,6.3333,PC
dataflow,PSOLAN:DF_GREEN_SPACE(1.0),I,E01015053,NDVI_VEG_PCT,2024,14.6226,PC
dataflow,PSOLAN:DF_GREEN_SPACE(1.0),I,E01015054,NDVI_VEG_PCT,2024,13.5135,PC
dataflow,PSOLAN:DF_GREEN_SPACE(1.0),I,E01015055,NDVI_VEG_PCT,2024,73.0657,PC
dataflow,PSOLAN:DF_GREEN_SPACE(1.0),I,E01015056,NDVI_VEG_PCT,2024,62.6531,PC
dataflow,PSOLAN:DF_GREEN_SPACE(1.0),I,E01015057,NDVI_VEG_PCT,2024,41.7122,PC
dataflow,PSOLAN:DF_GREEN_SPACE(1.0),I,E01015058,NDVI_VEG_PCT,2024,59.8608,PC
dataflow,PSOLAN:DF_GREEN_SPACE(1.0),I,E01015059,NDVI_VEG_PCT,2024,41.2331,PC
dataflow,PSOLAN:DF_GREEN_SPACE(1.0),I,E01015060,NDVI_VEG_PCT,2024,52.2794,PC
dataflow,PSOLAN:DF_GREEN_SPACE(1.0),I,E01015061,NDVI_VEG_PCT,2024,31.6092,PC
dataflow,PSOLAN:DF_GREEN_SPACE(1.0),I,E01015062,NDVI_VEG_PCT,2024,26.0135,PC
dataflow,PSOLAN:DF_GREEN_SPACE(1.0),I,E01015063,NDVI_VEG_PCT,2024,73.5174,PC
dataflow,PSOLAN:DF_GREEN_SPACE(1.0),I,E01015064,NDVI_VEG_PCT,2024,53.6439,PC
dataflow,PSOLAN:DF_GREEN_SPACE(1.0),I,E01015065,NDVI_VEG_PCT,2024,50.3888,PC
dataflow,PSOLAN:DF_GREEN_SPACE(1.0),I,E01015066,NDVI_VEG_PCT,2024,70.2596,PC
dataflow,PSOLAN:DF_GREEN_SPACE(1.0),I,E01015067,NDVI_VEG_PCT,2024,49.5686,PC
dataflow,PSOLAN:DF_GREEN_SPACE(1.0),I,E01015068,NDVI_VEG_PCT,2024,57.4591,PC
dataflow,PSOLAN:DF_GREEN_SPACE(1.0),I,E01015069,NDVI_VEG_PCT,2024,79.096,PC
dataflow,PSOLAN:DF_GREEN_SPACE(1.0),I,E01015070,NDVI_VEG_PCT,2024,61.0146,PC
dataflow,PSOLAN:DF_GREEN_SPACE(1.0),I,E01015071,NDVI_VEG_PCT,2024,66.6114,PC
dataflow,PSOLAN:DF_GREEN_SPACE(1.0),I,E01015072,NDVI_VEG_PCT,2024,43.0669,PC
dataflow,PSOLAN:DF_GREEN_SPACE(1.0),I,E01015073,NDVI_VEG_PCT,2024,69.3426,PC
dataflow,PSOLAN:DF_GREEN_SPACE(1.0),I,E01015074,NDVI_VEG_PCT,2024,71.7541,PC
dataflow,PSOLAN:DF_GREEN_SPACE(1.0),I,E01015075,NDVI_VEG_PCT,2024,60.2794,PC
dataflow,PSOLAN:DF_GREEN_SPACE(1.0),I,E01015076,NDVI_VEG_PCT,2024,52.6946,PC
dataflow,PSOLAN:DF_GREEN_SPACE(1.0),I,E01015077,NDVI_VEG_PCT,2024,58.3947,PC
dataflow,PSOLAN:DF_GREEN_SPACE(1.0),I,E01015078,NDVI_VEG_PCT,2024,32.3699,PC
dataflow,PSOLAN:DF_GREEN_SPACE(1.0),I,E01015079,NDVI_VEG_PCT,2024,34.1716,PC
dataflow,PSOLAN:DF_GREEN_SPACE(1.0),I,E01015080,NDVI_VEG_PCT,2024,27.551,PC
dataflow,PSOLAN:DF_GREEN_SPACE(1.0),I,E01015081,NDVI_VEG_PCT,2024,49.7553,PC
dataflow,PSOLAN:DF_GREEN_SPACE(1.0),I,E01015082,NDVI_VEG_PCT,2024,63.197,PC
dataflow,PSOLAN:DF_GREEN_SPACE(1.0),I,E01015083,NDVI_VEG_PCT,2024,88.3879,PC
dataflow,PSOLAN:DF_GREEN_SPACE(1.0),I,E01015084,NDVI_VEG_PCT,2024,66.5663,PC
dataflow,PSOLAN:DF_GREEN_SPACE(1.0),I,E01015085,NDVI_VEG_PCT,2024,53.1207,PC
dataflow,PSOLAN:DF_GREEN_SPACE(1.0),I,E01015086,NDVI_VEG_PCT,2024,62.5159,PC
dataflow,PSOLAN:DF_GREEN_SPACE(1.0),I,E01015087,NDVI_VEG_PCT,2024,49.9261,PC
dataflow,PSOLAN:DF_GREEN_SPACE(1.0),I,E01015088,NDVI_VEG_PCT,2024,33.0882,PC
dataflow,PSOLAN:DF_GREEN_SPACE(1.0),I,E01015089,NDVI_VEG_PCT,2024,46.606,PC
dataflow,PSOLAN:DF_GREEN_SPACE(1.0),I,E01015090,NDVI_VEG_PCT,2024,62.6012,PC
dataflow,PSOLAN:DF_GREEN_SPACE(1.0),I,E01015091,NDVI_VEG_PCT,2024,78.9325,PC
dataflow,PSOLAN:DF_GREEN_SPACE(1.0),I,E01015092,NDVI_VEG_PCT,2024,64.39,PC
dataflow,PSOLAN:DF_GREEN_SPACE(1.0),I,E01015093,NDVI_VEG_PCT,2024,72.0497,PC
dataflow,PSOLAN:DF_GREEN_SPACE(1.0),I,E01015094,NDVI_VEG_PCT,2024,55.4042,PC
dataflow,PSOLAN:DF_GREEN_SPACE(1.0),I,E01015095,NDVI_VEG_PCT,2024,63.0308,PC
dataflow,PSOLAN:DF_GREEN_SPACE(1.0),I,E01015096,NDVI_VEG_PCT,2024,72.2124,PC
dataflow,PSOLAN:DF_GREEN_SPACE(1.0),I,E01015097,NDVI_VEG_PCT,2024,66.9855,PC
dataflow,PSOLAN:DF_GREEN_SPACE(1.0),I,E01015098,NDVI_VEG_PCT,2024,16.8646,PC
dataflow,PSOLAN:DF_GREEN_SPACE(1.0),I,E01015099,NDVI_VEG_PCT,2024,79.5095,PC
dataflow,PSOLAN:DF_GREEN_SPACE(1.0),I,E01015100,NDVI_VEG_PCT,2024,29.3722,PC
dataflow,PSOLAN:DF_GREEN_SPACE(1.0),I,E01015101,NDVI_VEG_PCT,2024,45.4102,PC
dataflow,PSOLAN:DF_GREEN_SPACE(1.0),I,E01015102,NDVI_VEG_PCT,2024,38.8306,PC
dataflow,PSOLAN:DF_GREEN_SPACE(1.0),I,E01015103,NDVI_VEG_PCT,2024,8.5714,PC
dataflow,PSOLAN:DF_GREEN_SPACE(1.0),I,E01015104,NDVI_VEG_PCT,2024,21.9653,PC
dataflow,PSOLAN:DF_GREEN_SPACE(1.0),I,E01015105,NDVI_VEG_PCT,2024,7.0312,PC
dataflow,PSOLAN:DF_GREEN_SPACE(1.0),I,E01015106,NDVI_VEG_PCT,2024,58.8953,PC
dataflow,PSOLAN:DF_GREEN_SPACE(1.0),I,E01015107,NDVI_VEG_PCT,2024,48.1988,PC
dataflow,PSOLAN:DF_GREEN_SPACE(1.0),I,E01015108,NDVI_VEG_PCT,2024,62.5954,PC
dataflow,PSOLAN:DF_GREEN_SPACE(1.0),I,E01015109,NDVI_VEG_PCT,2024,60.8805,PC
dataflow,PSOLAN:DF_GREEN_SPACE(1.0),I,E01015110,NDVI_VEG_PCT,2024,45.5163,PC
dataflow,PSOLAN:DF_GREEN_SPACE(1.0),I,E01015111,NDVI_VEG_PCT,2024,24.055,PC
dataflow,PSOLAN:DF_GREEN_SPACE(1.0),I,E01015112,NDVI_VEG_PCT,2024,82.7685,PC
dataflow,PSOLAN:DF_GREEN_SPACE(1.0),I,E01015113,NDVI_VEG_PCT,2024,59.5099,PC
dataflow,PSOLAN:DF_GREEN_SPACE(1.0),I,E01015114,NDVI_VEG_PCT,2024,79.1055,PC
dataflow,PSOLAN:DF_GREEN_SPACE(1.0),I,E01015115,NDVI_VEG_PCT,2024,71.5305,PC
dataflow,PSOLAN:DF_GREEN_SPACE(1.0),I,E01015116,NDVI_VEG_PCT,2024,47.2919,PC
dataflow,PSOLAN:DF_GREEN_SPACE(1.0),I,E01015117,NDVI_VEG_PCT,2024,62.1963,PC
dataflow,PSOLAN:DF_GREEN_SPACE(1.0),I,E01015118,NDVI_VEG_PCT,2024,38.7173,PC
dataflow,PSOLAN:DF_GREEN_SPACE(1.0),I,E01015119,NDVI_VEG_PCT,2024,57.8378,PC
dataflow,PSOLAN:DF_GREEN_SPACE(1.0),I,E01015120,NDVI_VEG_PCT,2024,84.1616,PC
dataflow,PSOLAN:DF_GREEN_SPACE(1.0),I,E01015121,NDVI_VEG_PCT,2024,36.8304,PC
dataflow,PSOLAN:DF_GREEN_SPACE(1.0),I,E01015122,NDVI_VEG_PCT,2024,34.5523,PC
dataflow,PSOLAN:DF_GREEN_SPACE(1.0),I,E01015123,NDVI_VEG_PCT,2024,53.4268,PC
dataflow,PSOLAN:DF_GREEN_SPACE(1.0),I,E01015124,NDVI_VEG_PCT,2024,45.4026,PC
dataflow,PSOLAN:DF_GREEN_SPACE(1.0),I,E01015125,NDVI_VEG_PCT,2024,75.6182,PC
dataflow,PSOLAN:DF_GREEN_SPACE(1.0),I,E01015126,NDVI_VEG_PCT,2024,50.8213,PC
dataflow,PSOLAN:DF_GREEN_SPACE(1.0),I,E01015127,NDVI_VEG_PCT,2024,53.072,PC
dataflow,PSOLAN:DF_GREEN_SPACE(1.0),I,E01015128,NDVI_VEG_PCT,2024,55.0416,PC
dataflow,PSOLAN:DF_GREEN_SPACE(1.0),I,E01015129,NDVI_VEG_PCT,2024,67.0213,PC
dataflow,PSOLAN:DF_GREEN_SPACE(1.0),I,E01015130,NDVI_VEG_PCT,2024,81.1301,PC
dataflow,PSOLAN:DF_GREEN_SPACE(1.0),I,E01015131,NDVI_VEG_PCT,2024,73.1594,PC
dataflow,PSOLAN:DF_GREEN_SPACE(1.0),I,E01015132,NDVI_VEG_PCT,2024,50.7308,PC
dataflow,PSOLAN:DF_GREEN_SPACE(1.0),I,E01015133,NDVI_VEG_PCT,2024,45.9307,PC
dataflow,PSOLAN:DF_GREEN_SPACE(1.0),I,E01015134,NDVI_VEG_PCT,2024,49.4526,PC
dataflow,PSOLAN:DF_GREEN_SPACE(1.0),I,E01015136,NDVI_VEG_PCT,2024,46.9684,PC
dataflow,PSOLAN:DF_GREEN_SPACE(1.0),I,E01015137,NDVI_VEG_PCT,2024,45.0523,PC
dataflow,PSOLAN:DF_GREEN_SPACE(1.0),I,E01015138,NDVI_VEG_PCT,2024,65.3111,PC
dataflow,PSOLAN:DF_GREEN_SPACE(1.0),I,E01015139,NDVI_VEG_PCT,2024,84.0872,PC
dataflow,PSOLAN:DF_GREEN_SPACE(1.0),I,E01015140,NDVI_VEG_PCT,2024,46.6038,PC
dataflow,PSOLAN:DF_GREEN_SPACE(1.0),I,E01015141,NDVI_VEG_PCT,2024,69.0876,PC
dataflow,PSOLAN:DF_GREEN_SPACE(1.0),I,E01015142,NDVI_VEG_PCT,2024,67.2508,PC
dataflow,PSOLAN:DF_GREEN_SPACE(1.0),I,E01015143,NDVI_VEG_PCT,2024,39.2157,PC
dataflow,PSOLAN:DF_GREEN_SPACE(1.0),I,E01015144,NDVI_VEG_PCT,2024,28.131,PC
dataflow,PSOLAN:DF_GREEN_SPACE(1.0),I,E01015145,NDVI_VEG_PCT,2024,59.8551,PC
dataflow,PSOLAN:DF_GREEN_SPACE(1.0),I,E01015146,NDVI_VEG_PCT,2024,60.8696,PC
dataflow,PSOLAN:DF_GREEN_SPACE(1.0),I,E01015147,NDVI_VEG_PCT,2024,33.7793,PC
dataflow,PSOLAN:DF_GREEN_SPACE(1.0),I,E01015148,NDVI_VEG_PCT,2024,73.8413,PC
dataflow,PSOLAN:DF_GREEN_SPACE(1.0),I,E01015149,NDVI_VEG_PCT,2024,55.4688,PC
dataflow,PSOLAN:DF_GREEN_SPACE(1.0),I,E01015150,NDVI_VEG_PCT,2024,40.6504,PC
dataflow,PSOLAN:DF_GREEN_SPACE(1.0),I,E01015151,NDVI_VEG_PCT,2024,42.623,PC
dataflow,PSOLAN:DF_GREEN_SPACE(1.0),I,E01015152,NDVI_VEG_PCT,2024,18.7186,PC
dataflow,PSOLAN:DF_GREEN_SPACE(1.0),I,E01015153,NDVI_VEG_PCT,2024,47.5265,PC
dataflow,PSOLAN:DF_GREEN_SPACE(1.0),I,E01015155,NDVI_VEG_PCT,2024,28.2272,PC
dataflow,PSOLAN:DF_GREEN_SPACE(1.0),I,E01015156,NDVI_VEG_PCT,2024,28.8621,PC
dataflow,PSOLAN:DF_GREEN_SPACE(1.0),I,E01015159,NDVI_VEG_PCT,2024,66.0349,PC
dataflow,PSOLAN:DF_GREEN_SPACE(1.0),I,E01015160,NDVI_VEG_PCT,2024,59.5488,PC
dataflow,PSOLAN:DF_GREEN_SPACE(1.0),I,E01015161,NDVI_VEG_PCT,2024,62.753,PC
dataflow,PSOLAN:DF_GREEN_SPACE(1.0),I,E01015162,NDVI_VEG_PCT,2024,78.9714,PC
dataflow,PSOLAN:DF_GREEN_SPACE(1.0),I,E01015163,NDVI_VEG_PCT,2024,81.6783,PC
dataflow,PSOLAN:DF_GREEN_SPACE(1.0),I,E01015164,NDVI_VEG_PCT,2024,56.6256,PC
dataflow,PSOLAN:DF_GREEN_SPACE(1.0),I,E01015165,NDVI_VEG_PCT,2024,74.9226,PC
dataflow,PSOLAN:DF_GREEN_SPACE(1.0),I,E01015166,NDVI_VEG_PCT,2024,72.454,PC
dataflow,PSOLAN:DF_GREEN_SPACE(1.0),I,E01015167,NDVI_VEG_PCT,2024,32.4138,PC
dataflow,PSOLAN:DF_GREEN_SPACE(1.0),I,E01015168,NDVI_VEG_PCT,2024,21.9178,PC
dataflow,PSOLAN:DF_GREEN_SPACE(1.0),I,E01015169,NDVI_VEG_PCT,2024,40.8847,PC
dataflow,PSOLAN:DF_GREEN_SPACE(1.0),I,E01015170,NDVI_VEG_PCT,2024,49.9398,PC
dataflow,PSOLAN:DF_GREEN_SPACE(1.0),I,E01015171,NDVI_VEG_PCT,2024,42.1053,PC
dataflow,PSOLAN:DF_GREEN_SPACE(1.0),I,E01015172,NDVI_VEG_PCT,2024,49.1296,PC
dataflow,PSOLAN:DF_GREEN_SPACE(1.0),I,E01015173,NDVI_VEG_PCT,2024,66.1184,PC
dataflow,PSOLAN:DF_GREEN_SPACE(1.0),I,E01015174,NDVI_VEG_PCT,2024,5.2525,PC
dataflow,PSOLAN:DF_GREEN_SPACE(1.0),I,E01015175,NDVI_VEG_PCT,2024,17.1745,PC
dataflow,PSOLAN:DF_GREEN_SPACE(1.0),I,E01015176,NDVI_VEG_PCT,2024,50.6596,PC
dataflow,PSOLAN:DF_GREEN_SPACE(1.0),I,E01015177,NDVI_VEG_PCT,2024,26.9406,PC
dataflow,PSOLAN:DF_GREEN_SPACE(1.0),I,E01015178,NDVI_VEG_PCT,2024,20.9932,PC
dataflow,PSOLAN:DF_GREEN_SPACE(1.0),I,E01015179,NDVI_VEG_PCT,2024,13.4503,PC
dataflow,PSOLAN:DF_GREEN_SPACE(1.0),I,E01015180,NDVI_VEG_PCT,2024,43.2836,PC
dataflow,PSOLAN:DF_GREEN_SPACE(1.0),I,E01015181,NDVI_VEG_PCT,2024,10.3194,PC
dataflow,PSOLAN:DF_GREEN_SPACE(1.0),I,E01015182,NDVI_VEG_PCT,2024,15.2397,PC
dataflow,PSOLAN:DF_GREEN_SPACE(1.0),I,E01015183,NDVI_VEG_PCT,2024,72.5249,PC
dataflow,PSOLAN:DF_GREEN_SPACE(1.0),I,E01015184,NDVI_VEG_PCT,2024,33.1473,PC
dataflow,PSOLAN:DF_GREEN_SPACE(1.0),I,E01015185,NDVI_VEG_PCT,2024,44.1135,PC
dataflow,PSOLAN:DF_GREEN_SPACE(1.0),I,E01015186,NDVI_VEG_PCT,2024,23.8202,PC
dataflow,PSOLAN:DF_GREEN_SPACE(1.0),I,E01015187,NDVI_VEG_PCT,2024,55.4541,PC
dataflow,PSOLAN:DF_GREEN_SPACE(1.0),I,E01015188,NDVI_VEG_PCT,2024,40.2792,PC
dataflow,PSOLAN:DF_GREEN_SPACE(1.0),I,E01015189,NDVI_VEG_PCT,2024,49.7015,PC
dataflow,PSOLAN:DF_GREEN_SPACE(1.0),I,E01015190,NDVI_VEG_PCT,2024,88.4836,PC
dataflow,PSOLAN:DF_GREEN_SPACE(1.0),I,E01015191,NDVI_VEG_PCT,2024,76.9528,PC
dataflow,PSOLAN:DF_GREEN_SPACE(1.0),I,E01015192,NDVI_VEG_PCT,2024,43.0486,PC
dataflow,PSOLAN:DF_GREEN_SPACE(1.0),I,E01015193,NDVI_VEG_PCT,2024,31.5217,PC
dataflow,PSOLAN:DF_GREEN_SPACE(1.0),I,E01015194,NDVI_VEG_PCT,2024,56.2264,PC
dataflow,PSOLAN:DF_GREEN_SPACE(1.0),I,E01015196,NDVI_VEG_PCT,2024,51.8272,PC
dataflow,PSOLAN:DF_GREEN_SPACE(1.0),I,E01015197,NDVI_VEG_PCT,2024,72.2255,PC
dataflow,PSOLAN:DF_GREEN_SPACE(1.0),I,E01015198,NDVI_VEG_PCT,2024,46.0349,PC
dataflow,PSOLAN:DF_GREEN_SPACE(1.0),I,E01015199,NDVI_VEG_PCT,2024,87.5345,PC
dataflow,PSOLAN:DF_GREEN_SPACE(1.0),I,E01015200,NDVI_VEG_PCT,2024,47.9299,PC
dataflow,PSOLAN:DF_GREEN_SPACE(1.0),I,E01015201,NDVI_VEG_PCT,2024,93.1433,PC
dataflow,PSOLAN:DF_GREEN_SPACE(1.0),I,E01015202,NDVI_VEG_PCT,2024,48.5423,PC
dataflow,PSOLAN:DF_GREEN_SPACE(1.0),I,E01015203,NDVI_VEG_PCT,2024,41.2698,PC
dataflow,PSOLAN:DF_GREEN_SPACE(1.0),I,E01015204,NDVI_VEG_PCT,2024,34.2149,PC
dataflow,PSOLAN:DF_GREEN_SPACE(1.0),I,E01015205,NDVI_VEG_PCT,2024,39.6497,PC
dataflow,PSOLAN:DF_GREEN_SPACE(1.0),I,E01015206,NDVI_VEG_PCT,2024,66.4132,PC
dataflow,PSOLAN:DF_GREEN_SPACE(1.0),I,E01015207,NDVI_VEG_PCT,2024,87.2175,PC
dataflow,PSOLAN:DF_GREEN_SPACE(1.0),I,E01015208,NDVI_VEG_PCT,2024,78.5965,PC
dataflow,PSOLAN:DF_GREEN_SPACE(1.0),I,E01015209,NDVI_VEG_PCT,2024,75.4054,PC
dataflow,PSOLAN:DF_GREEN_SPACE(1.0),I,E01015210,NDVI_VEG_PCT,2024,72.9317,PC
dataflow,PSOLAN:DF_GREEN_SPACE(1.0),I,E01015211,NDVI_VEG_PCT,2024,64.5733,PC
dataflow,PSOLAN:DF_GREEN_SPACE(1.0),I,E01015212,NDVI_VEG_PCT,2024,56.0606,PC
dataflow,PSOLAN:DF_GREEN_SPACE(1.0),I,E01015213,NDVI_VEG_PCT,2024,63.0021,PC
dataflow,PSOLAN:DF_GREEN_SPACE(1.0),I,E01015214,NDVI_VEG_PCT,2024,16.0326,PC
dataflow,PSOLAN:DF_GREEN_SPACE(1.0),I,E01015215,NDVI_VEG_PCT,2024,51.269,PC
dataflow,PSOLAN:DF_GREEN_SPACE(1.0),I,E01015216,NDVI_VEG_PCT,2024,16.6667,PC
dataflow,PSOLAN:DF_GREEN_SPACE(1.0),I,E01015217,NDVI_VEG_PCT,2024,49.8896,PC
dataflow,PSOLAN:DF_GREEN_SPACE(1.0),I,E01015218,NDVI_VEG_PCT,2024,40.8511,PC
dataflow,PSOLAN:DF_GREEN_SPACE(1.0),I,E01015219,NDVI_VEG_PCT,2024,42.1354,PC
dataflow,PSOLAN:DF_GREEN_SPACE(1.0),I,E01015220,NDVI_VEG_PCT,2024,70.5157,PC
dataflow,PSOLAN:DF_GREEN_SPACE(1.0),I,E01015221,NDVI_VEG_PCT,2024,62.8013,PC
dataflow,PSOLAN:DF_GREEN_SPACE(1.0),I,E01015222,NDVI_VEG_PCT,2024,70.7744,PC
dataflow,PSOLAN:DF_GREEN_SPACE(1.0),I,E01015223,NDVI_VEG_PCT,2024,56.8605,PC
dataflow,PSOLAN:DF_GREEN_SPACE(1.0),I,E01015224,NDVI_VEG_PCT,2024,47.6656,PC
dataflow,PSOLAN:DF_GREEN_SPACE(1.0),I,E01015225,NDVI_VEG_PCT,2024,61.8515,PC
dataflow,PSOLAN:DF_GREEN_SPACE(1.0),I,E01015226,NDVI_VEG_PCT,2024,71.7381,PC
dataflow,PSOLAN:DF_GREEN_SPACE(1.0),I,E01015227,NDVI_VEG_PCT,2024,45.3437,PC
dataflow,PSOLAN:DF_GREEN_SPACE(1.0),I,E01015228,NDVI_VEG_PCT,2024,23.2221,PC
dataflow,PSOLAN:DF_GREEN_SPACE(1.0),I,E01015229,NDVI_VEG_PCT,2024,45.5378,PC
dataflow,PSOLAN:DF_GREEN_SPACE(1.0),I,E01015230,NDVI_VEG_PCT,2024,56.1066,PC
dataflow,PSOLAN:DF_GREEN_SPACE(1.0),I,E01015231,NDVI_VEG_PCT,2024,22.6667,PC
dataflow,PSOLAN:DF_GREEN_SPACE(1.0),I,E01015232,NDVI_VEG_PCT,2024,30.0092,PC
dataflow,PSOLAN:DF_GREEN_SPACE(1.0),I,E01015233,NDVI_VEG_PCT,2024,26.5537,PC
dataflow,PSOLAN:DF_GREEN_SPACE(1.0),I,E01015234,NDVI_VEG_PCT,2024,24.9211,PC
dataflow,PSOLAN:DF_GREEN_SPACE(1.0),I,E01015235,NDVI_VEG_PCT,2024,48.5654,PC
dataflow,PSOLAN:DF_GREEN_SPACE(1.0),I,E01015236,NDVI_VEG_PCT,2024,94.1409,PC
dataflow,PSOLAN:DF_GREEN_SPACE(1.0),I,E01015237,NDVI_VEG_PCT,2024,37.8218,PC
dataflow,PSOLAN:DF_GREEN_SPACE(1.0),I,E01015238,NDVI_VEG_PCT,2024,59.5269,PC
dataflow,PSOLAN:DF_GREEN_SPACE(1.0),I,E01015239,NDVI_VEG_PCT,2024,38.1022,PC
dataflow,PSOLAN:DF_GREEN_SPACE(1.0),I,E01015240,NDVI_VEG_PCT,2024,61.3021,PC
dataflow,PSOLAN:DF_GREEN_SPACE(1.0),I,E01015241,NDVI_VEG_PCT,2024,23.7037,PC
dataflow,PSOLAN:DF_GREEN_SPACE(1.0),I,E01015242,NDVI_VEG_PCT,2024,35.0365,PC
dataflow,PSOLAN:DF_GREEN_SPACE(1.0),I,E01015243,NDVI_VEG_PCT,2024,43.2956,PC
dataflow,PSOLAN:DF_GREEN_SPACE(1.0),I,E01015244,NDVI_VEG_PCT,2024,71.4485,PC
dataflow,PSOLAN:DF_GREEN_SPACE(1.0),I,E01015245,NDVI_VEG_PCT,2024,72.7619,PC
dataflow,PSOLAN:DF_GREEN_SPACE(1.0),I,E01015246,NDVI_VEG_PCT,2024,48.2835,PC
dataflow,PSOLAN:DF_GREEN_SPACE(1.0),I,E01015247,NDVI_VEG_PCT,2024,80.1829,PC
dataflow,PSOLAN:DF_GREEN_SPACE(1.0),I,E01015248,NDVI_VEG_PCT,2024,39.8214,PC
dataflow,PSOLAN:DF_GREEN_SPACE(1.0),I,E01015249,NDVI_VEG_PCT,2024,56.2597,PC
dataflow,PSOLAN:DF_GREEN_SPACE(1.0),I,E01015250,NDVI_VEG_PCT,2024,78.6496,PC
dataflow,PSOLAN:DF_GREEN_SPACE(1.0),I,E01015251,NDVI_VEG_PCT,2024,50.354,PC
dataflow,PSOLAN:DF_GREEN_SPACE(1.0),I,E01015253,NDVI_VEG_PCT,2024,68.6111,PC
dataflow,PSOLAN:DF_GREEN_SPACE(1.0),I,E01015254,NDVI_VEG_PCT,2024,52.8771,PC
dataflow,PSOLAN:DF_GREEN_SPACE(1.0),I,E01015255,NDVI_VEG_PCT,2024,29.4633,PC
dataflow,PSOLAN:DF_GREEN_SPACE(1.0),I,E01015256,NDVI_VEG_PCT,2024,25.3061,PC
dataflow,PSOLAN:DF_GREEN_SPACE(1.0),I,E01015257,NDVI_VEG_PCT,2024,67.3969,PC
dataflow,PSOLAN:DF_GREEN_SPACE(1.0),I,E01015258,NDVI_VEG_PCT,2024,56.7076,PC
dataflow,PSOLAN:DF_GREEN_SPACE(1.0),I,E01015259,NDVI_VEG_PCT,2024,50.7868,PC
dataflow,PSOLAN:DF_GREEN_SPACE(1.0),I,E01015260,NDVI_VEG_PCT,2024,51.9293,PC
dataflow,PSOLAN:DF_GREEN_SPACE(1.0),I,E01015261,NDVI_VEG_PCT,2024,48.5739,PC
dataflow,PSOLAN:DF_GREEN_SPACE(1.0),I,E01015262,NDVI_VEG_PCT,2024,44.7842,PC
dataflow,PSOLAN:DF_GREEN_SPACE(1.0),I,E01015263,NDVI_VEG_PCT,2024,59.4034,PC
dataflow,PSOLAN:DF_GREEN_SPACE(1.0),I,E01015264,NDVI_VEG_PCT,2024,73.8165,PC
dataflow,PSOLAN:DF_GREEN_SPACE(1.0),I,E01015265,NDVI_VEG_PCT,2024,52.9144,PC
dataflow,PSOLAN:DF_GREEN_SPACE(1.0),I,E01015266,NDVI_VEG_PCT,2024,55.1769,PC
dataflow,PSOLAN:DF_GREEN_SPACE(1.0),I,E01015267,NDVI_VEG_PCT,2024,64.0275,PC
dataflow,PSOLAN:DF_GREEN_SPACE(1.0),I,E01015268,NDVI_VEG_PCT,2024,77.7108,PC
dataflow,PSOLAN:DF_GREEN_SPACE(1.0),I,E01015269,NDVI_VEG_PCT,2024,77.6967,PC
dataflow,PSOLAN:DF_GREEN_SPACE(1.0),I,E01015270,NDVI_VEG_PCT,2024,74.6655,PC
dataflow,PSOLAN:DF_GREEN_SPACE(1.0),I,E01015271,NDVI_VEG_PCT,2024,83.4089,PC
dataflow,PSOLAN:DF_GREEN_SPACE(1.0),I,E01019887,NDVI_VEG_PCT,2024,69.0689,PC
dataflow,PSOLAN:DF_GREEN_SPACE(1.0),I,E01019888,NDVI_VEG_PCT,2024,90.9287,PC
dataflow,PSOLAN:DF_GREEN_SPACE(1.0),I,E01019889,NDVI_VEG_PCT,2024,94.8493,PC
dataflow,PSOLAN:DF_GREEN_SPACE(1.0),I,E01019890,NDVI_VEG_PCT,2024,91.1995,PC
dataflow,PSOLAN:DF_GREEN_SPACE(1.0),I,E01019891,NDVI_VEG_PCT,2024,88.579,PC
dataflow,PSOLAN:DF_GREEN_SPACE(1.0),I,E01019894,NDVI_VEG_PCT,2024,59.921,PC
dataflow,PSOLAN:DF_GREEN_SPACE(1.0),I,E01019895,NDVI_VEG_PCT,2024,90.9069,PC
dataflow,PSOLAN:DF_GREEN_SPACE(1.0),I,E01019896,NDVI_VEG_PCT,2024,86.3366,PC
dataflow,PSOLAN:DF_GREEN_SPACE(1.0),I,E01019897,NDVI_VEG_PCT,2024,70.6742,PC
dataflow,PSOLAN:DF_GREEN_SPACE(1.0),I,E01019898,NDVI_VEG_PCT,2024,77.3659,PC
dataflow,PSOLAN:DF_GREEN_SPACE(1.0),I,E01019899,NDVI_VEG_PCT,2024,63.1188,PC
dataflow,PSOLAN:DF_GREEN_SPACE(1.0),I,E01019900,NDVI_VEG_PCT,2024,94.6696,PC
dataflow,PSOLAN:DF_GREEN_SPACE(1.0),I,E01019901,NDVI_VEG_PCT,2024,96.3375,PC
dataflow,PSOLAN:DF_GREEN_SPACE(1.0),I,E01019902,NDVI_VEG_PCT,2024,94.37,PC
dataflow,PSOLAN:DF_GREEN_SPACE(1.0),I,E01019903,NDVI_VEG_PCT,2024,87.2875,PC
dataflow,PSOLAN:DF_GREEN_SPACE(1.0),I,E01019904,NDVI_VEG_PCT,2024,32.5545,PC
dataflow,PSOLAN:DF_GREEN_SPACE(1.0),I,E01019905,NDVI_VEG_PCT,2024,85.6739,PC
dataflow,PSOLAN:DF_GREEN_SPACE(1.0),I,E01019906,NDVI_VEG_PCT,2024,31.6327,PC
dataflow,PSOLAN:DF_GREEN_SPACE(1.0),I,E01019907,NDVI_VEG_PCT,2024,35.0665,PC
dataflow,PSOLAN:DF_GREEN_SPACE(1.0),I,E01019908,NDVI_VEG_PCT,2024,37.3377,PC
dataflow,PSOLAN:DF_GREEN_SPACE(1.0),I,E01019909,NDVI_VEG_PCT,2024,46.8345,PC
dataflow,PSOLAN:DF_GREEN_SPACE(1.0),I,E01019910,NDVI_VEG_PCT,2024,54.9523,PC
dataflow,PSOLAN:DF_GREEN_SPACE(1.0),I,E01019911,NDVI_VEG_PCT,2024,80.3769,PC
dataflow,PSOLAN:DF_GREEN_SPACE(1.0),I,E01019912,NDVI_VEG_PCT,2024,40.2552,PC
dataflow,PSOLAN:DF_GREEN_SPACE(1.0),I,E01019913,NDVI_VEG_PCT,2024,72.2158,PC
dataflow,PSOLAN:DF_GREEN_SPACE(1.0),I,E01019914,NDVI_VEG_PCT,2024,79.2184,PC
dataflow,PSOLAN:DF_GREEN_SPACE(1.0),I,E01019915,NDVI_VEG_PCT,2024,64.3288,PC
dataflow,PSOLAN:DF_GREEN_SPACE(1.0),I,E01019916,NDVI_VEG_PCT,2024,14.1667,PC
dataflow,PSOLAN:DF_GREEN_SPACE(1.0),I,E01019917,NDVI_VEG_PCT,2024,14.2529,PC
dataflow,PSOLAN:DF_GREEN_SPACE(1.0),I,E01019918,NDVI_VEG_PCT,2024,35.257,PC
dataflow,PSOLAN:DF_GREEN_SPACE(1.0),I,E01019919,NDVI_VEG_PCT,2024,17.3228,PC
dataflow,PSOLAN:DF_GREEN_SPACE(1.0),I,E01019920,NDVI_VEG_PCT,2024,47.846,PC
dataflow,PSOLAN:DF_GREEN_SPACE(1.0),I,E01019921,NDVI_VEG_PCT,2024,46.9108,PC
dataflow,PSOLAN:DF_GREEN_SPACE(1.0),I,E01019922,NDVI_VEG_PCT,2024,62.4211,PC
dataflow,PSOLAN:DF_GREEN_SPACE(1.0),I,E01019923,NDVI_VEG_PCT,2024,46.7568,PC
dataflow,PSOLAN:DF_GREEN_SPACE(1.0),I,E01019924,NDVI_VEG_PCT,2024,81.0523,PC
dataflow,PSOLAN:DF_GREEN_SPACE(1.0),I,E01019925,NDVI_VEG_PCT,2024,72.1644,PC
dataflow,PSOLAN:DF_GREEN_SPACE(1.0),I,E01019927,NDVI_VEG_PCT,2024,32.9502,PC
dataflow,PSOLAN:DF_GREEN_SPACE(1.0),I,E01019928,NDVI_VEG_PCT,2024,50.9592,PC
dataflow,PSOLAN:DF_GREEN_SPACE(1.0),I,E01019929,NDVI_VEG_PCT,2024,64.2378,PC
dataflow,PSOLAN:DF_GREEN_SPACE(1.0),I,E01019930,NDVI_VEG_PCT,2024,60.0201,PC
dataflow,PSOLAN:DF_GREEN_SPACE(1.0),I,E01019931,NDVI_VEG_PCT,2024,95.0891,PC
dataflow,PSOLAN:DF_GREEN_SPACE(1.0),I,E01019932,NDVI_VEG_PCT,2024,55.4136,PC
dataflow,PSOLAN:DF_GREEN_SPACE(1.0),I,E01019933,NDVI_VEG_PCT,2024,56.8948,PC
dataflow,PSOLAN:DF_GREEN_SPACE(1.0),I,E01019934,NDVI_VEG_PCT,2024,92.6578,PC
dataflow,PSOLAN:DF_GREEN_SPACE(1.0),I,E01019935,NDVI_VEG_PCT,2024,95.3875,PC
dataflow,PSOLAN:DF_GREEN_SPACE(1.0),I,E01019936,NDVI_VEG_PCT,2024,95.6947,PC
dataflow,PSOLAN:DF_GREEN_SPACE(1.0),I,E01019937,NDVI_VEG_PCT,2024,89.4554,PC
dataflow,PSOLAN:DF_GREEN_SPACE(1.0),I,E01019938,NDVI_VEG_PCT,2024,94.8302,PC
dataflow,PSOLAN:DF_GREEN_SPACE(1.0),I,E01019939,NDVI_VEG_PCT,2024,88.2075,PC
dataflow,PSOLAN:DF_GREEN_SPACE(1.0),I,E01019940,NDVI_VEG_PCT,2024,91.0435,PC
dataflow,PSOLAN:DF_GREEN_SPACE(1.0),I,E01019942,NDVI_VEG_PCT,2024,73.7139,PC
dataflow,PSOLAN:DF_GREEN_SPACE(1.0),I,E01019943,NDVI_VEG_PCT,2024,90.2351,PC
dataflow,PSOLAN:DF_GREEN_SPACE(1.0),I,E01019944,NDVI_VEG_PCT,2024,77.6204,PC
dataflow,PSOLAN:DF_GREEN_SPACE(1.0),I,E01019945,NDVI_VEG_PCT,2024,86.5681,PC
dataflow,PSOLAN:DF_GREEN_SPACE(1.0),I,E01019946,NDVI_VEG_PCT,2024,81.337,PC
dataflow,PSOLAN:DF_GREEN_SPACE(1.0),I,E01019947,NDVI_VEG_PCT,2024,21.9336,PC
dataflow,PSOLAN:DF_GREEN_SPACE(1.0),I,E01019948,NDVI_VEG_PCT,2024,37.3424,PC
dataflow,PSOLAN:DF_GREEN_SPACE(1.0),I,E01019949,NDVI_VEG_PCT,2024,85.1022,PC
dataflow,PSOLAN:DF_GREEN_SPACE(1.0),I,E01019950,NDVI_VEG_PCT,2024,69.9258,PC
dataflow,PSOLAN:DF_GREEN_SPACE(1.0),I,E01019951,NDVI_VEG_PCT,2024,94.5441,PC
dataflow,PSOLAN:DF_GREEN_SPACE(1.0),I,E01019952,NDVI_VEG_PCT,2024,62.7294,PC
dataflow,PSOLAN:DF_GREEN_SPACE(1.0),I,E01019953,NDVI_VEG_PCT,2024,82.9884,PC
dataflow,PSOLAN:DF_GREEN_SPACE(1.0),I,E01019954,NDVI_VEG_PCT,2024,91.3842,PC
dataflow,PSOLAN:DF_GREEN_SPACE(1.0),I,E01019955,NDVI_VEG_PCT,2024,65.7995,PC
dataflow,PSOLAN:DF_GREEN_SPACE(1.0),I,E01019956,NDVI_VEG_PCT,2024,32.1076,PC
dataflow,PSOLAN:DF_GREEN_SPACE(1.0),I,E01019957,NDVI_VEG_PCT,2024,90.8342,PC
dataflow,PSOLAN:DF_GREEN_SPACE(1.0),I,E01019958,NDVI_VEG_PCT,2024,76.6296,PC
dataflow,PSOLAN:DF_GREEN_SPACE(1.0),I,E01019959,NDVI_VEG_PCT,2024,90.0231,PC
dataflow,PSOLAN:DF_GREEN_SPACE(1.0),I,E01019960,NDVI_VEG_PCT,2024,84.2449,PC
dataflow,PSOLAN:DF_GREEN_SPACE(1.0),I,E01019961,NDVI_VEG_PCT,2024,84.1595,PC
dataflow,PSOLAN:DF_GREEN_SPACE(1.0),I,E01019962,NDVI_VEG_PCT,2024,88.8645,PC
dataflow,PSOLAN:DF_GREEN_SPACE(1.0),I,E01019963,NDVI_VEG_PCT,2024,72.241,PC
dataflow,PSOLAN:DF_GREEN_SPACE(1.0),I,E01019964,NDVI_VEG_PCT,2024,84.6561,PC
dataflow,PSOLAN:DF_GREEN_SPACE(1.0),I,E01019965,NDVI_VEG_PCT,2024,81.2641,PC
dataflow,PSOLAN:DF_GREEN_SPACE(1.0),I,E01019966,NDVI_VEG_PCT,2024,95.9938,PC
dataflow,PSOLAN:DF_GREEN_SPACE(1.0),I,E01019967,NDVI_VEG_PCT,2024,95.5003,PC
dataflow,PSOLAN:DF_GREEN_SPACE(1.0),I,E01019968,NDVI_VEG_PCT,2024,54.9398,PC
dataflow,PSOLAN:DF_GREEN_SPACE(1.0),I,E01019969,NDVI_VEG_PCT,2024,34.5093,PC
dataflow,PSOLAN:DF_GREEN_SPACE(1.0),I,E01019970,NDVI_VEG_PCT,2024,61.9216,PC
dataflow,PSOLAN:DF_GREEN_SPACE(1.0),I,E01019971,NDVI_VEG_PCT,2024,49.0765,PC
dataflow,PSOLAN:DF_GREEN_SPACE(1.0),I,E01019972,NDVI_VEG_PCT,2024,21.2299,PC
dataflow,PSOLAN:DF_GREEN_SPACE(1.0),I,E01019973,NDVI_VEG_PCT,2024,74.9433,PC
dataflow,PSOLAN:DF_GREEN_SPACE(1.0),I,E01019974,NDVI_VEG_PCT,2024,51.7647,PC
dataflow,PSOLAN:DF_GREEN_SPACE(1.0),I,E01019975,NDVI_VEG_PCT,2024,36.2348,PC
dataflow,PSOLAN:DF_GREEN_SPACE(1.0),I,E01019976,NDVI_VEG_PCT,2024,89.1078,PC
dataflow,PSOLAN:DF_GREEN_SPACE(1.0),I,E01019977,NDVI_VEG_PCT,2024,37.1795,PC
dataflow,PSOLAN:DF_GREEN_SPACE(1.0),I,E01019980,NDVI_VEG_PCT,2024,81.2261,PC
dataflow,PSOLAN:DF_GREEN_SPACE(1.0),I,E01019981,NDVI_VEG_PCT,2024,86.8117,PC
dataflow,PSOLAN:DF_GREEN_SPACE(1.0),I,E01019982,NDVI_VEG_PCT,2024,94.3882,PC
dataflow,PSOLAN:DF_GREEN_SPACE(1.0),I,E01019983,NDVI_VEG_PCT,2024,50.3394,PC
dataflow,PSOLAN:DF_GREEN_SPACE(1.0),I,E01019984,NDVI_VEG_PCT,2024,60.0306,PC
dataflow,PSOLAN:DF_GREEN_SPACE(1.0),I,E01019985,NDVI_VEG_PCT,2024,72.5585,PC
dataflow,PSOLAN:DF_GREEN_SPACE(1.0),I,E01019986,NDVI_VEG_PCT,2024,59.1472,PC
dataflow,PSOLAN:DF_GREEN_SPACE(1.0),I,E01019987,NDVI_VEG_PCT,2024,34.3478,PC
dataflow,PSOLAN:DF_GREEN_SPACE(1.0),I,E01019988,NDVI_VEG_PCT,2024,46.593,PC
dataflow,PSOLAN:DF_GREEN_SPACE(1.0),I,E01019989,NDVI_VEG_PCT,2024,29.7659,PC
dataflow,PSOLAN:DF_GREEN_SPACE(1.0),I,E01019990,NDVI_VEG_PCT,2024,86.6029,PC
dataflow,PSOLAN:DF_GREEN_SPACE(1.0),I,E01019991,NDVI_VEG_PCT,2024,66.4557,PC
dataflow,PSOLAN:DF_GREEN_SPACE(1.0),I,E01019992,NDVI_VEG_PCT,2024,52.0092,PC
dataflow,PSOLAN:DF_GREEN_SPACE(1.0),I,E01019993,NDVI_VEG_PCT,2024,93.1488,PC
dataflow,PSOLAN:DF_GREEN_SPACE(1.0),I,E01019994,NDVI_VEG_PCT,2024,58.517,PC
dataflow,PSOLAN:DF_GREEN_SPACE(1.0),I,E01019995,NDVI_VEG_PCT,2024,27.1981,PC
dataflow,PSOLAN:DF_GREEN_SPACE(1.0),I,E01019996,NDVI_VEG_PCT,2024,44.7471,PC
dataflow,PSOLAN:DF_GREEN_SPACE(1.0),I,E01019997,NDVI_VEG_PCT,2024,21.645,PC
dataflow,PSOLAN:DF_GREEN_SPACE(1.0),I,E01019998,NDVI_VEG_PCT,2024,75.69,PC
dataflow,PSOLAN:DF_GREEN_SPACE(1.0),I,E01019999,NDVI_VEG_PCT,2024,77.0289,PC
dataflow,PSOLAN:DF_GREEN_SPACE(1.0),I,E01020000,NDVI_VEG_PCT,2024,71.558,PC
dataflow,PSOLAN:DF_GREEN_SPACE(1.0),I,E01020001,NDVI_VEG_PCT,2024,95.6041,PC
dataflow,PSOLAN:DF_GREEN_SPACE(1.0),I,E01020002,NDVI_VEG_PCT,2024,66.5163,PC
dataflow,PSOLAN:DF_GREEN_SPACE(1.0),I,E01020003,NDVI_VEG_PCT,2024,68.2701,PC
dataflow,PSOLAN:DF_GREEN_SPACE(1.0),I,E01020004,NDVI_VEG_PCT,2024,48.4469,PC
dataflow,PSOLAN:DF_GREEN_SPACE(1.0),I,E01020005,NDVI_VEG_PCT,2024,43.1153,PC
dataflow,PSOLAN:DF_GREEN_SPACE(1.0),I,E01020006,NDVI_VEG_PCT,2024,49.4264,PC
dataflow,PSOLAN:DF_GREEN_SPACE(1.0),I,E01020007,NDVI_VEG_PCT,2024,47.0468,PC
dataflow,PSOLAN:DF_GREEN_SPACE(1.0),I,E01020008,NDVI_VEG_PCT,2024,26.5672,PC
dataflow,PSOLAN:DF_GREEN_SPACE(1.0),I,E01020009,NDVI_VEG_PCT,2024,57.539,PC
dataflow,PSOLAN:DF_GREEN_SPACE(1.0),I,E01020010,NDVI_VEG_PCT,2024,59.3023,PC
dataflow,PSOLAN:DF_GREEN_SPACE(1.0),I,E01020011,NDVI_VEG_PCT,2024,80.6385,PC
dataflow,PSOLAN:DF_GREEN_SPACE(1.0),I,E01020012,NDVI_VEG_PCT,2024,68.8068,PC
dataflow,PSOLAN:DF_GREEN_SPACE(1.0),I,E01020013,NDVI_VEG_PCT,2024,37.6872,PC
dataflow,PSOLAN:DF_GREEN_SPACE(1.0),I,E01020014,NDVI_VEG_PCT,2024,41.3081,PC
dataflow,PSOLAN:DF_GREEN_SPACE(1.0),I,E01020015,NDVI_VEG_PCT,2024,55.3191,PC
dataflow,PSOLAN:DF_GREEN_SPACE(1.0),I,E01020017,NDVI_VEG_PCT,2024,44.8889,PC
dataflow,PSOLAN:DF_GREEN_SPACE(1.0),I,E01020018,NDVI_VEG_PCT,2024,36.5918,PC
dataflow,PSOLAN:DF_GREEN_SPACE(1.0),I,E01020019,NDVI_VEG_PCT,2024,46.7606,PC
dataflow,PSOLAN:DF_GREEN_SPACE(1.0),I,E01020020,NDVI_VEG_PCT,2024,50.8806,PC
dataflow,PSOLAN:DF_GREEN_SPACE(1.0),I,E01020021,NDVI_VEG_PCT,2024,74.5489,PC
dataflow,PSOLAN:DF_GREEN_SPACE(1.0),I,E01020022,NDVI_VEG_PCT,2024,31.358,PC
dataflow,PSOLAN:DF_GREEN_SPACE(1.0),I,E01020023,NDVI_VEG_PCT,2024,63.2362,PC
dataflow,PSOLAN:DF_GREEN_SPACE(1.0),I,E01020024,NDVI_VEG_PCT,2024,60.687,PC
dataflow,PSOLAN:DF_GREEN_SPACE(1.0),I,E01020025,NDVI_VEG_PCT,2024,44.8413,PC
dataflow,PSOLAN:DF_GREEN_SPACE(1.0),I,E01020026,NDVI_VEG_PCT,2024,44.9541,PC
dataflow,PSOLAN:DF_GREEN_SPACE(1.0),I,E01020027,NDVI_VEG_PCT,2024,72.2179,PC
dataflow,PSOLAN:DF_GREEN_SPACE(1.0),I,E01020029,NDVI_VEG_PCT,2024,33.4746,PC
dataflow,PSOLAN:DF_GREEN_SPACE(1.0),I,E01020030,NDVI_VEG_PCT,2024,30.5518,PC
dataflow,PSOLAN:DF_GREEN_SPACE(1.0),I,E01020031,NDVI_VEG_PCT,2024,28.9412,PC
dataflow,PSOLAN:DF_GREEN_SPACE(1.0),I,E01020032,NDVI_VEG_PCT,2024,34.6614,PC
dataflow,PSOLAN:DF_GREEN_SPACE(1.0),I,E01020036,NDVI_VEG_PCT,2024,66.2488,PC
dataflow,PSOLAN:DF_GREEN_SPACE(1.0),I,E01020037,NDVI_VEG_PCT,2024,60.7196,PC
dataflow,PSOLAN:DF_GREEN_SPACE(1.0),I,E01020038,NDVI_VEG_PCT,2024,56.6218,PC
dataflow,PSOLAN:DF_GREEN_SPACE(1.0),I,E01020039,NDVI_VEG_PCT,2024,61.6963,PC
dataflow,PSOLAN:DF_GREEN_SPACE(1.0),I,E01020040,NDVI_VEG_PCT,2024,67.698,PC
dataflow,PSOLAN:DF_GREEN_SPACE(1.0),I,E01020041,NDVI_VEG_PCT,2024,79.275,PC
dataflow,PSOLAN:DF_GREEN_SPACE(1.0),I,E01020042,NDVI_VEG_PCT,2024,60.1728,PC
dataflow,PSOLAN:DF_GREEN_SPACE(1.0),I,E01020043,NDVI_VEG_PCT,2024,87.9846,PC
dataflow,PSOLAN:DF_GREEN_SPACE(1.0),I,E01020044,NDVI_VEG_PCT,2024,92.0129,PC
dataflow,PSOLAN:DF_GREEN_SPACE(1.0),I,E01020045,NDVI_VEG_PCT,2024,83.698,PC
dataflow,PSOLAN:DF_GREEN_SPACE(1.0),I,E01020046,NDVI_VEG_PCT,2024,91.4123,PC
dataflow,PSOLAN:DF_GREEN_SPACE(1.0),I,E01020047,NDVI_VEG_PCT,2024,95.0607,PC
dataflow,PSOLAN:DF_GREEN_SPACE(1.0),I,E01020048,NDVI_VEG_PCT,2024,55.9889,PC
dataflow,PSOLAN:DF_GREEN_SPACE(1.0),I,E01020049,NDVI_VEG_PCT,2024,94.8437,PC
dataflow,PSOLAN:DF_GREEN_SPACE(1.0),I,E01020050,NDVI_VEG_PCT,2024,96.1461,PC
dataflow,PSOLAN:DF_GREEN_SPACE(1.0),I,E01020051,NDVI_VEG_PCT,2024,84.2124,PC
dataflow,PSOLAN:DF_GREEN_SPACE(1.0),I,E01020052,NDVI_VEG_PCT,2024,82.5797,PC
dataflow,PSOLAN:DF_GREEN_SPACE(1.0),I,E01020053,NDVI_VEG_PCT,2024,51.5385,PC
dataflow,PSOLAN:DF_GREEN_SPACE(1.0),I,E01020054,NDVI_VEG_PCT,2024,63.7522,PC
dataflow,PSOLAN:DF_GREEN_SPACE(1.0),I,E01020055,NDVI_VEG_PCT,2024,72.278,PC
dataflow,PSOLAN:DF_GREEN_SPACE(1.0),I,E01020056,NDVI_VEG_PCT,2024,84.6009,PC
dataflow,PSOLAN:DF_GREEN_SPACE(1.0),I,E01020057,NDVI_VEG_PCT,2024,45.5543,PC
dataflow,PSOLAN:DF_GREEN_SPACE(1.0),I,E01020058,NDVI_VEG_PCT,2024,44.5076,PC
dataflow,PSOLAN:DF_GREEN_SPACE(1.0),I,E01020059,NDVI_VEG_PCT,2024,83.6929,PC
dataflow,PSOLAN:DF_GREEN_SPACE(1.0),I,E01020060,NDVI_VEG_PCT,2024,57.9557,PC
dataflow,PSOLAN:DF_GREEN_SPACE(1.0),I,E01020061,NDVI_VEG_PCT,2024,74.0528,PC
dataflow,PSOLAN:DF_GREEN_SPACE(1.0),I,E01020062,NDVI_VEG_PCT,2024,81.5027,PC
dataflow,PSOLAN:DF_GREEN_SPACE(1.0),I,E01020063,NDVI_VEG_PCT,2024,82.7802,PC
dataflow,PSOLAN:DF_GREEN_SPACE(1.0),I,E01020064,NDVI_VEG_PCT,2024,70.6393,PC
dataflow,PSOLAN:DF_GREEN_SPACE(1.0),I,E01020065,NDVI_VEG_PCT,2024,58.5158,PC
dataflow,PSOLAN:DF_GREEN_SPACE(1.0),I,E01020067,NDVI_VEG_PCT,2024,51.9041,PC
dataflow,PSOLAN:DF_GREEN_SPACE(1.0),I,E01020068,NDVI_VEG_PCT,2024,85.0391,PC
dataflow,PSOLAN:DF_GREEN_SPACE(1.0),I,E01020069,NDVI_VEG_PCT,2024,89.4756,PC
dataflow,PSOLAN:DF_GREEN_SPACE(1.0),I,E01020070,NDVI_VEG_PCT,2024,90.3531,PC
dataflow,PSOLAN:DF_GREEN_SPACE(1.0),I,E01020071,NDVI_VEG_PCT,2024,86.0246,PC
dataflow,PSOLAN:DF_GREEN_SPACE(1.0),I,E01020072,NDVI_VEG_PCT,2024,90.1426,PC
dataflow,PSOLAN:DF_GREEN_SPACE(1.0),I,E01020073,NDVI_VEG_PCT,2024,89.8529,PC
dataflow,PSOLAN:DF_GREEN_SPACE(1.0),I,E01020074,NDVI_VEG_PCT,2024,92.6799,PC
dataflow,PSOLAN:DF_GREEN_SPACE(1.0),I,E01020075,NDVI_VEG_PCT,2024,94.9287,PC
dataflow,PSOLAN:DF_GREEN_SPACE(1.0),I,E01020076,NDVI_VEG_PCT,2024,85.703,PC
dataflow,PSOLAN:DF_GREEN_SPACE(1.0),I,E01020077,NDVI_VEG_PCT,2024,92.1719,PC
dataflow,PSOLAN:DF_GREEN_SPACE(1.0),I,E01020078,NDVI_VEG_PCT,2024,36.5161,PC
dataflow,PSOLAN:DF_GREEN_SPACE(1.0),I,E01020079,NDVI_VEG_PCT,2024,78.8991,PC
dataflow,PSOLAN:DF_GREEN_SPACE(1.0),I,E01020080,NDVI_VEG_PCT,2024,92.8737,PC
dataflow,PSOLAN:DF_GREEN_SPACE(1.0),I,E01020081,NDVI_VEG_PCT,2024,95.9265,PC
dataflow,PSOLAN:DF_GREEN_SPACE(1.0),I,E01020082,NDVI_VEG_PCT,2024,95.2182,PC
dataflow,PSOLAN:DF_GREEN_SPACE(1.0),I,E01020083,NDVI_VEG_PCT,2024,86.8675,PC
dataflow,PSOLAN:DF_GREEN_SPACE(1.0),I,E01020084,NDVI_VEG_PCT,2024,53.0303,PC
dataflow,PSOLAN:DF_GREEN_SPACE(1.0),I,E01020085,NDVI_VEG_PCT,2024,31.5577,PC
dataflow,PSOLAN:DF_GREEN_SPACE(1.0),I,E01020087,NDVI_VEG_PCT,2024,92.1099,PC
dataflow,PSOLAN:DF_GREEN_SPACE(1.0),I,E01020088,NDVI_VEG_PCT,2024,97.6522,PC
dataflow,PSOLAN:DF_GREEN_SPACE(1.0),I,E01020089,NDVI_VEG_PCT,2024,48.5135,PC
dataflow,PSOLAN:DF_GREEN_SPACE(1.0),I,E01020090,NDVI_VEG_PCT,2024,92.4287,PC
dataflow,PSOLAN:DF_GREEN_SPACE(1.0),I,E01020091,NDVI_VEG_PCT,2024,88.8906,PC
dataflow,PSOLAN:DF_GREEN_SPACE(1.0),I,E01020092,NDVI_VEG_PCT,2024,80.4084,PC
dataflow,PSOLAN:DF_GREEN_SPACE(1.0),I,E01020093,NDVI_VEG_PCT,2024,60.4729,PC
dataflow,PSOLAN:DF_GREEN_SPACE(1.0),I,E01020094,NDVI_VEG_PCT,2024,6.852,PC
dataflow,PSOLAN:DF_GREEN_SPACE(1.0),I,E01020095,NDVI_VEG_PCT,2024,16.7785,PC
dataflow,PSOLAN:DF_GREEN_SPACE(1.0),I,E01020096,NDVI_VEG_PCT,2024,18.2609,PC
dataflow,PSOLAN:DF_GREEN_SPACE(1.0),I,E01020097,NDVI_VEG_PCT,2024,89.5576,PC
dataflow,PSOLAN:DF_GREEN_SPACE(1.0),I,E01020098,NDVI_VEG_PCT,2024,92.9028,PC
dataflow,PSOLAN:DF_GREEN_SPACE(1.0),I,E01020099,NDVI_VEG_PCT,2024,95.9267,PC
dataflow,PSOLAN:DF_GREEN_SPACE(1.0),I,E01020100,NDVI_VEG_PCT,2024,98.4163,PC
dataflow,PSOLAN:DF_GREEN_SPACE(1.0),I,E01020101,NDVI_VEG_PCT,2024,80.2566,PC
dataflow,PSOLAN:DF_GREEN_SPACE(1.0),I,E01020102,NDVI_VEG_PCT,2024,41.9028,PC
dataflow,PSOLAN:DF_GREEN_SPACE(1.0),I,E01020103,NDVI_VEG_PCT,2024,35.0,PC
dataflow,PSOLAN:DF_GREEN_SPACE(1.0),I,E01020104,NDVI_VEG_PCT,2024,37.5242,PC
dataflow,PSOLAN:DF_GREEN_SPACE(1.0),I,E01020105,NDVI_VEG_PCT,2024,76.771,PC
dataflow,PSOLAN:DF_GREEN_SPACE(1.0),I,E01020106,NDVI_VEG_PCT,2024,81.9212,PC
dataflow,PSOLAN:DF_GREEN_SPACE(1.0),I,E01020107,NDVI_VEG_PCT,2024,91.0691,PC
dataflow,PSOLAN:DF_GREEN_SPACE(1.0),I,E01020108,NDVI_VEG_PCT,2024,92.9849,PC
dataflow,PSOLAN:DF_GREEN_SPACE(1.0),I,E01020109,NDVI_VEG_PCT,2024,93.626,PC
dataflow,PSOLAN:DF_GREEN_SPACE(1.0),I,E01020110,NDVI_VEG_PCT,2024,80.9282,PC
dataflow,PSOLAN:DF_GREEN_SPACE(1.0),I,E01020111,NDVI_VEG_PCT,2024,47.7337,PC
dataflow,PSOLAN:DF_GREEN_SPACE(1.0),I,E01020112,NDVI_VEG_PCT,2024,39.6476,PC
dataflow,PSOLAN:DF_GREEN_SPACE(1.0),I,E01020113,NDVI_VEG_PCT,2024,77.6911,PC
dataflow,PSOLAN:DF_GREEN_SPACE(1.0),I,E01020114,NDVI_VEG_PCT,2024,67.6757,PC
dataflow,PSOLAN:DF_GREEN_SPACE(1.0),I,E01020115,NDVI_VEG_PCT,2024,95.548,PC
dataflow,PSOLAN:DF_GREEN_SPACE(1.0),I,E01020116,NDVI_VEG_PCT,2024,57.684,PC
dataflow,PSOLAN:DF_GREEN_SPACE(1.0),I,E01020117,NDVI_VEG_PCT,2024,95.5237,PC
dataflow,PSOLAN:DF_GREEN_SPACE(1.0),I,E01020118,NDVI_VEG_PCT,2024,87.341,PC
dataflow,PSOLAN:DF_GREEN_SPACE(1.0),I,E01020119,NDVI_VEG_PCT,2024,91.143,PC
dataflow,PSOLAN:DF_GREEN_SPACE(1.0),I,E01020120,NDVI_VEG_PCT,2024,92.5627,PC
dataflow,PSOLAN:DF_GREEN_SPACE(1.0),I,E01020121,NDVI_VEG_PCT,2024,90.9748,PC
dataflow,PSOLAN:DF_GREEN_SPACE(1.0),I,E01020122,NDVI_VEG_PCT,2024,86.5245,PC
dataflow,PSOLAN:DF_GREEN_SPACE(1.0),I,E01020123,NDVI_VEG_PCT,2024,63.9501,PC
dataflow,PSOLAN:DF_GREEN_SPACE(1.0),I,E01020124,NDVI_VEG_PCT,2024,45.9449,PC
dataflow,PSOLAN:DF_GREEN_SPACE(1.0),I,E01020125,NDVI_VEG_PCT,2024,51.5474,PC
dataflow,PSOLAN:DF_GREEN_SPACE(1.0),I,E01020126,NDVI_VEG_PCT,2024,98.3573,PC
dataflow,PSOLAN:DF_GREEN_SPACE(1.0),I,E01020127,NDVI_VEG_PCT,2024,95.2679,PC
dataflow,PSOLAN:DF_GREEN_SPACE(1.0),I,E01020128,NDVI_VEG_PCT,2024,69.8265,PC
dataflow,PSOLAN:DF_GREEN_SPACE(1.0),I,E01020129,NDVI_VEG_PCT,2024,31.3404,PC
dataflow,PSOLAN:DF_GREEN_SPACE(1.0),I,E01020130,NDVI_VEG_PCT,2024,20.1635,PC
dataflow,PSOLAN:DF_GREEN_SPACE(1.0),I,E01020131,NDVI_VEG_PCT,2024,95.3326,PC
dataflow,PSOLAN:DF_GREEN_SPACE(1.0),I,E01020132,NDVI_VEG_PCT,2024,56.1683,PC
dataflow,PSOLAN:DF_GREEN_SPACE(1.0),I,E01020133,NDVI_VEG_PCT,2024,54.477,PC
dataflow,PSOLAN:DF_GREEN_SPACE(1.0),I,E01020134,NDVI_VEG_PCT,2024,65.9103,PC
dataflow,PSOLAN:DF_GREEN_SPACE(1.0),I,E01020135,NDVI_VEG_PCT,2024,61.5334,PC
dataflow,PSOLAN:DF_GREEN_SPACE(1.0),I,E01020136,NDVI_VEG_PCT,2024,81.8287,PC
dataflow,PSOLAN:DF_GREEN_SPACE(1.0),I,E01020137,NDVI_VEG_PCT,2024,62.3288,PC
dataflow,PSOLAN:DF_GREEN_SPACE(1.0),I,E01020138,NDVI_VEG_PCT,2024,95.4818,PC
dataflow,PSOLAN:DF_GREEN_SPACE(1.0),I,E01020139,NDVI_VEG_PCT,2024,27.8317,PC
dataflow,PSOLAN:DF_GREEN_SPACE(1.0),I,E01020140,NDVI_VEG_PCT,2024,79.2709,PC
dataflow,PSOLAN:DF_GREEN_SPACE(1.0),I,E01020141,NDVI_VEG_PCT,2024,73.4737,PC
dataflow,PSOLAN:DF_GREEN_SPACE(1.0),I,E01020142,NDVI_VEG_PCT,2024,91.8699,PC
dataflow,PSOLAN:DF_GREEN_SPACE(1.0),I,E01020143,NDVI_VEG_PCT,2024,90.3276,PC
dataflow,PSOLAN:DF_GREEN_SPACE(1.0),I,E01020144,NDVI_VEG_PCT,2024,70.7024,PC
dataflow,PSOLAN:DF_GREEN_SPACE(1.0),I,E01020145,NDVI_VEG_PCT,2024,91.2828,PC
dataflow,PSOLAN:DF_GREEN_SPACE(1.0),I,E01020146,NDVI_VEG_PCT,2024,91.5315,PC
dataflow,PSOLAN:DF_GREEN_SPACE(1.0),I,E01020147,NDVI_VEG_PCT,2024,89.5563,PC
dataflow,PSOLAN:DF_GREEN_SPACE(1.0),I,E01020148,NDVI_VEG_PCT,2024,96.5178,PC
dataflow,PSOLAN:DF_GREEN_SPACE(1.0),I,E01020149,NDVI_VEG_PCT,2024,86.2122,PC
dataflow,PSOLAN:DF_GREEN_SPACE(1.0),I,E01020150,NDVI_VEG_PCT,2024,91.2858,PC
dataflow,PSOLAN:DF_GREEN_SPACE(1.0),I,E01020151,NDVI_VEG_PCT,2024,82.9965,PC
dataflow,PSOLAN:DF_GREEN_SPACE(1.0),I,E01020152,NDVI_VEG_PCT,2024,45.6071,PC
dataflow,PSOLAN:DF_GREEN_SPACE(1.0),I,E01020153,NDVI_VEG_PCT,2024,92.1155,PC
dataflow,PSOLAN:DF_GREEN_SPACE(1.0),I,E01020154,NDVI_VEG_PCT,2024,93.6347,PC
dataflow,PSOLAN:DF_GREEN_SPACE(1.0),I,E01020155,NDVI_VEG_PCT,2024,29.4606,PC
dataflow,PSOLAN:DF_GREEN_SPACE(1.0),I,E01020156,NDVI_VEG_PCT,2024,90.183,PC
dataflow,PSOLAN:DF_GREEN_SPACE(1.0),I,E01020157,NDVI_VEG_PCT,2024,94.7369,PC
dataflow,PSOLAN:DF_GREEN_SPACE(1.0),I,E01020158,NDVI_VEG_PCT,2024,91.3667,PC
dataflow,PSOLAN:DF_GREEN_SPACE(1.0),I,E01020159,NDVI_VEG_PCT,2024,91.8072,PC
dataflow,PSOLAN:DF_GREEN_SPACE(1.0),I,E01020160,NDVI_VEG_PCT,2024,95.0251,PC
dataflow,PSOLAN:DF_GREEN_SPACE(1.0),I,E01020161,NDVI_VEG_PCT,2024,64.9561,PC
dataflow,PSOLAN:DF_GREEN_SPACE(1.0),I,E01020162,NDVI_VEG_PCT,2024,67.6349,PC
dataflow,PSOLAN:DF_GREEN_SPACE(1.0),I,E01020163,NDVI_VEG_PCT,2024,65.8021,PC
dataflow,PSOLAN:DF_GREEN_SPACE(1.0),I,E01020164,NDVI_VEG_PCT,2024,61.7357,PC
dataflow,PSOLAN:DF_GREEN_SPACE(1.0),I,E01020165,NDVI_VEG_PCT,2024,52.9595,PC
dataflow,PSOLAN:DF_GREEN_SPACE(1.0),I,E01020166,NDVI_VEG_PCT,2024,53.3333,PC
dataflow,PSOLAN:DF_GREEN_SPACE(1.0),I,E01020167,NDVI_VEG_PCT,2024,76.5359,PC
dataflow,PSOLAN:DF_GREEN_SPACE(1.0),I,E01020168,NDVI_VEG_PCT,2024,83.8625,PC
dataflow,PSOLAN:DF_GREEN_SPACE(1.0),I,E01020169,NDVI_VEG_PCT,2024,82.8476,PC
dataflow,PSOLAN:DF_GREEN_SPACE(1.0),I,E01020170,NDVI_VEG_PCT,2024,89.3109,PC
dataflow,PSOLAN:DF_GREEN_SPACE(1.0),I,E01020171,NDVI_VEG_PCT,2024,91.3025,PC
dataflow,PSOLAN:DF_GREEN_SPACE(1.0),I,E01020172,NDVI_VEG_PCT,2024,91.339,PC
dataflow,PSOLAN:DF_GREEN_SPACE(1.0),I,E01020173,NDVI_VEG_PCT,2024,84.6927,PC
dataflow,PSOLAN:DF_GREEN_SPACE(1.0),I,E01020174,NDVI_VEG_PCT,2024,92.6466,PC
dataflow,PSOLAN:DF_GREEN_SPACE(1.0),I,E01020175,NDVI_VEG_PCT,2024,89.7751,PC
dataflow,PSOLAN:DF_GREEN_SPACE(1.0),I,E01020176,NDVI_VEG_PCT,2024,93.0155,PC
dataflow,PSOLAN:DF_GREEN_SPACE(1.0),I,E01020177,NDVI_VEG_PCT,2024,84.3461,PC
dataflow,PSOLAN:DF_GREEN_SPACE(1.0),I,E01020178,NDVI_VEG_PCT,2024,89.6149,PC
dataflow,PSOLAN:DF_GREEN_SPACE(1.0),I,E01020179,NDVI_VEG_PCT,2024,88.9444,PC
dataflow,PSOLAN:DF_GREEN_SPACE(1.0),I,E01020180,NDVI_VEG_PCT,2024,67.4847,PC
dataflow,PSOLAN:DF_GREEN_SPACE(1.0),I,E01020181,NDVI_VEG_PCT,2024,67.5393,PC
dataflow,PSOLAN:DF_GREEN_SPACE(1.0),I,E01020182,NDVI_VEG_PCT,2024,81.5476,PC
dataflow,PSOLAN:DF_GREEN_SPACE(1.0),I,E01020183,NDVI_VEG_PCT,2024,37.6038,PC
dataflow,PSOLAN:DF_GREEN_SPACE(1.0),I,E01020184,NDVI_VEG_PCT,2024,91.5282,PC
dataflow,PSOLAN:DF_GREEN_SPACE(1.0),I,E01020185,NDVI_VEG_PCT,2024,84.3146,PC
dataflow,PSOLAN:DF_GREEN_SPACE(1.0),I,E01020186,NDVI_VEG_PCT,2024,90.982,PC
dataflow,PSOLAN:DF_GREEN_SPACE(1.0),I,E01020187,NDVI_VEG_PCT,2024,85.58,PC
dataflow,PSOLAN:DF_GREEN_SPACE(1.0),I,E01020188,NDVI_VEG_PCT,2024,92.1156,PC
dataflow,PSOLAN:DF_GREEN_SPACE(1.0),I,E01020189,NDVI_VEG_PCT,2024,84.9484,PC
dataflow,PSOLAN:DF_GREEN_SPACE(1.0),I,E01020190,NDVI_VEG_PCT,2024,93.3069,PC
dataflow,PSOLAN:DF_GREEN_SPACE(1.0),I,E01020191,NDVI_VEG_PCT,2024,94.2658,PC
dataflow,PSOLAN:DF_GREEN_SPACE(1.0),I,E01020192,NDVI_VEG_PCT,2024,91.231,PC
dataflow,PSOLAN:DF_GREEN_SPACE(1.0),I,E01020193,NDVI_VEG_PCT,2024,92.3366,PC
dataflow,PSOLAN:DF_GREEN_SPACE(1.0),I,E01020194,NDVI_VEG_PCT,2024,85.0154,PC
dataflow,PSOLAN:DF_GREEN_SPACE(1.0),I,E01020195,NDVI_VEG_PCT,2024,89.2671,PC
dataflow,PSOLAN:DF_GREEN_SPACE(1.0),I,E01020196,NDVI_VEG_PCT,2024,89.414,PC
dataflow,PSOLAN:DF_GREEN_SPACE(1.0),I,E01020197,NDVI_VEG_PCT,2024,97.0324,PC
dataflow,PSOLAN:DF_GREEN_SPACE(1.0),I,E01020198,NDVI_VEG_PCT,2024,81.4397,PC
dataflow,PSOLAN:DF_GREEN_SPACE(1.0),I,E01020199,NDVI_VEG_PCT,2024,94.0392,PC
dataflow,PSOLAN:DF_GREEN_SPACE(1.0),I,E01020200,NDVI_VEG_PCT,2024,93.3915,PC
dataflow,PSOLAN:DF_GREEN_SPACE(1.0),I,E01020201,NDVI_VEG_PCT,2024,88.2243,PC
dataflow,PSOLAN:DF_GREEN_SPACE(1.0),I,E01020202,NDVI_VEG_PCT,2024,81.2271,PC
dataflow,PSOLAN:DF_GREEN_SPACE(1.0),I,E01020203,NDVI_VEG_PCT,2024,88.5839,PC
dataflow,PSOLAN:DF_GREEN_SPACE(1.0),I,E01020204,NDVI_VEG_PCT,2024,37.1771,PC
dataflow,PSOLAN:DF_GREEN_SPACE(1.0),I,E01020205,NDVI_VEG_PCT,2024,96.909,PC
dataflow,PSOLAN:DF_GREEN_SPACE(1.0),I,E01020206,NDVI_VEG_PCT,2024,72.0,PC
dataflow,PSOLAN:DF_GREEN_SPACE(1.0),I,E01020208,NDVI_VEG_PCT,2024,50.7519,PC
dataflow,PSOLAN:DF_GREEN_SPACE(1.0),I,E01020209,NDVI_VEG_PCT,2024,75.4674,PC
dataflow,PSOLAN:DF_GREEN_SPACE(1.0),I,E01020210,NDVI_VEG_PCT,2024,72.2438,PC
dataflow,PSOLAN:DF_GREEN_SPACE(1.0),I,E01020211,NDVI_VEG_PCT,2024,69.7382,PC
dataflow,PSOLAN:DF_GREEN_SPACE(1.0),I,E01020212,NDVI_VEG_PCT,2024,37.7919,PC
dataflow,PSOLAN:DF_GREEN_SPACE(1.0),I,E01020213,NDVI_VEG_PCT,2024,46.1315,PC
dataflow,PSOLAN:DF_GREEN_SPACE(1.0),I,E01020214,NDVI_VEG_PCT,2024,60.2848,PC
dataflow,PSOLAN:DF_GREEN_SPACE(1.0),I,E01020215,NDVI_VEG_PCT,2024,70.2087,PC
dataflow,PSOLAN:DF_GREEN_SPACE(1.0),I,E01020216,NDVI_VEG_PCT,2024,43.2522,PC
dataflow,PSOLAN:DF_GREEN_SPACE(1.0),I,E01020217,NDVI_VEG_PCT,2024,38.1431,PC
dataflow,PSOLAN:DF_GREEN_SPACE(1.0),I,E01020218,NDVI_VEG_PCT,2024,4.811,PC
dataflow,PSOLAN:DF_GREEN_SPACE(1.0),I,E01020219,NDVI_VEG_PCT,2024,70.7547,PC
dataflow,PSOLAN:DF_GREEN_SPACE(1.0),I,E01020220,NDVI_VEG_PCT,2024,89.5549,PC
dataflow,PSOLAN:DF_GREEN_SPACE(1.0),I,E01020221,NDVI_VEG_PCT,2024,96.4367,PC
dataflow,PSOLAN:DF_GREEN_SPACE(1.0),I,E01020222,NDVI_VEG_PCT,2024,74.6835,PC
dataflow,PSOLAN:DF_GREEN_SPACE(1.0),I,E01020223,NDVI_VEG_PCT,2024,92.4658,PC
dataflow,PSOLAN:DF_GREEN_SPACE(1.0),I,E01020224,NDVI_VEG_PCT,2024,29.5302,PC
dataflow,PSOLAN:DF_GREEN_SPACE(1.0),I,E01020225,NDVI_VEG_PCT,2024,59.5174,PC
dataflow,PSOLAN:DF_GREEN_SPACE(1.0),I,E01020226,NDVI_VEG_PCT,2024,90.0814,PC
dataflow,PSOLAN:DF_GREEN_SPACE(1.0),I,E01020227,NDVI_VEG_PCT,2024,80.3499,PC
dataflow,PSOLAN:DF_GREEN_SPACE(1.0),I,E01020228,NDVI_VEG_PCT,2024,41.2518,PC
dataflow,PSOLAN:DF_GREEN_SPACE(1.0),I,E01020230,NDVI_VEG_PCT,2024,82.2932,PC
dataflow,PSOLAN:DF_GREEN_SPACE(1.0),I,E01020231,NDVI_VEG_PCT,2024,65.9725,PC
dataflow,PSOLAN:DF_GREEN_SPACE(1.0),I,E01020232,NDVI_VEG_PCT,2024,59.0194,PC
dataflow,PSOLAN:DF_GREEN_SPACE(1.0),I,E01020233,NDVI_VEG_PCT,2024,83.2712,PC
dataflow,PSOLAN:DF_GREEN_SPACE(1.0),I,E01020234,NDVI_VEG_PCT,2024,62.6907,PC
dataflow,PSOLAN:DF_GREEN_SPACE(1.0),I,E01020235,NDVI_VEG_PCT,2024,96.7875,PC
dataflow,PSOLAN:DF_GREEN_SPACE(1.0),I,E01020236,NDVI_VEG_PCT,2024,89.2868,PC
dataflow,PSOLAN:DF_GREEN_SPACE(1.0),I,E01020237,NDVI_VEG_PCT,2024,95.6606,PC
dataflow,PSOLAN:DF_GREEN_SPACE(1.0),I,E01020238,NDVI_VEG_PCT,2024,65.4196,PC
dataflow,PSOLAN:DF_GREEN_SPACE(1.0),I,E01020239,NDVI_VEG_PCT,2024,85.45,PC
dataflow,PSOLAN:DF_GREEN_SPACE(1.0),I,E01020240,NDVI_VEG_PCT,2024,92.2192,PC
dataflow,PSOLAN:DF_GREEN_SPACE(1.0),I,E01020241,NDVI_VEG_PCT,2024,89.2684,PC
dataflow,PSOLAN:DF_GREEN_SPACE(1.0),I,E01020242,NDVI_VEG_PCT,2024,88.182,PC
dataflow,PSOLAN:DF_GREEN_SPACE(1.0),I,E01020243,NDVI_VEG_PCT,2024,89.153,PC
dataflow,PSOLAN:DF_GREEN_SPACE(1.0),I,E01020244,NDVI_VEG_PCT,2024,87.8102,PC
dataflow,PSOLAN:DF_GREEN_SPACE(1.0),I,E01020245,NDVI_VEG_PCT,2024,94.4354,PC
dataflow,PSOLAN:DF_GREEN_SPACE(1.0),I,E01020246,NDVI_VEG_PCT,2024,93.4968,PC
dataflow,PSOLAN:DF_GREEN_SPACE(1.0),I,E01020247,NDVI_VEG_PCT,2024,70.2547,PC
dataflow,PSOLAN:DF_GREEN_SPACE(1.0),I,E01020248,NDVI_VEG_PCT,2024,89.0116,PC
dataflow,PSOLAN:DF_GREEN_SPACE(1.0),I,E01020249,NDVI_VEG_PCT,2024,76.16,PC
dataflow,PSOLAN:DF_GREEN_SPACE(1.0),I,E01020250,NDVI_VEG_PCT,2024,39.3728,PC
dataflow,PSOLAN:DF_GREEN_SPACE(1.0),I,E01020251,NDVI_VEG_PCT,2024,91.4376,PC
dataflow,PSOLAN:DF_GREEN_SPACE(1.0),I,E01020252,NDVI_VEG_PCT,2024,67.8753,PC
dataflow,PSOLAN:DF_GREEN_SPACE(1.0),I,E01020253,NDVI_VEG_PCT,2024,54.9277,PC
dataflow,PSOLAN:DF_GREEN_SPACE(1.0),I,E01020254,NDVI_VEG_PCT,2024,41.6526,PC
dataflow,PSOLAN:DF_GREEN_SPACE(1.0),I,E01020255,NDVI_VEG_PCT,2024,66.2927,PC
dataflow,PSOLAN:DF_GREEN_SPACE(1.0),I,E01020256,NDVI_VEG_PCT,2024,73.9933,PC
dataflow,PSOLAN:DF_GREEN_SPACE(1.0),I,E01020257,NDVI_VEG_PCT,2024,69.183,PC
dataflow,PSOLAN:DF_GREEN_SPACE(1.0),I,E01020258,NDVI_VEG_PCT,2024,97.8592,PC
dataflow,PSOLAN:DF_GREEN_SPACE(1.0),I,E01020259,NDVI_VEG_PCT,2024,98.9004,PC
dataflow,PSOLAN:DF_GREEN_SPACE(1.0),I,E01020260,NDVI_VEG_PCT,2024,85.816,PC
dataflow,PSOLAN:DF_GREEN_SPACE(1.0),I,E01020261,NDVI_VEG_PCT,2024,91.5507,PC
dataflow,PSOLAN:DF_GREEN_SPACE(1.0),I,E01020262,NDVI_VEG_PCT,2024,93.8145,PC
dataflow,PSOLAN:DF_GREEN_SPACE(1.0),I,E01020263,NDVI_VEG_PCT,2024,93.3808,PC
dataflow,PSOLAN:DF_GREEN_SPACE(1.0),I,E01020264,NDVI_VEG_PCT,2024,39.1635,PC
dataflow,PSOLAN:DF_GREEN_SPACE(1.0),I,E01020265,NDVI_VEG_PCT,2024,77.2787,PC
dataflow,PSOLAN:DF_GREEN_SPACE(1.0),I,E01020266,NDVI_VEG_PCT,2024,66.0544,PC
dataflow,PSOLAN:DF_GREEN_SPACE(1.0),I,E01020267,NDVI_VEG_PCT,2024,76.9072,PC
dataflow,PSOLAN:DF_GREEN_SPACE(1.0),I,E01020268,NDVI_VEG_PCT,2024,86.0263,PC
dataflow,PSOLAN:DF_GREEN_SPACE(1.0),I,E01020269,NDVI_VEG_PCT,2024,10.2533,PC
dataflow,PSOLAN:DF_GREEN_SPACE(1.0),I,E01020270,NDVI_VEG_PCT,2024,72.3451,PC
dataflow,PSOLAN:DF_GREEN_SPACE(1.0),I,E01020271,NDVI_VEG_PCT,2024,53.4926,PC
dataflow,PSOLAN:DF_GREEN_SPACE(1.0),I,E01020272,NDVI_VEG_PCT,2024,68.3168,PC
dataflow,PSOLAN:DF_GREEN_SPACE(1.0),I,E01020273,NDVI_VEG_PCT,2024,95.2006,PC
dataflow,PSOLAN:DF_GREEN_SPACE(1.0),I,E01020274,NDVI_VEG_PCT,2024,96.3971,PC
dataflow,PSOLAN:DF_GREEN_SPACE(1.0),I,E01020275,NDVI_VEG_PCT,2024,38.0499,PC
dataflow,PSOLAN:DF_GREEN_SPACE(1.0),I,E01020276,NDVI_VEG_PCT,2024,83.6712,PC
dataflow,PSOLAN:DF_GREEN_SPACE(1.0),I,E01020277,NDVI_VEG_PCT,2024,77.2849,PC
dataflow,PSOLAN:DF_GREEN_SPACE(1.0),I,E01020278,NDVI_VEG_PCT,2024,93.1191,PC
dataflow,PSOLAN:DF_GREEN_SPACE(1.0),I,E01020279,NDVI_VEG_PCT,2024,75.3506,PC
dataflow,PSOLAN:DF_GREEN_SPACE(1.0),I,E01020280,NDVI_VEG_PCT,2024,26.6667,PC
dataflow,PSOLAN:DF_GREEN_SPACE(1.0),I,E01020281,NDVI_VEG_PCT,2024,72.8873,PC
dataflow,PSOLAN:DF_GREEN_SPACE(1.0),I,E01020282,NDVI_VEG_PCT,2024,45.9175,PC
dataflow,PSOLAN:DF_GREEN_SPACE(1.0),I,E01020283,NDVI_VEG_PCT,2024,72.2462,PC
dataflow,PSOLAN:DF_GREEN_SPACE(1.0),I,E01020284,NDVI_VEG_PCT,2024,37.7907,PC
dataflow,PSOLAN:DF_GREEN_SPACE(1.0),I,E01020285,NDVI_VEG_PCT,2024,47.184,PC
dataflow,PSOLAN:DF_GREEN_SPACE(1.0),I,E01020286,NDVI_VEG_PCT,2024,93.9929,PC
dataflow,PSOLAN:DF_GREEN_SPACE(1.0),I,E01020287,NDVI_VEG_PCT,2024,93.097,PC
dataflow,PSOLAN:DF_GREEN_SPACE(1.0),I,E01020288,NDVI_VEG_PCT,2024,95.7749,PC
dataflow,PSOLAN:DF_GREEN_SPACE(1.0),I,E01020289,NDVI_VEG_PCT,2024,96.1691,PC
dataflow,PSOLAN:DF_GREEN_SPACE(1.0),I,E01020290,NDVI_VEG_PCT,2024,95.8472,PC
dataflow,PSOLAN:DF_GREEN_SPACE(1.0),I,E01020291,NDVI_VEG_PCT,2024,95.1802,PC
dataflow,PSOLAN:DF_GREEN_SPACE(1.0),I,E01020292,NDVI_VEG_PCT,2024,94.5621,PC
dataflow,PSOLAN:DF_GREEN_SPACE(1.0),I,E01020293,NDVI_VEG_PCT,2024,92.8264,PC
dataflow,PSOLAN:DF_GREEN_SPACE(1.0),I,E01020294,NDVI_VEG_PCT,2024,64.8374,PC
dataflow,PSOLAN:DF_GREEN_SPACE(1.0),I,E01020295,NDVI_VEG_PCT,2024,93.4268,PC
dataflow,PSOLAN:DF_GREEN_SPACE(1.0),I,E01020296,NDVI_VEG_PCT,2024,94.9528,PC
dataflow,PSOLAN:DF_GREEN_SPACE(1.0),I,E01020297,NDVI_VEG_PCT,2024,36.4444,PC
dataflow,PSOLAN:DF_GREEN_SPACE(1.0),I,E01020298,NDVI_VEG_PCT,2024,81.7733,PC
dataflow,PSOLAN:DF_GREEN_SPACE(1.0),I,E01020299,NDVI_VEG_PCT,2024,58.0137,PC
dataflow,PSOLAN:DF_GREEN_SPACE(1.0),I,E01020300,NDVI_VEG_PCT,2024,87.3387,PC
dataflow,PSOLAN:DF_GREEN_SPACE(1.0),I,E01020301,NDVI_VEG_PCT,2024,94.9008,PC
dataflow,PSOLAN:DF_GREEN_SPACE(1.0),I,E01020302,NDVI_VEG_PCT,2024,95.4999,PC
dataflow,PSOLAN:DF_GREEN_SPACE(1.0),I,E01020303,NDVI_VEG_PCT,2024,93.1676,PC
dataflow,PSOLAN:DF_GREEN_SPACE(1.0),I,E01020304,NDVI_VEG_PCT,2024,76.1412,PC
dataflow,PSOLAN:DF_GREEN_SPACE(1.0),I,E01020305,NDVI_VEG_PCT,2024,73.8259,PC
dataflow,PSOLAN:DF_GREEN_SPACE(1.0),I,E01020306,NDVI_VEG_PCT,2024,49.8246,PC
dataflow,PSOLAN:DF_GREEN_SPACE(1.0),I,E01020307,NDVI_VEG_PCT,2024,93.3429,PC
dataflow,PSOLAN:DF_GREEN_SPACE(1.0),I,E01020308,NDVI_VEG_PCT,2024,94.207,PC
dataflow,PSOLAN:DF_GREEN_SPACE(1.0),I,E01020309,NDVI_VEG_PCT,2024,93.4683,PC
dataflow,PSOLAN:DF_GREEN_SPACE(1.0),I,E01020311,NDVI_VEG_PCT,2024,91.9056,PC
dataflow,PSOLAN:DF_GREEN_SPACE(1.0),I,E01020312,NDVI_VEG_PCT,2024,90.4408,PC
dataflow,PSOLAN:DF_GREEN_SPACE(1.0),I,E01020313,NDVI_VEG_PCT,2024,58.4383,PC
dataflow,PSOLAN:DF_GREEN_SPACE(1.0),I,E01020314,NDVI_VEG_PCT,2024,97.1295,PC
dataflow,PSOLAN:DF_GREEN_SPACE(1.0),I,E01020315,NDVI_VEG_PCT,2024,95.0399,PC
dataflow,PSOLAN:DF_GREEN_SPACE(1.0),I,E01020316,NDVI_VEG_PCT,2024,94.8781,PC
dataflow,PSOLAN:DF_GREEN_SPACE(1.0),I,E01020317,NDVI_VEG_PCT,2024,98.1315,PC
dataflow,PSOLAN:DF_GREEN_SPACE(1.0),I,E01020318,NDVI_VEG_PCT,2024,98.4111,PC
dataflow,PSOLAN:DF_GREEN_SPACE(1.0),I,E01020319,NDVI_VEG_PCT,2024,95.0176,PC
dataflow,PSOLAN:DF_GREEN_SPACE(1.0),I,E01020320,NDVI_VEG_PCT,2024,95.3836,PC
dataflow,PSOLAN:DF_GREEN_SPACE(1.0),I,E01020321,NDVI_VEG_PCT,2024,95.8568,PC
dataflow,PSOLAN:DF_GREEN_SPACE(1.0),I,E01020323,NDVI_VEG_PCT,2024,91.0866,PC
dataflow,PSOLAN:DF_GREEN_SPACE(1.0),I,E01020324,NDVI_VEG_PCT,2024,98.6041,PC
dataflow,PSOLAN:DF_GREEN_SPACE(1.0),I,E01020325,NDVI_VEG_PCT,2024,92.5417,PC
dataflow,PSOLAN:DF_GREEN_SPACE(1.0),I,E01020326,NDVI_VEG_PCT,2024,90.2406,PC
dataflow,PSOLAN:DF_GREEN_SPACE(1.0),I,E01020327,NDVI_VEG_PCT,2024,59.4867,PC
dataflow,PSOLAN:DF_GREEN_SPACE(1.0),I,E01020328,NDVI_VEG_PCT,2024,69.3521,PC
dataflow,PSOLAN:DF_GREEN_SPACE(1.0),I,E01020329,NDVI_VEG_PCT,2024,98.2434,PC
dataflow,PSOLAN:DF_GREEN_SPACE(1.0),I,E01020330,NDVI_VEG_PCT,2024,68.4815,PC
dataflow,PSOLAN:DF_GREEN_SPACE(1.0),I,E01020331,NDVI_VEG_PCT,2024,93.2326,PC
dataflow,PSOLAN:DF_GREEN_SPACE(1.0),I,E01020332,NDVI_VEG_PCT,2024,60.0351,PC
dataflow,PSOLAN:DF_GREEN_SPACE(1.0),I,E01020333,NDVI_VEG_PCT,2024,95.0254,PC
dataflow,PSOLAN:DF_GREEN_SPACE(1.0),I,E01020334,NDVI_VEG_PCT,2024,76.9474,PC
dataflow,PSOLAN:DF_GREEN_SPACE(1.0),I,E01020335,NDVI_VEG_PCT,2024,81.8141,PC
dataflow,PSOLAN:DF_GREEN_SPACE(1.0),I,E01020336,NDVI_VEG_PCT,2024,92.8314,PC
dataflow,PSOLAN:DF_GREEN_SPACE(1.0),I,E01020337,NDVI_VEG_PCT,2024,91.001,PC
dataflow,PSOLAN:DF_GREEN_SPACE(1.0),I,E01020338,NDVI_VEG_PCT,2024,73.4357,PC
dataflow,PSOLAN:DF_GREEN_SPACE(1.0),I,E01020339,NDVI_VEG_PCT,2024,94.6527,PC
dataflow,PSOLAN:DF_GREEN_SPACE(1.0),I,E01020340,NDVI_VEG_PCT,2024,93.5127,PC
dataflow,PSOLAN:DF_GREEN_SPACE(1.0),I,E01020341,NDVI_VEG_PCT,2024,98.2716,PC
dataflow,PSOLAN:DF_GREEN_SPACE(1.0),I,E01020342,NDVI_VEG_PCT,2024,86.3284,PC
dataflow,PSOLAN:DF_GREEN_SPACE(1.0),I,E01032628,NDVI_VEG_PCT,2024,89.0311,PC
dataflow,PSOLAN:DF_GREEN_SPACE(1.0),I,E01032657,NDVI_VEG_PCT,2024,31.448,PC
dataflow,PSOLAN:DF_GREEN_SPACE(1.0),I,E01032658,NDVI_VEG_PCT,2024,3.3333,PC
dataflow,PSOLAN:DF_GREEN_SPACE(1.0),I,E01033232,NDVI_VEG_PCT,2024,37.0044,PC
dataflow,PSOLAN:DF_GREEN_SPACE(1.0),I,E01033234,NDVI_VEG_PCT,2024,39.8172,PC
dataflow,PSOLAN:DF_GREEN_SPACE(1.0),I,E01033235,NDVI_VEG_PCT,2024,50.7396,PC
dataflow,PSOLAN:DF_GREEN_SPACE(1.0),I,E01033236,NDVI_VEG_PCT,2024,75.1465,PC
dataflow,PSOLAN:DF_GREEN_SPACE(1.0),I,E01034157,NDVI_VEG_PCT,2024,83.6764,PC
dataflow,PSOLAN:DF_GREEN_SPACE(1.0),I,E01034158,NDVI_VEG_PCT,2024,36.0239,PC
dataflow,PSOLAN:DF_GREEN_SPACE(1.0),I,E01034159,NDVI_VEG_PCT,2024,10.3715,PC
dataflow,PSOLAN:DF_GREEN_SPACE(1.0),I,E01034160,NDVI_VEG_PCT,2024,18.2716,PC
dataflow,PSOLAN:DF_GREEN_SPACE(1.0),I,E01034161,NDVI_VEG_PCT,2024,35.8524,PC
dataflow,PSOLAN:DF_GREEN_SPACE(1.0),I,E01034162,NDVI_VEG_PCT,2024,33.1242,PC
dataflow,PSOLAN:DF_GREEN_SPACE(1.0),I,E01034165,NDVI_VEG_PCT,2024,75.7207,PC
dataflow,PSOLAN:DF_GREEN_SPACE(1.0),I,E01034166,NDVI_VEG_PCT,2024,83.0858,PC
dataflow,PSOLAN:DF_GREEN_SPACE(1.0),I,E01034167,NDVI_VEG_PCT,2024,82.7002,PC
dataflow,PSOLAN:DF_GREEN_SPACE(1.0),I,E01034168,NDVI_VEG_PCT,2024,72.7142,PC
dataflow,PSOLAN:DF_GREEN_SPACE(1.0),I,E01034169,NDVI_VEG_PCT,2024,74.3158,PC
dataflow,PSOLAN:DF_GREEN_SPACE(1.0),I,E01034170,NDVI_VEG_PCT,2024,61.0884,PC
dataflow,PSOLAN:DF_GREEN_SPACE(1.0),I,E01034171,NDVI_VEG_PCT,2024,64.6041,PC
dataflow,PSOLAN:DF_GREEN_SPACE(1.0),I,E01034172,NDVI_VEG_PCT,2024,74.2903,PC
dataflow,PSOLAN:DF_GREEN_SPACE(1.0),I,E01034618,NDVI_VEG_PCT,2024,52.964,PC
dataflow,PSOLAN:DF_GREEN_SPACE(1.0),I,E01034619,NDVI_VEG_PCT,2024,96.3059,PC
dataflow,PSOLAN:DF_GREEN_SPACE(1.0),I,E01034620,NDVI_VEG_PCT,2024,79.2104,PC
dataflow,PSOLAN:DF_GREEN_SPACE(1.0),I,E01034621,NDVI_VEG_PCT,2024,69.7767,PC
dataflow,PSOLAN:DF_GREEN_SPACE(1.0),I,E01034622,NDVI_VEG_PCT,2024,67.0005,PC
dataflow,PSOLAN:DF_GREEN_SPACE(1.0),I,E01034623,NDVI_VEG_PCT,2024,76.2711,PC
dataflow,PSOLAN:DF_GREEN_SPACE(1.0),I,E01034624,NDVI_VEG_PCT,2024,43.1818,PC
dataflow,PSOLAN:DF_GREEN_SPACE(1.0),I,E01034625,NDVI_VEG_PCT,2024,58.8179,PC
dataflow,PSOLAN:DF_GREEN_SPACE(1.0),I,E01034626,NDVI_VEG_PCT,2024,52.6957,PC
dataflow,PSOLAN:DF_GREEN_SPACE(1.0),I,E01034627,NDVI_VEG_PCT,2024,28.9294,PC
dataflow,PSOLAN:DF_GREEN_SPACE(1.0),I,E01034628,NDVI_VEG_PCT,2024,91.6217,PC
dataflow,PSOLAN:DF_GREEN_SPACE(1.0),I,E01034629,NDVI_VEG_PCT,2024,74.5585,PC
dataflow,PSOLAN:DF_GREEN_SPACE(1.0),I,E01034630,NDVI_VEG_PCT,2024,31.8356,PC
dataflow,PSOLAN:DF_GREEN_SPACE(1.0),I,E01034631,NDVI_VEG_PCT,2024,28.4188,PC
dataflow,PSOLAN:DF_GREEN_SPACE(1.0),I,E01034632,NDVI_VEG_PCT,2024,84.1432,PC
dataflow,PSOLAN:DF_GREEN_SPACE(1.0),I,E01034633,NDVI_VEG_PCT,2024,46.7623,PC
dataflow,PSOLAN:DF_GREEN_SPACE(1.0),I,E01034634,NDVI_VEG_PCT,2024,77.3613,PC
dataflow,PSOLAN:DF_GREEN_SPACE(1.0),I,E01034635,NDVI_VEG_PCT,2024,64.9173,PC
dataflow,PSOLAN:DF_GREEN_SPACE(1.0),I,E01034636,NDVI_VEG_PCT,2024,91.4127,PC
dataflow,PSOLAN:DF_GREEN_SPACE(1.0),I,E01034637,NDVI_VEG_PCT,2024,49.6721,PC
dataflow,PSOLAN:DF_GREEN_SPACE(1.0),I,E01034638,NDVI_VEG_PCT,2024,91.3756,PC
dataflow,PSOLAN:DF_GREEN_SPACE(1.0),I,E01034639,NDVI_VEG_PCT,2024,54.3624,PC
dataflow,PSOLAN:DF_GREEN_SPACE(1.0),I,E01034640,NDVI_VEG_PCT,2024,33.7363,PC
dataflow,PSOLAN:DF_GREEN_SPACE(1.0),I,E01034641,NDVI_VEG_PCT,2024,59.0695,PC
dataflow,PSOLAN:DF_GREEN_SPACE(1.0),I,E01034642,NDVI_VEG_PCT,2024,94.8242,PC
dataflow,PSOLAN:DF_GREEN_SPACE(1.0),I,E01034643,NDVI_VEG_PCT,2024,92.2444,PC
