area_type,area_code,area_name,parent_code,indicator,indicator_name,year,value,unit
LAD,E06000026,Plymouth,,GSA_300M,Residents within 300 m of public green space of at least 0.5 ha,2024,72.6353,PC
LAD,E06000027,Torbay,,GSA_300M,Residents within 300 m of public green space of at least 0.5 ha,2024,66.0974,PC
LAD,E07000040,East Devon,,GSA_300M,Residents within 300 m of public green space of at least 0.5 ha,2024,51.9861,PC
LAD,E07000041,Exeter,,GSA_300M,Residents within 300 m of public green space of at least 0.5 ha,2024,69.7189,PC
LAD,E07000042,Mid Devon,,GSA_300M,Residents within 300 m of public green space of at least 0.5 ha,2024,51.8809,PC
LAD,E07000043,North Devon,,GSA_300M,Residents within 300 m of public green space of at least 0.5 ha,2024,51.1205,PC
LAD,E07000044,South Hams,,GSA_300M,Residents within 300 m of public green space of at least 0.5 ha,2024,46.7509,PC
LAD,E07000045,Teignbridge,,GSA_300M,Residents within 300 m of public green space of at least 0.5 ha,2024,51.5828,PC
LAD,E07000046,Torridge,,GSA_300M,Residents within 300 m of public green space of at least 0.5 ha,2024,43.641,PC
LAD,E07000047,West Devon,,GSA_300M,Residents within 300 m of public green space of at least 0.5 ha,2024,43.752,PC
LSOA,E01015023,Plymouth 003A,E06000026,GSA_300M,Residents within 300 m of public green space of at least 0.5 ha,2024,96.7342,PC
LSOA,E01015024,Plymouth 004A,E06000026,GSA_300M,Residents within 300 m of public green space of at least 0.5 ha,2024,80.8271,PC
LSOA,E01015025,Plymouth 001A,E06000026,GSA_300M,Residents within 300 m of public green space of at least 0.5 ha,2024,98.498,PC
LSOA,E01015026,Plymouth 003B,E06000026,GSA_300M,Residents within 300 m of public green space of at least 0.5 ha,2024,58.8846,PC
LSOA,E01015027,Plymouth 002A,E06000026,GSA_300M,Residents within 300 m of public green space of at least 0.5 ha,2024,62.8022,PC
LSOA,E01015028,Plymouth 003C,E06000026,GSA_300M,Residents within 300 m of public green space of at least 0.5 ha,2024,100.0,PC
LSOA,E01015029,Plymouth 008A,E06000026,GSA_300M,Residents within 300 m of public green space of at least 0.5 ha,2024,25.7157,PC
LSOA,E01015030,Plymouth 007A,E06000026,GSA_300M,Residents within 300 m of public green space of at least 0.5 ha,2024,100.0,PC
LSOA,E01015031,Plymouth 023A,E06000026,GSA_300M,Residents within 300 m of public green space of at least 0.5 ha,2024,95.3795,PC
LSOA,E01015032,Plymouth 023B,E06000026,GSA_300M,Residents within 300 m of public green space of at least 0.5 ha,2024,11.0209,PC
LSOA,E01015033,Plymouth 016A,E06000026,GSA_300M,Residents within 300 m of public green space of at least 0.5 ha,2024,29.0467,PC
LSOA,E01015034,Plymouth 016B,E06000026,GSA_300M,Residents within 300 m of public green space of at least 0.5 ha,2024,99.5913,PC
LSOA,E01015035,Plymouth 012A,E06000026,GSA_300M,Residents within 300 m of public green space of at least 0.5 ha,2024,23.554,PC
LSOA,E01015036,Plymouth 016C,E06000026,GSA_300M,Residents within 300 m of public green space of at least 0.5 ha,2024,99.8697,PC
LSOA,E01015037,Plymouth 012B,E06000026,GSA_300M,Residents within 300 m of public green space of at least 0.5 ha,2024,67.2714,PC
LSOA,E01015038,Plymouth 016D,E06000026,GSA_300M,Residents within 300 m of public green space of at least 0.5 ha,2024,100.0,PC
LSOA,E01015039,Plymouth 014A,E06000026,GSA_300M,Residents within 300 m of public green space of at least 0.5 ha,2024,99.618,PC
LSOA,E01015040,Plymouth 014B,E06000026,GSA_300M,Residents within 300 m of public green space of at least 0.5 ha,2024,100.0,PC
LSOA,E01015041,Plymouth 014C,E06000026,GSA_300M,Residents within 300 m of public green space of at least 0.5 ha,2024,90.3089,PC
LSOA,E01015042,Plymouth 020A,E06000026,GSA_300M,Residents within 300 m of public green space of at least 0.5 ha,2024,100.0,PC
LSOA,E01015043,Plymouth 026A,E06000026,GSA_300M,Residents within 300 m of public green space of at least 0.5 ha,2024,60.9652,PC
LSOA,E01015044,Plymouth 020B,E06000026,GSA_300M,Residents within 300 m of public green space of at least 0.5 ha,2024,90.6993,PC
LSOA,E01015045,Plymouth 026B,E06000026,GSA_300M,Residents within 300 m of public green space of at least 0.5 ha,2024,98.1532,PC
LSOA,E01015046,Plymouth 026C,E06000026,GSA_300M,Residents within 300 m of public green space of at least 0.5 ha,2024,62.7021,PC
LSOA,E01015047,Plymouth 026D,E06000026,GSA_300M,Residents within 300 m of public green space of at least 0.5 ha,2024,99.9007,PC
LSOA,E01015048,Plymouth 026E,E06000026,GSA_300M,Residents within 300 m of public green space of at least 0.5 ha,2024,65.8403,PC
LSOA,E01015049,Plymouth 023C,E06000026,GSA_300M,Residents within 300 m of public green space of at least 0.5 ha,2024,26.5133,PC
LSOA,E01015050,Plymouth 023D,E06000026,GSA_300M,Residents within 300 m of public green space of at least 0.5 ha,2024,58.0627,PC
LSOA,E01015051,Plymouth 023E,E06000026,GSA_300M,Residents within 300 m of public green space of at least 0.5 ha,2024,99.7197,PC
LSOA,E01015052,Plymouth 028A,E06000026,GSA_300M,Residents within 300 m of public green space of at least 0.5 ha,2024,90.8599,PC
LSOA,E01015053,Plymouth 027A,E06000026,GSA_300M,Residents within 300 m of public green space of at least 0.5 ha,2024,100.0,PC
LSOA,E01015054,Plymouth 027B,E06000026,GSA_300M,Residents within 300 m of public green space of at least 0.5 ha,2024,100.0,PC
LSOA,E01015055,Plymouth 021A,E06000026,GSA_300M,Residents within 300 m of public green space of at least 0.5 ha,2024,44.3221,PC
LSOA,E01015056,Plymouth 021B,E06000026,GSA_300M,Residents within 300 m of public green space of at least 0.5 ha,2024,77.5213,PC
LSOA,E01015057,Plymouth 021C,E06000026,GSA_300M,Residents within 300 m of public green space of at least 0.5 ha,2024,100.0,PC
LSOA,E01015058,Plymouth 012C,E06000026,GSA_300M,Residents within 300 m of public green space of at least 0.5 ha,2024,100.0,PC
LSOA,E01015059,Plymouth 021D,E06000026,GSA_300M,Residents within 300 m of public green space of at least 0.5 ha,2024,99.738,PC
LSOA,E01015060,Plymouth 021E,E06000026,GSA_300M,Residents within 300 m of public green space of at least 0.5 ha,2024,89.7987,PC
LSOA,E01015061,Plymouth 025A,E06000026,GSA_300M,Residents within 300 m of public green space of at least 0.5 ha,2024,96.018,PC
LSOA,E01015062,Plymouth 025B,E06000026,GSA_300M,Residents within 300 m of public green space of at least 0.5 ha,2024,74.6786,PC
LSOA,E01015063,Plymouth 010A,E06000026,GSA_300M,Residents within 300 m of public green space of at least 0.5 ha,2024,66.5517,PC
LSOA,E01015064,Plymouth 008B,E06000026,GSA_300M,Residents within 300 m of public green space of at least 0.5 ha,2024,18.8199,PC
LSOA,E01015065,Plymouth 008C,E06000026,GSA_300M,Residents within 300 m of public green space of at least 0.5 ha,2024,22.1716,PC
LSOA,E01015066,Plymouth 012D,E06000026,GSA_300M,Residents within 300 m of public green space of at least 0.5 ha,2024,76.1029,PC
LSOA,E01015067,Plymouth 012E,E06000026,GSA_300M,Residents within 300 m of public green space of at least 0.5 ha,2024,96.8728,PC
LSOA,E01015068,Plymouth 010B,E06000026,GSA_300M,Residents within 300 m of public green space of at least 0.5 ha,2024,13.4555,PC
LSOA,E01015069,Plymouth 010C,E06000026,GSA_300M,Residents within 300 m of public green space of at least 0.5 ha,2024,32.0631,PC
LSOA,E01015070,Plymouth 007B,E06000026,GSA_300M,Residents within 300 m of public green space of at least 0.5 ha,2024,97.7504,PC
LSOA,E01015071,Plymouth 008D,E06000026,GSA_300M,Residents within 300 m of public green space of at least 0.5 ha,2024,87.0504,PC
LSOA,E01015072,Plymouth 013A,E06000026,GSA_300M,Residents within 300 m of public green space of at least 0.5 ha,2024,0.0,PC
LSOA,E01015073,Plymouth 013B,E06000026,GSA_300M,Residents within 300 m of public green space of at least 0.5 ha,2024,87.7634,PC
LSOA,E01015074,Plymouth 011A,E06000026,GSA_300M,Residents within 300 m of public green space of at least 0.5 ha,2024,81.4618,PC
LSOA,E01015075,Plymouth 014D,E06000026,GSA_300M,Residents within 300 m of public green space of at least 0.5 ha,2024,82.8947,PC
LSOA,E01015076,Plymouth 009A,E06000026,GSA_300M,Residents within 300 m of public green space of at least 0.5 ha,2024,89.665,PC
LSOA,E01015077,Plymouth 011B,E06000026,GSA_300M,Residents within 300 m of public green space of at least 0.5 ha,2024,97.2745,PC
LSOA,E01015078,Plymouth 013C,E06000026,GSA_300M,Residents within 300 m of public green space of at least 0.5 ha,2024,32.0055,PC
LSOA,E01015079,Plymouth 011C,E06000026,GSA_300M,Residents within 300 m of public green space of at least 0.5 ha,2024,64.9306,PC
LSOA,E01015080,Plymouth 013D,E06000026,GSA_300M,Residents within 300 m of public green space of at least 0.5 ha,2024,70.5357,PC
LSOA,E01015081,Plymouth 007C,E06000026,GSA_300M,Residents within 300 m of public green space of at least 0.5 ha,2024,89.7541,PC
LSOA,E01015082,Plymouth 004B,E06000026,GSA_300M,Residents within 300 m of public green space of at least 0.5 ha,2024,99.8775,PC
LSOA,E01015083,Plymouth 004C,E06000026,GSA_300M,Residents within 300 m of public green space of at least 0.5 ha,2024,99.562,PC
LSOA,E01015084,Plymouth 004D,E06000026,GSA_300M,Residents within 300 m of public green space of at least 0.5 ha,2024,97.4898,PC
LSOA,E01015085,Plymouth 006A,E06000026,GSA_300M,Residents within 300 m of public green space of at least 0.5 ha,2024,100.0,PC
LSOA,E01015086,Plymouth 007D,E06000026,GSA_300M,Residents within 300 m of public green space of at least 0.5 ha,2024,100.0,PC
LSOA,E01015087,Plymouth 006B,E06000026,GSA_300M,Residents within 300 m of public green space of at least 0.5 ha,2024,84.8085,PC
LSOA,E01015088,Plymouth 006C,E06000026,GSA_300M,Residents within 300 m of public green space of at least 0.5 ha,2024,100.0,PC
LSOA,E01015089,Plymouth 007E,E06000026,GSA_300M,Residents within 300 m of public green space of at least 0.5 ha,2024,99.7074,PC
LSOA,E01015090,Plymouth 005A,E06000026,GSA_300M,Residents within 300 m of public green space of at least 0.5 ha,2024,77.4169,PC
LSOA,E01015091,Plymouth 005B,E06000026,GSA_300M,Residents within 300 m of public green space of at least 0.5 ha,2024,79.7761,PC
LSOA,E01015092,Plymouth 005C,E06000026,GSA_300M,Residents within 300 m of public green space of at least 0.5 ha,2024,62.6738,PC
LSOA,E01015093,Plymouth 005D,E06000026,GSA_300M,Residents within 300 m of public green space of at least 0.5 ha,2024,82.6577,PC
LSOA,E01015094,Plymouth 005E,E06000026,GSA_300M,Residents within 300 m of public green space of at least 0.5 ha,2024,27.9817,PC
LSOA,E01015095,Plymouth 010D,E06000026,GSA_300M,Residents within 300 m of public green space of at least 0.5 ha,2024,69.9489,PC
LSOA,E01015096,Plymouth 010E,E06000026,GSA_300M,Residents within 300 m of public green space of at least 0.5 ha,2024,85.536,PC
LSOA,E01015097,Plymouth 001B,E06000026,GSA_300M,Residents within 300 m of public green space of at least 0.5 ha,2024,40.009,PC
LSOA,E01015098,Plymouth 017A,E06000026,GSA_300M,Residents within 300 m of public green space of at least 0.5 ha,2024,92.4177,PC
LSOA,E01015099,Plymouth 017B,E06000026,GSA_300M,Residents within 300 m of public green space of at least 0.5 ha,2024,87.2296,PC
LSOA,E01015100,Plymouth 017C,E06000026,GSA_300M,Residents within 300 m of public green space of at least 0.5 ha,2024,76.6576,PC
LSOA,E01015101,Plymouth 016E,E06000026,GSA_300M,Residents within 300 m of public green space of at least 0.5 ha,2024,34.7029,PC
LSOA,E01015102,Plymouth 011D,E06000026,GSA_300M,Residents within 300 m of public green space of at least 0.5 ha,2024,100.0,PC
LSOA,E01015103,Plymouth 017D,E06000026,GSA_300M,Residents within 300 m of public green space of at least 0.5 ha,2024,100.0,PC
LSOA,E01015104,Plymouth 011E,E06000026,GSA_300M,Residents within 300 m of public green space of at least 0.5 ha,2024,44.2295,PC
LSOA,E01015105,Plymouth 017E,E06000026,GSA_300M,Residents within 300 m of public green space of at least 0.5 ha,2024,90.7662,PC
LSOA,E01015106,Plymouth 013E,E06000026,GSA_300M,Residents within 300 m of public green space of at least 0.5 ha,2024,67.6033,PC
LSOA,E01015107,Plymouth 018A,E06000026,GSA_300M,Residents within 300 m of public green space of at least 0.5 ha,2024,75.1623,PC
LSOA,E01015108,Plymouth 022A,E06000026,GSA_300M,Residents within 300 m of public green space of at least 0.5 ha,2024,40.0441,PC
LSOA,E01015109,Plymouth 022B,E06000026,GSA_300M,Residents within 300 m of public green space of at least 0.5 ha,2024,99.1018,PC
LSOA,E01015110,Plymouth 018B,E06000026,GSA_300M,Residents within 300 m of public green space of at least 0.5 ha,2024,40.8818,PC
LSOA,E01015111,Plymouth 018C,E06000026,GSA_300M,Residents within 300 m of public green space of at least 0.5 ha,2024,55.6647,PC
LSOA,E01015112,Plymouth 019A,E06000026,GSA_300M,Residents within 300 m of public green space of at least 0.5 ha,2024,73.0024,PC
LSOA,E01015113,Plymouth 019B,E06000026,GSA_300M,Residents within 300 m of public green space of at least 0.5 ha,2024,52.4983,PC
LSOA,E01015114,Plymouth 019C,E06000026,GSA_300M,Residents within 300 m of public green space of at least 0.5 ha,2024,73.0061,PC
LSOA,E01015115,Plymouth 022C,E06000026,GSA_300M,Residents within 300 m of public green space of at least 0.5 ha,2024,43.9825,PC
LSOA,E01015116,Plymouth 022D,E06000026,GSA_300M,Residents within 300 m of public green space of at least 0.5 ha,2024,84.2475,PC
LSOA,E01015117,Plymouth 022E,E06000026,GSA_300M,Residents within 300 m of public green space of at least 0.5 ha,2024,56.5312,PC
LSOA,E01015118,Plymouth 019D,E06000026,GSA_300M,Residents within 300 m of public green space of at least 0.5 ha,2024,8.6903,PC
LSOA,E01015119,Plymouth 018D,E06000026,GSA_300M,Residents within 300 m of public green space of at least 0.5 ha,2024,99.7526,PC
LSOA,E01015120,Plymouth 015A,E06000026,GSA_300M,Residents within 300 m of public green space of at least 0.5 ha,2024,6.879,PC
LSOA,E01015121,Plymouth 015B,E06000026,GSA_300M,Residents within 300 m of public green space of at least 0.5 ha,2024,2.9216,PC
LSOA,E01015122,Plymouth 019E,E06000026,GSA_300M,Residents within 300 m of public green space of at least 0.5 ha,2024,9.75,PC
LSOA,E01015123,Plymouth 015C,E06000026,GSA_300M,Residents within 300 m of public green space of at least 0.5 ha,2024,85.7751,PC
LSOA,E01015124,Plymouth 015D,E06000026,GSA_300M,Residents within 300 m of public green space of at least 0.5 ha,2024,90.6658,PC
LSOA,E01015125,Plymouth 015E,E06000026,GSA_300M,Residents within 300 m of public green space of at least 0.5 ha,2024,50.1355,PC
LSOA,E01015126,Plymouth 030A,E06000026,GSA_300M,Residents within 300 m of public green space of at least 0.5 ha,2024,0.4572,PC
LSOA,E01015127,Plymouth 030B,E06000026,GSA_300M,Residents within 300 m of public green space of at least 0.5 ha,2024,91.1401,PC
LSOA,E01015128,Plymouth 032A,E06000026,GSA_300M,Residents within 300 m of public green space of at least 0.5 ha,2024,74.4021,PC
LSOA,E01015129,Plymouth 032B,E06000026,GSA_300M,Residents within 300 m of public green space of at least 0.5 ha,2024,96.793,PC
LSOA,E01015130,Plymouth 032C,E06000026,GSA_300M,Residents within 300 m of public green space of at least 0.5 ha,2024,57.2809,PC
LSOA,E01015131,Plymouth 030C,E06000026,GSA_300M,Residents within 300 m of public green space of at least 0.5 ha,2024,41.1595,PC
LSOA,E01015132,Plymouth 030D,E06000026,GSA_300M,Residents within 300 m of public green space of at least 0.5 ha,2024,12.4244,PC
LSOA,E01015133,Plymouth 030E,E06000026,GSA_300M,Residents within 300 m of public green space of at least 0.5 ha,2024,31.1385,PC
LSOA,E01015134,Plymouth 032D,E06000026,GSA_300M,Residents within 300 m of public green space of at least 0.5 ha,2024,68.5621,PC
LSOA,E01015136,Plymouth 031B,E06000026,GSA_300M,Residents within 300 m of public green space of at least 0.5 ha,2024,100.0,PC
LSOA,E01015137,Plymouth 031C,E06000026,GSA_300M,Residents within 300 m of public green space of at least 0.5 ha,2024,80.1462,PC
LSOA,E01015138,Plymouth 031D,E06000026,GSA_300M,Residents within 300 m of public green space of at least 0.5 ha,2024,95.2229,PC
LSOA,E01015139,Plymouth 031E,E06000026,GSA_300M,Residents within 300 m of public green space of at least 0.5 ha,2024,48.1224,PC
LSOA,E01015140,Plymouth 032E,E06000026,GSA_300M,Residents within 300 m of public green space of at least 0.5 ha,2024,10.1884,PC
LSOA,E01015141,Plymouth 031F,E06000026,GSA_300M,Residents within 300 m of public green space of at least 0.5 ha,2024,56.5513,PC
LSOA,E01015142,Plymouth 009B,E06000026,GSA_300M,Residents within 300 m of public green space of at least 0.5 ha,2024,85.2669,PC
LSOA,E01015143,Plymouth 009C,E06000026,GSA_300M,Residents within 300 m of public green space of at least 0.5 ha,2024,15.3014,PC
LSOA,E01015144,Plymouth 009D,E06000026,GSA_300M,Residents within 300 m of public green space of at least 0.5 ha,2024,44.5501,PC
LSOA,E01015145,Plymouth 014E,E06000026,GSA_300M,Residents within 300 m of public green space of at least 0.5 ha,2024,74.4378,PC
LSOA,E01015146,Plymouth 009E,E06000026,GSA_300M,Residents within 300 m of public green space of at least 0.5 ha,2024,96.3459,PC
LSOA,E01015147,Plymouth 006D,E06000026,GSA_300M,Residents within 300 m of public green space of at least 0.5 ha,2024,99.5261,PC
LSOA,E01015148,Plymouth 006E,E06000026,GSA_300M,Residents within 300 m of public green space of at least 0.5 ha,2024,92.4212,PC
LSOA,E01015149,Plymouth 009F,E06000026,GSA_300M,Residents within 300 m of public green space of at least 0.5 ha,2024,49.0934,PC
LSOA,E01015150,Plymouth 009G,E06000026,GSA_300M,Residents within 300 m of public green space of at least 0.5 ha,2024,86.5398,PC
LSOA,E01015151,Plymouth 033A,E06000026,GSA_300M,Residents within 300 m of public green space of at least 0.5 ha,2024,100.0,PC
LSOA,E01015152,Plymouth 027C,E06000026,GSA_300M,Residents within 300 m of public green space of at least 0.5 ha,2024,87.9523,PC
LSOA,E01015153,Plymouth 033C,E06000026,GSA_300M,Residents within 300 m of public green space of at least 0.5 ha,2024,100.0,PC
LSOA,E01015155,Plymouth 034A,E06000026,GSA_300M,Residents within 300 m of public green space of at least 0.5 ha,2024,93.9557,PC
LSOA,E01015156,Plymouth 027E,E06000026,GSA_300M,Residents within 300 m of public green space of at least 0.5 ha,2024,89.9206,PC
LSOA,E01015159,Plymouth 002B,E06000026,GSA_300M,Residents within 300 m of public green space of at least 0.5 ha,2024,91.0353,PC
LSOA,E01015160,Plymouth 001C,E06000026,GSA_300M,Residents within 300 m of public green space of at least 0.5 ha,2024,69.6949,PC
LSOA,E01015161,Plymouth 002C,E06000026,GSA_300M,Residents within 300 m of public green space of at least 0.5 ha,2024,97.6261,PC
LSOA,E01015162,Plymouth 002D,E06000026,GSA_300M,Residents within 300 m of public green space of at least 0.5 ha,2024,97.5415,PC
LSOA,E01015163,Plymouth 003D,E06000026,GSA_300M,Residents within 300 m of public green space of at least 0.5 ha,2024,71.9825,PC
LSOA,E01015164,Plymouth 001D,E06000026,GSA_300M,Residents within 300 m of public green space of at least 0.5 ha,2024,53.3649,PC
LSOA,E01015165,Plymouth 003E,E06000026,GSA_300M,Residents within 300 m of public green space of at least 0.5 ha,2024,0.0,PC
LSOA,E01015166,Plymouth 002E,E06000026,GSA_300M,Residents within 300 m of public green space of at least 0.5 ha,2024,15.157,PC
LSOA,E01015167,Plymouth 020C,E06000026,GSA_300M,Residents within 300 m of public green space of at least 0.5 ha,2024,100.0,PC
LSOA,E01015168,Plymouth 020D,E06000026,GSA_300M,Residents within 300 m of public green space of at least 0.5 ha,2024,87.0187,PC
LSOA,E01015169,Plymouth 024A,E06000026,GSA_300M,Residents within 300 m of public green space of at least 0.5 ha,2024,100.0,PC
LSOA,E01015170,Plymouth 024B,E06000026,GSA_300M,Residents within 300 m of public green space of at least 0.5 ha,2024,100.0,PC
LSOA,E01015171,Plymouth 020E,E06000026,GSA_300M,Residents within 300 m of public green space of at least 0.5 ha,2024,97.9334,PC
LSOA,E01015172,Plymouth 033B,E06000026,GSA_300M,Residents within 300 m of public green space of at least 0.5 ha,2024,100.0,PC
LSOA,E01015173,Plymouth 024C,E06000026,GSA_300M,Residents within 300 m of public green space of at least 0.5 ha,2024,98.1303,PC
LSOA,E01015174,Plymouth 024D,E06000026,GSA_300M,Residents within 300 m of public green space of at least 0.5 ha,2024,80.5738,PC
LSOA,E01015175,Plymouth 025C,E06000026,GSA_300M,Residents within 300 m of public green space of at least 0.5 ha,2024,52.3632,PC
LSOA,E01015176,Plymouth 021F,E06000026,GSA_300M,Residents within 300 m of public green space of at least 0.5 ha,2024,93.3191,PC
LSOA,E01015177,Plymouth 025D,E06000026,GSA_300M,Residents within 300 m of public green space of at least 0.5 ha,2024,93.9589,PC
LSOA,E01015178,Plymouth 025E,E06000026,GSA_300M,Residents within 300 m of public green space of at least 0.5 ha,2024,100.0,PC
LSOA,E01015179,Plymouth 028B,E06000026,GSA_300M,Residents within 300 m of public green space of at least 0.5 ha,2024,100.0,PC
LSOA,E01015180,Plymouth 028C,E06000026,GSA_300M,Residents within 300 m of public green space of at least 0.5 ha,2024,81.417,PC
LSOA,E01015181,Plymouth 028D,E06000026,GSA_300M,Residents within 300 m of public green space of at least 0.5 ha,2024,96.7296,PC
LSOA,E01015182,Plymouth 028E,E06000026,GSA_300M,Residents within 300 m of public green space of at least 0.5 ha,2024,59.3558,PC
LSOA,E01015183,Torbay 017A,E06000027,GSA_300M,Residents within 300 m of public green space of at least 0.5 ha,2024,79.1545,PC
LSOA,E01015184,Torbay 017B,E06000027,GSA_300M,Residents within 300 m of public green space of at least 0.5 ha,2024,3.9106,PC
LSOA,E01015185,Torbay 017C,E06000027,GSA_300M,Residents within 300 m of public green space of at least 0.5 ha,2024,26.6869,PC
LSOA,E01015186,Torbay 017D,E06000027,GSA_300M,Residents within 300 m of public green space of at least 0.5 ha,2024,25.0192,PC
LSOA,E01015187,Torbay 017E,E06000027,GSA_300M,Residents within 300 m of public green space of at least 0.5 ha,2024,78.3911,PC
LSOA,E01015188,Torbay 017F,E06000027,GSA_300M,Residents within 300 m of public green space of at least 0.5 ha,2024,97.1429,PC
LSOA,E01015189,Torbay 017G,E06000027,GSA_300M,Residents within 300 m of public green space of at least 0.5 ha,2024,97.7407,PC
LSOA,E01015190,Torbay 013A,E06000027,GSA_300M,Residents within 300 m of public green space of at least 0.5 ha,2024,0.0,PC
LSOA,E01015191,Torbay 013B,E06000027,GSA_300M,Residents within 300 m of public green space of at least 0.5 ha,2024,12.7633,PC
LSOA,E01015192,Torbay 013C,E06000027,GSA_300M,Residents within 300 m of public green space of at least 0.5 ha,2024,14.3219,PC
LSOA,E01015193,Torbay 013D,E06000027,GSA_300M,Residents within 300 m of public green space of at least 0.5 ha,2024,81.069,PC
LSOA,E01015194,Torbay 013E,E06000027,GSA_300M,Residents within 300 m of public green space of at least 0.5 ha,2024,62.7825,PC
LSOA,E01015196,Torbay 013G,E06000027,GSA_300M,Residents within 300 m of public green space of at least 0.5 ha,2024,13.0459,PC
LSOA,E01015197,Torbay 016A,E06000027,GSA_300M,Residents within 300 m of public green space of at least 0.5 ha,2024,16.5582,PC
LSOA,E01015198,Torbay 016B,E06000027,GSA_300M,Residents within 300 m of public green space of at least 0.5 ha,2024,31.7104,PC
LSOA,E01015199,Torbay 016C,E06000027,GSA_300M,Residents within 300 m of public green space of at least 0.5 ha,2024,63.8109,PC
LSOA,E01015200,Torbay 016D,E06000027,GSA_300M,Residents within 300 m of public green space of at least 0.5 ha,2024,69.3107,PC
LSOA,E01015201,Torbay 016E,E06000027,GSA_300M,Residents within 300 m of public green space of at least 0.5 ha,2024,55.153,PC
LSOA,E01015202,Torbay 012A,E06000027,GSA_300M,Residents within 300 m of public green space of at least 0.5 ha,2024,76.4352,PC
LSOA,E01015203,Torbay 012B,E06000027,GSA_300M,Residents within 300 m of public green space of at least 0.5 ha,2024,14.9398,PC
LSOA,E01015204,Torbay 012C,E06000027,GSA_300M,Residents within 300 m of public green space of at least 0.5 ha,2024,63.3443,PC
LSOA,E01015205,Torbay 012D,E06000027,GSA_300M,Residents within 300 m of public green space of at least 0.5 ha,2024,63.4963,PC
LSOA,E01015206,Torbay 012E,E06000027,GSA_300M,Residents within 300 m of public green space of at least 0.5 ha,2024,22.4503,PC
LSOA,E01015207,Torbay 019E,E06000027,GSA_300M,Residents within 300 m of public green space of at least 0.5 ha,2024,92.3871,PC
LSOA,E01015208,Torbay 019F,E06000027,GSA_300M,Residents within 300 m of public green space of at least 0.5 ha,2024,12.8477,PC
LSOA,E01015209,Torbay 019A,E06000027,GSA_300M,Residents within 300 m of public green space of at least 0.5 ha,2024,98.6781,PC
LSOA,E01015210,Torbay 019B,E06000027,GSA_300M,Residents within 300 m of public green space of at least 0.5 ha,2024,59.7433,PC
LSOA,E01015211,Torbay 019G,E06000027,GSA_300M,Residents within 300 m of public green space of at least 0.5 ha,2024,96.0953,PC
LSOA,E01015212,Torbay 019C,E06000027,GSA_300M,Residents within 300 m of public green space of at least 0.5 ha,2024,92.6099,PC
LSOA,E01015213,Torbay 019D,E06000027,GSA_300M,Residents within 300 m of public green space of at least 0.5 ha,2024,91.4908,PC
LSOA,E01015214,Torbay 006A,E06000027,GSA_300M,Residents within 300 m of public green space of at least 0.5 ha,2024,98.067,PC
LSOA,E01015215,Torbay 006B,E06000027,GSA_300M,Residents within 300 m of public green space of at least 0.5 ha,2024,100.0,PC
LSOA,E01015216,Torbay 006C,E06000027,GSA_300M,Residents within 300 m of public green space of at least 0.5 ha,2024,100.0,PC
LSOA,E01015217,Torbay 008A,E06000027,GSA_300M,Residents within 300 m of public green space of at least 0.5 ha,2024,75.0602,PC
LSOA,E01015218,Torbay 006D,E06000027,GSA_300M,Residents within 300 m of public green space of at least 0.5 ha,2024,93.4373,PC
LSOA,E01015219,Torbay 015A,E06000027,GSA_300M,Residents within 300 m of public green space of at least 0.5 ha,2024,100.0,PC
LSOA,E01015220,Torbay 015B,E06000027,GSA_300M,Residents within 300 m of public green space of at least 0.5 ha,2024,95.689,PC
LSOA,E01015221,Torbay 015C,E06000027,GSA_300M,Residents within 300 m of public green space of at least 0.5 ha,2024,49.4997,PC
LSOA,E01015222,Torbay 015D,E06000027,GSA_300M,Residents within 300 m of public green space of at least 0.5 ha,2024,54.8571,PC
LSOA,E01015223,Torbay 015E,E06000027,GSA_300M,Residents within 300 m of public green space of at least 0.5 ha,2024,5.0433,PC
LSOA,E01015224,Torbay 011A,E06000027,GSA_300M,Residents within 300 m of public green space of at least 0.5 ha,2024,97.5911,PC
LSOA,E01015225,Torbay 011B,E06000027,GSA_300M,Residents within 300 m of public green space of at least 0.5 ha,2024,100.0,PC
LSOA,E01015226,Torbay 011C,E06000027,GSA_300M,Residents within 300 m of public green space of at least 0.5 ha,2024,95.646,PC
LSOA,E01015227,Torbay 011D,E06000027,GSA_300M,Residents within 300 m of public green space of at least 0.5 ha,2024,75.3296,PC
LSOA,E01015228,Torbay 011E,E06000027,GSA_300M,Residents within 300 m of public green space of at least 0.5 ha,2024,100.0,PC
LSOA,E01015229,Torbay 014A,E06000027,GSA_300M,Residents within 300 m of public green space of at least 0.5 ha,2024,100.0,PC
LSOA,E01015230,Torbay 011F,E06000027,GSA_300M,Residents within 300 m of public green space of at least 0.5 ha,2024,83.4532,PC
LSOA,E01015231,Torbay 014B,E06000027,GSA_300M,Residents within 300 m of public green space of at least 0.5 ha,2024,74.8749,PC
LSOA,E01015232,Torbay 014C,E06000027,GSA_300M,Residents within 300 m of public green space of at least 0.5 ha,2024,100.0,PC
LSOA,E01015233,Torbay 014D,E06000027,GSA_300M,Residents within 300 m of public green space of at least 0.5 ha,2024,59.3039,PC
LSOA,E01015234,Torbay 014E,E06000027,GSA_300M,Residents within 300 m of public green space of at least 0.5 ha,2024,99.703,PC
LSOA,E01015235,Torbay 014F,E06000027,GSA_300M,Residents within 300 m of public green space of at least 0.5 ha,2024,98.5971,PC
LSOA,E01015236,Torbay 002A,E06000027,GSA_300M,Residents within 300 m of public green space of at least 0.5 ha,2024,73.7483,PC
LSOA,E01015237,Torbay 002B,E06000027,GSA_300M,Residents within 300 m of public green space of at least 0.5 ha,2024,37.1681,PC
LSOA,E01015238,Torbay 002C,E06000027,GSA_300M,Residents within 300 m of public green space of at least 0.5 ha,2024,61.1643,PC
LSOA,E01015239,Torbay 002D,E06000027,GSA_300M,Residents within 300 m of public green space of at least 0.5 ha,2024,96.0924,PC
LSOA,E01015240,Torbay 005A,E06000027,GSA_300M,Residents within 300 m of public green space of at least 0.5 ha,2024,97.5228,PC
LSOA,E01015241,Torbay 005B,E06000027,GSA_300M,Residents within 300 m of public green space of at least 0.5 ha,2024,62.1843,PC
LSOA,E01015242,Torbay 005C,E06000027,GSA_300M,Residents within 300 m of public green space of at least 0.5 ha,2024,41.6605,PC
LSOA,E01015243,Torbay 005D,E06000027,GSA_300M,Residents within 300 m of public green space of at least 0.5 ha,2024,99.3765,PC
LSOA,E01015244,Torbay 018A,E06000027,GSA_300M,Residents within 300 m of public green space of at least 0.5 ha,2024,38.6525,PC
LSOA,E01015245,Torbay 018B,E06000027,GSA_300M,Residents within 300 m of public green space of at least 0.5 ha,2024,64.3312,PC
LSOA,E01015246,Torbay 018C,E06000027,GSA_300M,Residents within 300 m of public green space of at least 0.5 ha,2024,39.7632,PC
LSOA,E01015247,Torbay 018D,E06000027,GSA_300M,Residents within 300 m of public green space of at least 0.5 ha,2024,57.9558,PC
LSOA,E01015248,Torbay 018E,E06000027,GSA_300M,Residents within 300 m of public green space of at least 0.5 ha,2024,31.6263,PC
LSOA,E01015249,Torbay 003A,E06000027,GSA_300M,Residents within 300 m of public green space of at least 0.5 ha,2024,89.4422,PC
LSOA,E01015250,Torbay 003B,E06000027,GSA_300M,Residents within 300 m of public green space of at least 0.5 ha,2024,39.9073,PC
LSOA,E01015251,Torbay 003C,E06000027,GSA_300M,Residents within 300 m of public green space of at least 0.5 ha,2024,71.6271,PC
LSOA,E01015253,Torbay 003E,E06000027,GSA_300M,Residents within 300 m of public green space of at least 0.5 ha,2024,0.2993,PC
LSOA,E01015254,Torbay 003F,E06000027,GSA_300M,Residents within 300 m of public green space of at least 0.5 ha,2024,42.1309,PC
LSOA,E01015255,Torbay 008B,E06000027,GSA_300M,Residents within 300 m of public green space of at least 0.5 ha,2024,94.3771,PC
LSOA,E01015256,Torbay 008C,E06000027,GSA_300M,Residents within 300 m of public green space of at least 0.5 ha,2024,77.2636,PC
LSOA,E01015257,Torbay 004A,E06000027,GSA_300M,Residents within 300 m of public green space of at least 0.5 ha,2024,99.458,PC
LSOA,E01015258,Torbay 004B,E06000027,GSA_300M,Residents within 300 m of public green space of at least 0.5 ha,2024,80.8305,PC
LSOA,E01015259,Torbay 004C,E06000027,GSA_300M,Residents within 300 m of public green space of at least 0.5 ha,2024,22.2292,PC
LSOA,E01015260,Torbay 004D,E06000027,GSA_300M,Residents within 300 m of public green space of at least 0.5 ha,2024,87.845,PC
LSOA,E01015261,Torbay 008D,E06000027,GSA_300M,Residents within 300 m of public green space of at least 0.5 ha,2024,84.5181,PC
LSOA,E01015262,Torbay 001A,E06000027,GSA_300M,Residents within 300 m of public green space of at least 0.5 ha,2024,68.0959,PC
LSOA,E01015263,Torbay 001B,E06000027,GSA_300M,Residents within 300 m of public green space of at least 0.5 ha,2024,98.8977,PC
LSOA,E01015264,Torbay 001C,E06000027,GSA_300M,Residents within 300 m of public green space of at least 0.5 ha,2024,55.6724,PC
LSOA,E01015265,Torbay 001D,E06000027,GSA_300M,Residents within 300 m of public green space of at least 0.5 ha,2024,27.6923,PC
LSOA,E01015266,Torbay 001E,E06000027,GSA_300M,Residents within 300 m of public green space of at least 0.5 ha,2024,90.5337,PC
LSOA,E01015267,Torbay 010A,E06000027,GSA_300M,Residents within 300 m of public green space of at least 0.5 ha,2024,85.327,PC
LSOA,E01015268,Torbay 010B,E06000027,GSA_300M,Residents within 300 m of public green space of at least 0.5 ha,2024,66.0967,PC
LSOA,E01015269,Torbay 010C,E06000027,GSA_300M,Residents within 300 m of public green space of at least 0.5 ha,2024,52.6248,PC
LSOA,E01015270,Torbay 010D,E06000027,GSA_300M,Residents within 300 m of public green space of at least 0.5 ha,2024,41.1765,PC
LSOA,E01015271,Torbay 010E,E06000027,GSA_300M,Residents within 300 m of public green space of at least 0.5 ha,2024,80.202,PC
LSOA,E01019887,East Devon 005B,E07000040,GSA_300M,Residents within 300 m of public green space of at least 0.5 ha,2024,94.0553,PC
LSOA,E01019888,East Devon 005C,E07000040,GSA_300M,Residents within 300 m of public green space of at least 0.5 ha,2024,70.8528,PC
LSOA,E01019889,East Devon 005D,E07000040,GSA_300M,Residents within 300 m of public green space of at least 0.5 ha,2024,60.6962,PC
LSOA,E01019890,East Devon 009A,E07000040,GSA_300M,Residents within 300 m of public green space of at least 0.5 ha,2024,20.4685,PC
LSOA,E01019891,East Devon 021B,E07000040,GSA_300M,Residents within 300 m of public green space of at least 0.5 ha,2024,42.7391,PC
LSOA,E01019894,East Devon 017A,E07000040,GSA_300M,Residents within 300 m of public green space of at least 0.5 ha,2024,50.4323,PC
LSOA,E01019895,East Devon 017B,E07000040,GSA_300M,Residents within 300 m of public green space of at least 0.5 ha,2024,56.0518,PC
LSOA,E01019896,East Devon 017C,E07000040,GSA_300M,Residents within 300 m of public green space of at least 0.5 ha,2024,76.5448,PC
LSOA,E01019897,East Devon 017D,E07000040,GSA_300M,Residents within 300 m of public green space of at least 0.5 ha,2024,86.1461,PC
LSOA,E01019898,East Devon 014A,E07000040,GSA_300M,Residents within 300 m of public green space of at least 0.5 ha,2024,51.2784,PC
LSOA,E01019899,East Devon 007A,E07000040,GSA_300M,Residents within 300 m of public green space of at least 0.5 ha,2024,73.3518,PC
LSOA,E01019900,East Devon 007B,E07000040,GSA_300M,Residents within 300 m of public green space of at least 0.5 ha,2024,31.5188,PC
LSOA,E01019901,East Devon 009B,E07000040,GSA_300M,Residents within 300 m of public green space of at least 0.5 ha,2024,11.3906,PC
LSOA,E01019902,East Devon 001A,E07000040,GSA_300M,Residents within 300 m of public green space of at least 0.5 ha,2024,35.9895,PC
LSOA,E01019903,East Devon 021A,E07000040,GSA_300M,Residents within 300 m of public green space of at least 0.5 ha,2024,18.2831,PC
LSOA,E01019904,East Devon 015A,E07000040,GSA_300M,Residents within 300 m of public green space of at least 0.5 ha,2024,76.9655,PC
LSOA,E01019905,East Devon 015B,E07000040,GSA_300M,Residents within 300 m of public green space of at least 0.5 ha,2024,0.0,PC
LSOA,E01019906,East Devon 015C,E07000040,GSA_300M,Residents within 300 m of public green space of at least 0.5 ha,2024,36.9565,PC
LSOA,E01019907,East Devon 015D,E07000040,GSA_300M,Residents within 300 m of public green space of at least 0.5 ha,2024,8.1099,PC
LSOA,E01019908,East Devon 016A,E07000040,GSA_300M,Residents within 300 m of public green space of at least 0.5 ha,2024,7.0349,PC
LSOA,E01019909,East Devon 016B,E07000040,GSA_300M,Residents within 300 m of public green space of at least 0.5 ha,2024,61.4411,PC
LSOA,E01019910,East Devon 016C,E07000040,GSA_300M,Residents within 300 m of public green space of at least 0.5 ha,2024,100.0,PC
LSOA,E01019911,East Devon 016D,E07000040,GSA_300M,Residents within 300 m of public green space of at least 0.5 ha,2024,13.9405,PC
LSOA,E01019912,East Devon 020A,E07000040,GSA_300M,Residents within 300 m of public green space of at least 0.5 ha,2024,52.97,PC
LSOA,E01019913,East Devon 020B,E07000040,GSA_300M,Residents within 300 m of public green space of at least 0.5 ha,2024,77.3459,PC
LSOA,E01019914,East Devon 020C,E07000040,GSA_300M,Residents within 300 m of public green space of at least 0.5 ha,2024,48.7221,PC
LSOA,E01019915,East Devon 020D,E07000040,GSA_300M,Residents within 300 m of public green space of at least 0.5 ha,2024,73.0523,PC
LSOA,E01019916,East Devon 019A,E07000040,GSA_300M,Residents within 300 m of public green space of at least 0.5 ha,2024,53.9082,PC
LSOA,E01019917,East Devon 019B,E07000040,GSA_300M,Residents within 300 m of public green space of at least 0.5 ha,2024,85.4942,PC
LSOA,E01019918,East Devon 019C,E07000040,GSA_300M,Residents within 300 m of public green space of at least 0.5 ha,2024,88.8047,PC
LSOA,E01019919,East Devon 019D,E07000040,GSA_300M,Residents within 300 m of public green space of at least 0.5 ha,2024,97.7339,PC
LSOA,E01019920,East Devon 018A,E07000040,GSA_300M,Residents within 300 m of public green space of at least 0.5 ha,2024,94.8276,PC
LSOA,E01019921,East Devon 018B,E07000040,GSA_300M,Residents within 300 m of public green space of at least 0.5 ha,2024,69.0371,PC
LSOA,E01019922,East Devon 018C,E07000040,GSA_300M,Residents within 300 m of public green space of at least 0.5 ha,2024,86.185,PC
LSOA,E01019923,East Devon 018D,E07000040,GSA_300M,Residents within 300 m of public green space of at least 0.5 ha,2024,100.0,PC
LSOA,E01019924,East Devon 018E,E07000040,GSA_300M,Residents within 300 m of public green space of at least 0.5 ha,2024,16.6553,PC
LSOA,E01019925,East Devon 004A,E07000040,GSA_300M,Residents within 300 m of public green space of at least 0.5 ha,2024,81.9084,PC
LSOA,E01019927,East Devon 002A,E07000040,GSA_300M,Residents within 300 m of public green space of at least 0.5 ha,2024,100.0,PC
LSOA,E01019928,East Devon 003A,E07000040,GSA_300M,Residents within 300 m of public green space of at least 0.5 ha,2024,68.1011,PC
LSOA,E01019929,East Devon 003B,E07000040,GSA_300M,Residents within 300 m of public green space of at least 0.5 ha,2024,73.3577,PC
LSOA,E01019930,East Devon 003C,E07000040,GSA_300M,Residents within 300 m of public green space of at least 0.5 ha,2024,10.6529,PC
LSOA,E01019931,East Devon 003D,E07000040,GSA_300M,Residents within 300 m of public green space of at least 0.5 ha,2024,38.1667,PC
LSOA,E01019932,East Devon 002B,E07000040,GSA_300M,Residents within 300 m of public green space of at least 0.5 ha,2024,95.1087,PC
LSOA,E01019933,East Devon 002C,E07000040,GSA_300M,Residents within 300 m of public green space of at least 0.5 ha,2024,8.5779,PC
LSOA,E01019934,East Devon 002D,E07000040,GSA_300M,Residents within 300 m of public green space of at least 0.5 ha,2024,66.9695,PC
LSOA,E01019935,East Devon 007C,E07000040,GSA_300M,Residents within 300 m of public green space of at least 0.5 ha,2024,34.8115,PC
LSOA,E01019936,East Devon 007D,E07000040,GSA_300M,Residents within 300 m of public green space of at least 0.5 ha,2024,44.1624,PC
LSOA,E01019937,East Devon 013A,E07000040,GSA_300M,Residents within 300 m of public green space of at least 0.5 ha,2024,30.6557,PC
LSOA,E01019938,East Devon 001B,E07000040,GSA_300M,Residents within 300 m of public green space of at least 0.5 ha,2024,16.4015,PC
LSOA,E01019939,East Devon 008A,E07000040,GSA_300M,Residents within 300 m of public green space of at least 0.5 ha,2024,0.0,PC
LSOA,E01019940,East Devon 008B,E07000040,GSA_300M,Residents within 300 m of public green space of at least 0.5 ha,2024,23.9908,PC
LSOA,E01019942,East Devon 008C,E07000040,GSA_300M,Residents within 300 m of public green space of at least 0.5 ha,2024,85.0575,PC
LSOA,E01019943,East Devon 008D,E07000040,GSA_300M,Residents within 300 m of public green space of at least 0.5 ha,2024,28.0022,PC
LSOA,E01019944,East Devon 008E,E07000040,GSA_300M,Residents within 300 m of public green space of at least 0.5 ha,2024,31.6667,PC
LSOA,E01019945,East Devon 013B,E07000040,GSA_300M,Residents within 300 m of public green space of at least 0.5 ha,2024,6.7421,PC
LSOA,E01019946,East Devon 010A,E07000040,GSA_300M,Residents within 300 m of public green space of at least 0.5 ha,2024,24.116,PC
LSOA,E01019947,East Devon 010B,E07000040,GSA_300M,Residents within 300 m of public green space of at least 0.5 ha,2024,90.3738,PC
LSOA,E01019948,East Devon 010C,E07000040,GSA_300M,Residents within 300 m of public green space of at least 0.5 ha,2024,90.9377,PC
LSOA,E01019949,East Devon 010D,E07000040,GSA_300M,Residents within 300 m of public green space of at least 0.5 ha,2024,33.6683,PC
LSOA,E01019950,East Devon 010E,E07000040,GSA_300M,Residents within 300 m of public green space of at least 0.5 ha,2024,92.5809,PC
LSOA,E01019951,East Devon 009C,E07000040,GSA_300M,Residents within 300 m of public green space of at least 0.5 ha,2024,63.2255,PC
LSOA,E01019952,East Devon 011A,E07000040,GSA_300M,Residents within 300 m of public green space of at least 0.5 ha,2024,85.4802,PC
LSOA,E01019953,East Devon 011B,E07000040,GSA_300M,Residents within 300 m of public green space of at least 0.5 ha,2024,10.6962,PC
LSOA,E01019954,East Devon 011C,E07000040,GSA_300M,Residents within 300 m of public green space of at least 0.5 ha,2024,14.2218,PC
LSOA,E01019955,East Devon 011D,E07000040,GSA_300M,Residents within 300 m of public green space of at least 0.5 ha,2024,99.511,PC
LSOA,E01019956,East Devon 012A,E07000040,GSA_300M,Residents within 300 m of public green space of at least 0.5 ha,2024,99.6548,PC
LSOA,E01019957,East Devon 012B,E07000040,GSA_300M,Residents within 300 m of public green space of at least 0.5 ha,2024,51.1455,PC
LSOA,E01019958,East Devon 012C,E07000040,GSA_300M,Residents within 300 m of public green space of at least 0.5 ha,2024,64.0022,PC
LSOA,E01019959,East Devon 004D,E07000040,GSA_300M,Residents within 300 m of public green space of at least 0.5 ha,2024,0.0,PC
LSOA,E01019960,East Devon 004E,E07000040,GSA_300M,Residents within 300 m of public green space of at least 0.5 ha,2024,11.2336,PC
LSOA,E01019961,East Devon 007E,E07000040,GSA_300M,Residents within 300 m of public green space of at least 0.5 ha,2024,20.4002,PC
LSOA,E01019962,East Devon 004F,E07000040,GSA_300M,Residents within 300 m of public green space of at least 0.5 ha,2024,27.5174,PC
LSOA,E01019963,East Devon 013C,E07000040,GSA_300M,Residents within 300 m of public green space of at least 0.5 ha,2024,68.4391,PC
LSOA,E01019964,East Devon 014B,E07000040,GSA_300M,Residents within 300 m of public green space of at least 0.5 ha,2024,45.3213,PC
LSOA,E01019965,East Devon 014C,E07000040,GSA_300M,Residents within 300 m of public green space of at least 0.5 ha,2024,70.7291,PC
LSOA,E01019966,East Devon 005E,E07000040,GSA_300M,Residents within 300 m of public green space of at least 0.5 ha,2024,6.4,PC
LSOA,E01019967,East Devon 001C,E07000040,GSA_300M,Residents within 300 m of public green space of at least 0.5 ha,2024,1.3383,PC
LSOA,E01019968,Exeter 014A,E07000041,GSA_300M,Residents within 300 m of public green space of at least 0.5 ha,2024,50.8832,PC
LSOA,E01019969,Exeter 014B,E07000041,GSA_300M,Residents within 300 m of public green space of at least 0.5 ha,2024,98.9828,PC
LSOA,E01019970,Exeter 014C,E07000041,GSA_300M,Residents within 300 m of public green space of at least 0.5 ha,2024,36.7948,PC
LSOA,E01019971,Exeter 014D,E07000041,GSA_300M,Residents within 300 m of public green space of at least 0.5 ha,2024,74.4971,PC
LSOA,E01019972,Exeter 014E,E07000041,GSA_300M,Residents within 300 m of public green space of at least 0.5 ha,2024,100.0,PC
LSOA,E01019973,Exeter 012A,E07000041,GSA_300M,Residents within 300 m of public green space of at least 0.5 ha,2024,93.9987,PC
LSOA,E01019974,Exeter 012B,E07000041,GSA_300M,Residents within 300 m of public green space of at least 0.5 ha,2024,40.9551,PC
LSOA,E01019975,Exeter 010A,E07000041,GSA_300M,Residents within 300 m of public green space of at least 0.5 ha,2024,99.3935,PC
LSOA,E01019976,Exeter 012C,E07000041,GSA_300M,Residents within 300 m of public green space of at least 0.5 ha,2024,14.0339,PC
LSOA,E01019977,Exeter 012D,E07000041,GSA_300M,Residents within 300 m of public green space of at least 0.5 ha,2024,58.3277,PC
LSOA,E01019980,Exeter 005A,E07000041,GSA_300M,Residents within 300 m of public green space of at least 0.5 ha,2024,6.1801,PC
LSOA,E01019981,Exeter 012E,E07000041,GSA_300M,Residents within 300 m of public green space of at least 0.5 ha,2024,23.6805,PC
LSOA,E01019982,Exeter 005B,E07000041,GSA_300M,Residents within 300 m of public green space of at least 0.5 ha,2024,20.3247,PC
LSOA,E01019983,Exeter 005C,E07000041,GSA_300M,Residents within 300 m of public green space of at least 0.5 ha,2024,84.7107,PC
LSOA,E01019984,Exeter 005D,E07000041,GSA_300M,Residents within 300 m of public green space of at least 0.5 ha,2024,1.1424,PC
LSOA,E01019985,Exeter 005E,E07000041,GSA_300M,Residents within 300 m of public green space of at least 0.5 ha,2024,83.0758,PC
LSOA,E01019986,Exeter 007A,E07000041,GSA_300M,Residents within 300 m of public green space of at least 0.5 ha,2024,100.0,PC
LSOA,E01019987,Exeter 006A,E07000041,GSA_300M,Residents within 300 m of public green space of at least 0.5 ha,2024,81.2962,PC
LSOA,E01019988,Exeter 013A,E07000041,GSA_300M,Residents within 300 m of public green space of at least 0.5 ha,2024,87.5356,PC
LSOA,E01019989,Exeter 006B,E07000041,GSA_300M,Residents within 300 m of public green space of at least 0.5 ha,2024,100.0,PC
LSOA,E01019990,Exeter 002A,E07000041,GSA_300M,Residents within 300 m of public green space of at least 0.5 ha,2024,100.0,PC
LSOA,E01019991,Exeter 002B,E07000041,GSA_300M,Residents within 300 m of public green space of at least 0.5 ha,2024,100.0,PC
LSOA,E01019992,Exeter 003A,E07000041,GSA_300M,Residents within 300 m of public green space of at least 0.5 ha,2024,99.44,PC
LSOA,E01019993,Exeter 002C,E07000041,GSA_300M,Residents within 300 m of public green space of at least 0.5 ha,2024,89.6104,PC
LSOA,E01019994,Exeter 008A,E07000041,GSA_300M,Residents within 300 m of public green space of at least 0.5 ha,2024,99.6768,PC
LSOA,E01019995,Exeter 008B,E07000041,GSA_300M,Residents within 300 m of public green space of at least 0.5 ha,2024,59.8553,PC
LSOA,E01019996,Exeter 009A,E07000041,GSA_300M,Residents within 300 m of public green space of at least 0.5 ha,2024,29.7872,PC
LSOA,E01019997,Exeter 004A,E07000041,GSA_300M,Residents within 300 m of public green space of at least 0.5 ha,2024,100.0,PC
LSOA,E01019998,Exeter 001C,E07000041,GSA_300M,Residents within 300 m of public green space of at least 0.5 ha,2024,61.5607,PC
LSOA,E01019999,Exeter 001D,E07000041,GSA_300M,Residents within 300 m of public green space of at least 0.5 ha,2024,29.9127,PC
LSOA,E01020000,Exeter 002D,E07000041,GSA_300M,Residents within 300 m of public green space of at least 0.5 ha,2024,100.0,PC
LSOA,E01020001,Exeter 001E,E07000041,GSA_300M,Residents within 300 m of public green space of at least 0.5 ha,2024,1.2251,PC
LSOA,E01020002,Exeter 003B,E07000041,GSA_300M,Residents within 300 m of public green space of at least 0.5 ha,2024,88.5889,PC
LSOA,E01020003,Exeter 003C,E07000041,GSA_300M,Residents within 300 m of public green space of at least 0.5 ha,2024,35.6282,PC
LSOA,E01020004,Exeter 003D,E07000041,GSA_300M,Residents within 300 m of public green space of at least 0.5 ha,2024,54.2917,PC
LSOA,E01020005,Exeter 003E,E07000041,GSA_300M,Residents within 300 m of public green space of at least 0.5 ha,2024,84.847,PC
LSOA,E01020006,Exeter 006C,E07000041,GSA_300M,Residents within 300 m of public green space of at least 0.5 ha,2024,98.423,PC
LSOA,E01020007,Exeter 002E,E07000041,GSA_300M,Residents within 300 m of public green space of at least 0.5 ha,2024,100.0,PC
LSOA,E01020008,Exeter 006D,E07000041,GSA_300M,Residents within 300 m of public green space of at least 0.5 ha,2024,82.6158,PC
LSOA,E01020009,Exeter 006E,E07000041,GSA_300M,Residents within 300 m of public green space of at least 0.5 ha,2024,74.8559,PC
LSOA,E01020010,Exeter 013B,E07000041,GSA_300M,Residents within 300 m of public green space of at least 0.5 ha,2024,65.9478,PC
LSOA,E01020011,Exeter 015A,E07000041,GSA_300M,Residents within 300 m of public green space of at least 0.5 ha,2024,100.0,PC
LSOA,E01020012,Exeter 015B,E07000041,GSA_300M,Residents within 300 m of public green space of at least 0.5 ha,2024,99.5558,PC
LSOA,E01020013,Exeter 013C,E07000041,GSA_300M,Residents within 300 m of public green space of at least 0.5 ha,2024,86.109,PC
LSOA,E01020014,Exeter 013D,E07000041,GSA_300M,Residents within 300 m of public green space of at least 0.5 ha,2024,76.3954,PC
LSOA,E01020015,Exeter 013E,E07000041,GSA_300M,Residents within 300 m of public green space of at least 0.5 ha,2024,97.1042,PC
LSOA,E01020017,Exeter 008D,E07000041,GSA_300M,Residents within 300 m of public green space of at least 0.5 ha,2024,85.4129,PC
LSOA,E01020018,Exeter 008E,E07000041,GSA_300M,Residents within 300 m of public green space of at least 0.5 ha,2024,63.3224,PC
LSOA,E01020019,Exeter 004B,E07000041,GSA_300M,Residents within 300 m of public green space of at least 0.5 ha,2024,25.1093,PC
LSOA,E01020020,Exeter 004C,E07000041,GSA_300M,Residents within 300 m of public green space of at least 0.5 ha,2024,56.1581,PC
LSOA,E01020021,Exeter 004D,E07000041,GSA_300M,Residents within 300 m of public green space of at least 0.5 ha,2024,100.0,PC
LSOA,E01020022,Exeter 004E,E07000041,GSA_300M,Residents within 300 m of public green space of at least 0.5 ha,2024,70.4985,PC
LSOA,E01020023,Exeter 009B,E07000041,GSA_300M,Residents within 300 m of public green space of at least 0.5 ha,2024,66.5625,PC
LSOA,E01020024,Exeter 009C,E07000041,GSA_300M,Residents within 300 m of public green space of at least 0.5 ha,2024,16.8746,PC
LSOA,E01020025,Exeter 009D,E07000041,GSA_300M,Residents within 300 m of public green space of at least 0.5 ha,2024,97.3759,PC
LSOA,E01020026,Exeter 011A,E07000041,GSA_300M,Residents within 300 m of public green space of at least 0.5 ha,2024,52.4677,PC
LSOA,E01020027,Exeter 011B,E07000041,GSA_300M,Residents within 300 m of public green space of at least 0.5 ha,2024,93.3664,PC
LSOA,E01020029,Exeter 010B,E07000041,GSA_300M,Residents within 300 m of public green space of at least 0.5 ha,2024,100.0,PC
LSOA,E01020030,Exeter 010C,E07000041,GSA_300M,Residents within 300 m of public green space of at least 0.5 ha,2024,100.0,PC
LSOA,E01020031,Exeter 010D,E07000041,GSA_300M,Residents within 300 m of public green space of at least 0.5 ha,2024,100.0,PC
LSOA,E01020032,Exeter 010E,E07000041,GSA_300M,Residents within 300 m of public green space of at least 0.5 ha,2024,100.0,PC
LSOA,E01020036,Exeter 007B,E07000041,GSA_300M,Residents within 300 m of public green space of at least 0.5 ha,2024,99.3046,PC
LSOA,E01020037,Exeter 007C,E07000041,GSA_300M,Residents within 300 m of public green space of at least 0.5 ha,2024,64.936,PC
LSOA,E01020038,Exeter 011E,E07000041,GSA_300M,Residents within 300 m of public green space of at least 0.5 ha,2024,22.0527,PC
LSOA,E01020039,Exeter 007D,E07000041,GSA_300M,Residents within 300 m of public green space of at least 0.5 ha,2024,28.9318,PC
LSOA,E01020040,Exeter 007E,E07000041,GSA_300M,Residents within 300 m of public green space of at least 0.5 ha,2024,97.7152,PC
LSOA,E01020041,Mid Devon 011A,E07000042,GSA_300M,Residents within 300 m of public green space of at least 0.5 ha,2024,68.3966,PC
LSOA,E01020042,Mid Devon 011B,E07000042,GSA_300M,Residents within 300 m of public green space of at least 0.5 ha,2024,100.0,PC
LSOA,E01020043,Mid Devon 008A,E07000042,GSA_300M,Residents within 300 m of public green space of at least 0.5 ha,2024,47.7307,PC
LSOA,E01020044,Mid Devon 008B,E07000042,GSA_300M,Residents within 300 m of public green space of at least 0.5 ha,2024,29.1491,PC
LSOA,E01020045,Mid Devon 006A,E07000042,GSA_300M,Residents within 300 m of public green space of at least 0.5 ha,2024,72.3416,PC
LSOA,E01020046,Mid Devon 001A,E07000042,GSA_300M,Residents within 300 m of public green space of at least 0.5 ha,2024,16.2686,PC
LSOA,E01020047,Mid Devon 002A,E07000042,GSA_300M,Residents within 300 m of public green space of at least 0.5 ha,2024,58.6629,PC
LSOA,E01020048,Mid Devon 005A,E07000042,GSA_300M,Residents within 300 m of public green space of at least 0.5 ha,2024,58.3749,PC
LSOA,E01020049,Mid Devon 001B,E07000042,GSA_300M,Residents within 300 m of public green space of at least 0.5 ha,2024,12.1662,PC
LSOA,E01020050,Mid Devon 001C,E07000042,GSA_300M,Residents within 300 m of public green space of at least 0.5 ha,2024,20.5081,PC
LSOA,E01020051,Mid Devon 002B,E07000042,GSA_300M,Residents within 300 m of public green space of at least 0.5 ha,2024,82.7689,PC
LSOA,E01020052,Mid Devon 004A,E07000042,GSA_300M,Residents within 300 m of public green space of at least 0.5 ha,2024,57.3699,PC
LSOA,E01020053,Mid Devon 004B,E07000042,GSA_300M,Residents within 300 m of public green space of at least 0.5 ha,2024,100.0,PC
LSOA,E01020054,Mid Devon 007A,E07000042,GSA_300M,Residents within 300 m of public green space of at least 0.5 ha,2024,72.431,PC
LSOA,E01020055,Mid Devon 007B,E07000042,GSA_300M,Residents within 300 m of public green space of at least 0.5 ha,2024,100.0,PC
LSOA,E01020056,Mid Devon 008C,E07000042,GSA_300M,Residents within 300 m of public green space of at least 0.5 ha,2024,18.2865,PC
LSOA,E01020057,Mid Devon 007C,E07000042,GSA_300M,Residents within 300 m of public green space of at least 0.5 ha,2024,86.5269,PC
LSOA,E01020058,Mid Devon 007D,E07000042,GSA_300M,Residents within 300 m of public green space of at least 0.5 ha,2024,52.1303,PC
LSOA,E01020059,Mid Devon 006B,E07000042,GSA_300M,Residents within 300 m of public green space of at least 0.5 ha,2024,48.4576,PC
LSOA,E01020060,Mid Devon 011C,E07000042,GSA_300M,Residents within 300 m of public green space of at least 0.5 ha,2024,97.227,PC
LSOA,E01020061,Mid Devon 011D,E07000042,GSA_300M,Residents within 300 m of public green space of at least 0.5 ha,2024,54.8309,PC
LSOA,E01020062,Mid Devon 006C,E07000042,GSA_300M,Residents within 300 m of public green space of at least 0.5 ha,2024,63.8804,PC
LSOA,E01020063,Mid Devon 003A,E07000042,GSA_300M,Residents within 300 m of public green space of at least 0.5 ha,2024,50.285,PC
LSOA,E01020064,Mid Devon 006D,E07000042,GSA_300M,Residents within 300 m of public green space of at least 0.5 ha,2024,86.1806,PC
LSOA,E01020065,Mid Devon 004C,E07000042,GSA_300M,Residents within 300 m of public green space of at least 0.5 ha,2024,72.4018,PC
LSOA,E01020067,Mid Devon 004D,E07000042,GSA_300M,Residents within 300 m of public green space of at least 0.5 ha,2024,98.7785,PC
LSOA,E01020068,Mid Devon 010A,E07000042,GSA_300M,Residents within 300 m of public green space of at least 0.5 ha,2024,13.7453,PC
LSOA,E01020069,Mid Devon 010B,E07000042,GSA_300M,Residents within 300 m of public green space of at least 0.5 ha,2024,39.1599,PC
LSOA,E01020070,Mid Devon 010C,E07000042,GSA_300M,Residents within 300 m of public green space of at least 0.5 ha,2024,26.9519,PC
LSOA,E01020071,Mid Devon 008D,E07000042,GSA_300M,Residents within 300 m of public green space of at least 0.5 ha,2024,70.7023,PC
LSOA,E01020072,Mid Devon 009A,E07000042,GSA_300M,Residents within 300 m of public green space of at least 0.5 ha,2024,12.8391,PC
LSOA,E01020073,Mid Devon 009B,E07000042,GSA_300M,Residents within 300 m of public green space of at least 0.5 ha,2024,15.1308,PC
LSOA,E01020074,Mid Devon 003B,E07000042,GSA_300M,Residents within 300 m of public green space of at least 0.5 ha,2024,22.2941,PC
LSOA,E01020075,Mid Devon 003C,E07000042,GSA_300M,Residents within 300 m of public green space of at least 0.5 ha,2024,55.7549,PC
LSOA,E01020076,Mid Devon 009C,E07000042,GSA_300M,Residents within 300 m of public green space of at least 0.5 ha,2024,43.8122,PC
LSOA,E01020077,Mid Devon 001D,E07000042,GSA_300M,Residents within 300 m of public green space of at least 0.5 ha,2024,7.2046,PC
LSOA,E01020078,Mid Devon 005B,E07000042,GSA_300M,Residents within 300 m of public green space of at least 0.5 ha,2024,96.2138,PC
LSOA,E01020079,Mid Devon 005C,E07000042,GSA_300M,Residents within 300 m of public green space of at least 0.5 ha,2024,63.9035,PC
LSOA,E01020080,Mid Devon 002D,E07000042,GSA_300M,Residents within 300 m of public green space of at least 0.5 ha,2024,53.1818,PC
LSOA,E01020081,Mid Devon 005D,E07000042,GSA_300M,Residents within 300 m of public green space of at least 0.5 ha,2024,4.5852,PC
LSOA,E01020082,Mid Devon 009D,E07000042,GSA_300M,Residents within 300 m of public green space of at least 0.5 ha,2024,21.3501,PC
LSOA,E01020083,Mid Devon 010D,E07000042,GSA_300M,Residents within 300 m of public green space of at least 0.5 ha,2024,30.7031,PC
LSOA,E01020084,North Devon 012A,E07000043,GSA_300M,Residents within 300 m of public green space of at least 0.5 ha,2024,80.0289,PC
LSOA,E01020085,North Devon 012B,E07000043,GSA_300M,Residents within 300 m of public green space of at least 0.5 ha,2024,95.8361,PC
LSOA,E01020087,North Devon 014A,E07000043,GSA_300M,Residents within 300 m of public green space of at least 0.5 ha,2024,0.2816,PC
LSOA,E01020088,North Devon 006A,E07000043,GSA_300M,Residents within 300 m of public green space of at least 0.5 ha,2024,38.1624,PC
LSOA,E01020089,North Devon 005A,E07000043,GSA_300M,Residents within 300 m of public green space of at least 0.5 ha,2024,89.1855,PC
LSOA,E01020090,North Devon 004A,E07000043,GSA_300M,Residents within 300 m of public green space of at least 0.5 ha,2024,33.5443,PC
LSOA,E01020091,North Devon 005B,E07000043,GSA_300M,Residents within 300 m of public green space of at least 0.5 ha,2024,18.0223,PC
LSOA,E01020092,North Devon 005C,E07000043,GSA_300M,Residents within 300 m of public green space of at least 0.5 ha,2024,40.483,PC
LSOA,E01020093,North Devon 005D,E07000043,GSA_300M,Residents within 300 m of public green space of at least 0.5 ha,2024,99.5146,PC
LSOA,E01020094,North Devon 008A,E07000043,GSA_300M,Residents within 300 m of public green space of at least 0.5 ha,2024,55.5886,PC
LSOA,E01020095,North Devon 008B,E07000043,GSA_300M,Residents within 300 m of public green space of at least 0.5 ha,2024,95.7823,PC
LSOA,E01020096,North Devon 009A,E07000043,GSA_300M,Residents within 300 m of public green space of at least 0.5 ha,2024,99.5224,PC
LSOA,E01020097,North Devon 013A,E07000043,GSA_300M,Residents within 300 m of public green space of at least 0.5 ha,2024,23.0736,PC
LSOA,E01020098,North Devon 014B,E07000043,GSA_300M,Residents within 300 m of public green space of at least 0.5 ha,2024,45.3763,PC
LSOA,E01020099,North Devon 002A,E07000043,GSA_300M,Residents within 300 m of public green space of at least 0.5 ha,2024,29.8646,PC
LSOA,E01020100,North Devon 002B,E07000043,GSA_300M,Residents within 300 m of public green space of at least 0.5 ha,2024,14.6957,PC
LSOA,E01020101,North Devon 002C,E07000043,GSA_300M,Residents within 300 m of public green space of at least 0.5 ha,2024,51.8149,PC
LSOA,E01020102,North Devon 010A,E07000043,GSA_300M,Residents within 300 m of public green space of at least 0.5 ha,2024,68.4967,PC
LSOA,E01020103,North Devon 010B,E07000043,GSA_300M,Residents within 300 m of public green space of at least 0.5 ha,2024,37.0229,PC
LSOA,E01020104,North Devon 010C,E07000043,GSA_300M,Residents within 300 m of public green space of at least 0.5 ha,2024,17.2915,PC
LSOA,E01020105,North Devon 011A,E07000043,GSA_300M,Residents within 300 m of public green space of at least 0.5 ha,2024,48.2348,PC
LSOA,E01020106,North Devon 011B,E07000043,GSA_300M,Residents within 300 m of public green space of at least 0.5 ha,2024,0.0,PC
LSOA,E01020107,North Devon 011C,E07000043,GSA_300M,Residents within 300 m of public green space of at least 0.5 ha,2024,77.7983,PC
LSOA,E01020108,North Devon 004B,E07000043,GSA_300M,Residents within 300 m of public green space of at least 0.5 ha,2024,48.577,PC
LSOA,E01020109,North Devon 004C,E07000043,GSA_300M,Residents within 300 m of public green space of at least 0.5 ha,2024,36.6314,PC
LSOA,E01020110,North Devon 005E,E07000043,GSA_300M,Residents within 300 m of public green space of at least 0.5 ha,2024,13.7086,PC
LSOA,E01020111,North Devon 001A,E07000043,GSA_300M,Residents within 300 m of public green space of at least 0.5 ha,2024,43.3835,PC
LSOA,E01020112,North Devon 001B,E07000043,GSA_300M,Residents within 300 m of public green space of at least 0.5 ha,2024,52.8174,PC
LSOA,E01020113,North Devon 003A,E07000043,GSA_300M,Residents within 300 m of public green space of at least 0.5 ha,2024,54.8824,PC
LSOA,E01020114,North Devon 001C,E07000043,GSA_300M,Residents within 300 m of public green space of at least 0.5 ha,2024,42.0103,PC
LSOA,E01020115,North Devon 001D,E07000043,GSA_300M,Residents within 300 m of public green space of at least 0.5 ha,2024,85.9441,PC
LSOA,E01020116,North Devon 003B,E07000043,GSA_300M,Residents within 300 m of public green space of at least 0.5 ha,2024,26.0896,PC
LSOA,E01020117,North Devon 003C,E07000043,GSA_300M,Residents within 300 m of public green space of at least 0.5 ha,2024,50.5222,PC
LSOA,E01020118,North Devon 003D,E07000043,GSA_300M,Residents within 300 m of public green space of at least 0.5 ha,2024,2.2642,PC
LSOA,E01020119,North Devon 011D,E07000043,GSA_300M,Residents within 300 m of public green space of at least 0.5 ha,2024,22.1239,PC
LSOA,E01020120,North Devon 006B,E07000043,GSA_300M,Residents within 300 m of public green space of at least 0.5 ha,2024,30.1075,PC
LSOA,E01020121,North Devon 012D,E07000043,GSA_300M,Residents within 300 m of public green space of at least 0.5 ha,2024,49.1085,PC
LSOA,E01020122,North Devon 012E,E07000043,GSA_300M,Residents within 300 m of public green space of at least 0.5 ha,2024,17.0732,PC
LSOA,E01020123,North Devon 009B,E07000043,GSA_300M,Residents within 300 m of public green space of at least 0.5 ha,2024,46.7497,PC
LSOA,E01020124,North Devon 009C,E07000043,GSA_300M,Residents within 300 m of public green space of at least 0.5 ha,2024,34.9138,PC
LSOA,E01020125,North Devon 009D,E07000043,GSA_300M,Residents within 300 m of public green space of at least 0.5 ha,2024,35.2453,PC
LSOA,E01020126,North Devon 002D,E07000043,GSA_300M,Residents within 300 m of public green space of at least 0.5 ha,2024,29.291,PC
LSOA,E01020127,North Devon 006C,E07000043,GSA_300M,Residents within 300 m of public green space of at least 0.5 ha,2024,0.405,PC
LSOA,E01020128,North Devon 010D,E07000043,GSA_300M,Residents within 300 m of public green space of at least 0.5 ha,2024,86.3186,PC
LSOA,E01020129,North Devon 010E,E07000043,GSA_300M,Residents within 300 m of public green space of at least 0.5 ha,2024,74.8079,PC
LSOA,E01020130,North Devon 010F,E07000043,GSA_300M,Residents within 300 m of public green space of at least 0.5 ha,2024,94.769,PC
LSOA,E01020131,North Devon 013B,E07000043,GSA_300M,Residents within 300 m of public green space of at least 0.5 ha,2024,28.6758,PC
LSOA,E01020132,North Devon 007A,E07000043,GSA_300M,Residents within 300 m of public green space of at least 0.5 ha,2024,57.4041,PC
LSOA,E01020133,North Devon 007B,E07000043,GSA_300M,Residents within 300 m of public green space of at least 0.5 ha,2024,68.8591,PC
LSOA,E01020134,North Devon 007C,E07000043,GSA_300M,Residents within 300 m of public green space of at least 0.5 ha,2024,98.009,PC
LSOA,E01020135,North Devon 013C,E07000043,GSA_300M,Residents within 300 m of public green space of at least 0.5 ha,2024,96.3539,PC
LSOA,E01020136,North Devon 013D,E07000043,GSA_300M,Residents within 300 m of public green space of at least 0.5 ha,2024,81.2804,PC
LSOA,E01020137,North Devon 013E,E07000043,GSA_300M,Residents within 300 m of public green space of at least 0.5 ha,2024,80.8107,PC
LSOA,E01020138,North Devon 014C,E07000043,GSA_300M,Residents within 300 m of public green space of at least 0.5 ha,2024,39.5785,PC
LSOA,E01020139,North Devon 007D,E07000043,GSA_300M,Residents within 300 m of public green space of at least 0.5 ha,2024,100.0,PC
LSOA,E01020140,North Devon 008C,E07000043,GSA_300M,Residents within 300 m of public green space of at least 0.5 ha,2024,80.6502,PC
LSOA,E01020141,North Devon 008D,E07000043,GSA_300M,Residents within 300 m of public green space of at least 0.5 ha,2024,100.0,PC
LSOA,E01020142,South Hams 006A,E07000044,GSA_300M,Residents within 300 m of public green space of at least 0.5 ha,2024,28.5457,PC
LSOA,E01020143,South Hams 006B,E07000044,GSA_300M,Residents within 300 m of public green space of at least 0.5 ha,2024,33.4279,PC
LSOA,E01020144,South Hams 001A,E07000044,GSA_300M,Residents within 300 m of public green space of at least 0.5 ha,2024,92.3936,PC
LSOA,E01020145,South Hams 001B,E07000044,GSA_300M,Residents within 300 m of public green space of at least 0.5 ha,2024,39.7638,PC
LSOA,E01020146,South Hams 001C,E07000044,GSA_300M,Residents within 300 m of public green space of at least 0.5 ha,2024,90.2655,PC
LSOA,E01020147,South Hams 008A,E07000044,GSA_300M,Residents within 300 m of public green space of at least 0.5 ha,2024,33.1571,PC
LSOA,E01020148,South Hams 002A,E07000044,GSA_300M,Residents within 300 m of public green space of at least 0.5 ha,2024,2.852,PC
LSOA,E01020149,South Hams 001D,E07000044,GSA_300M,Residents within 300 m of public green space of at least 0.5 ha,2024,41.655,PC
LSOA,E01020150,South Hams 006C,E07000044,GSA_300M,Residents within 300 m of public green space of at least 0.5 ha,2024,48.1136,PC
LSOA,E01020151,South Hams 007A,E07000044,GSA_300M,Residents within 300 m of public green space of at least 0.5 ha,2024,33.7374,PC
LSOA,E01020152,South Hams 007B,E07000044,GSA_300M,Residents within 300 m of public green space of at least 0.5 ha,2024,66.5635,PC
LSOA,E01020153,South Hams 004A,E07000044,GSA_300M,Residents within 300 m of public green space of at least 0.5 ha,2024,0.0,PC
LSOA,E01020154,South Hams 007C,E07000044,GSA_300M,Residents within 300 m of public green space of at least 0.5 ha,2024,79.5963,PC
LSOA,E01020155,South Hams 007D,E07000044,GSA_300M,Residents within 300 m of public green space of at least 0.5 ha,2024,26.5511,PC
LSOA,E01020156,South Hams 004B,E07000044,GSA_300M,Residents within 300 m of public green space of at least 0.5 ha,2024,2.2999,PC
LSOA,E01020157,South Hams 002B,E07000044,GSA_300M,Residents within 300 m of public green space of at least 0.5 ha,2024,3.0145,PC
LSOA,E01020158,South Hams 008B,E07000044,GSA_300M,Residents within 300 m of public green space of at least 0.5 ha,2024,41.5254,PC
LSOA,E01020159,South Hams 008C,E07000044,GSA_300M,Residents within 300 m of public green space of at least 0.5 ha,2024,33.1034,PC
LSOA,E01020160,South Hams 002C,E07000044,GSA_300M,Residents within 300 m of public green space of at least 0.5 ha,2024,49.8573,PC
LSOA,E01020161,South Hams 005A,E07000044,GSA_300M,Residents within 300 m of public green space of at least 0.5 ha,2024,69.2808,PC
LSOA,E01020162,South Hams 005B,E07000044,GSA_300M,Residents within 300 m of public green space of at least 0.5 ha,2024,100.0,PC
LSOA,E01020163,South Hams 005C,E07000044,GSA_300M,Residents within 300 m of public green space of at least 0.5 ha,2024,97.6282,PC
LSOA,E01020164,South Hams 005D,E07000044,GSA_300M,Residents within 300 m of public green space of at least 0.5 ha,2024,69.5622,PC
LSOA,E01020165,South Hams 005E,E07000044,GSA_300M,Residents within 300 m of public green space of at least 0.5 ha,2024,84.7872,PC
LSOA,E01020166,South Hams 005F,E07000044,GSA_300M,Residents within 300 m of public green space of at least 0.5 ha,2024,34.4948,PC
LSOA,E01020167,South Hams 005G,E07000044,GSA_300M,Residents within 300 m of public green space of at least 0.5 ha,2024,86.0685,PC
LSOA,E01020168,South Hams 010A,E07000044,GSA_300M,Residents within 300 m of public green space of at least 0.5 ha,2024,79.9804,PC
LSOA,E01020169,South Hams 010B,E07000044,GSA_300M,Residents within 300 m of public green space of at least 0.5 ha,2024,70.6551,PC
LSOA,E01020170,South Hams 004C,E07000044,GSA_300M,Residents within 300 m of public green space of at least 0.5 ha,2024,53.0178,PC
LSOA,E01020171,South Hams 009A,E07000044,GSA_300M,Residents within 300 m of public green space of at least 0.5 ha,2024,17.1734,PC
LSOA,E01020172,South Hams 012A,E07000044,GSA_300M,Residents within 300 m of public green space of at least 0.5 ha,2024,54.2247,PC
LSOA,E01020173,South Hams 012B,E07000044,GSA_300M,Residents within 300 m of public green space of at least 0.5 ha,2024,72.0851,PC
LSOA,E01020174,South Hams 011A,E07000044,GSA_300M,Residents within 300 m of public green space of at least 0.5 ha,2024,8.1761,PC
LSOA,E01020175,South Hams 011B,E07000044,GSA_300M,Residents within 300 m of public green space of at least 0.5 ha,2024,35.9368,PC
LSOA,E01020176,South Hams 002D,E07000044,GSA_300M,Residents within 300 m of public green space of at least 0.5 ha,2024,59.93,PC
LSOA,E01020177,South Hams 002E,E07000044,GSA_300M,Residents within 300 m of public green space of at least 0.5 ha,2024,46.7333,PC
LSOA,E01020178,South Hams 011C,E07000044,GSA_300M,Residents within 300 m of public green space of at least 0.5 ha,2024,27.5962,PC
LSOA,E01020179,South Hams 012C,E07000044,GSA_300M,Residents within 300 m of public green space of at least 0.5 ha,2024,0.0,PC
LSOA,E01020180,South Hams 003A,E07000044,GSA_300M,Residents within 300 m of public green space of at least 0.5 ha,2024,44.4635,PC
LSOA,E01020181,South Hams 003B,E07000044,GSA_300M,Residents within 300 m of public green space of at least 0.5 ha,2024,73.4003,PC
LSOA,E01020182,South Hams 003C,E07000044,GSA_300M,Residents within 300 m of public green space of at least 0.5 ha,2024,29.2607,PC
LSOA,E01020183,South Hams 003D,E07000044,GSA_300M,Residents within 300 m of public green space of at least 0.5 ha,2024,74.8812,PC
LSOA,E01020184,South Hams 003E,E07000044,GSA_300M,Residents within 300 m of public green space of at least 0.5 ha,2024,47.5344,PC
LSOA,E01020185,South Hams 009B,E07000044,GSA_300M,Residents within 300 m of public green space of at least 0.5 ha,2024,62.4746,PC
LSOA,E01020186,South Hams 009C,E07000044,GSA_300M,Residents within 300 m of public green space of at least 0.5 ha,2024,9.3727,PC
LSOA,E01020187,South Hams 009D,E07000044,GSA_300M,Residents within 300 m of public green space of at least 0.5 ha,2024,38.1797,PC
LSOA,E01020188,South Hams 004D,E07000044,GSA_300M,Residents within 300 m of public green space of at least 0.5 ha,2024,15.6982,PC
LSOA,E01020189,South Hams 010C,E07000044,GSA_300M,Residents within 300 m of public green space of at least 0.5 ha,2024,66.4059,PC
LSOA,E01020190,South Hams 008D,E07000044,GSA_300M,Residents within 300 m of public green space of at least 0.5 ha,2024,59.3789,PC
LSOA,E01020191,Teignbridge 013A,E07000045,GSA_300M,Residents within 300 m of public green space of at least 0.5 ha,2024,0.5982,PC
LSOA,E01020192,Teignbridge 019A,E07000045,GSA_300M,Residents within 300 m of public green space of at least 0.5 ha,2024,28.8182,PC
LSOA,E01020193,Teignbridge 019B,E07000045,GSA_300M,Residents within 300 m of public green space of at least 0.5 ha,2024,14.1708,PC
LSOA,E01020194,Teignbridge 013B,E07000045,GSA_300M,Residents within 300 m of public green space of at least 0.5 ha,2024,2.6263,PC
LSOA,E01020195,Teignbridge 017A,E07000045,GSA_300M,Residents within 300 m of public green space of at least 0.5 ha,2024,31.5878,PC
LSOA,E01020196,Teignbridge 017B,E07000045,GSA_300M,Residents within 300 m of public green space of at least 0.5 ha,2024,44.8576,PC
LSOA,E01020197,Teignbridge 017C,E07000045,GSA_300M,Residents within 300 m of public green space of at least 0.5 ha,2024,30.6677,PC
LSOA,E01020198,Teignbridge 017D,E07000045,GSA_300M,Residents within 300 m of public green space of at least 0.5 ha,2024,71.6846,PC
LSOA,E01020199,Teignbridge 017E,E07000045,GSA_300M,Residents within 300 m of public green space of at least 0.5 ha,2024,78.1424,PC
LSOA,E01020200,Teignbridge 011A,E07000045,GSA_300M,Residents within 300 m of public green space of at least 0.5 ha,2024,2.2305,PC
LSOA,E01020201,Teignbridge 011B,E07000045,GSA_300M,Residents within 300 m of public green space of at least 0.5 ha,2024,61.9962,PC
LSOA,E01020202,Teignbridge 007A,E07000045,GSA_300M,Residents within 300 m of public green space of at least 0.5 ha,2024,38.4263,PC
LSOA,E01020203,Teignbridge 004A,E07000045,GSA_300M,Residents within 300 m of public green space of at least 0.5 ha,2024,48.6265,PC
LSOA,E01020204,Teignbridge 007B,E07000045,GSA_300M,Residents within 300 m of public green space of at least 0.5 ha,2024,65.7086,PC
LSOA,E01020205,Teignbridge 003A,E07000045,GSA_300M,Residents within 300 m of public green space of at least 0.5 ha,2024,33.9235,PC
LSOA,E01020206,Teignbridge 004B,E07000045,GSA_300M,Residents within 300 m of public green space of at least 0.5 ha,2024,86.2846,PC
LSOA,E01020208,Teignbridge 012A,E07000045,GSA_300M,Residents within 300 m of public green space of at least 0.5 ha,2024,98.8095,PC
LSOA,E01020209,Teignbridge 012B,E07000045,GSA_300M,Residents within 300 m of public green space of at least 0.5 ha,2024,66.8076,PC
LSOA,E01020210,Teignbridge 012C,E07000045,GSA_300M,Residents within 300 m of public green space of at least 0.5 ha,2024,30.9117,PC
LSOA,E01020211,Teignbridge 014A,E07000045,GSA_300M,Residents within 300 m of public green space of at least 0.5 ha,2024,100.0,PC
LSOA,E01020212,Teignbridge 016A,E07000045,GSA_300M,Residents within 300 m of public green space of at least 0.5 ha,2024,42.97,PC
LSOA,E01020213,Teignbridge 016B,E07000045,GSA_300M,Residents within 300 m of public green space of at least 0.5 ha,2024,4.805,PC
LSOA,E01020214,Teignbridge 016C,E07000045,GSA_300M,Residents within 300 m of public green space of at least 0.5 ha,2024,24.2444,PC
LSOA,E01020215,Teignbridge 016D,E07000045,GSA_300M,Residents within 300 m of public green space of at least 0.5 ha,2024,23.3308,PC
LSOA,E01020216,Teignbridge 015A,E07000045,GSA_300M,Residents within 300 m of public green space of at least 0.5 ha,2024,99.3227,PC
LSOA,E01020217,Teignbridge 014B,E07000045,GSA_300M,Residents within 300 m of public green space of at least 0.5 ha,2024,99.7658,PC
LSOA,E01020218,Teignbridge 014C,E07000045,GSA_300M,Residents within 300 m of public green space of at least 0.5 ha,2024,61.0937,PC
LSOA,E01020219,Teignbridge 012D,E07000045,GSA_300M,Residents within 300 m of public green space of at least 0.5 ha,2024,37.7756,PC
LSOA,E01020220,Teignbridge 004C,E07000045,GSA_300M,Residents within 300 m of public green space of at least 0.5 ha,2024,18.3491,PC
LSOA,E01020221,Teignbridge 004D,E07000045,GSA_300M,Residents within 300 m of public green space of at least 0.5 ha,2024,79.516,PC
LSOA,E01020222,Teignbridge 004E,E07000045,GSA_300M,Residents within 300 m of public green space of at least 0.5 ha,2024,29.4218,PC
LSOA,E01020223,Teignbridge 004F,E07000045,GSA_300M,Residents within 300 m of public green space of at least 0.5 ha,2024,60.9945,PC
LSOA,E01020224,Teignbridge 014D,E07000045,GSA_300M,Residents within 300 m of public green space of at least 0.5 ha,2024,80.2345,PC
LSOA,E01020225,Teignbridge 015B,E07000045,GSA_300M,Residents within 300 m of public green space of at least 0.5 ha,2024,65.1659,PC
LSOA,E01020226,Teignbridge 015C,E07000045,GSA_300M,Residents within 300 m of public green space of at least 0.5 ha,2024,70.4515,PC
LSOA,E01020227,Teignbridge 015D,E07000045,GSA_300M,Residents within 300 m of public green space of at least 0.5 ha,2024,95.098,PC
LSOA,E01020228,Teignbridge 006A,E07000045,GSA_300M,Residents within 300 m of public green space of at least 0.5 ha,2024,91.4003,PC
LSOA,E01020230,Teignbridge 005B,E07000045,GSA_300M,Residents within 300 m of public green space of at least 0.5 ha,2024,75.3012,PC
LSOA,E01020231,Teignbridge 005C,E07000045,GSA_300M,Residents within 300 m of public green space of at least 0.5 ha,2024,74.7051,PC
LSOA,E01020232,Teignbridge 005D,E07000045,GSA_300M,Residents within 300 m of public green space of at least 0.5 ha,2024,49.5922,PC
LSOA,E01020233,Teignbridge 006B,E07000045,GSA_300M,Residents within 300 m of public green space of at least 0.5 ha,2024,13.6957,PC
LSOA,E01020234,Teignbridge 006C,E07000045,GSA_300M,Residents within 300 m of public green space of at least 0.5 ha,2024,45.7676,PC
LSOA,E01020235,Teignbridge 006D,E07000045,GSA_300M,Residents within 300 m of public green space of at least 0.5 ha,2024,81.871,PC
LSOA,E01020236,Teignbridge 007C,E07000045,GSA_300M,Residents within 300 m of public green space of at least 0.5 ha,2024,13.7437,PC
LSOA,E01020237,Teignbridge 007D,E07000045,GSA_300M,Residents within 300 m of public green space of at least 0.5 ha,2024,4.7706,PC
LSOA,E01020238,Teignbridge 019C,E07000045,GSA_300M,Residents within 300 m of public green space of at least 0.5 ha,2024,13.5762,PC
LSOA,E01020239,Teignbridge 019D,E07000045,GSA_300M,Residents within 300 m of public green space of at least 0.5 ha,2024,24.9619,PC
LSOA,E01020240,Teignbridge 002A,E07000045,GSA_300M,Residents within 300 m of public green space of at least 0.5 ha,2024,88.0589,PC
LSOA,E01020241,Teignbridge 002B,E07000045,GSA_300M,Residents within 300 m of public green space of at least 0.5 ha,2024,30.2949,PC
LSOA,E01020242,Teignbridge 002C,E07000045,GSA_300M,Residents within 300 m of public green space of at least 0.5 ha,2024,94.5835,PC
LSOA,E01020243,Teignbridge 001A,E07000045,GSA_300M,Residents within 300 m of public green space of at least 0.5 ha,2024,3.6,PC
LSOA,E01020244,Teignbridge 002D,E07000045,GSA_300M,Residents within 300 m of public green space of at least 0.5 ha,2024,95.6966,PC
LSOA,E01020245,Teignbridge 002E,E07000045,GSA_300M,Residents within 300 m of public green space of at least 0.5 ha,2024,49.7814,PC
LSOA,E01020246,Teignbridge 018A,E07000045,GSA_300M,Residents within 300 m of public green space of at least 0.5 ha,2024,27.8761,PC
LSOA,E01020247,Teignbridge 018B,E07000045,GSA_300M,Residents within 300 m of public green space of at least 0.5 ha,2024,77.3832,PC
LSOA,E01020248,Teignbridge 018C,E07000045,GSA_300M,Residents within 300 m of public green space of at least 0.5 ha,2024,34.2504,PC
LSOA,E01020249,Teignbridge 018D,E07000045,GSA_300M,Residents within 300 m of public green space of at least 0.5 ha,2024,58.9558,PC
LSOA,E01020250,Teignbridge 009A,E07000045,GSA_300M,Residents within 300 m of public green space of at least 0.5 ha,2024,81.7176,PC
LSOA,E01020251,Teignbridge 011C,E07000045,GSA_300M,Residents within 300 m of public green space of at least 0.5 ha,2024,55.7909,PC
LSOA,E01020252,Teignbridge 009B,E07000045,GSA_300M,Residents within 300 m of public green space of at least 0.5 ha,2024,72.4762,PC
LSOA,E01020253,Teignbridge 009C,E07000045,GSA_300M,Residents within 300 m of public green space of at least 0.5 ha,2024,84.8208,PC
LSOA,E01020254,Teignbridge 009D,E07000045,GSA_300M,Residents within 300 m of public green space of at least 0.5 ha,2024,81.6643,PC
LSOA,E01020255,Teignbridge 009E,E07000045,GSA_300M,Residents within 300 m of public green space of at least 0.5 ha,2024,94.0803,PC
LSOA,E01020256,Teignbridge 013D,E07000045,GSA_300M,Residents within 300 m of public green space of at least 0.5 ha,2024,43.5419,PC
LSOA,E01020257,Teignbridge 009F,E07000045,GSA_300M,Residents within 300 m of public green space of at least 0.5 ha,2024,49.4318,PC
LSOA,E01020258,Teignbridge 003B,E07000045,GSA_300M,Residents within 300 m of public green space of at least 0.5 ha,2024,72.1805,PC
LSOA,E01020259,Teignbridge 003C,E07000045,GSA_300M,Residents within 300 m of public green space of at least 0.5 ha,2024,5.032,PC
LSOA,E01020260,Teignbridge 011D,E07000045,GSA_300M,Residents within 300 m of public green space of at least 0.5 ha,2024,79.9353,PC
LSOA,E01020261,Teignbridge 011E,E07000045,GSA_300M,Residents within 300 m of public green space of at least 0.5 ha,2024,17.3663,PC
LSOA,E01020262,Teignbridge 001B,E07000045,GSA_300M,Residents within 300 m of public green space of at least 0.5 ha,2024,0.5831,PC
LSOA,E01020263,Teignbridge 001C,E07000045,GSA_300M,Residents within 300 m of public green space of at least 0.5 ha,2024,31.8504,PC
LSOA,E01020264,Teignbridge 010A,E07000045,GSA_300M,Residents within 300 m of public green space of at least 0.5 ha,2024,14.8422,PC
LSOA,E01020265,Teignbridge 008A,E07000045,GSA_300M,Residents within 300 m of public green space of at least 0.5 ha,2024,88.9194,PC
LSOA,E01020266,Teignbridge 008B,E07000045,GSA_300M,Residents within 300 m of public green space of at least 0.5 ha,2024,20.5066,PC
LSOA,E01020267,Teignbridge 008C,E07000045,GSA_300M,Residents within 300 m of public green space of at least 0.5 ha,2024,41.7018,PC
LSOA,E01020268,Teignbridge 008D,E07000045,GSA_300M,Residents within 300 m of public green space of at least 0.5 ha,2024,49.5765,PC
LSOA,E01020269,Teignbridge 010B,E07000045,GSA_300M,Residents within 300 m of public green space of at least 0.5 ha,2024,93.4097,PC
LSOA,E01020270,Teignbridge 008E,E07000045,GSA_300M,Residents within 300 m of public green space of at least 0.5 ha,2024,97.4034,PC
LSOA,E01020271,Teignbridge 010C,E07000045,GSA_300M,Residents within 300 m of public green space of at least 0.5 ha,2024,83.5208,PC
LSOA,E01020272,Teignbridge 010D,E07000045,GSA_300M,Residents within 300 m of public green space of at least 0.5 ha,2024,78.0829,PC
LSOA,E01020273,Teignbridge 003D,E07000045,GSA_300M,Residents within 300 m of public green space of at least 0.5 ha,2024,33.1785,PC
LSOA,E01020274,Teignbridge 001D,E07000045,GSA_300M,Residents within 300 m of public green space of at least 0.5 ha,2024,9.5963,PC
LSOA,E01020275,Torridge 001A,E07000046,GSA_300M,Residents within 300 m of public green space of at least 0.5 ha,2024,44.0367,PC
LSOA,E01020276,Torridge 001B,E07000046,GSA_300M,Residents within 300 m of public green space of at least 0.5 ha,2024,90.6103,PC
LSOA,E01020277,Torridge 004A,E07000046,GSA_300M,Residents within 300 m of public green space of at least 0.5 ha,2024,90.0433,PC
LSOA,E01020278,Torridge 004B,E07000046,GSA_300M,Residents within 300 m of public green space of at least 0.5 ha,2024,41.5545,PC
LSOA,E01020279,Torridge 004C,E07000046,GSA_300M,Residents within 300 m of public green space of at least 0.5 ha,2024,53.286,PC
LSOA,E01020280,Torridge 003A,E07000046,GSA_300M,Residents within 300 m of public green space of at least 0.5 ha,2024,53.1308,PC
LSOA,E01020281,Torridge 003B,E07000046,GSA_300M,Residents within 300 m of public green space of at least 0.5 ha,2024,50.9976,PC
LSOA,E01020282,Torridge 003C,E07000046,GSA_300M,Residents within 300 m of public green space of at least 0.5 ha,2024,60.9061,PC
LSOA,E01020283,Torridge 004D,E07000046,GSA_300M,Residents within 300 m of public green space of at least 0.5 ha,2024,85.2018,PC
LSOA,E01020284,Torridge 004E,E07000046,GSA_300M,Residents within 300 m of public green space of at least 0.5 ha,2024,97.7077,PC
LSOA,E01020285,Torridge 004F,E07000046,GSA_300M,Residents within 300 m of public green space of at least 0.5 ha,2024,76.9507,PC
LSOA,E01020286,Torridge 009A,E07000046,GSA_300M,Residents within 300 m of public green space of at least 0.5 ha,2024,0.0541,PC
LSOA,E01020287,Torridge 007A,E07000046,GSA_300M,Residents within 300 m of public green space of at least 0.5 ha,2024,13.3686,PC
LSOA,E01020288,Torridge 005A,E07000046,GSA_300M,Residents within 300 m of public green space of at least 0.5 ha,2024,9.9939,PC
LSOA,E01020289,Torridge 009B,E07000046,GSA_300M,Residents within 300 m of public green space of at least 0.5 ha,2024,15.1266,PC
LSOA,E01020290,Torridge 009C,E07000046,GSA_300M,Residents within 300 m of public green space of at least 0.5 ha,2024,15.9412,PC
LSOA,E01020291,Torridge 008A,E07000046,GSA_300M,Residents within 300 m of public green space of at least 0.5 ha,2024,32.9348,PC
LSOA,E01020292,Torridge 005B,E07000046,GSA_300M,Residents within 300 m of public green space of at least 0.5 ha,2024,32.9712,PC
LSOA,E01020293,Torridge 008B,E07000046,GSA_300M,Residents within 300 m of public green space of at least 0.5 ha,2024,12.4752,PC
LSOA,E01020294,Torridge 008C,E07000046,GSA_300M,Residents within 300 m of public green space of at least 0.5 ha,2024,91.5663,PC
LSOA,E01020295,Torridge 005C,E07000046,GSA_300M,Residents within 300 m of public green space of at least 0.5 ha,2024,18.996,PC
LSOA,E01020296,Torridge 005D,E07000046,GSA_300M,Residents within 300 m of public green space of at least 0.5 ha,2024,24.4489,PC
LSOA,E01020297,Torridge 001C,E07000046,GSA_300M,Residents within 300 m of public green space of at least 0.5 ha,2024,75.4362,PC
LSOA,E01020298,Torridge 002A,E07000046,GSA_300M,Residents within 300 m of public green space of at least 0.5 ha,2024,42.0905,PC
LSOA,E01020299,Torridge 001D,E07000046,GSA_300M,Residents within 300 m of public green space of at least 0.5 ha,2024,38.4786,PC
LSOA,E01020300,Torridge 002B,E07000046,GSA_300M,Residents within 300 m of public green space of at least 0.5 ha,2024,23.907,PC
LSOA,E01020301,Torridge 009D,E07000046,GSA_300M,Residents within 300 m of public green space of at least 0.5 ha,2024,25.6398,PC
LSOA,E01020302,Torridge 008D,E07000046,GSA_300M,Residents within 300 m of public green space of at least 0.5 ha,2024,22.6895,PC
LSOA,E01020303,Torridge 007B,E07000046,GSA_300M,Residents within 300 m of public green space of at least 0.5 ha,2024,29.9593,PC
LSOA,E01020304,Torridge 006A,E07000046,GSA_300M,Residents within 300 m of public green space of at least 0.5 ha,2024,36.342,PC
LSOA,E01020305,Torridge 006B,E07000046,GSA_300M,Residents within 300 m of public green space of at least 0.5 ha,2024,71.9591,PC
LSOA,E01020306,Torridge 006C,E07000046,GSA_300M,Residents within 300 m of public green space of at least 0.5 ha,2024,80.4448,PC
LSOA,E01020307,Torridge 006D,E07000046,GSA_300M,Residents within 300 m of public green space of at least 0.5 ha,2024,75.6477,PC
LSOA,E01020308,Torridge 007C,E07000046,GSA_300M,Residents within 300 m of public green space of at least 0.5 ha,2024,25.0664,PC
LSOA,E01020309,Torridge 008E,E07000046,GSA_300M,Residents within 300 m of public green space of at least 0.5 ha,2024,19.9462,PC
LSOA,E01020311,Torridge 007D,E07000046,GSA_300M,Residents within 300 m of public green space of at least 0.5 ha,2024,6.0758,PC
LSOA,E01020312,West Devon 007A,E07000047,GSA_300M,Residents within 300 m of public green space of at least 0.5 ha,2024,33.7607,PC
LSOA,E01020313,West Devon 007B,E07000047,GSA_300M,Residents within 300 m of public green space of at least 0.5 ha,2024,33.6735,PC
LSOA,E01020314,West Devon 004A,E07000047,GSA_300M,Residents within 300 m of public green space of at least 0.5 ha,2024,20.5055,PC
LSOA,E01020315,West Devon 007C,E07000047,GSA_300M,Residents within 300 m of public green space of at least 0.5 ha,2024,37.8647,PC
LSOA,E01020316,West Devon 007D,E07000047,GSA_300M,Residents within 300 m of public green space of at least 0.5 ha,2024,36.8884,PC
LSOA,E01020317,West Devon 006A,E07000047,GSA_300M,Residents within 300 m of public green space of at least 0.5 ha,2024,21.6292,PC
LSOA,E01020318,West Devon 003A,E07000047,GSA_300M,Residents within 300 m of public green space of at least 0.5 ha,2024,46.9481,PC
LSOA,E01020319,West Devon 003B,E07000047,GSA_300M,Residents within 300 m of public green space of at least 0.5 ha,2024,11.3197,PC
LSOA,E01020320,West Devon 001A,E07000047,GSA_300M,Residents within 300 m of public green space of at least 0.5 ha,2024,5.5139,PC
LSOA,E01020321,West Devon 001B,E07000047,GSA_300M,Residents within 300 m of public green space of at least 0.5 ha,2024,31.0894,PC
LSOA,E01020323,West Devon 003C,E07000047,GSA_300M,Residents within 300 m of public green space of at least 0.5 ha,2024,41.3302,PC
LSOA,E01020324,West Devon 006B,E07000047,GSA_300M,Residents within 300 m of public green space of at least 0.5 ha,2024,34.3945,PC
LSOA,E01020325,West Devon 004B,E07000047,GSA_300M,Residents within 300 m of public green space of at least 0.5 ha,2024,17.1711,PC
LSOA,E01020326,West Devon 001D,E07000047,GSA_300M,Residents within 300 m of public green space of at least 0.5 ha,2024,62.0553,PC
LSOA,E01020327,West Devon 002A,E07000047,GSA_300M,Residents within 300 m of public green space of at least 0.5 ha,2024,22.8128,PC
LSOA,E01020328,West Devon 002B,E07000047,GSA_300M,Residents within 300 m of public green space of at least 0.5 ha,2024,58.3195,PC
LSOA,E01020329,West Devon 002C,E07000047,GSA_300M,Residents within 300 m of public green space of at least 0.5 ha,2024,71.4021,PC
LSOA,E01020330,West Devon 002D,E07000047,GSA_300M,Residents within 300 m of public green space of at least 0.5 ha,2024,96.1682,PC
LSOA,E01020331,West Devon 004C,E07000047,GSA_300M,Residents within 300 m of public green space of at least 0.5 ha,2024,25.3247,PC
LSOA,E01020332,West Devon 005A,E07000047,GSA_300M,Residents within 300 m of public green space of at least 0.5 ha,2024,62.0339,PC
LSOA,E01020333,West Devon 005B,E07000047,GSA_300M,Residents within 300 m of public green space of at least 0.5 ha,2024,91.5799,PC
LSOA,E01020334,West Devon 005C,E07000047,GSA_300M,Residents within 300 m of public green space of at least 0.5 ha,2024,79.4402,PC
LSOA,E01020335,West Devon 005D,E07000047,GSA_300M,Residents within 300 m of public green space of at least 0.5 ha,2024,75.6624,PC
LSOA,E01020336,West Devon 005E,E07000047,GSA_300M,Residents within 300 m of public green space of at least 0.5 ha,2024,49.5542,PC
LSOA,E01020337,West Devon 005F,E07000047,GSA_300M,Residents within 300 m of public green space of at least 0.5 ha,2024,47.8476,PC
LSOA,E01020338,West Devon 005G,E07000047,GSA_300M,Residents within 300 m of public green space of at least 0.5 ha,2024,59.7613,PC
LSOA,E01020339,West Devon 003D,E07000047,GSA_300M,Residents within 300 m of public green space of at least 0.5 ha,2024,31.9238,PC
LSOA,E01020340,West Devon 004D,E07000047,GSA_300M,Residents within 300 m of public green space of at least 0.5 ha,2024,9.6461,PC
LSOA,E01020341,West Devon 006C,E07000047,GSA_300M,Residents within 300 m of public green space of at least 0.5 ha,2024,17.1515,PC
LSOA,E01020342,West Devon 006D,E07000047,GSA_300M,Residents within 300 m of public green space of at least 0.5 ha,2024,79.5602,PC
LSOA,E01032628,East Devon 004G,E07000040,GSA_300M,Residents within 300 m of public green space of at least 0.5 ha,2024,15.1737,PC
LSOA,E01032657,Plymouth 027F,E06000026,GSA_300M,Residents within 300 m of public green space of at least 0.5 ha,2024,92.7969,PC
LSOA,E01032658,Plymouth 027G,E06000026,GSA_300M,Residents within 300 m of public green space of at least 0.5 ha,2024,58.961,PC
LSOA,E01033232,Exeter 011F,E07000041,GSA_300M,Residents within 300 m of public green space of at least 0.5 ha,2024,94.726,PC
LSOA,E01033234,Exeter 011G,E07000041,GSA_300M,Residents within 300 m of public green space of at least 0.5 ha,2024,89.7596,PC
LSOA,E01033235,Exeter 015E,E07000041,GSA_300M,Residents within 300 m of public green space of at least 0.5 ha,2024,87.3534,PC
LSOA,E01033236,Exeter 015F,E07000041,GSA_300M,Residents within 300 m of public green space of at least 0.5 ha,2024,0.0,PC
LSOA,E01034157,Plymouth 031G,E06000026,GSA_300M,Residents within 300 m of public green space of at least 0.5 ha,2024,19.8073,PC
LSOA,E01034158,Plymouth 031H,E06000026,GSA_300M,Residents within 300 m of public green space of at least 0.5 ha,2024,65.9574,PC
LSOA,E01034159,Plymouth 034B,E06000026,GSA_300M,Residents within 300 m of public green space of at least 0.5 ha,2024,44.6141,PC
LSOA,E01034160,Plymouth 034C,E06000026,GSA_300M,Residents within 300 m of public green space of at least 0.5 ha,2024,95.8876,PC
LSOA,E01034161,Plymouth 034D,E06000026,GSA_300M,Residents within 300 m of public green space of at least 0.5 ha,2024,100.0,PC
LSOA,E01034162,Plymouth 034E,E06000026,GSA_300M,Residents within 300 m of public green space of at least 0.5 ha,2024,33.557,PC
LSOA,E01034165,Teignbridge 005E,E07000045,GSA_300M,Residents within 300 m of public green space of at least 0.5 ha,2024,39.763,PC
LSOA,E01034166,Teignbridge 005F,E07000045,GSA_300M,Residents within 300 m of public green space of at least 0.5 ha,2024,60.4787,PC
LSOA,E01034167,Teignbridge 013E,E07000045,GSA_300M,Residents within 300 m of public green space of at least 0.5 ha,2024,3.9164,PC
LSOA,E01034168,Teignbridge 013F,E07000045,GSA_300M,Residents within 300 m of public green space of at least 0.5 ha,2024,3.8375,PC
LSOA,E01034169,Torbay 003G,E06000027,GSA_300M,Residents within 300 m of public green space of at least 0.5 ha,2024,73.3892,PC
LSOA,E01034170,Torbay 003H,E06000027,GSA_300M,Residents within 300 m of public green space of at least 0.5 ha,2024,85.0179,PC
LSOA,E01034171,Torbay 013H,E06000027,GSA_300M,Residents within 300 m of public green space of at least 0.5 ha,2024,31.5609,PC
LSOA,E01034172,Torbay 013I,E06000027,GSA_300M,Residents within 300 m of public green space of at least 0.5 ha,2024,83.7198,PC
LSOA,E01034618,East Devon 005F,E07000040,GSA_300M,Residents within 300 m of public green space of at least 0.5 ha,2024,98.0671,PC
LSOA,E01034619,East Devon 005G,E07000040,GSA_300M,Residents within 300 m of public green space of at least 0.5 ha,2024,25.7488,PC
LSOA,E01034620,East Devon 021C,E07000040,GSA_300M,Residents within 300 m of public green space of at least 0.5 ha,2024,67.3034,PC
LSOA,E01034621,East Devon 021D,E07000040,GSA_300M,Residents within 300 m of public green space of at least 0.5 ha,2024,74.0804,PC
LSOA,E01034622,East Devon 021E,E07000040,GSA_300M,Residents within 300 m of public green space of at least 0.5 ha,2024,38.2137,PC
LSOA,E01034623,East Devon 021F,E07000040,GSA_300M,Residents within 300 m of public green space of at least 0.5 ha,2024,51.9625,PC
LSOA,E01034624,East Devon 022A,E07000040,GSA_300M,Residents within 300 m of public green space of at least 0.5 ha,2024,36.7614,PC
LSOA,E01034625,East Devon 022B,E07000040,GSA_300M,Residents within 300 m of public green space of at least 0.5 ha,2024,98.5663,PC
LSOA,E01034626,East Devon 022C,E07000040,GSA_300M,Residents within 300 m of public green space of at least 0.5 ha,2024,100.0,PC
LSOA,E01034627,East Devon 022D,E07000040,GSA_300M,Residents within 300 m of public green space of at least 0.5 ha,2024,100.0,PC
LSOA,E01034628,Exeter 001G,E07000041,GSA_300M,Residents within 300 m of public green space of at least 0.5 ha,2024,64.1695,PC
LSOA,E01034629,Exeter 001H,E07000041,GSA_300M,Residents within 300 m of public green space of at least 0.5 ha,2024,35.373,PC
LSOA,E01034630,Exeter 008F,E07000041,GSA_300M,Residents within 300 m of public green space of at least 0.5 ha,2024,84.6746,PC
LSOA,E01034631,Exeter 008G,E07000041,GSA_300M,Residents within 300 m of public green space of at least 0.5 ha,2024,29.3116,PC
LSOA,E01034632,Exeter 011H,E07000041,GSA_300M,Residents within 300 m of public green space of at least 0.5 ha,2024,86.1538,PC
LSOA,E01034633,Exeter 011I,E07000041,GSA_300M,Residents within 300 m of public green space of at least 0.5 ha,2024,42.9717,PC
LSOA,E01034634,Exeter 015G,E07000041,GSA_300M,Residents within 300 m of public green space of at least 0.5 ha,2024,69.6223,PC
LSOA,E01034635,Exeter 015H,E07000041,GSA_300M,Residents within 300 m of public green space of at least 0.5 ha,2024,100.0,PC
LSOA,E01034636,Mid Devon 002E,E07000042,GSA_300M,Residents within 300 m of public green space of at least 0.5 ha,2024,23.1063,PC
LSOA,E01034637,Mid Devon 002F,E07000042,GSA_300M,Residents within 300 m of public green space of at least 0.5 ha,2024,44.4664,PC
LSOA,E01034638,North Devon 012F,E07000043,GSA_300M,Residents within 300 m of public green space of at least 0.5 ha,2024,62.0456,PC
LSOA,E01034639,North Devon 012G,E07000043,GSA_300M,Residents within 300 m of public green space of at least 0.5 ha,2024,76.3997,PC
LSOA,E01034640,Torridge 002D,E07000046,GSA_300M,Residents within 300 m of public green space of at least 0.5 ha,2024,53.6889,PC
LSOA,E01034641,Torridge 002E,E07000046,GSA_300M,Residents within 300 m of public green space of at least 0.5 ha,2024,0.0,PC
LSOA,E01034642,West Devon 001E,E07000047,GSA_300M,Residents within 300 m of public green space of at least 0.5 ha,2024,16.7841,PC
LSOA,E01034643,West Devon 001F,E07000047,GSA_300M,Residents within 300 m of public green space of at least 0.5 ha,2024,40.2778,PC
LAD,E06000026,Plymouth,,NDVI_CLEAR_PCT,Area with a cloud-free summer observation,2024,98.2969,PC
LAD,E06000027,Torbay,,NDVI_CLEAR_PCT,Area with a cloud-free summer observation,2024,99.553,PC
LAD,E07000040,East Devon,,NDVI_CLEAR_PCT,Area with a cloud-free summer observation,2024,99.9974,PC
LAD,E07000041,Exeter,,NDVI_CLEAR_PCT,Area with a cloud-free summer observation,2024,99.9005,PC
LAD,E07000042,Mid Devon,,NDVI_CLEAR_PCT,Area with a cloud-free summer observation,2024,99.3664,PC
LAD,E07000043,North Devon,,NDVI_CLEAR_PCT,Area with a cloud-free summer observation,2024,98.205,PC
LAD,E07000044,South Hams,,NDVI_CLEAR_PCT,Area with a cloud-free summer observation,2024,98.6236,PC
LAD,E07000045,Teignbridge,,NDVI_CLEAR_PCT,Area with a cloud-free summer observation,2024,99.1042,PC
LAD,E07000046,Torridge,,NDVI_CLEAR_PCT,Area with a cloud-free summer observation,2024,98.7984,PC
LAD,E07000047,West Devon,,NDVI_CLEAR_PCT,Area with a cloud-free summer observation,2024,96.3663,PC
LSOA,E01015023,Plymouth 003A,E06000026,NDVI_CLEAR_PCT,Area with a cloud-free summer observation,2024,100.0,PC
LSOA,E01015024,Plymouth 004A,E06000026,NDVI_CLEAR_PCT,Area with a cloud-free summer observation,2024,68.5427,PC
LSOA,E01015025,Plymouth 001A,E06000026,NDVI_CLEAR_PCT,Area with a cloud-free summer observation,2024,100.0,PC
LSOA,E01015026,Plymouth 003B,E06000026,NDVI_CLEAR_PCT,Area with a cloud-free summer observation,2024,68.6144,PC
LSOA,E01015027,Plymouth 002A,E06000026,NDVI_CLEAR_PCT,Area with a cloud-free summer observation,2024,99.9407,PC
LSOA,E01015028,Plymouth 003C,E06000026,NDVI_CLEAR_PCT,Area with a cloud-free summer observation,2024,100.0,PC
LSOA,E01015029,Plymouth 008A,E06000026,NDVI_CLEAR_PCT,Area with a cloud-free summer observation,2024,99.5259,PC
LSOA,E01015030,Plymouth 007A,E06000026,NDVI_CLEAR_PCT,Area with a cloud-free summer observation,2024,100.0,PC
LSOA,E01015031,Plymouth 023A,E06000026,NDVI_CLEAR_PCT,Area with a cloud-free summer observation,2024,100.0,PC
LSOA,E01015032,Plymouth 023B,E06000026,NDVI_CLEAR_PCT,Area with a cloud-free summer observation,2024,99.4671,PC
LSOA,E01015033,Plymouth 016A,E06000026,NDVI_CLEAR_PCT,Area with a cloud-free summer observation,2024,100.0,PC
LSOA,E01015034,Plymouth 016B,E06000026,NDVI_CLEAR_PCT,Area with a cloud-free summer observation,2024,100.0,PC
LSOA,E01015035,Plymouth 012A,E06000026,NDVI_CLEAR_PCT,Area with a cloud-free summer observation,2024,100.0,PC
LSOA,E01015036,Plymouth 016C,E06000026,NDVI_CLEAR_PCT,Area with a cloud-free summer observation,2024,100.0,PC
LSOA,E01015037,Plymouth 012B,E06000026,NDVI_CLEAR_PCT,Area with a cloud-free summer observation,2024,100.0,PC
LSOA,E01015038,Plymouth 016D,E06000026,NDVI_CLEAR_PCT,Area with a cloud-free summer observation,2024,99.0466,PC
LSOA,E01015039,Plymouth 014A,E06000026,NDVI_CLEAR_PCT,Area with a cloud-free summer observation,2024,98.6022,PC
LSOA,E01015040,Plymouth 014B,E06000026,NDVI_CLEAR_PCT,Area with a cloud-free summer observation,2024,100.0,PC
LSOA,E01015041,Plymouth 014C,E06000026,NDVI_CLEAR_PCT,Area with a cloud-free summer observation,2024,98.0808,PC
LSOA,E01015042,Plymouth 020A,E06000026,NDVI_CLEAR_PCT,Area with a cloud-free summer observation,2024,100.0,PC
LSOA,E01015043,Plymouth 026A,E06000026,NDVI_CLEAR_PCT,Area with a cloud-free summer observation,2024,95.5,PC
LSOA,E01015044,Plymouth 020B,E06000026,NDVI_CLEAR_PCT,Area with a cloud-free summer observation,2024,75.7979,PC
LSOA,E01015045,Plymouth 026B,E06000026,NDVI_CLEAR_PCT,Area with a cloud-free summer observation,2024,99.6032,PC
LSOA,E01015046,Plymouth 026C,E06000026,NDVI_CLEAR_PCT,Area with a cloud-free summer observation,2024,93.693,PC
LSOA,E01015047,Plymouth 026D,E06000026,NDVI_CLEAR_PCT,Area with a cloud-free summer observation,2024,100.0,PC
LSOA,E01015048,Plymouth 026E,E06000026,NDVI_CLEAR_PCT,Area with a cloud-free summer observation,2024,100.0,PC
LSOA,E01015049,Plymouth 023C,E06000026,NDVI_CLEAR_PCT,Area with a cloud-free summer observation,2024,93.1373,PC
LSOA,E01015050,Plymouth 023D,E06000026,NDVI_CLEAR_PCT,Area with a cloud-free summer observation,2024,75.1366,PC
LSOA,E01015051,Plymouth 023E,E06000026,NDVI_CLEAR_PCT,Area with a cloud-free summer observation,2024,90.8184,PC
LSOA,E01015052,Plymouth 028A,E06000026,NDVI_CLEAR_PCT,Area with a cloud-free summer observation,2024,100.0,PC
LSOA,E01015053,Plymouth 027A,E06000026,NDVI_CLEAR_PCT,Area with a cloud-free summer observation,2024,100.0,PC
LSOA,E01015054,Plymouth 027B,E06000026,NDVI_CLEAR_PCT,Area with a cloud-free summer observation,2024,100.0,PC
LSOA,E01015055,Plymouth 021A,E06000026,NDVI_CLEAR_PCT,Area with a cloud-free summer observation,2024,100.0,PC
LSOA,E01015056,Plymouth 021B,E06000026,NDVI_CLEAR_PCT,Area with a cloud-free summer observation,2024,100.0,PC
LSOA,E01015057,Plymouth 021C,E06000026,NDVI_CLEAR_PCT,Area with a cloud-free summer observation,2024,100.0,PC
LSOA,E01015058,Plymouth 012C,E06000026,NDVI_CLEAR_PCT,Area with a cloud-free summer observation,2024,100.0,PC
LSOA,E01015059,Plymouth 021D,E06000026,NDVI_CLEAR_PCT,Area with a cloud-free summer observation,2024,100.0,PC
LSOA,E01015060,Plymouth 021E,E06000026,NDVI_CLEAR_PCT,Area with a cloud-free summer observation,2024,100.0,PC
LSOA,E01015061,Plymouth 025A,E06000026,NDVI_CLEAR_PCT,Area with a cloud-free summer observation,2024,84.6715,PC
LSOA,E01015062,Plymouth 025B,E06000026,NDVI_CLEAR_PCT,Area with a cloud-free summer observation,2024,74.1855,PC
LSOA,E01015063,Plymouth 010A,E06000026,NDVI_CLEAR_PCT,Area with a cloud-free summer observation,2024,100.0,PC
LSOA,E01015064,Plymouth 008B,E06000026,NDVI_CLEAR_PCT,Area with a cloud-free summer observation,2024,100.0,PC
LSOA,E01015065,Plymouth 008C,E06000026,NDVI_CLEAR_PCT,Area with a cloud-free summer observation,2024,100.0,PC
LSOA,E01015066,Plymouth 012D,E06000026,NDVI_CLEAR_PCT,Area with a cloud-free summer observation,2024,100.0,PC
LSOA,E01015067,Plymouth 012E,E06000026,NDVI_CLEAR_PCT,Area with a cloud-free summer observation,2024,100.0,PC
LSOA,E01015068,Plymouth 010B,E06000026,NDVI_CLEAR_PCT,Area with a cloud-free summer observation,2024,99.9038,PC
LSOA,E01015069,Plymouth 010C,E06000026,NDVI_CLEAR_PCT,Area with a cloud-free summer observation,2024,100.0,PC
LSOA,E01015070,Plymouth 007B,E06000026,NDVI_CLEAR_PCT,Area with a cloud-free summer observation,2024,100.0,PC
LSOA,E01015071,Plymouth 008D,E06000026,NDVI_CLEAR_PCT,Area with a cloud-free summer observation,2024,100.0,PC
LSOA,E01015072,Plymouth 013A,E06000026,NDVI_CLEAR_PCT,Area with a cloud-free summer observation,2024,100.0,PC
LSOA,E01015073,Plymouth 013B,E06000026,NDVI_CLEAR_PCT,Area with a cloud-free summer observation,2024,98.341,PC
LSOA,E01015074,Plymouth 011A,E06000026,NDVI_CLEAR_PCT,Area with a cloud-free summer observation,2024,100.0,PC
LSOA,E01015075,Plymouth 014D,E06000026,NDVI_CLEAR_PCT,Area with a cloud-free summer observation,2024,100.0,PC
LSOA,E01015076,Plymouth 009A,E06000026,NDVI_CLEAR_PCT,Area with a cloud-free summer observation,2024,100.0,PC
LSOA,E01015077,Plymouth 011B,E06000026,NDVI_CLEAR_PCT,Area with a cloud-free summer observation,2024,99.8529,PC
LSOA,E01015078,Plymouth 013C,E06000026,NDVI_CLEAR_PCT,Area with a cloud-free summer observation,2024,100.0,PC
LSOA,E01015079,Plymouth 011C,E06000026,NDVI_CLEAR_PCT,Area with a cloud-free summer observation,2024,100.0,PC
LSOA,E01015080,Plymouth 013D,E06000026,NDVI_CLEAR_PCT,Area with a cloud-free summer observation,2024,100.0,PC
LSOA,E01015081,Plymouth 007C,E06000026,NDVI_CLEAR_PCT,Area with a cloud-free summer observation,2024,85.8543,PC
LSOA,E01015082,Plymouth 004B,E06000026,NDVI_CLEAR_PCT,Area with a cloud-free summer observation,2024,99.7774,PC
LSOA,E01015083,Plymouth 004C,E06000026,NDVI_CLEAR_PCT,Area with a cloud-free summer observation,2024,99.0045,PC
LSOA,E01015084,Plymouth 004D,E06000026,NDVI_CLEAR_PCT,Area with a cloud-free summer observation,2024,74.9436,PC
LSOA,E01015085,Plymouth 006A,E06000026,NDVI_CLEAR_PCT,Area with a cloud-free summer observation,2024,55.2067,PC
LSOA,E01015086,Plymouth 007D,E06000026,NDVI_CLEAR_PCT,Area with a cloud-free summer observation,2024,100.0,PC
LSOA,E01015087,Plymouth 006B,E06000026,NDVI_CLEAR_PCT,Area with a cloud-free summer observation,2024,81.7633,PC
LSOA,E01015088,Plymouth 006C,E06000026,NDVI_CLEAR_PCT,Area with a cloud-free summer observation,2024,88.3117,PC
LSOA,E01015089,Plymouth 007E,E06000026,NDVI_CLEAR_PCT,Area with a cloud-free summer observation,2024,98.6122,PC
LSOA,E01015090,Plymouth 005A,E06000026,NDVI_CLEAR_PCT,Area with a cloud-free summer observation,2024,100.0,PC
LSOA,E01015091,Plymouth 005B,E06000026,NDVI_CLEAR_PCT,Area with a cloud-free summer observation,2024,100.0,PC
LSOA,E01015092,Plymouth 005C,E06000026,NDVI_CLEAR_PCT,Area with a cloud-free summer observation,2024,100.0,PC
LSOA,E01015093,Plymouth 005D,E06000026,NDVI_CLEAR_PCT,Area with a cloud-free summer observation,2024,100.0,PC
LSOA,E01015094,Plymouth 005E,E06000026,NDVI_CLEAR_PCT,Area with a cloud-free summer observation,2024,100.0,PC
LSOA,E01015095,Plymouth 010D,E06000026,NDVI_CLEAR_PCT,Area with a cloud-free summer observation,2024,99.9611,PC
LSOA,E01015096,Plymouth 010E,E06000026,NDVI_CLEAR_PCT,Area with a cloud-free summer observation,2024,100.0,PC
LSOA,E01015097,Plymouth 001B,E06000026,NDVI_CLEAR_PCT,Area with a cloud-free summer observation,2024,100.0,PC
LSOA,E01015098,Plymouth 017A,E06000026,NDVI_CLEAR_PCT,Area with a cloud-free summer observation,2024,99.5272,PC
LSOA,E01015099,Plymouth 017B,E06000026,NDVI_CLEAR_PCT,Area with a cloud-free summer observation,2024,99.9455,PC
LSOA,E01015100,Plymouth 017C,E06000026,NDVI_CLEAR_PCT,Area with a cloud-free summer observation,2024,100.0,PC
LSOA,E01015101,Plymouth 016E,E06000026,NDVI_CLEAR_PCT,Area with a cloud-free summer observation,2024,98.9372,PC
LSOA,E01015102,Plymouth 011D,E06000026,NDVI_CLEAR_PCT,Area with a cloud-free summer observation,2024,100.0,PC
LSOA,E01015103,Plymouth 017D,E06000026,NDVI_CLEAR_PCT,Area with a cloud-free summer observation,2024,100.0,PC
LSOA,E01015104,Plymouth 011E,E06000026,NDVI_CLEAR_PCT,Area with a cloud-free summer observation,2024,100.0,PC
LSOA,E01015105,Plymouth 017E,E06000026,NDVI_CLEAR_PCT,Area with a cloud-free summer observation,2024,100.0,PC
LSOA,E01015106,Plymouth 013E,E06000026,NDVI_CLEAR_PCT,Area with a cloud-free summer observation,2024,100.0,PC
LSOA,E01015107,Plymouth 018A,E06000026,NDVI_CLEAR_PCT,Area with a cloud-free summer observation,2024,99.7522,PC
LSOA,E01015108,Plymouth 022A,E06000026,NDVI_CLEAR_PCT,Area with a cloud-free summer observation,2024,100.0,PC
LSOA,E01015109,Plymouth 022B,E06000026,NDVI_CLEAR_PCT,Area with a cloud-free summer observation,2024,99.4994,PC
LSOA,E01015110,Plymouth 018B,E06000026,NDVI_CLEAR_PCT,Area with a cloud-free summer observation,2024,100.0,PC
LSOA,E01015111,Plymouth 018C,E06000026,NDVI_CLEAR_PCT,Area with a cloud-free summer observation,2024,100.0,PC
LSOA,E01015112,Plymouth 019A,E06000026,NDVI_CLEAR_PCT,Area with a cloud-free summer observation,2024,96.9896,PC
LSOA,E01015113,Plymouth 019B,E06000026,NDVI_CLEAR_PCT,Area with a cloud-free summer observation,2024,100.0,PC
LSOA,E01015114,Plymouth 019C,E06000026,NDVI_CLEAR_PCT,Area with a cloud-free summer observation,2024,100.0,PC
LSOA,E01015115,Plymouth 022C,E06000026,NDVI_CLEAR_PCT,Area with a cloud-free summer observation,2024,100.0,PC
LSOA,E01015116,Plymouth 022D,E06000026,NDVI_CLEAR_PCT,Area with a cloud-free summer observation,2024,100.0,PC
LSOA,E01015117,Plymouth 022E,E06000026,NDVI_CLEAR_PCT,Area with a cloud-free summer observation,2024,100.0,PC
LSOA,E01015118,Plymouth 019D,E06000026,NDVI_CLEAR_PCT,Area with a cloud-free summer observation,2024,100.0,PC
LSOA,E01015119,Plymouth 018D,E06000026,NDVI_CLEAR_PCT,Area with a cloud-free summer observation,2024,100.0,PC
LSOA,E01015120,Plymouth 015A,E06000026,NDVI_CLEAR_PCT,Area with a cloud-free summer observation,2024,100.0,PC
LSOA,E01015121,Plymouth 015B,E06000026,NDVI_CLEAR_PCT,Area with a cloud-free summer observation,2024,100.0,PC
LSOA,E01015122,Plymouth 019E,E06000026,NDVI_CLEAR_PCT,Area with a cloud-free summer observation,2024,100.0,PC
LSOA,E01015123,Plymouth 015C,E06000026,NDVI_CLEAR_PCT,Area with a cloud-free summer observation,2024,100.0,PC
LSOA,E01015124,Plymouth 015D,E06000026,NDVI_CLEAR_PCT,Area with a cloud-free summer observation,2024,99.1506,PC
LSOA,E01015125,Plymouth 015E,E06000026,NDVI_CLEAR_PCT,Area with a cloud-free summer observation,2024,100.0,PC
LSOA,E01015126,Plymouth 030A,E06000026,NDVI_CLEAR_PCT,Area with a cloud-free summer observation,2024,100.0,PC
LSOA,E01015127,Plymouth 030B,E06000026,NDVI_CLEAR_PCT,Area with a cloud-free summer observation,2024,100.0,PC
LSOA,E01015128,Plymouth 032A,E06000026,NDVI_CLEAR_PCT,Area with a cloud-free summer observation,2024,99.9076,PC
LSOA,E01015129,Plymouth 032B,E06000026,NDVI_CLEAR_PCT,Area with a cloud-free summer observation,2024,99.8819,PC
LSOA,E01015130,Plymouth 032C,E06000026,NDVI_CLEAR_PCT,Area with a cloud-free summer observation,2024,100.0,PC
LSOA,E01015131,Plymouth 030C,E06000026,NDVI_CLEAR_PCT,Area with a cloud-free summer observation,2024,98.218,PC
LSOA,E01015132,Plymouth 030D,E06000026,NDVI_CLEAR_PCT,Area with a cloud-free summer observation,2024,100.0,PC
LSOA,E01015133,Plymouth 030E,E06000026,NDVI_CLEAR_PCT,Area with a cloud-free summer observation,2024,92.0623,PC
LSOA,E01015134,Plymouth 032D,E06000026,NDVI_CLEAR_PCT,Area with a cloud-free summer observation,2024,100.0,PC
LSOA,E01015136,Plymouth 031B,E06000026,NDVI_CLEAR_PCT,Area with a cloud-free summer observation,2024,100.0,PC
LSOA,E01015137,Plymouth 031C,E06000026,NDVI_CLEAR_PCT,Area with a cloud-free summer observation,2024,98.3386,PC
LSOA,E01015138,Plymouth 031D,E06000026,NDVI_CLEAR_PCT,Area with a cloud-free summer observation,2024,98.9816,PC
LSOA,E01015139,Plymouth 031E,E06000026,NDVI_CLEAR_PCT,Area with a cloud-free summer observation,2024,99.9011,PC
LSOA,E01015140,Plymouth 032E,E06000026,NDVI_CLEAR_PCT,Area with a cloud-free summer observation,2024,100.0,PC
LSOA,E01015141,Plymouth 031F,E06000026,NDVI_CLEAR_PCT,Area with a cloud-free summer observation,2024,99.4033,PC
LSOA,E01015142,Plymouth 009B,E06000026,NDVI_CLEAR_PCT,Area with a cloud-free summer observation,2024,97.2311,PC
LSOA,E01015143,Plymouth 009C,E06000026,NDVI_CLEAR_PCT,Area with a cloud-free summer observation,2024,100.0,PC
LSOA,E01015144,Plymouth 009D,E06000026,NDVI_CLEAR_PCT,Area with a cloud-free summer observation,2024,100.0,PC
LSOA,E01015145,Plymouth 014E,E06000026,NDVI_CLEAR_PCT,Area with a cloud-free summer observation,2024,99.8966,PC
LSOA,E01015146,Plymouth 009E,E06000026,NDVI_CLEAR_PCT,Area with a cloud-free summer observation,2024,99.8553,PC
LSOA,E01015147,Plymouth 006D,E06000026,NDVI_CLEAR_PCT,Area with a cloud-free summer observation,2024,100.0,PC
LSOA,E01015148,Plymouth 006E,E06000026,NDVI_CLEAR_PCT,Area with a cloud-free summer observation,2024,100.0,PC
LSOA,E01015149,Plymouth 009F,E06000026,NDVI_CLEAR_PCT,Area with a cloud-free summer observation,2024,100.0,PC
LSOA,E01015150,Plymouth 009G,E06000026,NDVI_CLEAR_PCT,Area with a cloud-free summer observation,2024,100.0,PC
LSOA,E01015151,Plymouth 033A,E06000026,NDVI_CLEAR_PCT,Area with a cloud-free summer observation,2024,90.4661,PC
LSOA,E01015152,Plymouth 027C,E06000026,NDVI_CLEAR_PCT,Area with a cloud-free summer observation,2024,100.0,PC
LSOA,E01015153,Plymouth 033C,E06000026,NDVI_CLEAR_PCT,Area with a cloud-free summer observation,2024,99.1243,PC
LSOA,E01015155,Plymouth 034A,E06000026,NDVI_CLEAR_PCT,Area with a cloud-free summer observation,2024,100.0,PC
LSOA,E01015156,Plymouth 027E,E06000026,NDVI_CLEAR_PCT,Area with a cloud-free summer observation,2024,96.3689,PC
LSOA,E01015159,Plymouth 002B,E06000026,NDVI_CLEAR_PCT,Area with a cloud-free summer observation,2024,100.0,PC
LSOA,E01015160,Plymouth 001C,E06000026,NDVI_CLEAR_PCT,Area with a cloud-free summer observation,2024,100.0,PC
LSOA,E01015161,Plymouth 002C,E06000026,NDVI_CLEAR_PCT,Area with a cloud-free summer observation,2024,100.0,PC
LSOA,E01015162,Plymouth 002D,E06000026,NDVI_CLEAR_PCT,Area with a cloud-free summer observation,2024,100.0,PC
LSOA,E01015163,Plymouth 003D,E06000026,NDVI_CLEAR_PCT,Area with a cloud-free summer observation,2024,100.0,PC
LSOA,E01015164,Plymouth 001D,E06000026,NDVI_CLEAR_PCT,Area with a cloud-free summer observation,2024,100.0,PC
LSOA,E01015165,Plymouth 003E,E06000026,NDVI_CLEAR_PCT,Area with a cloud-free summer observation,2024,97.6568,PC
LSOA,E01015166,Plymouth 002E,E06000026,NDVI_CLEAR_PCT,Area with a cloud-free summer observation,2024,99.5089,PC
LSOA,E01015167,Plymouth 020C,E06000026,NDVI_CLEAR_PCT,Area with a cloud-free summer observation,2024,75.5208,PC
LSOA,E01015168,Plymouth 020D,E06000026,NDVI_CLEAR_PCT,Area with a cloud-free summer observation,2024,84.0691,PC
LSOA,E01015169,Plymouth 024A,E06000026,NDVI_CLEAR_PCT,Area with a cloud-free summer observation,2024,100.0,PC
LSOA,E01015170,Plymouth 024B,E06000026,NDVI_CLEAR_PCT,Area with a cloud-free summer observation,2024,99.8798,PC
LSOA,E01015171,Plymouth 020E,E06000026,NDVI_CLEAR_PCT,Area with a cloud-free summer observation,2024,92.0543,PC
LSOA,E01015172,Plymouth 033B,E06000026,NDVI_CLEAR_PCT,Area with a cloud-free summer observation,2024,99.9034,PC
LSOA,E01015173,Plymouth 024C,E06000026,NDVI_CLEAR_PCT,Area with a cloud-free summer observation,2024,100.0,PC
LSOA,E01015174,Plymouth 024D,E06000026,NDVI_CLEAR_PCT,Area with a cloud-free summer observation,2024,89.1892,PC
LSOA,E01015175,Plymouth 025C,E06000026,NDVI_CLEAR_PCT,Area with a cloud-free summer observation,2024,99.7238,PC
LSOA,E01015176,Plymouth 021F,E06000026,NDVI_CLEAR_PCT,Area with a cloud-free summer observation,2024,100.0,PC
LSOA,E01015177,Plymouth 025D,E06000026,NDVI_CLEAR_PCT,Area with a cloud-free summer observation,2024,100.0,PC
LSOA,E01015178,Plymouth 025E,E06000026,NDVI_CLEAR_PCT,Area with a cloud-free summer observation,2024,100.0,PC
LSOA,E01015179,Plymouth 028B,E06000026,NDVI_CLEAR_PCT,Area with a cloud-free summer observation,2024,100.0,PC
LSOA,E01015180,Plymouth 028C,E06000026,NDVI_CLEAR_PCT,Area with a cloud-free summer observation,2024,99.9171,PC
LSOA,E01015181,Plymouth 028D,E06000026,NDVI_CLEAR_PCT,Area with a cloud-free summer observation,2024,99.8773,PC
LSOA,E01015182,Plymouth 028E,E06000026,NDVI_CLEAR_PCT,Area with a cloud-free summer observation,2024,100.0,PC
LSOA,E01015183,Torbay 017A,E06000027,NDVI_CLEAR_PCT,Area with a cloud-free summer observation,2024,99.9205,PC
LSOA,E01015184,Torbay 017B,E06000027,NDVI_CLEAR_PCT,Area with a cloud-free summer observation,2024,100.0,PC
LSOA,E01015185,Torbay 017C,E06000027,NDVI_CLEAR_PCT,Area with a cloud-free summer observation,2024,99.8584,PC
LSOA,E01015186,Torbay 017D,E06000027,NDVI_CLEAR_PCT,Area with a cloud-free summer observation,2024,83.6466,PC
LSOA,E01015187,Torbay 017E,E06000027,NDVI_CLEAR_PCT,Area with a cloud-free summer observation,2024,96.3749,PC
LSOA,E01015188,Torbay 017F,E06000027,NDVI_CLEAR_PCT,Area with a cloud-free summer observation,2024,100.0,PC
LSOA,E01015189,Torbay 017G,E06000027,NDVI_CLEAR_PCT,Area with a cloud-free summer observation,2024,100.0,PC
LSOA,E01015190,Torbay 013A,E06000027,NDVI_CLEAR_PCT,Area with a cloud-free summer observation,2024,100.0,PC
LSOA,E01015191,Torbay 013B,E06000027,NDVI_CLEAR_PCT,Area with a cloud-free summer observation,2024,100.0,PC
LSOA,E01015192,Torbay 013C,E06000027,NDVI_CLEAR_PCT,Area with a cloud-free summer observation,2024,100.0,PC
LSOA,E01015193,Torbay 013D,E06000027,NDVI_CLEAR_PCT,Area with a cloud-free summer observation,2024,100.0,PC
LSOA,E01015194,Torbay 013E,E06000027,NDVI_CLEAR_PCT,Area with a cloud-free summer observation,2024,100.0,PC
LSOA,E01015196,Torbay 013G,E06000027,NDVI_CLEAR_PCT,Area with a cloud-free summer observation,2024,100.0,PC
LSOA,E01015197,Torbay 016A,E06000027,NDVI_CLEAR_PCT,Area with a cloud-free summer observation,2024,99.9706,PC
LSOA,E01015198,Torbay 016B,E06000027,NDVI_CLEAR_PCT,Area with a cloud-free summer observation,2024,100.0,PC
LSOA,E01015199,Torbay 016C,E06000027,NDVI_CLEAR_PCT,Area with a cloud-free summer observation,2024,100.0,PC
LSOA,E01015200,Torbay 016D,E06000027,NDVI_CLEAR_PCT,Area with a cloud-free summer observation,2024,100.0,PC
LSOA,E01015201,Torbay 016E,E06000027,NDVI_CLEAR_PCT,Area with a cloud-free summer observation,2024,99.9916,PC
LSOA,E01015202,Torbay 012A,E06000027,NDVI_CLEAR_PCT,Area with a cloud-free summer observation,2024,100.0,PC
LSOA,E01015203,Torbay 012B,E06000027,NDVI_CLEAR_PCT,Area with a cloud-free summer observation,2024,100.0,PC
LSOA,E01015204,Torbay 012C,E06000027,NDVI_CLEAR_PCT,Area with a cloud-free summer observation,2024,100.0,PC
LSOA,E01015205,Torbay 012D,E06000027,NDVI_CLEAR_PCT,Area with a cloud-free summer observation,2024,100.0,PC
LSOA,E01015206,Torbay 012E,E06000027,NDVI_CLEAR_PCT,Area with a cloud-free summer observation,2024,98.7484,PC
LSOA,E01015207,Torbay 019E,E06000027,NDVI_CLEAR_PCT,Area with a cloud-free summer observation,2024,100.0,PC
LSOA,E01015208,Torbay 019F,E06000027,NDVI_CLEAR_PCT,Area with a cloud-free summer observation,2024,100.0,PC
LSOA,E01015209,Torbay 019A,E06000027,NDVI_CLEAR_PCT,Area with a cloud-free summer observation,2024,100.0,PC
LSOA,E01015210,Torbay 019B,E06000027,NDVI_CLEAR_PCT,Area with a cloud-free summer observation,2024,100.0,PC
LSOA,E01015211,Torbay 019G,E06000027,NDVI_CLEAR_PCT,Area with a cloud-free summer observation,2024,100.0,PC
LSOA,E01015212,Torbay 019C,E06000027,NDVI_CLEAR_PCT,Area with a cloud-free summer observation,2024,100.0,PC
LSOA,E01015213,Torbay 019D,E06000027,NDVI_CLEAR_PCT,Area with a cloud-free summer observation,2024,100.0,PC
LSOA,E01015214,Torbay 006A,E06000027,NDVI_CLEAR_PCT,Area with a cloud-free summer observation,2024,99.1914,PC
LSOA,E01015215,Torbay 006B,E06000027,NDVI_CLEAR_PCT,Area with a cloud-free summer observation,2024,93.8095,PC
LSOA,E01015216,Torbay 006C,E06000027,NDVI_CLEAR_PCT,Area with a cloud-free summer observation,2024,87.0968,PC
LSOA,E01015217,Torbay 008A,E06000027,NDVI_CLEAR_PCT,Area with a cloud-free summer observation,2024,83.4254,PC
LSOA,E01015218,Torbay 006D,E06000027,NDVI_CLEAR_PCT,Area with a cloud-free summer observation,2024,100.0,PC
LSOA,E01015219,Torbay 015A,E06000027,NDVI_CLEAR_PCT,Area with a cloud-free summer observation,2024,100.0,PC
LSOA,E01015220,Torbay 015B,E06000027,NDVI_CLEAR_PCT,Area with a cloud-free summer observation,2024,100.0,PC
LSOA,E01015221,Torbay 015C,E06000027,NDVI_CLEAR_PCT,Area with a cloud-free summer observation,2024,100.0,PC
LSOA,E01015222,Torbay 015D,E06000027,NDVI_CLEAR_PCT,Area with a cloud-free summer observation,2024,100.0,PC
LSOA,E01015223,Torbay 015E,E06000027,NDVI_CLEAR_PCT,Area with a cloud-free summer observation,2024,100.0,PC
LSOA,E01015224,Torbay 011A,E06000027,NDVI_CLEAR_PCT,Area with a cloud-free summer observation,2024,100.0,PC
LSOA,E01015225,Torbay 011B,E06000027,NDVI_CLEAR_PCT,Area with a cloud-free summer observation,2024,100.0,PC
LSOA,E01015226,Torbay 011C,E06000027,NDVI_CLEAR_PCT,Area with a cloud-free summer observation,2024,99.9508,PC
LSOA,E01015227,Torbay 011D,E06000027,NDVI_CLEAR_PCT,Area with a cloud-free summer observation,2024,100.0,PC
LSOA,E01015228,Torbay 011E,E06000027,NDVI_CLEAR_PCT,Area with a cloud-free summer observation,2024,100.0,PC
LSOA,E01015229,Torbay 014A,E06000027,NDVI_CLEAR_PCT,Area with a cloud-free summer observation,2024,100.0,PC
LSOA,E01015230,Torbay 011F,E06000027,NDVI_CLEAR_PCT,Area with a cloud-free summer observation,2024,100.0,PC
LSOA,E01015231,Torbay 014B,E06000027,NDVI_CLEAR_PCT,Area with a cloud-free summer observation,2024,97.4026,PC
LSOA,E01015232,Torbay 014C,E06000027,NDVI_CLEAR_PCT,Area with a cloud-free summer observation,2024,100.0,PC
LSOA,E01015233,Torbay 014D,E06000027,NDVI_CLEAR_PCT,Area with a cloud-free summer observation,2024,100.0,PC
LSOA,E01015234,Torbay 014E,E06000027,NDVI_CLEAR_PCT,Area with a cloud-free summer observation,2024,100.0,PC
LSOA,E01015235,Torbay 014F,E06000027,NDVI_CLEAR_PCT,Area with a cloud-free summer observation,2024,98.9485,PC
LSOA,E01015236,Torbay 002A,E06000027,NDVI_CLEAR_PCT,Area with a cloud-free summer observation,2024,99.763,PC
LSOA,E01015237,Torbay 002B,E06000027,NDVI_CLEAR_PCT,Area with a cloud-free summer observation,2024,100.0,PC
LSOA,E01015238,Torbay 002C,E06000027,NDVI_CLEAR_PCT,Area with a cloud-free summer observation,2024,98.8312,PC
LSOA,E01015239,Torbay 002D,E06000027,NDVI_CLEAR_PCT,Area with a cloud-free summer observation,2024,100.0,PC
LSOA,E01015240,Torbay 005A,E06000027,NDVI_CLEAR_PCT,Area with a cloud-free summer observation,2024,100.0,PC
LSOA,E01015241,Torbay 005B,E06000027,NDVI_CLEAR_PCT,Area with a cloud-free summer observation,2024,100.0,PC
LSOA,E01015242,Torbay 005C,E06000027,NDVI_CLEAR_PCT,Area with a cloud-free summer observation,2024,100.0,PC
LSOA,E01015243,Torbay 005D,E06000027,NDVI_CLEAR_PCT,Area with a cloud-free summer observation,2024,99.8387,PC
LSOA,E01015244,Torbay 018A,E06000027,NDVI_CLEAR_PCT,Area with a cloud-free summer observation,2024,100.0,PC
LSOA,E01015245,Torbay 018B,E06000027,NDVI_CLEAR_PCT,Area with a cloud-free summer observation,2024,100.0,PC
LSOA,E01015246,Torbay 018C,E06000027,NDVI_CLEAR_PCT,Area with a cloud-free summer observation,2024,99.2308,PC
LSOA,E01015247,Torbay 018D,E06000027,NDVI_CLEAR_PCT,Area with a cloud-free summer observation,2024,99.9086,PC
LSOA,E01015248,Torbay 018E,E06000027,NDVI_CLEAR_PCT,Area with a cloud-free summer observation,2024,99.115,PC
LSOA,E01015249,Torbay 003A,E06000027,NDVI_CLEAR_PCT,Area with a cloud-free summer observation,2024,100.0,PC
LSOA,E01015250,Torbay 003B,E06000027,NDVI_CLEAR_PCT,Area with a cloud-free summer observation,2024,100.0,PC
LSOA,E01015251,Torbay 003C,E06000027,NDVI_CLEAR_PCT,Area with a cloud-free summer observation,2024,99.3843,PC
LSOA,E01015253,Torbay 003E,E06000027,NDVI_CLEAR_PCT,Area with a cloud-free summer observation,2024,100.0,PC
LSOA,E01015254,Torbay 003F,E06000027,NDVI_CLEAR_PCT,Area with a cloud-free summer observation,2024,99.7673,PC
LSOA,E01015255,Torbay 008B,E06000027,NDVI_CLEAR_PCT,Area with a cloud-free summer observation,2024,96.6138,PC
LSOA,E01015256,Torbay 008C,E06000027,NDVI_CLEAR_PCT,Area with a cloud-free summer observation,2024,89.6615,PC
LSOA,E01015257,Torbay 004A,E06000027,NDVI_CLEAR_PCT,Area with a cloud-free summer observation,2024,99.8713,PC
LSOA,E01015258,Torbay 004B,E06000027,NDVI_CLEAR_PCT,Area with a cloud-free summer observation,2024,100.0,PC
LSOA,E01015259,Torbay 004C,E06000027,NDVI_CLEAR_PCT,Area with a cloud-free summer observation,2024,97.7622,PC
LSOA,E01015260,Torbay 004D,E06000027,NDVI_CLEAR_PCT,Area with a cloud-free summer observation,2024,98.2622,PC
LSOA,E01015261,Torbay 008D,E06000027,NDVI_CLEAR_PCT,Area with a cloud-free summer observation,2024,100.0,PC
LSOA,E01015262,Torbay 001A,E06000027,NDVI_CLEAR_PCT,Area with a cloud-free summer observation,2024,100.0,PC
LSOA,E01015263,Torbay 001B,E06000027,NDVI_CLEAR_PCT,Area with a cloud-free summer observation,2024,100.0,PC
LSOA,E01015264,Torbay 001C,E06000027,NDVI_CLEAR_PCT,Area with a cloud-free summer observation,2024,100.0,PC
LSOA,E01015265,Torbay 001D,E06000027,NDVI_CLEAR_PCT,Area with a cloud-free summer observation,2024,100.0,PC
LSOA,E01015266,Torbay 001E,E06000027,NDVI_CLEAR_PCT,Area with a cloud-free summer observation,2024,100.0,PC
LSOA,E01015267,Torbay 010A,E06000027,NDVI_CLEAR_PCT,Area with a cloud-free summer observation,2024,94.7025,PC
LSOA,E01015268,Torbay 010B,E06000027,NDVI_CLEAR_PCT,Area with a cloud-free summer observation,2024,99.9398,PC
LSOA,E01015269,Torbay 010C,E06000027,NDVI_CLEAR_PCT,Area with a cloud-free summer observation,2024,99.6366,PC
LSOA,E01015270,Torbay 010D,E06000027,NDVI_CLEAR_PCT,Area with a cloud-free summer observation,2024,99.556,PC
LSOA,E01015271,Torbay 010E,E06000027,NDVI_CLEAR_PCT,Area with a cloud-free summer observation,2024,99.7618,PC
LSOA,E01019887,East Devon 005B,E07000040,NDVI_CLEAR_PCT,Area with a cloud-free summer observation,2024,100.0,PC
LSOA,E01019888,East Devon 005C,E07000040,NDVI_CLEAR_PCT,Area with a cloud-free summer observation,2024,100.0,PC
LSOA,E01019889,East Devon 005D,E07000040,NDVI_CLEAR_PCT,Area with a cloud-free summer observation,2024,100.0,PC
LSOA,E01019890,East Devon 009A,E07000040,NDVI_CLEAR_PCT,Area with a cloud-free summer observation,2024,100.0,PC
LSOA,E01019891,East Devon 021B,E07000040,NDVI_CLEAR_PCT,Area with a cloud-free summer observation,2024,99.97,PC
LSOA,E01019894,East Devon 017A,E07000040,NDVI_CLEAR_PCT,Area with a cloud-free summer observation,2024,100.0,PC
LSOA,E01019895,East Devon 017B,E07000040,NDVI_CLEAR_PCT,Area with a cloud-free summer observation,2024,100.0,PC
LSOA,E01019896,East Devon 017C,E07000040,NDVI_CLEAR_PCT,Area with a cloud-free summer observation,2024,100.0,PC
LSOA,E01019897,East Devon 017D,E07000040,NDVI_CLEAR_PCT,Area with a cloud-free summer observation,2024,100.0,PC
LSOA,E01019898,East Devon 014A,E07000040,NDVI_CLEAR_PCT,Area with a cloud-free summer observation,2024,100.0,PC
LSOA,E01019899,East Devon 007A,E07000040,NDVI_CLEAR_PCT,Area with a cloud-free summer observation,2024,100.0,PC
LSOA,E01019900,East Devon 007B,E07000040,NDVI_CLEAR_PCT,Area with a cloud-free summer observation,2024,100.0,PC
LSOA,E01019901,East Devon 009B,E07000040,NDVI_CLEAR_PCT,Area with a cloud-free summer observation,2024,100.0,PC
LSOA,E01019902,East Devon 001A,E07000040,NDVI_CLEAR_PCT,Area with a cloud-free summer observation,2024,100.0,PC
LSOA,E01019903,East Devon 021A,E07000040,NDVI_CLEAR_PCT,Area with a cloud-free summer observation,2024,99.9905,PC
LSOA,E01019904,East Devon 015A,E07000040,NDVI_CLEAR_PCT,Area with a cloud-free summer observation,2024,100.0,PC
LSOA,E01019905,East Devon 015B,E07000040,NDVI_CLEAR_PCT,Area with a cloud-free summer observation,2024,100.0,PC
LSOA,E01019906,East Devon 015C,E07000040,NDVI_CLEAR_PCT,Area with a cloud-free summer observation,2024,100.0,PC
LSOA,E01019907,East Devon 015D,E07000040,NDVI_CLEAR_PCT,Area with a cloud-free summer observation,2024,100.0,PC
LSOA,E01019908,East Devon 016A,E07000040,NDVI_CLEAR_PCT,Area with a cloud-free summer observation,2024,100.0,PC
LSOA,E01019909,East Devon 016B,E07000040,NDVI_CLEAR_PCT,Area with a cloud-free summer observation,2024,100.0,PC
LSOA,E01019910,East Devon 016C,E07000040,NDVI_CLEAR_PCT,Area with a cloud-free summer observation,2024,100.0,PC
LSOA,E01019911,East Devon 016D,E07000040,NDVI_CLEAR_PCT,Area with a cloud-free summer observation,2024,100.0,PC
LSOA,E01019912,East Devon 020A,E07000040,NDVI_CLEAR_PCT,Area with a cloud-free summer observation,2024,100.0,PC
LSOA,E01019913,East Devon 020B,E07000040,NDVI_CLEAR_PCT,Area with a cloud-free summer observation,2024,100.0,PC
LSOA,E01019914,East Devon 020C,E07000040,NDVI_CLEAR_PCT,Area with a cloud-free summer observation,2024,100.0,PC
LSOA,E01019915,East Devon 020D,E07000040,NDVI_CLEAR_PCT,Area with a cloud-free summer observation,2024,100.0,PC
LSOA,E01019916,East Devon 019A,E07000040,NDVI_CLEAR_PCT,Area with a cloud-free summer observation,2024,100.0,PC
LSOA,E01019917,East Devon 019B,E07000040,NDVI_CLEAR_PCT,Area with a cloud-free summer observation,2024,100.0,PC
LSOA,E01019918,East Devon 019C,E07000040,NDVI_CLEAR_PCT,Area with a cloud-free summer observation,2024,100.0,PC
LSOA,E01019919,East Devon 019D,E07000040,NDVI_CLEAR_PCT,Area with a cloud-free summer observation,2024,100.0,PC
LSOA,E01019920,East Devon 018A,E07000040,NDVI_CLEAR_PCT,Area with a cloud-free summer observation,2024,100.0,PC
LSOA,E01019921,East Devon 018B,E07000040,NDVI_CLEAR_PCT,Area with a cloud-free summer observation,2024,100.0,PC
LSOA,E01019922,East Devon 018C,E07000040,NDVI_CLEAR_PCT,Area with a cloud-free summer observation,2024,100.0,PC
LSOA,E01019923,East Devon 018D,E07000040,NDVI_CLEAR_PCT,Area with a cloud-free summer observation,2024,100.0,PC
LSOA,E01019924,East Devon 018E,E07000040,NDVI_CLEAR_PCT,Area with a cloud-free summer observation,2024,100.0,PC
LSOA,E01019925,East Devon 004A,E07000040,NDVI_CLEAR_PCT,Area with a cloud-free summer observation,2024,100.0,PC
LSOA,E01019927,East Devon 002A,E07000040,NDVI_CLEAR_PCT,Area with a cloud-free summer observation,2024,100.0,PC
LSOA,E01019928,East Devon 003A,E07000040,NDVI_CLEAR_PCT,Area with a cloud-free summer observation,2024,100.0,PC
LSOA,E01019929,East Devon 003B,E07000040,NDVI_CLEAR_PCT,Area with a cloud-free summer observation,2024,100.0,PC
LSOA,E01019930,East Devon 003C,E07000040,NDVI_CLEAR_PCT,Area with a cloud-free summer observation,2024,100.0,PC
LSOA,E01019931,East Devon 003D,E07000040,NDVI_CLEAR_PCT,Area with a cloud-free summer observation,2024,100.0,PC
LSOA,E01019932,East Devon 002B,E07000040,NDVI_CLEAR_PCT,Area with a cloud-free summer observation,2024,100.0,PC
LSOA,E01019933,East Devon 002C,E07000040,NDVI_CLEAR_PCT,Area with a cloud-free summer observation,2024,100.0,PC
LSOA,E01019934,East Devon 002D,E07000040,NDVI_CLEAR_PCT,Area with a cloud-free summer observation,2024,100.0,PC
LSOA,E01019935,East Devon 007C,E07000040,NDVI_CLEAR_PCT,Area with a cloud-free summer observation,2024,100.0,PC
LSOA,E01019936,East Devon 007D,E07000040,NDVI_CLEAR_PCT,Area with a cloud-free summer observation,2024,100.0,PC
LSOA,E01019937,East Devon 013A,E07000040,NDVI_CLEAR_PCT,Area with a cloud-free summer observation,2024,100.0,PC
LSOA,E01019938,East Devon 001B,E07000040,NDVI_CLEAR_PCT,Area with a cloud-free summer observation,2024,100.0,PC
LSOA,E01019939,East Devon 008A,E07000040,NDVI_CLEAR_PCT,Area with a cloud-free summer observation,2024,100.0,PC
LSOA,E01019940,East Devon 008B,E07000040,NDVI_CLEAR_PCT,Area with a cloud-free summer observation,2024,100.0,PC
LSOA,E01019942,East Devon 008C,E07000040,NDVI_CLEAR_PCT,Area with a cloud-free summer observation,2024,99.8956,PC
LSOA,E01019943,East Devon 008D,E07000040,NDVI_CLEAR_PCT,Area with a cloud-free summer observation,2024,100.0,PC
LSOA,E01019944,East Devon 008E,E07000040,NDVI_CLEAR_PCT,Area with a cloud-free summer observation,2024,100.0,PC
LSOA,E01019945,East Devon 013B,E07000040,NDVI_CLEAR_PCT,Area with a cloud-free summer observation,2024,100.0,PC
LSOA,E01019946,East Devon 010A,E07000040,NDVI_CLEAR_PCT,Area with a cloud-free summer observation,2024,100.0,PC
LSOA,E01019947,East Devon 010B,E07000040,NDVI_CLEAR_PCT,Area with a cloud-free summer observation,2024,100.0,PC
LSOA,E01019948,East Devon 010C,E07000040,NDVI_CLEAR_PCT,Area with a cloud-free summer observation,2024,100.0,PC
LSOA,E01019949,East Devon 010D,E07000040,NDVI_CLEAR_PCT,Area with a cloud-free summer observation,2024,100.0,PC
LSOA,E01019950,East Devon 010E,E07000040,NDVI_CLEAR_PCT,Area with a cloud-free summer observation,2024,100.0,PC
LSOA,E01019951,East Devon 009C,E07000040,NDVI_CLEAR_PCT,Area with a cloud-free summer observation,2024,99.9976,PC
LSOA,E01019952,East Devon 011A,E07000040,NDVI_CLEAR_PCT,Area with a cloud-free summer observation,2024,100.0,PC
LSOA,E01019953,East Devon 011B,E07000040,NDVI_CLEAR_PCT,Area with a cloud-free summer observation,2024,100.0,PC
LSOA,E01019954,East Devon 011C,E07000040,NDVI_CLEAR_PCT,Area with a cloud-free summer observation,2024,100.0,PC
LSOA,E01019955,East Devon 011D,E07000040,NDVI_CLEAR_PCT,Area with a cloud-free summer observation,2024,100.0,PC
LSOA,E01019956,East Devon 012A,E07000040,NDVI_CLEAR_PCT,Area with a cloud-free summer observation,2024,100.0,PC
LSOA,E01019957,East Devon 012B,E07000040,NDVI_CLEAR_PCT,Area with a cloud-free summer observation,2024,100.0,PC
LSOA,E01019958,East Devon 012C,E07000040,NDVI_CLEAR_PCT,Area with a cloud-free summer observation,2024,100.0,PC
LSOA,E01019959,East Devon 004D,E07000040,NDVI_CLEAR_PCT,Area with a cloud-free summer observation,2024,100.0,PC
LSOA,E01019960,East Devon 004E,E07000040,NDVI_CLEAR_PCT,Area with a cloud-free summer observation,2024,100.0,PC
LSOA,E01019961,East Devon 007E,E07000040,NDVI_CLEAR_PCT,Area with a cloud-free summer observation,2024,100.0,PC
LSOA,E01019962,East Devon 004F,E07000040,NDVI_CLEAR_PCT,Area with a cloud-free summer observation,2024,100.0,PC
LSOA,E01019963,East Devon 013C,E07000040,NDVI_CLEAR_PCT,Area with a cloud-free summer observation,2024,100.0,PC
LSOA,E01019964,East Devon 014B,E07000040,NDVI_CLEAR_PCT,Area with a cloud-free summer observation,2024,100.0,PC
LSOA,E01019965,East Devon 014C,E07000040,NDVI_CLEAR_PCT,Area with a cloud-free summer observation,2024,99.9624,PC
LSOA,E01019966,East Devon 005E,E07000040,NDVI_CLEAR_PCT,Area with a cloud-free summer observation,2024,100.0,PC
LSOA,E01019967,East Devon 001C,E07000040,NDVI_CLEAR_PCT,Area with a cloud-free summer observation,2024,100.0,PC
LSOA,E01019968,Exeter 014A,E07000041,NDVI_CLEAR_PCT,Area with a cloud-free summer observation,2024,100.0,PC
LSOA,E01019969,Exeter 014B,E07000041,NDVI_CLEAR_PCT,Area with a cloud-free summer observation,2024,100.0,PC
LSOA,E01019970,Exeter 014C,E07000041,NDVI_CLEAR_PCT,Area with a cloud-free summer observation,2024,100.0,PC
LSOA,E01019971,Exeter 014D,E07000041,NDVI_CLEAR_PCT,Area with a cloud-free summer observation,2024,100.0,PC
LSOA,E01019972,Exeter 014E,E07000041,NDVI_CLEAR_PCT,Area with a cloud-free summer observation,2024,100.0,PC
LSOA,E01019973,Exeter 012A,E07000041,NDVI_CLEAR_PCT,Area with a cloud-free summer observation,2024,100.0,PC
LSOA,E01019974,Exeter 012B,E07000041,NDVI_CLEAR_PCT,Area with a cloud-free summer observation,2024,100.0,PC
LSOA,E01019975,Exeter 010A,E07000041,NDVI_CLEAR_PCT,Area with a cloud-free summer observation,2024,100.0,PC
LSOA,E01019976,Exeter 012C,E07000041,NDVI_CLEAR_PCT,Area with a cloud-free summer observation,2024,100.0,PC
LSOA,E01019977,Exeter 012D,E07000041,NDVI_CLEAR_PCT,Area with a cloud-free summer observation,2024,100.0,PC
LSOA,E01019980,Exeter 005A,E07000041,NDVI_CLEAR_PCT,Area with a cloud-free summer observation,2024,100.0,PC
LSOA,E01019981,Exeter 012E,E07000041,NDVI_CLEAR_PCT,Area with a cloud-free summer observation,2024,100.0,PC
LSOA,E01019982,Exeter 005B,E07000041,NDVI_CLEAR_PCT,Area with a cloud-free summer observation,2024,99.978,PC
LSOA,E01019983,Exeter 005C,E07000041,NDVI_CLEAR_PCT,Area with a cloud-free summer observation,2024,100.0,PC
LSOA,E01019984,Exeter 005D,E07000041,NDVI_CLEAR_PCT,Area with a cloud-free summer observation,2024,100.0,PC
LSOA,E01019985,Exeter 005E,E07000041,NDVI_CLEAR_PCT,Area with a cloud-free summer observation,2024,100.0,PC
LSOA,E01019986,Exeter 007A,E07000041,NDVI_CLEAR_PCT,Area with a cloud-free summer observation,2024,99.8626,PC
LSOA,E01019987,Exeter 006A,E07000041,NDVI_CLEAR_PCT,Area with a cloud-free summer observation,2024,100.0,PC
LSOA,E01019988,Exeter 013A,E07000041,NDVI_CLEAR_PCT,Area with a cloud-free summer observation,2024,100.0,PC
LSOA,E01019989,Exeter 006B,E07000041,NDVI_CLEAR_PCT,Area with a cloud-free summer observation,2024,100.0,PC
LSOA,E01019990,Exeter 002A,E07000041,NDVI_CLEAR_PCT,Area with a cloud-free summer observation,2024,100.0,PC
LSOA,E01019991,Exeter 002B,E07000041,NDVI_CLEAR_PCT,Area with a cloud-free summer observation,2024,100.0,PC
LSOA,E01019992,Exeter 003A,E07000041,NDVI_CLEAR_PCT,Area with a cloud-free summer observation,2024,100.0,PC
LSOA,E01019993,Exeter 002C,E07000041,NDVI_CLEAR_PCT,Area with a cloud-free summer observation,2024,100.0,PC
LSOA,E01019994,Exeter 008A,E07000041,NDVI_CLEAR_PCT,Area with a cloud-free summer observation,2024,100.0,PC
LSOA,E01019995,Exeter 008B,E07000041,NDVI_CLEAR_PCT,Area with a cloud-free summer observation,2024,100.0,PC
LSOA,E01019996,Exeter 009A,E07000041,NDVI_CLEAR_PCT,Area with a cloud-free summer observation,2024,100.0,PC
LSOA,E01019997,Exeter 004A,E07000041,NDVI_CLEAR_PCT,Area with a cloud-free summer observation,2024,99.569,PC
LSOA,E01019998,Exeter 001C,E07000041,NDVI_CLEAR_PCT,Area with a cloud-free summer observation,2024,100.0,PC
LSOA,E01019999,Exeter 001D,E07000041,NDVI_CLEAR_PCT,Area with a cloud-free summer observation,2024,100.0,PC
LSOA,E01020000,Exeter 002D,E07000041,NDVI_CLEAR_PCT,Area with a cloud-free summer observation,2024,100.0,PC
LSOA,E01020001,Exeter 001E,E07000041,NDVI_CLEAR_PCT,Area with a cloud-free summer observation,2024,99.9862,PC
LSOA,E01020002,Exeter 003B,E07000041,NDVI_CLEAR_PCT,Area with a cloud-free summer observation,2024,100.0,PC
LSOA,E01020003,Exeter 003C,E07000041,NDVI_CLEAR_PCT,Area with a cloud-free summer observation,2024,100.0,PC
LSOA,E01020004,Exeter 003D,E07000041,NDVI_CLEAR_PCT,Area with a cloud-free summer observation,2024,100.0,PC
LSOA,E01020005,Exeter 003E,E07000041,NDVI_CLEAR_PCT,Area with a cloud-free summer observation,2024,100.0,PC
LSOA,E01020006,Exeter 006C,E07000041,NDVI_CLEAR_PCT,Area with a cloud-free summer observation,2024,100.0,PC
LSOA,E01020007,Exeter 002E,E07000041,NDVI_CLEAR_PCT,Area with a cloud-free summer observation,2024,92.1201,PC
LSOA,E01020008,Exeter 006D,E07000041,NDVI_CLEAR_PCT,Area with a cloud-free summer observation,2024,100.0,PC
LSOA,E01020009,Exeter 006E,E07000041,NDVI_CLEAR_PCT,Area with a cloud-free summer observation,2024,100.0,PC
LSOA,E01020010,Exeter 013B,E07000041,NDVI_CLEAR_PCT,Area with a cloud-free summer observation,2024,100.0,PC
LSOA,E01020011,Exeter 015A,E07000041,NDVI_CLEAR_PCT,Area with a cloud-free summer observation,2024,100.0,PC
LSOA,E01020012,Exeter 015B,E07000041,NDVI_CLEAR_PCT,Area with a cloud-free summer observation,2024,100.0,PC
LSOA,E01020013,Exeter 013C,E07000041,NDVI_CLEAR_PCT,Area with a cloud-free summer observation,2024,100.0,PC
LSOA,E01020014,Exeter 013D,E07000041,NDVI_CLEAR_PCT,Area with a cloud-free summer observation,2024,100.0,PC
LSOA,E01020015,Exeter 013E,E07000041,NDVI_CLEAR_PCT,Area with a cloud-free summer observation,2024,100.0,PC
LSOA,E01020017,Exeter 008D,E07000041,NDVI_CLEAR_PCT,Area with a cloud-free summer observation,2024,99.5575,PC
LSOA,E01020018,Exeter 008E,E07000041,NDVI_CLEAR_PCT,Area with a cloud-free summer observation,2024,95.9442,PC
LSOA,E01020019,Exeter 004B,E07000041,NDVI_CLEAR_PCT,Area with a cloud-free summer observation,2024,100.0,PC
LSOA,E01020020,Exeter 004C,E07000041,NDVI_CLEAR_PCT,Area with a cloud-free summer observation,2024,100.0,PC
LSOA,E01020021,Exeter 004D,E07000041,NDVI_CLEAR_PCT,Area with a cloud-free summer observation,2024,100.0,PC
LSOA,E01020022,Exeter 004E,E07000041,NDVI_CLEAR_PCT,Area with a cloud-free summer observation,2024,92.8899,PC
LSOA,E01020023,Exeter 009B,E07000041,NDVI_CLEAR_PCT,Area with a cloud-free summer observation,2024,100.0,PC
LSOA,E01020024,Exeter 009C,E07000041,NDVI_CLEAR_PCT,Area with a cloud-free summer observation,2024,100.0,PC
LSOA,E01020025,Exeter 009D,E07000041,NDVI_CLEAR_PCT,Area with a cloud-free summer observation,2024,100.0,PC
LSOA,E01020026,Exeter 011A,E07000041,NDVI_CLEAR_PCT,Area with a cloud-free summer observation,2024,100.0,PC
LSOA,E01020027,Exeter 011B,E07000041,NDVI_CLEAR_PCT,Area with a cloud-free summer observation,2024,100.0,PC
LSOA,E01020029,Exeter 010B,E07000041,NDVI_CLEAR_PCT,Area with a cloud-free summer observation,2024,100.0,PC
LSOA,E01020030,Exeter 010C,E07000041,NDVI_CLEAR_PCT,Area with a cloud-free summer observation,2024,100.0,PC
LSOA,E01020031,Exeter 010D,E07000041,NDVI_CLEAR_PCT,Area with a cloud-free summer observation,2024,100.0,PC
LSOA,E01020032,Exeter 010E,E07000041,NDVI_CLEAR_PCT,Area with a cloud-free summer observation,2024,100.0,PC
LSOA,E01020036,Exeter 007B,E07000041,NDVI_CLEAR_PCT,Area with a cloud-free summer observation,2024,100.0,PC
LSOA,E01020037,Exeter 007C,E07000041,NDVI_CLEAR_PCT,Area with a cloud-free summer observation,2024,100.0,PC
LSOA,E01020038,Exeter 011E,E07000041,NDVI_CLEAR_PCT,Area with a cloud-free summer observation,2024,100.0,PC
LSOA,E01020039,Exeter 007D,E07000041,NDVI_CLEAR_PCT,Area with a cloud-free summer observation,2024,100.0,PC
LSOA,E01020040,Exeter 007E,E07000041,NDVI_CLEAR_PCT,Area with a cloud-free summer observation,2024,100.0,PC
LSOA,E01020041,Mid Devon 011A,E07000042,NDVI_CLEAR_PCT,Area with a cloud-free summer observation,2024,99.9832,PC
LSOA,E01020042,Mid Devon 011B,E07000042,NDVI_CLEAR_PCT,Area with a cloud-free summer observation,2024,100.0,PC
LSOA,E01020043,Mid Devon 008A,E07000042,NDVI_CLEAR_PCT,Area with a cloud-free summer observation,2024,100.0,PC
LSOA,E01020044,Mid Devon 008B,E07000042,NDVI_CLEAR_PCT,Area with a cloud-free summer observation,2024,100.0,PC
LSOA,E01020045,Mid Devon 006A,E07000042,NDVI_CLEAR_PCT,Area with a cloud-free summer observation,2024,99.9445,PC
LSOA,E01020046,Mid Devon 001A,E07000042,NDVI_CLEAR_PCT,Area with a cloud-free summer observation,2024,99.9861,PC
LSOA,E01020047,Mid Devon 002A,E07000042,NDVI_CLEAR_PCT,Area with a cloud-free summer observation,2024,100.0,PC
LSOA,E01020048,Mid Devon 005A,E07000042,NDVI_CLEAR_PCT,Area with a cloud-free summer observation,2024,100.0,PC
LSOA,E01020049,Mid Devon 001B,E07000042,NDVI_CLEAR_PCT,Area with a cloud-free summer observation,2024,100.0,PC
LSOA,E01020050,Mid Devon 001C,E07000042,NDVI_CLEAR_PCT,Area with a cloud-free summer observation,2024,99.9991,PC
LSOA,E01020051,Mid Devon 002B,E07000042,NDVI_CLEAR_PCT,Area with a cloud-free summer observation,2024,100.0,PC
LSOA,E01020052,Mid Devon 004A,E07000042,NDVI_CLEAR_PCT,Area with a cloud-free summer observation,2024,100.0,PC
LSOA,E01020053,Mid Devon 004B,E07000042,NDVI_CLEAR_PCT,Area with a cloud-free summer observation,2024,100.0,PC
LSOA,E01020054,Mid Devon 007A,E07000042,NDVI_CLEAR_PCT,Area with a cloud-free summer observation,2024,100.0,PC
LSOA,E01020055,Mid Devon 007B,E07000042,NDVI_CLEAR_PCT,Area with a cloud-free summer observation,2024,100.0,PC
LSOA,E01020056,Mid Devon 008C,E07000042,NDVI_CLEAR_PCT,Area with a cloud-free summer observation,2024,99.9934,PC
LSOA,E01020057,Mid Devon 007C,E07000042,NDVI_CLEAR_PCT,Area with a cloud-free summer observation,2024,100.0,PC
LSOA,E01020058,Mid Devon 007D,E07000042,NDVI_CLEAR_PCT,Area with a cloud-free summer observation,2024,100.0,PC
LSOA,E01020059,Mid Devon 006B,E07000042,NDVI_CLEAR_PCT,Area with a cloud-free summer observation,2024,100.0,PC
LSOA,E01020060,Mid Devon 011C,E07000042,NDVI_CLEAR_PCT,Area with a cloud-free summer observation,2024,98.8542,PC
LSOA,E01020061,Mid Devon 011D,E07000042,NDVI_CLEAR_PCT,Area with a cloud-free summer observation,2024,100.0,PC
LSOA,E01020062,Mid Devon 006C,E07000042,NDVI_CLEAR_PCT,Area with a cloud-free summer observation,2024,100.0,PC
LSOA,E01020063,Mid Devon 003A,E07000042,NDVI_CLEAR_PCT,Area with a cloud-free summer observation,2024,99.9244,PC
LSOA,E01020064,Mid Devon 006D,E07000042,NDVI_CLEAR_PCT,Area with a cloud-free summer observation,2024,100.0,PC
LSOA,E01020065,Mid Devon 004C,E07000042,NDVI_CLEAR_PCT,Area with a cloud-free summer observation,2024,99.9595,PC
LSOA,E01020067,Mid Devon 004D,E07000042,NDVI_CLEAR_PCT,Area with a cloud-free summer observation,2024,100.0,PC
LSOA,E01020068,Mid Devon 010A,E07000042,NDVI_CLEAR_PCT,Area with a cloud-free summer observation,2024,100.0,PC
LSOA,E01020069,Mid Devon 010B,E07000042,NDVI_CLEAR_PCT,Area with a cloud-free summer observation,2024,100.0,PC
LSOA,E01020070,Mid Devon 010C,E07000042,NDVI_CLEAR_PCT,Area with a cloud-free summer observation,2024,99.9769,PC
LSOA,E01020071,Mid Devon 008D,E07000042,NDVI_CLEAR_PCT,Area with a cloud-free summer observation,2024,100.0,PC
LSOA,E01020072,Mid Devon 009A,E07000042,NDVI_CLEAR_PCT,Area with a cloud-free summer observation,2024,95.7626,PC
LSOA,E01020073,Mid Devon 009B,E07000042,NDVI_CLEAR_PCT,Area with a cloud-free summer observation,2024,96.801,PC
LSOA,E01020074,Mid Devon 003B,E07000042,NDVI_CLEAR_PCT,Area with a cloud-free summer observation,2024,98.6896,PC
LSOA,E01020075,Mid Devon 003C,E07000042,NDVI_CLEAR_PCT,Area with a cloud-free summer observation,2024,100.0,PC
LSOA,E01020076,Mid Devon 009C,E07000042,NDVI_CLEAR_PCT,Area with a cloud-free summer observation,2024,98.6667,PC
LSOA,E01020077,Mid Devon 001D,E07000042,NDVI_CLEAR_PCT,Area with a cloud-free summer observation,2024,100.0,PC
LSOA,E01020078,Mid Devon 005B,E07000042,NDVI_CLEAR_PCT,Area with a cloud-free summer observation,2024,100.0,PC
LSOA,E01020079,Mid Devon 005C,E07000042,NDVI_CLEAR_PCT,Area with a cloud-free summer observation,2024,100.0,PC
LSOA,E01020080,Mid Devon 002D,E07000042,NDVI_CLEAR_PCT,Area with a cloud-free summer observation,2024,100.0,PC
LSOA,E01020081,Mid Devon 005D,E07000042,NDVI_CLEAR_PCT,Area with a cloud-free summer observation,2024,100.0,PC
LSOA,E01020082,Mid Devon 009D,E07000042,NDVI_CLEAR_PCT,Area with a cloud-free summer observation,2024,97.8598,PC
LSOA,E01020083,Mid Devon 010D,E07000042,NDVI_CLEAR_PCT,Area with a cloud-free summer observation,2024,99.1325,PC
LSOA,E01020084,North Devon 012A,E07000043,NDVI_CLEAR_PCT,Area with a cloud-free summer observation,2024,100.0,PC
LSOA,E01020085,North Devon 012B,E07000043,NDVI_CLEAR_PCT,Area with a cloud-free summer observation,2024,100.0,PC
LSOA,E01020087,North Devon 014A,E07000043,NDVI_CLEAR_PCT,Area with a cloud-free summer observation,2024,99.9953,PC
LSOA,E01020088,North Devon 006A,E07000043,NDVI_CLEAR_PCT,Area with a cloud-free summer observation,2024,99.989,PC
LSOA,E01020089,North Devon 005A,E07000043,NDVI_CLEAR_PCT,Area with a cloud-free summer observation,2024,100.0,PC
LSOA,E01020090,North Devon 004A,E07000043,NDVI_CLEAR_PCT,Area with a cloud-free summer observation,2024,99.7142,PC
LSOA,E01020091,North Devon 005B,E07000043,NDVI_CLEAR_PCT,Area with a cloud-free summer observation,2024,100.0,PC
LSOA,E01020092,North Devon 005C,E07000043,NDVI_CLEAR_PCT,Area with a cloud-free summer observation,2024,100.0,PC
LSOA,E01020093,North Devon 005D,E07000043,NDVI_CLEAR_PCT,Area with a cloud-free summer observation,2024,100.0,PC
LSOA,E01020094,North Devon 008A,E07000043,NDVI_CLEAR_PCT,Area with a cloud-free summer observation,2024,100.0,PC
LSOA,E01020095,North Devon 008B,E07000043,NDVI_CLEAR_PCT,Area with a cloud-free summer observation,2024,100.0,PC
LSOA,E01020096,North Devon 009A,E07000043,NDVI_CLEAR_PCT,Area with a cloud-free summer observation,2024,100.0,PC
LSOA,E01020097,North Devon 013A,E07000043,NDVI_CLEAR_PCT,Area with a cloud-free summer observation,2024,94.5756,PC
LSOA,E01020098,North Devon 014B,E07000043,NDVI_CLEAR_PCT,Area with a cloud-free summer observation,2024,97.3908,PC
LSOA,E01020099,North Devon 002A,E07000043,NDVI_CLEAR_PCT,Area with a cloud-free summer observation,2024,99.8428,PC
LSOA,E01020100,North Devon 002B,E07000043,NDVI_CLEAR_PCT,Area with a cloud-free summer observation,2024,99.4037,PC
LSOA,E01020101,North Devon 002C,E07000043,NDVI_CLEAR_PCT,Area with a cloud-free summer observation,2024,100.0,PC
LSOA,E01020102,North Devon 010A,E07000043,NDVI_CLEAR_PCT,Area with a cloud-free summer observation,2024,100.0,PC
LSOA,E01020103,North Devon 010B,E07000043,NDVI_CLEAR_PCT,Area with a cloud-free summer observation,2024,100.0,PC
LSOA,E01020104,North Devon 010C,E07000043,NDVI_CLEAR_PCT,Area with a cloud-free summer observation,2024,100.0,PC
LSOA,E01020105,North Devon 011A,E07000043,NDVI_CLEAR_PCT,Area with a cloud-free summer observation,2024,100.0,PC
LSOA,E01020106,North Devon 011B,E07000043,NDVI_CLEAR_PCT,Area with a cloud-free summer observation,2024,100.0,PC
LSOA,E01020107,North Devon 011C,E07000043,NDVI_CLEAR_PCT,Area with a cloud-free summer observation,2024,100.0,PC
LSOA,E01020108,North Devon 004B,E07000043,NDVI_CLEAR_PCT,Area with a cloud-free summer observation,2024,99.8196,PC
LSOA,E01020109,North Devon 004C,E07000043,NDVI_CLEAR_PCT,Area with a cloud-free summer observation,2024,99.8516,PC
LSOA,E01020110,North Devon 005E,E07000043,NDVI_CLEAR_PCT,Area with a cloud-free summer observation,2024,100.0,PC
LSOA,E01020111,North Devon 001A,E07000043,NDVI_CLEAR_PCT,Area with a cloud-free summer observation,2024,99.1573,PC
LSOA,E01020112,North Devon 001B,E07000043,NDVI_CLEAR_PCT,Area with a cloud-free summer observation,2024,76.431,PC
LSOA,E01020113,North Devon 003A,E07000043,NDVI_CLEAR_PCT,Area with a cloud-free summer observation,2024,93.0784,PC
LSOA,E01020114,North Devon 001C,E07000043,NDVI_CLEAR_PCT,Area with a cloud-free summer observation,2024,97.1639,PC
LSOA,E01020115,North Devon 001D,E07000043,NDVI_CLEAR_PCT,Area with a cloud-free summer observation,2024,99.4644,PC
LSOA,E01020116,North Devon 003B,E07000043,NDVI_CLEAR_PCT,Area with a cloud-free summer observation,2024,99.8919,PC
LSOA,E01020117,North Devon 003C,E07000043,NDVI_CLEAR_PCT,Area with a cloud-free summer observation,2024,99.3177,PC
LSOA,E01020118,North Devon 003D,E07000043,NDVI_CLEAR_PCT,Area with a cloud-free summer observation,2024,100.0,PC
LSOA,E01020119,North Devon 011D,E07000043,NDVI_CLEAR_PCT,Area with a cloud-free summer observation,2024,100.0,PC
LSOA,E01020120,North Devon 006B,E07000043,NDVI_CLEAR_PCT,Area with a cloud-free summer observation,2024,100.0,PC
LSOA,E01020121,North Devon 012D,E07000043,NDVI_CLEAR_PCT,Area with a cloud-free summer observation,2024,100.0,PC
LSOA,E01020122,North Devon 012E,E07000043,NDVI_CLEAR_PCT,Area with a cloud-free summer observation,2024,100.0,PC
LSOA,E01020123,North Devon 009B,E07000043,NDVI_CLEAR_PCT,Area with a cloud-free summer observation,2024,100.0,PC
LSOA,E01020124,North Devon 009C,E07000043,NDVI_CLEAR_PCT,Area with a cloud-free summer observation,2024,100.0,PC
LSOA,E01020125,North Devon 009D,E07000043,NDVI_CLEAR_PCT,Area with a cloud-free summer observation,2024,100.0,PC
LSOA,E01020126,North Devon 002D,E07000043,NDVI_CLEAR_PCT,Area with a cloud-free summer observation,2024,99.5805,PC
LSOA,E01020127,North Devon 006C,E07000043,NDVI_CLEAR_PCT,Area with a cloud-free summer observation,2024,100.0,PC
LSOA,E01020128,North Devon 010D,E07000043,NDVI_CLEAR_PCT,Area with a cloud-free summer observation,2024,100.0,PC
LSOA,E01020129,North Devon 010E,E07000043,NDVI_CLEAR_PCT,Area with a cloud-free summer observation,2024,100.0,PC
LSOA,E01020130,North Devon 010F,E07000043,NDVI_CLEAR_PCT,Area with a cloud-free summer observation,2024,100.0,PC
LSOA,E01020131,North Devon 013B,E07000043,NDVI_CLEAR_PCT,Area with a cloud-free summer observation,2024,92.1627,PC
LSOA,E01020132,North Devon 007A,E07000043,NDVI_CLEAR_PCT,Area with a cloud-free summer observation,2024,100.0,PC
LSOA,E01020133,North Devon 007B,E07000043,NDVI_CLEAR_PCT,Area with a cloud-free summer observation,2024,100.0,PC
LSOA,E01020134,North Devon 007C,E07000043,NDVI_CLEAR_PCT,Area with a cloud-free summer observation,2024,100.0,PC
LSOA,E01020135,North Devon 013C,E07000043,NDVI_CLEAR_PCT,Area with a cloud-free summer observation,2024,100.0,PC
LSOA,E01020136,North Devon 013D,E07000043,NDVI_CLEAR_PCT,Area with a cloud-free summer observation,2024,99.9974,PC
LSOA,E01020137,North Devon 013E,E07000043,NDVI_CLEAR_PCT,Area with a cloud-free summer observation,2024,100.0,PC
LSOA,E01020138,North Devon 014C,E07000043,NDVI_CLEAR_PCT,Area with a cloud-free summer observation,2024,100.0,PC
LSOA,E01020139,North Devon 007D,E07000043,NDVI_CLEAR_PCT,Area with a cloud-free summer observation,2024,100.0,PC
LSOA,E01020140,North Devon 008C,E07000043,NDVI_CLEAR_PCT,Area with a cloud-free summer observation,2024,100.0,PC
LSOA,E01020141,North Devon 008D,E07000043,NDVI_CLEAR_PCT,Area with a cloud-free summer observation,2024,100.0,PC
LSOA,E01020142,South Hams 006A,E07000044,NDVI_CLEAR_PCT,Area with a cloud-free summer observation,2024,99.7367,PC
LSOA,E01020143,South Hams 006B,E07000044,NDVI_CLEAR_PCT,Area with a cloud-free summer observation,2024,98.3272,PC
LSOA,E01020144,South Hams 001A,E07000044,NDVI_CLEAR_PCT,Area with a cloud-free summer observation,2024,100.0,PC
LSOA,E01020145,South Hams 001B,E07000044,NDVI_CLEAR_PCT,Area with a cloud-free summer observation,2024,93.4931,PC
LSOA,E01020146,South Hams 001C,E07000044,NDVI_CLEAR_PCT,Area with a cloud-free summer observation,2024,100.0,PC
LSOA,E01020147,South Hams 008A,E07000044,NDVI_CLEAR_PCT,Area with a cloud-free summer observation,2024,99.9316,PC
LSOA,E01020148,South Hams 002A,E07000044,NDVI_CLEAR_PCT,Area with a cloud-free summer observation,2024,98.458,PC
LSOA,E01020149,South Hams 001D,E07000044,NDVI_CLEAR_PCT,Area with a cloud-free summer observation,2024,99.9401,PC
LSOA,E01020150,South Hams 006C,E07000044,NDVI_CLEAR_PCT,Area with a cloud-free summer observation,2024,94.6539,PC
LSOA,E01020151,South Hams 007A,E07000044,NDVI_CLEAR_PCT,Area with a cloud-free summer observation,2024,100.0,PC
LSOA,E01020152,South Hams 007B,E07000044,NDVI_CLEAR_PCT,Area with a cloud-free summer observation,2024,97.4038,PC
LSOA,E01020153,South Hams 004A,E07000044,NDVI_CLEAR_PCT,Area with a cloud-free summer observation,2024,99.6048,PC
LSOA,E01020154,South Hams 007C,E07000044,NDVI_CLEAR_PCT,Area with a cloud-free summer observation,2024,99.936,PC
LSOA,E01020155,South Hams 007D,E07000044,NDVI_CLEAR_PCT,Area with a cloud-free summer observation,2024,100.0,PC
LSOA,E01020156,South Hams 004B,E07000044,NDVI_CLEAR_PCT,Area with a cloud-free summer observation,2024,99.6664,PC
LSOA,E01020157,South Hams 002B,E07000044,NDVI_CLEAR_PCT,Area with a cloud-free summer observation,2024,96.1915,PC
LSOA,E01020158,South Hams 008B,E07000044,NDVI_CLEAR_PCT,Area with a cloud-free summer observation,2024,99.9815,PC
LSOA,E01020159,South Hams 008C,E07000044,NDVI_CLEAR_PCT,Area with a cloud-free summer observation,2024,99.9886,PC
LSOA,E01020160,South Hams 002C,E07000044,NDVI_CLEAR_PCT,Area with a cloud-free summer observation,2024,98.1435,PC
LSOA,E01020161,South Hams 005A,E07000044,NDVI_CLEAR_PCT,Area with a cloud-free summer observation,2024,100.0,PC
LSOA,E01020162,South Hams 005B,E07000044,NDVI_CLEAR_PCT,Area with a cloud-free summer observation,2024,100.0,PC
LSOA,E01020163,South Hams 005C,E07000044,NDVI_CLEAR_PCT,Area with a cloud-free summer observation,2024,100.0,PC
LSOA,E01020164,South Hams 005D,E07000044,NDVI_CLEAR_PCT,Area with a cloud-free summer observation,2024,100.0,PC
LSOA,E01020165,South Hams 005E,E07000044,NDVI_CLEAR_PCT,Area with a cloud-free summer observation,2024,100.0,PC
LSOA,E01020166,South Hams 005F,E07000044,NDVI_CLEAR_PCT,Area with a cloud-free summer observation,2024,100.0,PC
LSOA,E01020167,South Hams 005G,E07000044,NDVI_CLEAR_PCT,Area with a cloud-free summer observation,2024,100.0,PC
LSOA,E01020168,South Hams 010A,E07000044,NDVI_CLEAR_PCT,Area with a cloud-free summer observation,2024,100.0,PC
LSOA,E01020169,South Hams 010B,E07000044,NDVI_CLEAR_PCT,Area with a cloud-free summer observation,2024,99.5791,PC
LSOA,E01020170,South Hams 004C,E07000044,NDVI_CLEAR_PCT,Area with a cloud-free summer observation,2024,99.9953,PC
LSOA,E01020171,South Hams 009A,E07000044,NDVI_CLEAR_PCT,Area with a cloud-free summer observation,2024,99.9298,PC
LSOA,E01020172,South Hams 012A,E07000044,NDVI_CLEAR_PCT,Area with a cloud-free summer observation,2024,99.8829,PC
LSOA,E01020173,South Hams 012B,E07000044,NDVI_CLEAR_PCT,Area with a cloud-free summer observation,2024,99.8727,PC
LSOA,E01020174,South Hams 011A,E07000044,NDVI_CLEAR_PCT,Area with a cloud-free summer observation,2024,99.9825,PC
LSOA,E01020175,South Hams 011B,E07000044,NDVI_CLEAR_PCT,Area with a cloud-free summer observation,2024,99.9682,PC
LSOA,E01020176,South Hams 002D,E07000044,NDVI_CLEAR_PCT,Area with a cloud-free summer observation,2024,96.0037,PC
LSOA,E01020177,South Hams 002E,E07000044,NDVI_CLEAR_PCT,Area with a cloud-free summer observation,2024,100.0,PC
LSOA,E01020178,South Hams 011C,E07000044,NDVI_CLEAR_PCT,Area with a cloud-free summer observation,2024,99.3369,PC
LSOA,E01020179,South Hams 012C,E07000044,NDVI_CLEAR_PCT,Area with a cloud-free summer observation,2024,99.9796,PC
LSOA,E01020180,South Hams 003A,E07000044,NDVI_CLEAR_PCT,Area with a cloud-free summer observation,2024,100.0,PC
LSOA,E01020181,South Hams 003B,E07000044,NDVI_CLEAR_PCT,Area with a cloud-free summer observation,2024,100.0,PC
LSOA,E01020182,South Hams 003C,E07000044,NDVI_CLEAR_PCT,Area with a cloud-free summer observation,2024,100.0,PC
LSOA,E01020183,South Hams 003D,E07000044,NDVI_CLEAR_PCT,Area with a cloud-free summer observation,2024,99.8815,PC
LSOA,E01020184,South Hams 003E,E07000044,NDVI_CLEAR_PCT,Area with a cloud-free summer observation,2024,99.9251,PC
LSOA,E01020185,South Hams 009B,E07000044,NDVI_CLEAR_PCT,Area with a cloud-free summer observation,2024,99.9874,PC
LSOA,E01020186,South Hams 009C,E07000044,NDVI_CLEAR_PCT,Area with a cloud-free summer observation,2024,99.7258,PC
LSOA,E01020187,South Hams 009D,E07000044,NDVI_CLEAR_PCT,Area with a cloud-free summer observation,2024,99.9824,PC
LSOA,E01020188,South Hams 004D,E07000044,NDVI_CLEAR_PCT,Area with a cloud-free summer observation,2024,99.8883,PC
LSOA,E01020189,South Hams 010C,E07000044,NDVI_CLEAR_PCT,Area with a cloud-free summer observation,2024,99.9927,PC
LSOA,E01020190,South Hams 008D,E07000044,NDVI_CLEAR_PCT,Area with a cloud-free summer observation,2024,99.8887,PC
LSOA,E01020191,Teignbridge 013A,E07000045,NDVI_CLEAR_PCT,Area with a cloud-free summer observation,2024,100.0,PC
LSOA,E01020192,Teignbridge 019A,E07000045,NDVI_CLEAR_PCT,Area with a cloud-free summer observation,2024,100.0,PC
LSOA,E01020193,Teignbridge 019B,E07000045,NDVI_CLEAR_PCT,Area with a cloud-free summer observation,2024,100.0,PC
LSOA,E01020194,Teignbridge 013B,E07000045,NDVI_CLEAR_PCT,Area with a cloud-free summer observation,2024,100.0,PC
LSOA,E01020195,Teignbridge 017A,E07000045,NDVI_CLEAR_PCT,Area with a cloud-free summer observation,2024,99.8222,PC
LSOA,E01020196,Teignbridge 017B,E07000045,NDVI_CLEAR_PCT,Area with a cloud-free summer observation,2024,100.0,PC
LSOA,E01020197,Teignbridge 017C,E07000045,NDVI_CLEAR_PCT,Area with a cloud-free summer observation,2024,99.998,PC
LSOA,E01020198,Teignbridge 017D,E07000045,NDVI_CLEAR_PCT,Area with a cloud-free summer observation,2024,99.9133,PC
LSOA,E01020199,Teignbridge 017E,E07000045,NDVI_CLEAR_PCT,Area with a cloud-free summer observation,2024,99.4249,PC
LSOA,E01020200,Teignbridge 011A,E07000045,NDVI_CLEAR_PCT,Area with a cloud-free summer observation,2024,100.0,PC
LSOA,E01020201,Teignbridge 011B,E07000045,NDVI_CLEAR_PCT,Area with a cloud-free summer observation,2024,100.0,PC
LSOA,E01020202,Teignbridge 007A,E07000045,NDVI_CLEAR_PCT,Area with a cloud-free summer observation,2024,100.0,PC
LSOA,E01020203,Teignbridge 004A,E07000045,NDVI_CLEAR_PCT,Area with a cloud-free summer observation,2024,100.0,PC
LSOA,E01020204,Teignbridge 007B,E07000045,NDVI_CLEAR_PCT,Area with a cloud-free summer observation,2024,100.0,PC
LSOA,E01020205,Teignbridge 003A,E07000045,NDVI_CLEAR_PCT,Area with a cloud-free summer observation,2024,98.4755,PC
LSOA,E01020206,Teignbridge 004B,E07000045,NDVI_CLEAR_PCT,Area with a cloud-free summer observation,2024,100.0,PC
LSOA,E01020208,Teignbridge 012A,E07000045,NDVI_CLEAR_PCT,Area with a cloud-free summer observation,2024,100.0,PC
LSOA,E01020209,Teignbridge 012B,E07000045,NDVI_CLEAR_PCT,Area with a cloud-free summer observation,2024,100.0,PC
LSOA,E01020210,Teignbridge 012C,E07000045,NDVI_CLEAR_PCT,Area with a cloud-free summer observation,2024,100.0,PC
LSOA,E01020211,Teignbridge 014A,E07000045,NDVI_CLEAR_PCT,Area with a cloud-free summer observation,2024,99.791,PC
LSOA,E01020212,Teignbridge 016A,E07000045,NDVI_CLEAR_PCT,Area with a cloud-free summer observation,2024,100.0,PC
LSOA,E01020213,Teignbridge 016B,E07000045,NDVI_CLEAR_PCT,Area with a cloud-free summer observation,2024,100.0,PC
LSOA,E01020214,Teignbridge 016C,E07000045,NDVI_CLEAR_PCT,Area with a cloud-free summer observation,2024,100.0,PC
LSOA,E01020215,Teignbridge 016D,E07000045,NDVI_CLEAR_PCT,Area with a cloud-free summer observation,2024,100.0,PC
LSOA,E01020216,Teignbridge 015A,E07000045,NDVI_CLEAR_PCT,Area with a cloud-free summer observation,2024,100.0,PC
LSOA,E01020217,Teignbridge 014B,E07000045,NDVI_CLEAR_PCT,Area with a cloud-free summer observation,2024,99.6795,PC
LSOA,E01020218,Teignbridge 014C,E07000045,NDVI_CLEAR_PCT,Area with a cloud-free summer observation,2024,99.8285,PC
LSOA,E01020219,Teignbridge 012D,E07000045,NDVI_CLEAR_PCT,Area with a cloud-free summer observation,2024,99.8822,PC
LSOA,E01020220,Teignbridge 004C,E07000045,NDVI_CLEAR_PCT,Area with a cloud-free summer observation,2024,100.0,PC
LSOA,E01020221,Teignbridge 004D,E07000045,NDVI_CLEAR_PCT,Area with a cloud-free summer observation,2024,99.9597,PC
LSOA,E01020222,Teignbridge 004E,E07000045,NDVI_CLEAR_PCT,Area with a cloud-free summer observation,2024,100.0,PC
LSOA,E01020223,Teignbridge 004F,E07000045,NDVI_CLEAR_PCT,Area with a cloud-free summer observation,2024,99.8698,PC
LSOA,E01020224,Teignbridge 014D,E07000045,NDVI_CLEAR_PCT,Area with a cloud-free summer observation,2024,67.1171,PC
LSOA,E01020225,Teignbridge 015B,E07000045,NDVI_CLEAR_PCT,Area with a cloud-free summer observation,2024,94.9109,PC
LSOA,E01020226,Teignbridge 015C,E07000045,NDVI_CLEAR_PCT,Area with a cloud-free summer observation,2024,98.6797,PC
LSOA,E01020227,Teignbridge 015D,E07000045,NDVI_CLEAR_PCT,Area with a cloud-free summer observation,2024,100.0,PC
LSOA,E01020228,Teignbridge 006A,E07000045,NDVI_CLEAR_PCT,Area with a cloud-free summer observation,2024,100.0,PC
LSOA,E01020230,Teignbridge 005B,E07000045,NDVI_CLEAR_PCT,Area with a cloud-free summer observation,2024,100.0,PC
LSOA,E01020231,Teignbridge 005C,E07000045,NDVI_CLEAR_PCT,Area with a cloud-free summer observation,2024,100.0,PC
LSOA,E01020232,Teignbridge 005D,E07000045,NDVI_CLEAR_PCT,Area with a cloud-free summer observation,2024,100.0,PC
LSOA,E01020233,Teignbridge 006B,E07000045,NDVI_CLEAR_PCT,Area with a cloud-free summer observation,2024,100.0,PC
LSOA,E01020234,Teignbridge 006C,E07000045,NDVI_CLEAR_PCT,Area with a cloud-free summer observation,2024,100.0,PC
LSOA,E01020235,Teignbridge 006D,E07000045,NDVI_CLEAR_PCT,Area with a cloud-free summer observation,2024,100.0,PC
LSOA,E01020236,Teignbridge 007C,E07000045,NDVI_CLEAR_PCT,Area with a cloud-free summer observation,2024,100.0,PC
LSOA,E01020237,Teignbridge 007D,E07000045,NDVI_CLEAR_PCT,Area with a cloud-free summer observation,2024,100.0,PC
LSOA,E01020238,Teignbridge 019C,E07000045,NDVI_CLEAR_PCT,Area with a cloud-free summer observation,2024,100.0,PC
LSOA,E01020239,Teignbridge 019D,E07000045,NDVI_CLEAR_PCT,Area with a cloud-free summer observation,2024,99.9929,PC
LSOA,E01020240,Teignbridge 002A,E07000045,NDVI_CLEAR_PCT,Area with a cloud-free summer observation,2024,100.0,PC
LSOA,E01020241,Teignbridge 002B,E07000045,NDVI_CLEAR_PCT,Area with a cloud-free summer observation,2024,96.2461,PC
LSOA,E01020242,Teignbridge 002C,E07000045,NDVI_CLEAR_PCT,Area with a cloud-free summer observation,2024,99.9878,PC
LSOA,E01020243,Teignbridge 001A,E07000045,NDVI_CLEAR_PCT,Area with a cloud-free summer observation,2024,100.0,PC
LSOA,E01020244,Teignbridge 002D,E07000045,NDVI_CLEAR_PCT,Area with a cloud-free summer observation,2024,100.0,PC
LSOA,E01020245,Teignbridge 002E,E07000045,NDVI_CLEAR_PCT,Area with a cloud-free summer observation,2024,100.0,PC
LSOA,E01020246,Teignbridge 018A,E07000045,NDVI_CLEAR_PCT,Area with a cloud-free summer observation,2024,99.8742,PC
LSOA,E01020247,Teignbridge 018B,E07000045,NDVI_CLEAR_PCT,Area with a cloud-free summer observation,2024,100.0,PC
LSOA,E01020248,Teignbridge 018C,E07000045,NDVI_CLEAR_PCT,Area with a cloud-free summer observation,2024,100.0,PC
LSOA,E01020249,Teignbridge 018D,E07000045,NDVI_CLEAR_PCT,Area with a cloud-free summer observation,2024,100.0,PC
LSOA,E01020250,Teignbridge 009A,E07000045,NDVI_CLEAR_PCT,Area with a cloud-free summer observation,2024,100.0,PC
LSOA,E01020251,Teignbridge 011C,E07000045,NDVI_CLEAR_PCT,Area with a cloud-free summer observation,2024,100.0,PC
LSOA,E01020252,Teignbridge 009B,E07000045,NDVI_CLEAR_PCT,Area with a cloud-free summer observation,2024,99.8205,PC
LSOA,E01020253,Teignbridge 009C,E07000045,NDVI_CLEAR_PCT,Area with a cloud-free summer observation,2024,100.0,PC
LSOA,E01020254,Teignbridge 009D,E07000045,NDVI_CLEAR_PCT,Area with a cloud-free summer observation,2024,100.0,PC
LSOA,E01020255,Teignbridge 009E,E07000045,NDVI_CLEAR_PCT,Area with a cloud-free summer observation,2024,99.695,PC
LSOA,E01020256,Teignbridge 013D,E07000045,NDVI_CLEAR_PCT,Area with a cloud-free summer observation,2024,99.8914,PC
LSOA,E01020257,Teignbridge 009F,E07000045,NDVI_CLEAR_PCT,Area with a cloud-free summer observation,2024,100.0,PC
LSOA,E01020258,Teignbridge 003B,E07000045,NDVI_CLEAR_PCT,Area with a cloud-free summer observation,2024,100.0,PC
LSOA,E01020259,Teignbridge 003C,E07000045,NDVI_CLEAR_PCT,Area with a cloud-free summer observation,2024,98.7978,PC
LSOA,E01020260,Teignbridge 011D,E07000045,NDVI_CLEAR_PCT,Area with a cloud-free summer observation,2024,99.836,PC
LSOA,E01020261,Teignbridge 011E,E07000045,NDVI_CLEAR_PCT,Area with a cloud-free summer observation,2024,100.0,PC
LSOA,E01020262,Teignbridge 001B,E07000045,NDVI_CLEAR_PCT,Area with a cloud-free summer observation,2024,100.0,PC
LSOA,E01020263,Teignbridge 001C,E07000045,NDVI_CLEAR_PCT,Area with a cloud-free summer observation,2024,94.6697,PC
LSOA,E01020264,Teignbridge 010A,E07000045,NDVI_CLEAR_PCT,Area with a cloud-free summer observation,2024,100.0,PC
LSOA,E01020265,Teignbridge 008A,E07000045,NDVI_CLEAR_PCT,Area with a cloud-free summer observation,2024,100.0,PC
LSOA,E01020266,Teignbridge 008B,E07000045,NDVI_CLEAR_PCT,Area with a cloud-free summer observation,2024,100.0,PC
LSOA,E01020267,Teignbridge 008C,E07000045,NDVI_CLEAR_PCT,Area with a cloud-free summer observation,2024,100.0,PC
LSOA,E01020268,Teignbridge 008D,E07000045,NDVI_CLEAR_PCT,Area with a cloud-free summer observation,2024,100.0,PC
LSOA,E01020269,Teignbridge 010B,E07000045,NDVI_CLEAR_PCT,Area with a cloud-free summer observation,2024,100.0,PC
LSOA,E01020270,Teignbridge 008E,E07000045,NDVI_CLEAR_PCT,Area with a cloud-free summer observation,2024,100.0,PC
LSOA,E01020271,Teignbridge 010C,E07000045,NDVI_CLEAR_PCT,Area with a cloud-free summer observation,2024,100.0,PC
LSOA,E01020272,Teignbridge 010D,E07000045,NDVI_CLEAR_PCT,Area with a cloud-free summer observation,2024,100.0,PC
LSOA,E01020273,Teignbridge 003D,E07000045,NDVI_CLEAR_PCT,Area with a cloud-free summer observation,2024,99.9981,PC
LSOA,E01020274,Teignbridge 001D,E07000045,NDVI_CLEAR_PCT,Area with a cloud-free summer observation,2024,95.8452,PC
LSOA,E01020275,Torridge 001A,E07000046,NDVI_CLEAR_PCT,Area with a cloud-free summer observation,2024,98.8249,PC
LSOA,E01020276,Torridge 001B,E07000046,NDVI_CLEAR_PCT,Area with a cloud-free summer observation,2024,99.9601,PC
LSOA,E01020277,Torridge 004A,E07000046,NDVI_CLEAR_PCT,Area with a cloud-free summer observation,2024,100.0,PC
LSOA,E01020278,Torridge 004B,E07000046,NDVI_CLEAR_PCT,Area with a cloud-free summer observation,2024,99.9774,PC
LSOA,E01020279,Torridge 004C,E07000046,NDVI_CLEAR_PCT,Area with a cloud-free summer observation,2024,99.7618,PC
LSOA,E01020280,Torridge 003A,E07000046,NDVI_CLEAR_PCT,Area with a cloud-free summer observation,2024,99.8695,PC
LSOA,E01020281,Torridge 003B,E07000046,NDVI_CLEAR_PCT,Area with a cloud-free summer observation,2024,100.0,PC
LSOA,E01020282,Torridge 003C,E07000046,NDVI_CLEAR_PCT,Area with a cloud-free summer observation,2024,100.0,PC
LSOA,E01020283,Torridge 004D,E07000046,NDVI_CLEAR_PCT,Area with a cloud-free summer observation,2024,100.0,PC
LSOA,E01020284,Torridge 004E,E07000046,NDVI_CLEAR_PCT,Area with a cloud-free summer observation,2024,100.0,PC
LSOA,E01020285,Torridge 004F,E07000046,NDVI_CLEAR_PCT,Area with a cloud-free summer observation,2024,98.5203,PC
LSOA,E01020286,Torridge 009A,E07000046,NDVI_CLEAR_PCT,Area with a cloud-free summer observation,2024,99.993,PC
LSOA,E01020287,Torridge 007A,E07000046,NDVI_CLEAR_PCT,Area with a cloud-free summer observation,2024,98.4417,PC
LSOA,E01020288,Torridge 005A,E07000046,NDVI_CLEAR_PCT,Area with a cloud-free summer observation,2024,99.1268,PC
LSOA,E01020289,Torridge 009B,E07000046,NDVI_CLEAR_PCT,Area with a cloud-free summer observation,2024,99.7012,PC
LSOA,E01020290,Torridge 009C,E07000046,NDVI_CLEAR_PCT,Area with a cloud-free summer observation,2024,97.9264,PC
LSOA,E01020291,Torridge 008A,E07000046,NDVI_CLEAR_PCT,Area with a cloud-free summer observation,2024,99.6604,PC
LSOA,E01020292,Torridge 005B,E07000046,NDVI_CLEAR_PCT,Area with a cloud-free summer observation,2024,99.267,PC
LSOA,E01020293,Torridge 008B,E07000046,NDVI_CLEAR_PCT,Area with a cloud-free summer observation,2024,100.0,PC
LSOA,E01020294,Torridge 008C,E07000046,NDVI_CLEAR_PCT,Area with a cloud-free summer observation,2024,100.0,PC
LSOA,E01020295,Torridge 005C,E07000046,NDVI_CLEAR_PCT,Area with a cloud-free summer observation,2024,99.7811,PC
LSOA,E01020296,Torridge 005D,E07000046,NDVI_CLEAR_PCT,Area with a cloud-free summer observation,2024,99.994,PC
LSOA,E01020297,Torridge 001C,E07000046,NDVI_CLEAR_PCT,Area with a cloud-free summer observation,2024,99.8521,PC
LSOA,E01020298,Torridge 002A,E07000046,NDVI_CLEAR_PCT,Area with a cloud-free summer observation,2024,100.0,PC
LSOA,E01020299,Torridge 001D,E07000046,NDVI_CLEAR_PCT,Area with a cloud-free summer observation,2024,99.8286,PC
LSOA,E01020300,Torridge 002B,E07000046,NDVI_CLEAR_PCT,Area with a cloud-free summer observation,2024,100.0,PC
LSOA,E01020301,Torridge 009D,E07000046,NDVI_CLEAR_PCT,Area with a cloud-free summer observation,2024,100.0,PC
LSOA,E01020302,Torridge 008D,E07000046,NDVI_CLEAR_PCT,Area with a cloud-free summer observation,2024,99.936,PC
LSOA,E01020303,Torridge 007B,E07000046,NDVI_CLEAR_PCT,Area with a cloud-free summer observation,2024,95.6899,PC
LSOA,E01020304,Torridge 006A,E07000046,NDVI_CLEAR_PCT,Area with a cloud-free summer observation,2024,100.0,PC
LSOA,E01020305,Torridge 006B,E07000046,NDVI_CLEAR_PCT,Area with a cloud-free summer observation,2024,100.0,PC
LSOA,E01020306,Torridge 006C,E07000046,NDVI_CLEAR_PCT,Area with a cloud-free summer observation,2024,100.0,PC
LSOA,E01020307,Torridge 006D,E07000046,NDVI_CLEAR_PCT,Area with a cloud-free summer observation,2024,100.0,PC
LSOA,E01020308,Torridge 007C,E07000046,NDVI_CLEAR_PCT,Area with a cloud-free summer observation,2024,98.2979,PC
LSOA,E01020309,Torridge 008E,E07000046,NDVI_CLEAR_PCT,Area with a cloud-free summer observation,2024,100.0,PC
LSOA,E01020311,Torridge 007D,E07000046,NDVI_CLEAR_PCT,Area with a cloud-free summer observation,2024,91.301,PC
LSOA,E01020312,West Devon 007A,E07000047,NDVI_CLEAR_PCT,Area with a cloud-free summer observation,2024,99.7217,PC
LSOA,E01020313,West Devon 007B,E07000047,NDVI_CLEAR_PCT,Area with a cloud-free summer observation,2024,100.0,PC
LSOA,E01020314,West Devon 004A,E07000047,NDVI_CLEAR_PCT,Area with a cloud-free summer observation,2024,99.9992,PC
LSOA,E01020315,West Devon 007C,E07000047,NDVI_CLEAR_PCT,Area with a cloud-free summer observation,2024,75.7445,PC
LSOA,E01020316,West Devon 007D,E07000047,NDVI_CLEAR_PCT,Area with a cloud-free summer observation,2024,88.0432,PC
LSOA,E01020317,West Devon 006A,E07000047,NDVI_CLEAR_PCT,Area with a cloud-free summer observation,2024,90.9305,PC
LSOA,E01020318,West Devon 003A,E07000047,NDVI_CLEAR_PCT,Area with a cloud-free summer observation,2024,98.4034,PC
LSOA,E01020319,West Devon 003B,E07000047,NDVI_CLEAR_PCT,Area with a cloud-free summer observation,2024,96.4192,PC
LSOA,E01020320,West Devon 001A,E07000047,NDVI_CLEAR_PCT,Area with a cloud-free summer observation,2024,96.7617,PC
LSOA,E01020321,West Devon 001B,E07000047,NDVI_CLEAR_PCT,Area with a cloud-free summer observation,2024,97.7555,PC
LSOA,E01020323,West Devon 003C,E07000047,NDVI_CLEAR_PCT,Area with a cloud-free summer observation,2024,98.7598,PC
LSOA,E01020324,West Devon 006B,E07000047,NDVI_CLEAR_PCT,Area with a cloud-free summer observation,2024,98.8462,PC
LSOA,E01020325,West Devon 004B,E07000047,NDVI_CLEAR_PCT,Area with a cloud-free summer observation,2024,99.9994,PC
LSOA,E01020326,West Devon 001D,E07000047,NDVI_CLEAR_PCT,Area with a cloud-free summer observation,2024,84.3414,PC
LSOA,E01020327,West Devon 002A,E07000047,NDVI_CLEAR_PCT,Area with a cloud-free summer observation,2024,100.0,PC
LSOA,E01020328,West Devon 002B,E07000047,NDVI_CLEAR_PCT,Area with a cloud-free summer observation,2024,99.4489,PC
LSOA,E01020329,West Devon 002C,E07000047,NDVI_CLEAR_PCT,Area with a cloud-free summer observation,2024,99.5199,PC
LSOA,E01020330,West Devon 002D,E07000047,NDVI_CLEAR_PCT,Area with a cloud-free summer observation,2024,98.5101,PC
LSOA,E01020331,West Devon 004C,E07000047,NDVI_CLEAR_PCT,Area with a cloud-free summer observation,2024,94.5029,PC
LSOA,E01020332,West Devon 005A,E07000047,NDVI_CLEAR_PCT,Area with a cloud-free summer observation,2024,99.5637,PC
LSOA,E01020333,West Devon 005B,E07000047,NDVI_CLEAR_PCT,Area with a cloud-free summer observation,2024,99.9875,PC
LSOA,E01020334,West Devon 005C,E07000047,NDVI_CLEAR_PCT,Area with a cloud-free summer observation,2024,100.0,PC
LSOA,E01020335,West Devon 005D,E07000047,NDVI_CLEAR_PCT,Area with a cloud-free summer observation,2024,100.0,PC
LSOA,E01020336,West Devon 005E,E07000047,NDVI_CLEAR_PCT,Area with a cloud-free summer observation,2024,100.0,PC
LSOA,E01020337,West Devon 005F,E07000047,NDVI_CLEAR_PCT,Area with a cloud-free summer observation,2024,99.9023,PC
LSOA,E01020338,West Devon 005G,E07000047,NDVI_CLEAR_PCT,Area with a cloud-free summer observation,2024,100.0,PC
LSOA,E01020339,West Devon 003D,E07000047,NDVI_CLEAR_PCT,Area with a cloud-free summer observation,2024,95.7302,PC
LSOA,E01020340,West Devon 004D,E07000047,NDVI_CLEAR_PCT,Area with a cloud-free summer observation,2024,100.0,PC
LSOA,E01020341,West Devon 006C,E07000047,NDVI_CLEAR_PCT,Area with a cloud-free summer observation,2024,69.9719,PC
LSOA,E01020342,West Devon 006D,E07000047,NDVI_CLEAR_PCT,Area with a cloud-free summer observation,2024,48.0528,PC
LSOA,E01032628,East Devon 004G,E07000040,NDVI_CLEAR_PCT,Area with a cloud-free summer observation,2024,100.0,PC
LSOA,E01032657,Plymouth 027F,E06000026,NDVI_CLEAR_PCT,Area with a cloud-free summer observation,2024,100.0,PC
LSOA,E01032658,Plymouth 027G,E06000026,NDVI_CLEAR_PCT,Area with a cloud-free summer observation,2024,100.0,PC
LSOA,E01033232,Exeter 011F,E07000041,NDVI_CLEAR_PCT,Area with a cloud-free summer observation,2024,100.0,PC
LSOA,E01033234,Exeter 011G,E07000041,NDVI_CLEAR_PCT,Area with a cloud-free summer observation,2024,100.0,PC
LSOA,E01033235,Exeter 015E,E07000041,NDVI_CLEAR_PCT,Area with a cloud-free summer observation,2024,100.0,PC
LSOA,E01033236,Exeter 015F,E07000041,NDVI_CLEAR_PCT,Area with a cloud-free summer observation,2024,100.0,PC
LSOA,E01034157,Plymouth 031G,E06000026,NDVI_CLEAR_PCT,Area with a cloud-free summer observation,2024,99.5638,PC
LSOA,E01034158,Plymouth 031H,E06000026,NDVI_CLEAR_PCT,Area with a cloud-free summer observation,2024,100.0,PC
LSOA,E01034159,Plymouth 034B,E06000026,NDVI_CLEAR_PCT,Area with a cloud-free summer observation,2024,99.232,PC
LSOA,E01034160,Plymouth 034C,E06000026,NDVI_CLEAR_PCT,Area with a cloud-free summer observation,2024,92.8899,PC
LSOA,E01034161,Plymouth 034D,E06000026,NDVI_CLEAR_PCT,Area with a cloud-free summer observation,2024,98.4429,PC
LSOA,E01034162,Plymouth 034E,E06000026,NDVI_CLEAR_PCT,Area with a cloud-free summer observation,2024,98.5167,PC
LSOA,E01034165,Teignbridge 005E,E07000045,NDVI_CLEAR_PCT,Area with a cloud-free summer observation,2024,100.0,PC
LSOA,E01034166,Teignbridge 005F,E07000045,NDVI_CLEAR_PCT,Area with a cloud-free summer observation,2024,99.9105,PC
LSOA,E01034167,Teignbridge 013E,E07000045,NDVI_CLEAR_PCT,Area with a cloud-free summer observation,2024,100.0,PC
LSOA,E01034168,Teignbridge 013F,E07000045,NDVI_CLEAR_PCT,Area with a cloud-free summer observation,2024,100.0,PC
LSOA,E01034169,Torbay 003G,E06000027,NDVI_CLEAR_PCT,Area with a cloud-free summer observation,2024,100.0,PC
LSOA,E01034170,Torbay 003H,E06000027,NDVI_CLEAR_PCT,Area with a cloud-free summer observation,2024,100.0,PC
LSOA,E01034171,Torbay 013H,E06000027,NDVI_CLEAR_PCT,Area with a cloud-free summer observation,2024,100.0,PC
LSOA,E01034172,Torbay 013I,E06000027,NDVI_CLEAR_PCT,Area with a cloud-free summer observation,2024,99.9193,PC
LSOA,E01034618,East Devon 005F,E07000040,NDVI_CLEAR_PCT,Area with a cloud-free summer observation,2024,100.0,PC
LSOA,E01034619,East Devon 005G,E07000040,NDVI_CLEAR_PCT,Area with a cloud-free summer observation,2024,100.0,PC
LSOA,E01034620,East Devon 021C,E07000040,NDVI_CLEAR_PCT,Area with a cloud-free summer observation,2024,100.0,PC
LSOA,E01034621,East Devon 021D,E07000040,NDVI_CLEAR_PCT,Area with a cloud-free summer observation,2024,100.0,PC
LSOA,E01034622,East Devon 021E,E07000040,NDVI_CLEAR_PCT,Area with a cloud-free summer observation,2024,100.0,PC
LSOA,E01034623,East Devon 021F,E07000040,NDVI_CLEAR_PCT,Area with a cloud-free summer observation,2024,99.9867,PC
LSOA,E01034624,East Devon 022A,E07000040,NDVI_CLEAR_PCT,Area with a cloud-free summer observation,2024,100.0,PC
LSOA,E01034625,East Devon 022B,E07000040,NDVI_CLEAR_PCT,Area with a cloud-free summer observation,2024,100.0,PC
LSOA,E01034626,East Devon 022C,E07000040,NDVI_CLEAR_PCT,Area with a cloud-free summer observation,2024,100.0,PC
LSOA,E01034627,East Devon 022D,E07000040,NDVI_CLEAR_PCT,Area with a cloud-free summer observation,2024,100.0,PC
LSOA,E01034628,Exeter 001G,E07000041,NDVI_CLEAR_PCT,Area with a cloud-free summer observation,2024,100.0,PC
LSOA,E01034629,Exeter 001H,E07000041,NDVI_CLEAR_PCT,Area with a cloud-free summer observation,2024,99.9761,PC
LSOA,E01034630,Exeter 008F,E07000041,NDVI_CLEAR_PCT,Area with a cloud-free summer observation,2024,99.8092,PC
LSOA,E01034631,Exeter 008G,E07000041,NDVI_CLEAR_PCT,Area with a cloud-free summer observation,2024,100.0,PC
LSOA,E01034632,Exeter 011H,E07000041,NDVI_CLEAR_PCT,Area with a cloud-free summer observation,2024,100.0,PC
LSOA,E01034633,Exeter 011I,E07000041,NDVI_CLEAR_PCT,Area with a cloud-free summer observation,2024,100.0,PC
LSOA,E01034634,Exeter 015G,E07000041,NDVI_CLEAR_PCT,Area with a cloud-free summer observation,2024,100.0,PC
LSOA,E01034635,Exeter 015H,E07000041,NDVI_CLEAR_PCT,Area with a cloud-free summer observation,2024,100.0,PC
LSOA,E01034636,Mid Devon 002E,E07000042,NDVI_CLEAR_PCT,Area with a cloud-free summer observation,2024,99.9844,PC
LSOA,E01034637,Mid Devon 002F,E07000042,NDVI_CLEAR_PCT,Area with a cloud-free summer observation,2024,100.0,PC
LSOA,E01034638,North Devon 012F,E07000043,NDVI_CLEAR_PCT,Area with a cloud-free summer observation,2024,100.0,PC
LSOA,E01034639,North Devon 012G,E07000043,NDVI_CLEAR_PCT,Area with a cloud-free summer observation,2024,100.0,PC
LSOA,E01034640,Torridge 002D,E07000046,NDVI_CLEAR_PCT,Area with a cloud-free summer observation,2024,98.8056,PC
LSOA,E01034641,Torridge 002E,E07000046,NDVI_CLEAR_PCT,Area with a cloud-free summer observation,2024,98.7581,PC
LSOA,E01034642,West Devon 001E,E07000047,NDVI_CLEAR_PCT,Area with a cloud-free summer observation,2024,98.311,PC
LSOA,E01034643,West Devon 001F,E07000047,NDVI_CLEAR_PCT,Area with a cloud-free summer observation,2024,97.3776,PC
LAD,E06000026,Plymouth,,NDVI_MEAN,Mean summer NDVI from Sentinel-2,2024,0.574,NDVI
LAD,E06000027,Torbay,,NDVI_MEAN,Mean summer NDVI from Sentinel-2,2024,0.6584,NDVI
LAD,E07000040,East Devon,,NDVI_MEAN,Mean summer NDVI from Sentinel-2,2024,0.7513,NDVI
LAD,E07000041,Exeter,,NDVI_MEAN,Mean summer NDVI from Sentinel-2,2024,0.6072,NDVI
LAD,E07000042,Mid Devon,,NDVI_MEAN,Mean summer NDVI from Sentinel-2,2024,0.7729,NDVI
LAD,E07000043,North Devon,,NDVI_MEAN,Mean summer NDVI from Sentinel-2,2024,0.7795,NDVI
LAD,E07000044,South Hams,,NDVI_MEAN,Mean summer NDVI from Sentinel-2,2024,0.7922,NDVI
LAD,E07000045,Teignbridge,,NDVI_MEAN,Mean summer NDVI from Sentinel-2,2024,0.7927,NDVI
LAD,E07000046,Torridge,,NDVI_MEAN,Mean summer NDVI from Sentinel-2,2024,0.7553,NDVI
LAD,E07000047,West Devon,,NDVI_MEAN,Mean summer NDVI from Sentinel-2,2024,0.7658,NDVI
LSOA,E01015023,Plymouth 003A,E06000026,NDVI_MEAN,Mean summer NDVI from Sentinel-2,2024,0.7903,NDVI
LSOA,E01015024,Plymouth 004A,E06000026,NDVI_MEAN,Mean summer NDVI from Sentinel-2,2024,0.5944,NDVI
LSOA,E01015025,Plymouth 001A,E06000026,NDVI_MEAN,Mean summer NDVI from Sentinel-2,2024,0.6564,NDVI
LSOA,E01015026,Plymouth 003B,E06000026,NDVI_MEAN,Mean summer NDVI from Sentinel-2,2024,0.549,NDVI
LSOA,E01015027,Plymouth 002A,E06000026,NDVI_MEAN,Mean summer NDVI from Sentinel-2,2024,0.5519,NDVI
LSOA,E01015028,Plymouth 003C,E06000026,NDVI_MEAN,Mean summer NDVI from Sentinel-2,2024,0.6136,NDVI
LSOA,E01015029,Plymouth 008A,E06000026,NDVI_MEAN,Mean summer NDVI from Sentinel-2,2024,0.5992,NDVI
LSOA,E01015030,Plymouth 007A,E06000026,NDVI_MEAN,Mean summer NDVI from Sentinel-2,2024,0.6331,NDVI
LSOA,E01015031,Plymouth 023A,E06000026,NDVI_MEAN,Mean summer NDVI from Sentinel-2,2024,0.4701,NDVI
LSOA,E01015032,Plymouth 023B,E06000026,NDVI_MEAN,Mean summer NDVI from Sentinel-2,2024,0.3344,NDVI
LSOA,E01015033,Plymouth 016A,E06000026,NDVI_MEAN,Mean summer NDVI from Sentinel-2,2024,0.5587,NDVI
LSOA,E01015034,Plymouth 016B,E06000026,NDVI_MEAN,Mean summer NDVI from Sentinel-2,2024,0.5623,NDVI
LSOA,E01015035,Plymouth 012A,E06000026,NDVI_MEAN,Mean summer NDVI from Sentinel-2,2024,0.5093,NDVI
LSOA,E01015036,Plymouth 016C,E06000026,NDVI_MEAN,Mean summer NDVI from Sentinel-2,2024,0.6142,NDVI
LSOA,E01015037,Plymouth 012B,E06000026,NDVI_MEAN,Mean summer NDVI from Sentinel-2,2024,0.4873,NDVI
LSOA,E01015038,Plymouth 016D,E06000026,NDVI_MEAN,Mean summer NDVI from Sentinel-2,2024,0.5843,NDVI
LSOA,E01015039,Plymouth 014A,E06000026,NDVI_MEAN,Mean summer NDVI from Sentinel-2,2024,0.3687,NDVI
LSOA,E01015040,Plymouth 014B,E06000026,NDVI_MEAN,Mean summer NDVI from Sentinel-2,2024,0.5851,NDVI
LSOA,E01015041,Plymouth 014C,E06000026,NDVI_MEAN,Mean summer NDVI from Sentinel-2,2024,0.1934,NDVI
LSOA,E01015042,Plymouth 020A,E06000026,NDVI_MEAN,Mean summer NDVI from Sentinel-2,2024,0.2218,NDVI
LSOA,E01015043,Plymouth 026A,E06000026,NDVI_MEAN,Mean summer NDVI from Sentinel-2,2024,0.3164,NDVI
LSOA,E01015044,Plymouth 020B,E06000026,NDVI_MEAN,Mean summer NDVI from Sentinel-2,2024,0.3433,NDVI
LSOA,E01015045,Plymouth 026B,E06000026,NDVI_MEAN,Mean summer NDVI from Sentinel-2,2024,0.357,NDVI
LSOA,E01015046,Plymouth 026C,E06000026,NDVI_MEAN,Mean summer NDVI from Sentinel-2,2024,0.2488,NDVI
LSOA,E01015047,Plymouth 026D,E06000026,NDVI_MEAN,Mean summer NDVI from Sentinel-2,2024,0.4979,NDVI
LSOA,E01015048,Plymouth 026E,E06000026,NDVI_MEAN,Mean summer NDVI from Sentinel-2,2024,0.2806,NDVI
LSOA,E01015049,Plymouth 023C,E06000026,NDVI_MEAN,Mean summer NDVI from Sentinel-2,2024,0.2676,NDVI
LSOA,E01015050,Plymouth 023D,E06000026,NDVI_MEAN,Mean summer NDVI from Sentinel-2,2024,0.3441,NDVI
LSOA,E01015051,Plymouth 023E,E06000026,NDVI_MEAN,Mean summer NDVI from Sentinel-2,2024,0.2735,NDVI
LSOA,E01015052,Plymouth 028A,E06000026,NDVI_MEAN,Mean summer NDVI from Sentinel-2,2024,0.2715,NDVI
LSOA,E01015053,Plymouth 027A,E06000026,NDVI_MEAN,Mean summer NDVI from Sentinel-2,2024,0.3278,NDVI
LSOA,E01015054,Plymouth 027B,E06000026,NDVI_MEAN,Mean summer NDVI from Sentinel-2,2024,0.2698,NDVI
LSOA,E01015055,Plymouth 021A,E06000026,NDVI_MEAN,Mean summer NDVI from Sentinel-2,2024,0.693,NDVI
LSOA,E01015056,Plymouth 021B,E06000026,NDVI_MEAN,Mean summer NDVI from Sentinel-2,2024,0.6108,NDVI
LSOA,E01015057,Plymouth 021C,E06000026,NDVI_MEAN,Mean summer NDVI from Sentinel-2,2024,0.4971,NDVI
LSOA,E01015058,Plymouth 012C,E06000026,NDVI_MEAN,Mean summer NDVI from Sentinel-2,2024,0.6254,NDVI
LSOA,E01015059,Plymouth 021D,E06000026,NDVI_MEAN,Mean summer NDVI from Sentinel-2,2024,0.4679,NDVI
LSOA,E01015060,Plymouth 021E,E06000026,NDVI_MEAN,Mean summer NDVI from Sentinel-2,2024,0.5257,NDVI
LSOA,E01015061,Plymouth 025A,E06000026,NDVI_MEAN,Mean summer NDVI from Sentinel-2,2024,0.3985,NDVI
LSOA,E01015062,Plymouth 025B,E06000026,NDVI_MEAN,Mean summer NDVI from Sentinel-2,2024,0.3527,NDVI
LSOA,E01015063,Plymouth 010A,E06000026,NDVI_MEAN,Mean summer NDVI from Sentinel-2,2024,0.6899,NDVI
LSOA,E01015064,Plymouth 008B,E06000026,NDVI_MEAN,Mean summer NDVI from Sentinel-2,2024,0.5496,NDVI
LSOA,E01015065,Plymouth 008C,E06000026,NDVI_MEAN,Mean summer NDVI from Sentinel-2,2024,0.5011,NDVI
LSOA,E01015066,Plymouth 012D,E06000026,NDVI_MEAN,Mean summer NDVI from Sentinel-2,2024,0.6679,NDVI
LSOA,E01015067,Plymouth 012E,E06000026,NDVI_MEAN,Mean summer NDVI from Sentinel-2,2024,0.5456,NDVI
LSOA,E01015068,Plymouth 010B,E06000026,NDVI_MEAN,Mean summer NDVI from Sentinel-2,2024,0.5918,NDVI
LSOA,E01015069,Plymouth 010C,E06000026,NDVI_MEAN,Mean summer NDVI from Sentinel-2,2024,0.684,NDVI
LSOA,E01015070,Plymouth 007B,E06000026,NDVI_MEAN,Mean summer NDVI from Sentinel-2,2024,0.5906,NDVI
LSOA,E01015071,Plymouth 008D,E06000026,NDVI_MEAN,Mean summer NDVI from Sentinel-2,2024,0.6123,NDVI
LSOA,E01015072,Plymouth 013A,E06000026,NDVI_MEAN,Mean summer NDVI from Sentinel-2,2024,0.453,NDVI
LSOA,E01015073,Plymouth 013B,E06000026,NDVI_MEAN,Mean summer NDVI from Sentinel-2,2024,0.6644,NDVI
LSOA,E01015074,Plymouth 011A,E06000026,NDVI_MEAN,Mean summer NDVI from Sentinel-2,2024,0.6659,NDVI
LSOA,E01015075,Plymouth 014D,E06000026,NDVI_MEAN,Mean summer NDVI from Sentinel-2,2024,0.5799,NDVI
LSOA,E01015076,Plymouth 009A,E06000026,NDVI_MEAN,Mean summer NDVI from Sentinel-2,2024,0.5529,NDVI
LSOA,E01015077,Plymouth 011B,E06000026,NDVI_MEAN,Mean summer NDVI from Sentinel-2,2024,0.5788,NDVI
LSOA,E01015078,Plymouth 013C,E06000026,NDVI_MEAN,Mean summer NDVI from Sentinel-2,2024,0.4134,NDVI
LSOA,E01015079,Plymouth 011C,E06000026,NDVI_MEAN,Mean summer NDVI from Sentinel-2,2024,0.4314,NDVI
LSOA,E01015080,Plymouth 013D,E06000026,NDVI_MEAN,Mean summer NDVI from Sentinel-2,2024,0.4167,NDVI
LSOA,E01015081,Plymouth 007C,E06000026,NDVI_MEAN,Mean summer NDVI from Sentinel-2,2024,0.5171,NDVI
LSOA,E01015082,Plymouth 004B,E06000026,NDVI_MEAN,Mean summer NDVI from Sentinel-2,2024,0.5682,NDVI
LSOA,E01015083,Plymouth 004C,E06000026,NDVI_MEAN,Mean summer NDVI from Sentinel-2,2024,0.7635,NDVI
LSOA,E01015084,Plymouth 004D,E06000026,NDVI_MEAN,Mean summer NDVI from Sentinel-2,2024,0.6325,NDVI
LSOA,E01015085,Plymouth 006A,E06000026,NDVI_MEAN,Mean summer NDVI from Sentinel-2,2024,0.5967,NDVI
LSOA,E01015086,Plymouth 007D,E06000026,NDVI_MEAN,Mean summer NDVI from Sentinel-2,2024,0.651,NDVI
LSOA,E01015087,Plymouth 006B,E06000026,NDVI_MEAN,Mean summer NDVI from Sentinel-2,2024,0.5642,NDVI
LSOA,E01015088,Plymouth 006C,E06000026,NDVI_MEAN,Mean summer NDVI from Sentinel-2,2024,0.4638,NDVI
LSOA,E01015089,Plymouth 007E,E06000026,NDVI_MEAN,Mean summer NDVI from Sentinel-2,2024,0.5041,NDVI
LSOA,E01015090,Plymouth 005A,E06000026,NDVI_MEAN,Mean summer NDVI from Sentinel-2,2024,0.6005,NDVI
LSOA,E01015091,Plymouth 005B,E06000026,NDVI_MEAN,Mean summer NDVI from Sentinel-2,2024,0.7374,NDVI
LSOA,E01015092,Plymouth 005C,E06000026,NDVI_MEAN,Mean summer NDVI from Sentinel-2,2024,0.6223,NDVI
LSOA,E01015093,Plymouth 005D,E06000026,NDVI_MEAN,Mean summer NDVI from Sentinel-2,2024,0.6546,NDVI
LSOA,E01015094,Plymouth 005E,E06000026,NDVI_MEAN,Mean summer NDVI from Sentinel-2,2024,0.5313,NDVI
LSOA,E01015095,Plymouth 010D,E06000026,NDVI_MEAN,Mean summer NDVI from Sentinel-2,2024,0.6057,NDVI
LSOA,E01015096,Plymouth 010E,E06000026,NDVI_MEAN,Mean summer NDVI from Sentinel-2,2024,0.6874,NDVI
LSOA,E01015097,Plymouth 001B,E06000026,NDVI_MEAN,Mean summer NDVI from Sentinel-2,2024,0.639,NDVI
LSOA,E01015098,Plymouth 017A,E06000026,NDVI_MEAN,Mean summer NDVI from Sentinel-2,2024,0.3119,NDVI
LSOA,E01015099,Plymouth 017B,E06000026,NDVI_MEAN,Mean summer NDVI from Sentinel-2,2024,0.7291,NDVI
LSOA,E01015100,Plymouth 017C,E06000026,NDVI_MEAN,Mean summer NDVI from Sentinel-2,2024,0.4172,NDVI
LSOA,E01015101,Plymouth 016E,E06000026,NDVI_MEAN,Mean summer NDVI from Sentinel-2,2024,0.4903,NDVI
LSOA,E01015102,Plymouth 011D,E06000026,NDVI_MEAN,Mean summer NDVI from Sentinel-2,2024,0.4362,NDVI
LSOA,E01015103,Plymouth 017D,E06000026,NDVI_MEAN,Mean summer NDVI from Sentinel-2,2024,0.2596,NDVI
LSOA,E01015104,Plymouth 011E,E06000026,NDVI_MEAN,Mean summer NDVI from Sentinel-2,2024,0.3631,NDVI
LSOA,E01015105,Plymouth 017E,E06000026,NDVI_MEAN,Mean summer NDVI from Sentinel-2,2024,0.2919,NDVI
LSOA,E01015106,Plymouth 013E,E06000026,NDVI_MEAN,Mean summer NDVI from Sentinel-2,2024,0.5838,NDVI
LSOA,E01015107,Plymouth 018A,E06000026,NDVI_MEAN,Mean summer NDVI from Sentinel-2,2024,0.5333,NDVI
LSOA,E01015108,Plymouth 022A,E06000026,NDVI_MEAN,Mean summer NDVI from Sentinel-2,2024,0.5822,NDVI
LSOA,E01015109,Plymouth 022B,E06000026,NDVI_MEAN,Mean summer NDVI from Sentinel-2,2024,0.6064,NDVI
LSOA,E01015110,Plymouth 018B,E06000026,NDVI_MEAN,Mean summer NDVI from Sentinel-2,2024,0.525,NDVI
LSOA,E01015111,Plymouth 018C,E06000026,NDVI_MEAN,Mean summer NDVI from Sentinel-2,2024,0.4038,NDVI
LSOA,E01015112,Plymouth 019A,E06000026,NDVI_MEAN,Mean summer NDVI from Sentinel-2,2024,0.7429,NDVI
LSOA,E01015113,Plymouth 019B,E06000026,NDVI_MEAN,Mean summer NDVI from Sentinel-2,2024,0.5847,NDVI
LSOA,E01015114,Plymouth 019C,E06000026,NDVI_MEAN,Mean summer NDVI from Sentinel-2,2024,0.7114,NDVI
LSOA,E01015115,Plymouth 022C,E06000026,NDVI_MEAN,Mean summer NDVI from Sentinel-2,2024,0.6531,NDVI
LSOA,E01015116,Plymouth 022D,E06000026,NDVI_MEAN,Mean summer NDVI from Sentinel-2,2024,0.5039,NDVI
LSOA,E01015117,Plymouth 022E,E06000026,NDVI_MEAN,Mean summer NDVI from Sentinel-2,2024,0.6509,NDVI
LSOA,E01015118,Plymouth 019D,E06000026,NDVI_MEAN,Mean summer NDVI from Sentinel-2,2024,0.4452,NDVI
LSOA,E01015119,Plymouth 018D,E06000026,NDVI_MEAN,Mean summer NDVI from Sentinel-2,2024,0.5725,NDVI
LSOA,E01015120,Plymouth 015A,E06000026,NDVI_MEAN,Mean summer NDVI from Sentinel-2,2024,0.7582,NDVI
LSOA,E01015121,Plymouth 015B,E06000026,NDVI_MEAN,Mean summer NDVI from Sentinel-2,2024,0.4487,NDVI
LSOA,E01015122,Plymouth 019E,E06000026,NDVI_MEAN,Mean summer NDVI from Sentinel-2,2024,0.4549,NDVI
LSOA,E01015123,Plymouth 015C,E06000026,NDVI_MEAN,Mean summer NDVI from Sentinel-2,2024,0.526,NDVI
LSOA,E01015124,Plymouth 015D,E06000026,NDVI_MEAN,Mean summer NDVI from Sentinel-2,2024,0.4618,NDVI
LSOA,E01015125,Plymouth 015E,E06000026,NDVI_MEAN,Mean summer NDVI from Sentinel-2,2024,0.7261,NDVI
LSOA,E01015126,Plymouth 030A,E06000026,NDVI_MEAN,Mean summer NDVI from Sentinel-2,2024,0.5292,NDVI
LSOA,E01015127,Plymouth 030B,E06000026,NDVI_MEAN,Mean summer NDVI from Sentinel-2,2024,0.5437,NDVI
LSOA,E01015128,Plymouth 032A,E06000026,NDVI_MEAN,Mean summer NDVI from Sentinel-2,2024,0.5674,NDVI
LSOA,E01015129,Plymouth 032B,E06000026,NDVI_MEAN,Mean summer NDVI from Sentinel-2,2024,0.6563,NDVI
LSOA,E01015130,Plymouth 032C,E06000026,NDVI_MEAN,Mean summer NDVI from Sentinel-2,2024,0.7259,NDVI
LSOA,E01015131,Plymouth 030C,E06000026,NDVI_MEAN,Mean summer NDVI from Sentinel-2,2024,0.6405,NDVI
LSOA,E01015132,Plymouth 030D,E06000026,NDVI_MEAN,Mean summer NDVI from Sentinel-2,2024,0.5123,NDVI
LSOA,E01015133,Plymouth 030E,E06000026,NDVI_MEAN,Mean summer NDVI from Sentinel-2,2024,0.5009,NDVI
LSOA,E01015134,Plymouth 032D,E06000026,NDVI_MEAN,Mean summer NDVI from Sentinel-2,2024,0.5067,NDVI
LSOA,E01015136,Plymouth 031B,E06000026,NDVI_MEAN,Mean summer NDVI from Sentinel-2,2024,0.4983,NDVI
LSOA,E01015137,Plymouth 031C,E06000026,NDVI_MEAN,Mean summer NDVI from Sentinel-2,2024,0.4693,NDVI
LSOA,E01015138,Plymouth 031D,E06000026,NDVI_MEAN,Mean summer NDVI from Sentinel-2,2024,0.6237,NDVI
LSOA,E01015139,Plymouth 031E,E06000026,NDVI_MEAN,Mean summer NDVI from Sentinel-2,2024,0.7564,NDVI
LSOA,E01015140,Plymouth 032E,E06000026,NDVI_MEAN,Mean summer NDVI from Sentinel-2,2024,0.5203,NDVI
LSOA,E01015141,Plymouth 031F,E06000026,NDVI_MEAN,Mean summer NDVI from Sentinel-2,2024,0.6465,NDVI
LSOA,E01015142,Plymouth 009B,E06000026,NDVI_MEAN,Mean summer NDVI from Sentinel-2,2024,0.6106,NDVI
LSOA,E01015143,Plymouth 009C,E06000026,NDVI_MEAN,Mean summer NDVI from Sentinel-2,2024,0.4759,NDVI
LSOA,E01015144,Plymouth 009D,E06000026,NDVI_MEAN,Mean summer NDVI from Sentinel-2,2024,0.3898,NDVI
LSOA,E01015145,Plymouth 014E,E06000026,NDVI_MEAN,Mean summer NDVI from Sentinel-2,2024,0.5621,NDVI
LSOA,E01015146,Plymouth 009E,E06000026,NDVI_MEAN,Mean summer NDVI from Sentinel-2,2024,0.5559,NDVI
LSOA,E01015147,Plymouth 006D,E06000026,NDVI_MEAN,Mean summer NDVI from Sentinel-2,2024,0.4424,NDVI
LSOA,E01015148,Plymouth 006E,E06000026,NDVI_MEAN,Mean summer NDVI from Sentinel-2,2024,0.6876,NDVI
LSOA,E01015149,Plymouth 009F,E06000026,NDVI_MEAN,Mean summer NDVI from Sentinel-2,2024,0.5161,NDVI
LSOA,E01015150,Plymouth 009G,E06000026,NDVI_MEAN,Mean summer NDVI from Sentinel-2,2024,0.4676,NDVI
LSOA,E01015151,Plymouth 033A,E06000026,NDVI_MEAN,Mean summer NDVI from Sentinel-2,2024,0.46,NDVI
LSOA,E01015152,Plymouth 027C,E06000026,NDVI_MEAN,Mean summer NDVI from Sentinel-2,2024,0.287,NDVI
LSOA,E01015153,Plymouth 033C,E06000026,NDVI_MEAN,Mean summer NDVI from Sentinel-2,2024,0.489,NDVI
LSOA,E01015155,Plymouth 034A,E06000026,NDVI_MEAN,Mean summer NDVI from Sentinel-2,2024,0.3504,NDVI
LSOA,E01015156,Plymouth 027E,E06000026,NDVI_MEAN,Mean summer NDVI from Sentinel-2,2024,0.3579,NDVI
LSOA,E01015159,Plymouth 002B,E06000026,NDVI_MEAN,Mean summer NDVI from Sentinel-2,2024,0.6068,NDVI
LSOA,E01015160,Plymouth 001C,E06000026,NDVI_MEAN,Mean summer NDVI from Sentinel-2,2024,0.5819,NDVI
LSOA,E01015161,Plymouth 002C,E06000026,NDVI_MEAN,Mean summer NDVI from Sentinel-2,2024,0.5758,NDVI
LSOA,E01015162,Plymouth 002D,E06000026,NDVI_MEAN,Mean summer NDVI from Sentinel-2,2024,0.6587,NDVI
LSOA,E01015163,Plymouth 003D,E06000026,NDVI_MEAN,Mean summer NDVI from Sentinel-2,2024,0.744,NDVI
LSOA,E01015164,Plymouth 001D,E06000026,NDVI_MEAN,Mean summer NDVI from Sentinel-2,2024,0.5634,NDVI
LSOA,E01015165,Plymouth 003E,E06000026,NDVI_MEAN,Mean summer NDVI from Sentinel-2,2024,0.6922,NDVI
LSOA,E01015166,Plymouth 002E,E06000026,NDVI_MEAN,Mean summer NDVI from Sentinel-2,2024,0.702,NDVI
LSOA,E01015167,Plymouth 020C,E06000026,NDVI_MEAN,Mean summer NDVI from Sentinel-2,2024,0.4161,NDVI
LSOA,E01015168,Plymouth 020D,E06000026,NDVI_MEAN,Mean summer NDVI from Sentinel-2,2024,0.3492,NDVI
LSOA,E01015169,Plymouth 024A,E06000026,NDVI_MEAN,Mean summer NDVI from Sentinel-2,2024,0.4586,NDVI
LSOA,E01015170,Plymouth 024B,E06000026,NDVI_MEAN,Mean summer NDVI from Sentinel-2,2024,0.493,NDVI
LSOA,E01015171,Plymouth 020E,E06000026,NDVI_MEAN,Mean summer NDVI from Sentinel-2,2024,0.4877,NDVI
LSOA,E01015172,Plymouth 033B,E06000026,NDVI_MEAN,Mean summer NDVI from Sentinel-2,2024,0.5168,NDVI
LSOA,E01015173,Plymouth 024C,E06000026,NDVI_MEAN,Mean summer NDVI from Sentinel-2,2024,0.5836,NDVI
LSOA,E01015174,Plymouth 024D,E06000026,NDVI_MEAN,Mean summer NDVI from Sentinel-2,2024,0.2327,NDVI
LSOA,E01015175,Plymouth 025C,E06000026,NDVI_MEAN,Mean summer NDVI from Sentinel-2,2024,0.3185,NDVI
LSOA,E01015176,Plymouth 021F,E06000026,NDVI_MEAN,Mean summer NDVI from Sentinel-2,2024,0.5078,NDVI
LSOA,E01015177,Plymouth 025D,E06000026,NDVI_MEAN,Mean summer NDVI from Sentinel-2,2024,0.3596,NDVI
LSOA,E01015178,Plymouth 025E,E06000026,NDVI_MEAN,Mean summer NDVI from Sentinel-2,2024,0.3309,NDVI
LSOA,E01015179,Plymouth 028B,E06000026,NDVI_MEAN,Mean summer NDVI from Sentinel-2,2024,0.2967,NDVI
LSOA,E01015180,Plymouth 028C,E06000026,NDVI_MEAN,Mean summer NDVI from Sentinel-2,2024,0.4602,NDVI
LSOA,E01015181,Plymouth 028D,E06000026,NDVI_MEAN,Mean summer NDVI from Sentinel-2,2024,0.2039,NDVI
LSOA,E01015182,Plymouth 028E,E06000026,NDVI_MEAN,Mean summer NDVI from Sentinel-2,2024,0.2422,NDVI
LSOA,E01015183,Torbay 017A,E06000027,NDVI_MEAN,Mean summer NDVI from Sentinel-2,2024,0.6235,NDVI
LSOA,E01015184,Torbay 017B,E06000027,NDVI_MEAN,Mean summer NDVI from Sentinel-2,2024,0.4586,NDVI
LSOA,E01015185,Torbay 017C,E06000027,NDVI_MEAN,Mean summer NDVI from Sentinel-2,2024,0.4792,NDVI
LSOA,E01015186,Torbay 017D,E06000027,NDVI_MEAN,Mean summer NDVI from Sentinel-2,2024,0.3569,NDVI
LSOA,E01015187,Torbay 017E,E06000027,NDVI_MEAN,Mean summer NDVI from Sentinel-2,2024,0.5663,NDVI
LSOA,E01015188,Torbay 017F,E06000027,NDVI_MEAN,Mean summer NDVI from Sentinel-2,2024,0.4637,NDVI
LSOA,E01015189,Torbay 017G,E06000027,NDVI_MEAN,Mean summer NDVI from Sentinel-2,2024,0.5114,NDVI
LSOA,E01015190,Torbay 013A,E06000027,NDVI_MEAN,Mean summer NDVI from Sentinel-2,2024,0.7853,NDVI
LSOA,E01015191,Torbay 013B,E06000027,NDVI_MEAN,Mean summer NDVI from Sentinel-2,2024,0.6977,NDVI
LSOA,E01015192,Torbay 013C,E06000027,NDVI_MEAN,Mean summer NDVI from Sentinel-2,2024,0.4829,NDVI
LSOA,E01015193,Torbay 013D,E06000027,NDVI_MEAN,Mean summer NDVI from Sentinel-2,2024,0.431,NDVI
LSOA,E01015194,Torbay 013E,E06000027,NDVI_MEAN,Mean summer NDVI from Sentinel-2,2024,0.5955,NDVI
LSOA,E01015196,Torbay 013G,E06000027,NDVI_MEAN,Mean summer NDVI from Sentinel-2,2024,0.5184,NDVI
LSOA,E01015197,Torbay 016A,E06000027,NDVI_MEAN,Mean summer NDVI from Sentinel-2,2024,0.6608,NDVI
LSOA,E01015198,Torbay 016B,E06000027,NDVI_MEAN,Mean summer NDVI from Sentinel-2,2024,0.4928,NDVI
LSOA,E01015199,Torbay 016C,E06000027,NDVI_MEAN,Mean summer NDVI from Sentinel-2,2024,0.7707,NDVI
LSOA,E01015200,Torbay 016D,E06000027,NDVI_MEAN,Mean summer NDVI from Sentinel-2,2024,0.5133,NDVI
LSOA,E01015201,Torbay 016E,E06000027,NDVI_MEAN,Mean summer NDVI from Sentinel-2,2024,0.8335,NDVI
LSOA,E01015202,Torbay 012A,E06000027,NDVI_MEAN,Mean summer NDVI from Sentinel-2,2024,0.5064,NDVI
LSOA,E01015203,Torbay 012B,E06000027,NDVI_MEAN,Mean summer NDVI from Sentinel-2,2024,0.4798,NDVI
LSOA,E01015204,Torbay 012C,E06000027,NDVI_MEAN,Mean summer NDVI from Sentinel-2,2024,0.4485,NDVI
LSOA,E01015205,Torbay 012D,E06000027,NDVI_MEAN,Mean summer NDVI from Sentinel-2,2024,0.4791,NDVI
LSOA,E01015206,Torbay 012E,E06000027,NDVI_MEAN,Mean summer NDVI from Sentinel-2,2024,0.6596,NDVI
LSOA,E01015207,Torbay 019E,E06000027,NDVI_MEAN,Mean summer NDVI from Sentinel-2,2024,0.7839,NDVI
LSOA,E01015208,Torbay 019F,E06000027,NDVI_MEAN,Mean summer NDVI from Sentinel-2,2024,0.7,NDVI
LSOA,E01015209,Torbay 019A,E06000027,NDVI_MEAN,Mean summer NDVI from Sentinel-2,2024,0.625,NDVI
LSOA,E01015210,Torbay 019B,E06000027,NDVI_MEAN,Mean summer NDVI from Sentinel-2,2024,0.6592,NDVI
LSOA,E01015211,Torbay 019G,E06000027,NDVI_MEAN,Mean summer NDVI from Sentinel-2,2024,0.6146,NDVI
LSOA,E01015212,Torbay 019C,E06000027,NDVI_MEAN,Mean summer NDVI from Sentinel-2,2024,0.5385,NDVI
LSOA,E01015213,Torbay 019D,E06000027,NDVI_MEAN,Mean summer NDVI from Sentinel-2,2024,0.6248,NDVI
LSOA,E01015214,Torbay 006A,E06000027,NDVI_MEAN,Mean summer NDVI from Sentinel-2,2024,0.3683,NDVI
LSOA,E01015215,Torbay 006B,E06000027,NDVI_MEAN,Mean summer NDVI from Sentinel-2,2024,0.5448,NDVI
LSOA,E01015216,Torbay 006C,E06000027,NDVI_MEAN,Mean summer NDVI from Sentinel-2,2024,0.3605,NDVI
LSOA,E01015217,Torbay 008A,E06000027,NDVI_MEAN,Mean summer NDVI from Sentinel-2,2024,0.5037,NDVI
LSOA,E01015218,Torbay 006D,E06000027,NDVI_MEAN,Mean summer NDVI from Sentinel-2,2024,0.4552,NDVI
LSOA,E01015219,Torbay 015A,E06000027,NDVI_MEAN,Mean summer NDVI from Sentinel-2,2024,0.4639,NDVI
LSOA,E01015220,Torbay 015B,E06000027,NDVI_MEAN,Mean summer NDVI from Sentinel-2,2024,0.6594,NDVI
LSOA,E01015221,Torbay 015C,E06000027,NDVI_MEAN,Mean summer NDVI from Sentinel-2,2024,0.6409,NDVI
LSOA,E01015222,Torbay 015D,E06000027,NDVI_MEAN,Mean summer NDVI from Sentinel-2,2024,0.6327,NDVI
LSOA,E01015223,Torbay 015E,E06000027,NDVI_MEAN,Mean summer NDVI from Sentinel-2,2024,0.5884,NDVI
LSOA,E01015224,Torbay 011A,E06000027,NDVI_MEAN,Mean summer NDVI from Sentinel-2,2024,0.5211,NDVI
LSOA,E01015225,Torbay 011B,E06000027,NDVI_MEAN,Mean summer NDVI from Sentinel-2,2024,0.6195,NDVI
LSOA,E01015226,Torbay 011C,E06000027,NDVI_MEAN,Mean summer NDVI from Sentinel-2,2024,0.6849,NDVI
LSOA,E01015227,Torbay 011D,E06000027,NDVI_MEAN,Mean summer NDVI from Sentinel-2,2024,0.4985,NDVI
LSOA,E01015228,Torbay 011E,E06000027,NDVI_MEAN,Mean summer NDVI from Sentinel-2,2024,0.3574,NDVI
LSOA,E01015229,Torbay 014A,E06000027,NDVI_MEAN,Mean summer NDVI from Sentinel-2,2024,0.483,NDVI
LSOA,E01015230,Torbay 011F,E06000027,NDVI_MEAN,Mean summer NDVI from Sentinel-2,2024,0.6028,NDVI
LSOA,E01015231,Torbay 014B,E06000027,NDVI_MEAN,Mean summer NDVI from Sentinel-2,2024,0.3262,NDVI
LSOA,E01015232,Torbay 014C,E06000027,NDVI_MEAN,Mean summer NDVI from Sentinel-2,2024,0.3737,NDVI
LSOA,E01015233,Torbay 014D,E06000027,NDVI_MEAN,Mean summer NDVI from Sentinel-2,2024,0.3838,NDVI
LSOA,E01015234,Torbay 014E,E06000027,NDVI_MEAN,Mean summer NDVI from Sentinel-2,2024,0.3968,NDVI
LSOA,E01015235,Torbay 014F,E06000027,NDVI_MEAN,Mean summer NDVI from Sentinel-2,2024,0.4838,NDVI
LSOA,E01015236,Torbay 002A,E06000027,NDVI_MEAN,Mean summer NDVI from Sentinel-2,2024,0.8227,NDVI
LSOA,E01015237,Torbay 002B,E06000027,NDVI_MEAN,Mean summer NDVI from Sentinel-2,2024,0.4647,NDVI
LSOA,E01015238,Torbay 002C,E06000027,NDVI_MEAN,Mean summer NDVI from Sentinel-2,2024,0.5581,NDVI
LSOA,E01015239,Torbay 002D,E06000027,NDVI_MEAN,Mean summer NDVI from Sentinel-2,2024,0.4455,NDVI
LSOA,E01015240,Torbay 005A,E06000027,NDVI_MEAN,Mean summer NDVI from Sentinel-2,2024,0.6034,NDVI
LSOA,E01015241,Torbay 005B,E06000027,NDVI_MEAN,Mean summer NDVI from Sentinel-2,2024,0.364,NDVI
LSOA,E01015242,Torbay 005C,E06000027,NDVI_MEAN,Mean summer NDVI from Sentinel-2,2024,0.4106,NDVI
LSOA,E01015243,Torbay 005D,E06000027,NDVI_MEAN,Mean summer NDVI from Sentinel-2,2024,0.4897,NDVI
LSOA,E01015244,Torbay 018A,E06000027,NDVI_MEAN,Mean summer NDVI from Sentinel-2,2024,0.6699,NDVI
LSOA,E01015245,Torbay 018B,E06000027,NDVI_MEAN,Mean summer NDVI from Sentinel-2,2024,0.6211,NDVI
LSOA,E01015246,Torbay 018C,E06000027,NDVI_MEAN,Mean summer NDVI from Sentinel-2,2024,0.5068,NDVI
LSOA,E01015247,Torbay 018D,E06000027,NDVI_MEAN,Mean summer NDVI from Sentinel-2,2024,0.726,NDVI
LSOA,E01015248,Torbay 018E,E06000027,NDVI_MEAN,Mean summer NDVI from Sentinel-2,2024,0.4657,NDVI
LSOA,E01015249,Torbay 003A,E06000027,NDVI_MEAN,Mean summer NDVI from Sentinel-2,2024,0.5335,NDVI
LSOA,E01015250,Torbay 003B,E06000027,NDVI_MEAN,Mean summer NDVI from Sentinel-2,2024,0.7155,NDVI
LSOA,E01015251,Torbay 003C,E06000027,NDVI_MEAN,Mean summer NDVI from Sentinel-2,2024,0.5152,NDVI
LSOA,E01015253,Torbay 003E,E06000027,NDVI_MEAN,Mean summer NDVI from Sentinel-2,2024,0.642,NDVI
LSOA,E01015254,Torbay 003F,E06000027,NDVI_MEAN,Mean summer NDVI from Sentinel-2,2024,0.5256,NDVI
LSOA,E01015255,Torbay 008B,E06000027,NDVI_MEAN,Mean summer NDVI from Sentinel-2,2024,0.3793,NDVI
LSOA,E01015256,Torbay 008C,E06000027,NDVI_MEAN,Mean summer NDVI from Sentinel-2,2024,0.3342,NDVI
LSOA,E01015257,Torbay 004A,E06000027,NDVI_MEAN,Mean summer NDVI from Sentinel-2,2024,0.6292,NDVI
LSOA,E01015258,Torbay 004B,E06000027,NDVI_MEAN,Mean summer NDVI from Sentinel-2,2024,0.5298,NDVI
LSOA,E01015259,Torbay 004C,E06000027,NDVI_MEAN,Mean summer NDVI from Sentinel-2,2024,0.5275,NDVI
LSOA,E01015260,Torbay 004D,E06000027,NDVI_MEAN,Mean summer NDVI from Sentinel-2,2024,0.492,NDVI
LSOA,E01015261,Torbay 008D,E06000027,NDVI_MEAN,Mean summer NDVI from Sentinel-2,2024,0.4812,NDVI
LSOA,E01015262,Torbay 001A,E06000027,NDVI_MEAN,Mean summer NDVI from Sentinel-2,2024,0.4906,NDVI
LSOA,E01015263,Torbay 001B,E06000027,NDVI_MEAN,Mean summer NDVI from Sentinel-2,2024,0.5696,NDVI
LSOA,E01015264,Torbay 001C,E06000027,NDVI_MEAN,Mean summer NDVI from Sentinel-2,2024,0.6851,NDVI
LSOA,E01015265,Torbay 001D,E06000027,NDVI_MEAN,Mean summer NDVI from Sentinel-2,2024,0.5424,NDVI
LSOA,E01015266,Torbay 001E,E06000027,NDVI_MEAN,Mean summer NDVI from Sentinel-2,2024,0.526,NDVI
LSOA,E01015267,Torbay 010A,E06000027,NDVI_MEAN,Mean summer NDVI from Sentinel-2,2024,0.5636,NDVI
LSOA,E01015268,Torbay 010B,E06000027,NDVI_MEAN,Mean summer NDVI from Sentinel-2,2024,0.6396,NDVI
LSOA,E01015269,Torbay 010C,E06000027,NDVI_MEAN,Mean summer NDVI from Sentinel-2,2024,0.6498,NDVI
LSOA,E01015270,Torbay 010D,E06000027,NDVI_MEAN,Mean summer NDVI from Sentinel-2,2024,0.6354,NDVI
LSOA,E01015271,Torbay 010E,E06000027,NDVI_MEAN,Mean summer NDVI from Sentinel-2,2024,0.7321,NDVI
LSOA,E01019887,East Devon 005B,E07000040,NDVI_MEAN,Mean summer NDVI from Sentinel-2,2024,0.6003,NDVI
LSOA,E01019888,East Devon 005C,E07000040,NDVI_MEAN,Mean summer NDVI from Sentinel-2,2024,0.7693,NDVI
LSOA,E01019889,East Devon 005D,E07000040,NDVI_MEAN,Mean summer NDVI from Sentinel-2,2024,0.7828,NDVI
LSOA,E01019890,East Devon 009A,E07000040,NDVI_MEAN,Mean summer NDVI from Sentinel-2,2024,0.7597,NDVI
LSOA,E01019891,East Devon 021B,E07000040,NDVI_MEAN,Mean summer NDVI from Sentinel-2,2024,0.7563,NDVI
LSOA,E01019894,East Devon 017A,E07000040,NDVI_MEAN,Mean summer NDVI from Sentinel-2,2024,0.5073,NDVI
LSOA,E01019895,East Devon 017B,E07000040,NDVI_MEAN,Mean summer NDVI from Sentinel-2,2024,0.7455,NDVI
LSOA,E01019896,East Devon 017C,E07000040,NDVI_MEAN,Mean summer NDVI from Sentinel-2,2024,0.6955,NDVI
LSOA,E01019897,East Devon 017D,E07000040,NDVI_MEAN,Mean summer NDVI from Sentinel-2,2024,0.6201,NDVI
LSOA,E01019898,East Devon 014A,E07000040,NDVI_MEAN,Mean summer NDVI from Sentinel-2,2024,0.6664,NDVI
LSOA,E01019899,East Devon 007A,E07000040,NDVI_MEAN,Mean summer NDVI from Sentinel-2,2024,0.5803,NDVI
LSOA,E01019900,East Devon 007B,E07000040,NDVI_MEAN,Mean summer NDVI from Sentinel-2,2024,0.7883,NDVI
LSOA,E01019901,East Devon 009B,E07000040,NDVI_MEAN,Mean summer NDVI from Sentinel-2,2024,0.8096,NDVI
LSOA,E01019902,East Devon 001A,E07000040,NDVI_MEAN,Mean summer NDVI from Sentinel-2,2024,0.7893,NDVI
LSOA,E01019903,East Devon 021A,E07000040,NDVI_MEAN,Mean summer NDVI from Sentinel-2,2024,0.745,NDVI
LSOA,E01019904,East Devon 015A,E07000040,NDVI_MEAN,Mean summer NDVI from Sentinel-2,2024,0.442,NDVI
LSOA,E01019905,East Devon 015B,E07000040,NDVI_MEAN,Mean summer NDVI from Sentinel-2,2024,0.7572,NDVI
LSOA,E01019906,East Devon 015C,E07000040,NDVI_MEAN,Mean summer NDVI from Sentinel-2,2024,0.4556,NDVI
LSOA,E01019907,East Devon 015D,E07000040,NDVI_MEAN,Mean summer NDVI from Sentinel-2,2024,0.4467,NDVI
LSOA,E01019908,East Devon 016A,E07000040,NDVI_MEAN,Mean summer NDVI from Sentinel-2,2024,0.4717,NDVI
LSOA,E01019909,East Devon 016B,E07000040,NDVI_MEAN,Mean summer NDVI from Sentinel-2,2024,0.515,NDVI
LSOA,E01019910,East Devon 016C,E07000040,NDVI_MEAN,Mean summer NDVI from Sentinel-2,2024,0.5396,NDVI
LSOA,E01019911,East Devon 016D,E07000040,NDVI_MEAN,Mean summer NDVI from Sentinel-2,2024,0.7143,NDVI
LSOA,E01019912,East Devon 020A,E07000040,NDVI_MEAN,Mean summer NDVI from Sentinel-2,2024,0.462,NDVI
LSOA,E01019913,East Devon 020B,E07000040,NDVI_MEAN,Mean summer NDVI from Sentinel-2,2024,0.612,NDVI
LSOA,E01019914,East Devon 020C,E07000040,NDVI_MEAN,Mean summer NDVI from Sentinel-2,2024,0.6863,NDVI
LSOA,E01019915,East Devon 020D,E07000040,NDVI_MEAN,Mean summer NDVI from Sentinel-2,2024,0.5739,NDVI
LSOA,E01019916,East Devon 019A,E07000040,NDVI_MEAN,Mean summer NDVI from Sentinel-2,2024,0.2644,NDVI
LSOA,E01019917,East Devon 019B,E07000040,NDVI_MEAN,Mean summer NDVI from Sentinel-2,2024,0.3282,NDVI
LSOA,E01019918,East Devon 019C,E07000040,NDVI_MEAN,Mean summer NDVI from Sentinel-2,2024,0.4122,NDVI
LSOA,E01019919,East Devon 019D,E07000040,NDVI_MEAN,Mean summer NDVI from Sentinel-2,2024,0.3259,NDVI
LSOA,E01019920,East Devon 018A,E07000040,NDVI_MEAN,Mean summer NDVI from Sentinel-2,2024,0.5221,NDVI
LSOA,E01019921,East Devon 018B,E07000040,NDVI_MEAN,Mean summer NDVI from Sentinel-2,2024,0.4903,NDVI
LSOA,E01019922,East Devon 018C,E07000040,NDVI_MEAN,Mean summer NDVI from Sentinel-2,2024,0.5517,NDVI
LSOA,E01019923,East Devon 018D,E07000040,NDVI_MEAN,Mean summer NDVI from Sentinel-2,2024,0.5036,NDVI
LSOA,E01019924,East Devon 018E,E07000040,NDVI_MEAN,Mean summer NDVI from Sentinel-2,2024,0.7048,NDVI
LSOA,E01019925,East Devon 004A,E07000040,NDVI_MEAN,Mean summer NDVI from Sentinel-2,2024,0.6672,NDVI
LSOA,E01019927,East Devon 002A,E07000040,NDVI_MEAN,Mean summer NDVI from Sentinel-2,2024,0.4208,NDVI
LSOA,E01019928,East Devon 003A,E07000040,NDVI_MEAN,Mean summer NDVI from Sentinel-2,2024,0.5144,NDVI
LSOA,E01019929,East Devon 003B,E07000040,NDVI_MEAN,Mean summer NDVI from Sentinel-2,2024,0.6272,NDVI
LSOA,E01019930,East Devon 003C,E07000040,NDVI_MEAN,Mean summer NDVI from Sentinel-2,2024,0.559,NDVI
LSOA,E01019931,East Devon 003D,E07000040,NDVI_MEAN,Mean summer NDVI from Sentinel-2,2024,0.7952,NDVI
LSOA,E01019932,East Devon 002B,E07000040,NDVI_MEAN,Mean summer NDVI from Sentinel-2,2024,0.5413,NDVI
LSOA,E01019933,East Devon 002C,E07000040,NDVI_MEAN,Mean summer NDVI from Sentinel-2,2024,0.5504,NDVI
LSOA,E01019934,East Devon 002D,E07000040,NDVI_MEAN,Mean summer NDVI from Sentinel-2,2024,0.7771,NDVI
LSOA,E01019935,East Devon 007C,E07000040,NDVI_MEAN,Mean summer NDVI from Sentinel-2,2024,0.7824,NDVI
LSOA,E01019936,East Devon 007D,E07000040,NDVI_MEAN,Mean summer NDVI from Sentinel-2,2024,0.7865,NDVI
LSOA,E01019937,East Devon 013A,E07000040,NDVI_MEAN,Mean summer NDVI from Sentinel-2,2024,0.7468,NDVI
LSOA,E01019938,East Devon 001B,E07000040,NDVI_MEAN,Mean summer NDVI from Sentinel-2,2024,0.7941,NDVI
LSOA,E01019939,East Devon 008A,E07000040,NDVI_MEAN,Mean summer NDVI from Sentinel-2,2024,0.735,NDVI
LSOA,E01019940,East Devon 008B,E07000040,NDVI_MEAN,Mean summer NDVI from Sentinel-2,2024,0.7556,NDVI
LSOA,E01019942,East Devon 008C,E07000040,NDVI_MEAN,Mean summer NDVI from Sentinel-2,2024,0.6503,NDVI
LSOA,E01019943,East Devon 008D,E07000040,NDVI_MEAN,Mean summer NDVI from Sentinel-2,2024,0.7412,NDVI
LSOA,E01019944,East Devon 008E,E07000040,NDVI_MEAN,Mean summer NDVI from Sentinel-2,2024,0.6836,NDVI
LSOA,E01019945,East Devon 013B,E07000040,NDVI_MEAN,Mean summer NDVI from Sentinel-2,2024,0.7145,NDVI
LSOA,E01019946,East Devon 010A,E07000040,NDVI_MEAN,Mean summer NDVI from Sentinel-2,2024,0.6846,NDVI
LSOA,E01019947,East Devon 010B,E07000040,NDVI_MEAN,Mean summer NDVI from Sentinel-2,2024,0.3314,NDVI
LSOA,E01019948,East Devon 010C,E07000040,NDVI_MEAN,Mean summer NDVI from Sentinel-2,2024,0.4842,NDVI
LSOA,E01019949,East Devon 010D,E07000040,NDVI_MEAN,Mean summer NDVI from Sentinel-2,2024,0.7172,NDVI
LSOA,E01019950,East Devon 010E,E07000040,NDVI_MEAN,Mean summer NDVI from Sentinel-2,2024,0.6345,NDVI
LSOA,E01019951,East Devon 009C,E07000040,NDVI_MEAN,Mean summer NDVI from Sentinel-2,2024,0.7904,NDVI
LSOA,E01019952,East Devon 011A,E07000040,NDVI_MEAN,Mean summer NDVI from Sentinel-2,2024,0.5836,NDVI
LSOA,E01019953,East Devon 011B,E07000040,NDVI_MEAN,Mean summer NDVI from Sentinel-2,2024,0.6928,NDVI
LSOA,E01019954,East Devon 011C,E07000040,NDVI_MEAN,Mean summer NDVI from Sentinel-2,2024,0.7591,NDVI
LSOA,E01019955,East Devon 011D,E07000040,NDVI_MEAN,Mean summer NDVI from Sentinel-2,2024,0.6013,NDVI
LSOA,E01019956,East Devon 012A,E07000040,NDVI_MEAN,Mean summer NDVI from Sentinel-2,2024,0.4111,NDVI
LSOA,E01019957,East Devon 012B,E07000040,NDVI_MEAN,Mean summer NDVI from Sentinel-2,2024,0.742,NDVI
LSOA,E01019958,East Devon 012C,E07000040,NDVI_MEAN,Mean summer NDVI from Sentinel-2,2024,0.6776,NDVI
LSOA,E01019959,East Devon 004D,E07000040,NDVI_MEAN,Mean summer NDVI from Sentinel-2,2024,0.7513,NDVI
LSOA,E01019960,East Devon 004E,E07000040,NDVI_MEAN,Mean summer NDVI from Sentinel-2,2024,0.716,NDVI
LSOA,E01019961,East Devon 007E,E07000040,NDVI_MEAN,Mean summer NDVI from Sentinel-2,2024,0.7289,NDVI
LSOA,E01019962,East Devon 004F,E07000040,NDVI_MEAN,Mean summer NDVI from Sentinel-2,2024,0.7356,NDVI
LSOA,E01019963,East Devon 013C,E07000040,NDVI_MEAN,Mean summer NDVI from Sentinel-2,2024,0.6381,NDVI
LSOA,E01019964,East Devon 014B,E07000040,NDVI_MEAN,Mean summer NDVI from Sentinel-2,2024,0.7108,NDVI
LSOA,E01019965,East Devon 014C,E07000040,NDVI_MEAN,Mean summer NDVI from Sentinel-2,2024,0.6694,NDVI
LSOA,E01019966,East Devon 005E,E07000040,NDVI_MEAN,Mean summer NDVI from Sentinel-2,2024,0.7927,NDVI
LSOA,E01019967,East Devon 001C,E07000040,NDVI_MEAN,Mean summer NDVI from Sentinel-2,2024,0.789,NDVI
LSOA,E01019968,Exeter 014A,E07000041,NDVI_MEAN,Mean summer NDVI from Sentinel-2,2024,0.5105,NDVI
LSOA,E01019969,Exeter 014B,E07000041,NDVI_MEAN,Mean summer NDVI from Sentinel-2,2024,0.3836,NDVI
LSOA,E01019970,Exeter 014C,E07000041,NDVI_MEAN,Mean summer NDVI from Sentinel-2,2024,0.5642,NDVI
LSOA,E01019971,Exeter 014D,E07000041,NDVI_MEAN,Mean summer NDVI from Sentinel-2,2024,0.4917,NDVI
LSOA,E01019972,Exeter 014E,E07000041,NDVI_MEAN,Mean summer NDVI from Sentinel-2,2024,0.3382,NDVI
LSOA,E01019973,Exeter 012A,E07000041,NDVI_MEAN,Mean summer NDVI from Sentinel-2,2024,0.659,NDVI
LSOA,E01019974,Exeter 012B,E07000041,NDVI_MEAN,Mean summer NDVI from Sentinel-2,2024,0.5377,NDVI
LSOA,E01019975,Exeter 010A,E07000041,NDVI_MEAN,Mean summer NDVI from Sentinel-2,2024,0.4555,NDVI
LSOA,E01019976,Exeter 012C,E07000041,NDVI_MEAN,Mean summer NDVI from Sentinel-2,2024,0.743,NDVI
LSOA,E01019977,Exeter 012D,E07000041,NDVI_MEAN,Mean summer NDVI from Sentinel-2,2024,0.4572,NDVI
LSOA,E01019980,Exeter 005A,E07000041,NDVI_MEAN,Mean summer NDVI from Sentinel-2,2024,0.7346,NDVI
LSOA,E01019981,Exeter 012E,E07000041,NDVI_MEAN,Mean summer NDVI from Sentinel-2,2024,0.7693,NDVI
LSOA,E01019982,Exeter 005B,E07000041,NDVI_MEAN,Mean summer NDVI from Sentinel-2,2024,0.8257,NDVI
LSOA,E01019983,Exeter 005C,E07000041,NDVI_MEAN,Mean summer NDVI from Sentinel-2,2024,0.5207,NDVI
LSOA,E01019984,Exeter 005D,E07000041,NDVI_MEAN,Mean summer NDVI from Sentinel-2,2024,0.5785,NDVI
LSOA,E01019985,Exeter 005E,E07000041,NDVI_MEAN,Mean summer NDVI from Sentinel-2,2024,0.6317,NDVI
LSOA,E01019986,Exeter 007A,E07000041,NDVI_MEAN,Mean summer NDVI from Sentinel-2,2024,0.5727,NDVI
LSOA,E01019987,Exeter 006A,E07000041,NDVI_MEAN,Mean summer NDVI from Sentinel-2,2024,0.4375,NDVI
LSOA,E01019988,Exeter 013A,E07000041,NDVI_MEAN,Mean summer NDVI from Sentinel-2,2024,0.5034,NDVI
LSOA,E01019989,Exeter 006B,E07000041,NDVI_MEAN,Mean summer NDVI from Sentinel-2,2024,0.4278,NDVI
LSOA,E01019990,Exeter 002A,E07000041,NDVI_MEAN,Mean summer NDVI from Sentinel-2,2024,0.7777,NDVI
LSOA,E01019991,Exeter 002B,E07000041,NDVI_MEAN,Mean summer NDVI from Sentinel-2,2024,0.6024,NDVI
LSOA,E01019992,Exeter 003A,E07000041,NDVI_MEAN,Mean summer NDVI from Sentinel-2,2024,0.528,NDVI
LSOA,E01019993,Exeter 002C,E07000041,NDVI_MEAN,Mean summer NDVI from Sentinel-2,2024,0.8053,NDVI
LSOA,E01019994,Exeter 008A,E07000041,NDVI_MEAN,Mean summer NDVI from Sentinel-2,2024,0.5712,NDVI
LSOA,E01019995,Exeter 008B,E07000041,NDVI_MEAN,Mean summer NDVI from Sentinel-2,2024,0.355,NDVI
LSOA,E01019996,Exeter 009A,E07000041,NDVI_MEAN,Mean summer NDVI from Sentinel-2,2024,0.4947,NDVI
LSOA,E01019997,Exeter 004A,E07000041,NDVI_MEAN,Mean summer NDVI from Sentinel-2,2024,0.3755,NDVI
LSOA,E01019998,Exeter 001C,E07000041,NDVI_MEAN,Mean summer NDVI from Sentinel-2,2024,0.6326,NDVI
LSOA,E01019999,Exeter 001D,E07000041,NDVI_MEAN,Mean summer NDVI from Sentinel-2,2024,0.6106,NDVI
LSOA,E01020000,Exeter 002D,E07000041,NDVI_MEAN,Mean summer NDVI from Sentinel-2,2024,0.5558,NDVI
LSOA,E01020001,Exeter 001E,E07000041,NDVI_MEAN,Mean summer NDVI from Sentinel-2,2024,0.8283,NDVI
LSOA,E01020002,Exeter 003B,E07000041,NDVI_MEAN,Mean summer NDVI from Sentinel-2,2024,0.635,NDVI
LSOA,E01020003,Exeter 003C,E07000041,NDVI_MEAN,Mean summer NDVI from Sentinel-2,2024,0.606,NDVI
LSOA,E01020004,Exeter 003D,E07000041,NDVI_MEAN,Mean summer NDVI from Sentinel-2,2024,0.5108,NDVI
LSOA,E01020005,Exeter 003E,E07000041,NDVI_MEAN,Mean summer NDVI from Sentinel-2,2024,0.4808,NDVI
LSOA,E01020006,Exeter 006C,E07000041,NDVI_MEAN,Mean summer NDVI from Sentinel-2,2024,0.5079,NDVI
LSOA,E01020007,Exeter 002E,E07000041,NDVI_MEAN,Mean summer NDVI from Sentinel-2,2024,0.4683,NDVI
LSOA,E01020008,Exeter 006D,E07000041,NDVI_MEAN,Mean summer NDVI from Sentinel-2,2024,0.3979,NDVI
LSOA,E01020009,Exeter 006E,E07000041,NDVI_MEAN,Mean summer NDVI from Sentinel-2,2024,0.5582,NDVI
LSOA,E01020010,Exeter 013B,E07000041,NDVI_MEAN,Mean summer NDVI from Sentinel-2,2024,0.5798,NDVI
LSOA,E01020011,Exeter 015A,E07000041,NDVI_MEAN,Mean summer NDVI from Sentinel-2,2024,0.7019,NDVI
LSOA,E01020012,Exeter 015B,E07000041,NDVI_MEAN,Mean summer NDVI from Sentinel-2,2024,0.6229,NDVI
LSOA,E01020013,Exeter 013C,E07000041,NDVI_MEAN,Mean summer NDVI from Sentinel-2,2024,0.4398,NDVI
LSOA,E01020014,Exeter 013D,E07000041,NDVI_MEAN,Mean summer NDVI from Sentinel-2,2024,0.4845,NDVI
LSOA,E01020015,Exeter 013E,E07000041,NDVI_MEAN,Mean summer NDVI from Sentinel-2,2024,0.5738,NDVI
LSOA,E01020017,Exeter 008D,E07000041,NDVI_MEAN,Mean summer NDVI from Sentinel-2,2024,0.4564,NDVI
LSOA,E01020018,Exeter 008E,E07000041,NDVI_MEAN,Mean summer NDVI from Sentinel-2,2024,0.4139,NDVI
LSOA,E01020019,Exeter 004B,E07000041,NDVI_MEAN,Mean summer NDVI from Sentinel-2,2024,0.4856,NDVI
LSOA,E01020020,Exeter 004C,E07000041,NDVI_MEAN,Mean summer NDVI from Sentinel-2,2024,0.4913,NDVI
LSOA,E01020021,Exeter 004D,E07000041,NDVI_MEAN,Mean summer NDVI from Sentinel-2,2024,0.6654,NDVI
LSOA,E01020022,Exeter 004E,E07000041,NDVI_MEAN,Mean summer NDVI from Sentinel-2,2024,0.4019,NDVI
LSOA,E01020023,Exeter 009B,E07000041,NDVI_MEAN,Mean summer NDVI from Sentinel-2,2024,0.5685,NDVI
LSOA,E01020024,Exeter 009C,E07000041,NDVI_MEAN,Mean summer NDVI from Sentinel-2,2024,0.562,NDVI
LSOA,E01020025,Exeter 009D,E07000041,NDVI_MEAN,Mean summer NDVI from Sentinel-2,2024,0.4696,NDVI
LSOA,E01020026,Exeter 011A,E07000041,NDVI_MEAN,Mean summer NDVI from Sentinel-2,2024,0.495,NDVI
LSOA,E01020027,Exeter 011B,E07000041,NDVI_MEAN,Mean summer NDVI from Sentinel-2,2024,0.6456,NDVI
LSOA,E01020029,Exeter 010B,E07000041,NDVI_MEAN,Mean summer NDVI from Sentinel-2,2024,0.4237,NDVI
LSOA,E01020030,Exeter 010C,E07000041,NDVI_MEAN,Mean summer NDVI from Sentinel-2,2024,0.3921,NDVI
LSOA,E01020031,Exeter 010D,E07000041,NDVI_MEAN,Mean summer NDVI from Sentinel-2,2024,0.4222,NDVI
LSOA,E01020032,Exeter 010E,E07000041,NDVI_MEAN,Mean summer NDVI from Sentinel-2,2024,0.4298,NDVI
LSOA,E01020036,Exeter 007B,E07000041,NDVI_MEAN,Mean summer NDVI from Sentinel-2,2024,0.6023,NDVI
LSOA,E01020037,Exeter 007C,E07000041,NDVI_MEAN,Mean summer NDVI from Sentinel-2,2024,0.5346,NDVI
LSOA,E01020038,Exeter 011E,E07000041,NDVI_MEAN,Mean summer NDVI from Sentinel-2,2024,0.5287,NDVI
LSOA,E01020039,Exeter 007D,E07000041,NDVI_MEAN,Mean summer NDVI from Sentinel-2,2024,0.5544,NDVI
LSOA,E01020040,Exeter 007E,E07000041,NDVI_MEAN,Mean summer NDVI from Sentinel-2,2024,0.5817,NDVI
LSOA,E01020041,Mid Devon 011A,E07000042,NDVI_MEAN,Mean summer NDVI from Sentinel-2,2024,0.6958,NDVI
LSOA,E01020042,Mid Devon 011B,E07000042,NDVI_MEAN,Mean summer NDVI from Sentinel-2,2024,0.5606,NDVI
LSOA,E01020043,Mid Devon 008A,E07000042,NDVI_MEAN,Mean summer NDVI from Sentinel-2,2024,0.7324,NDVI
LSOA,E01020044,Mid Devon 008B,E07000042,NDVI_MEAN,Mean summer NDVI from Sentinel-2,2024,0.7962,NDVI
LSOA,E01020045,Mid Devon 006A,E07000042,NDVI_MEAN,Mean summer NDVI from Sentinel-2,2024,0.7183,NDVI
LSOA,E01020046,Mid Devon 001A,E07000042,NDVI_MEAN,Mean summer NDVI from Sentinel-2,2024,0.7823,NDVI
LSOA,E01020047,Mid Devon 002A,E07000042,NDVI_MEAN,Mean summer NDVI from Sentinel-2,2024,0.8277,NDVI
LSOA,E01020048,Mid Devon 005A,E07000042,NDVI_MEAN,Mean summer NDVI from Sentinel-2,2024,0.5477,NDVI
LSOA,E01020049,Mid Devon 001B,E07000042,NDVI_MEAN,Mean summer NDVI from Sentinel-2,2024,0.8226,NDVI
LSOA,E01020050,Mid Devon 001C,E07000042,NDVI_MEAN,Mean summer NDVI from Sentinel-2,2024,0.84,NDVI
LSOA,E01020051,Mid Devon 002B,E07000042,NDVI_MEAN,Mean summer NDVI from Sentinel-2,2024,0.7286,NDVI
LSOA,E01020052,Mid Devon 004A,E07000042,NDVI_MEAN,Mean summer NDVI from Sentinel-2,2024,0.7202,NDVI
LSOA,E01020053,Mid Devon 004B,E07000042,NDVI_MEAN,Mean summer NDVI from Sentinel-2,2024,0.5348,NDVI
LSOA,E01020054,Mid Devon 007A,E07000042,NDVI_MEAN,Mean summer NDVI from Sentinel-2,2024,0.5974,NDVI
LSOA,E01020055,Mid Devon 007B,E07000042,NDVI_MEAN,Mean summer NDVI from Sentinel-2,2024,0.6457,NDVI
LSOA,E01020056,Mid Devon 008C,E07000042,NDVI_MEAN,Mean summer NDVI from Sentinel-2,2024,0.728,NDVI
LSOA,E01020057,Mid Devon 007C,E07000042,NDVI_MEAN,Mean summer NDVI from Sentinel-2,2024,0.4971,NDVI
LSOA,E01020058,Mid Devon 007D,E07000042,NDVI_MEAN,Mean summer NDVI from Sentinel-2,2024,0.4916,NDVI
LSOA,E01020059,Mid Devon 006B,E07000042,NDVI_MEAN,Mean summer NDVI from Sentinel-2,2024,0.725,NDVI
LSOA,E01020060,Mid Devon 011C,E07000042,NDVI_MEAN,Mean summer NDVI from Sentinel-2,2024,0.5376,NDVI
LSOA,E01020061,Mid Devon 011D,E07000042,NDVI_MEAN,Mean summer NDVI from Sentinel-2,2024,0.6395,NDVI
LSOA,E01020062,Mid Devon 006C,E07000042,NDVI_MEAN,Mean summer NDVI from Sentinel-2,2024,0.6991,NDVI
LSOA,E01020063,Mid Devon 003A,E07000042,NDVI_MEAN,Mean summer NDVI from Sentinel-2,2024,0.7258,NDVI
LSOA,E01020064,Mid Devon 006D,E07000042,NDVI_MEAN,Mean summer NDVI from Sentinel-2,2024,0.6403,NDVI
LSOA,E01020065,Mid Devon 004C,E07000042,NDVI_MEAN,Mean summer NDVI from Sentinel-2,2024,0.5449,NDVI
LSOA,E01020067,Mid Devon 004D,E07000042,NDVI_MEAN,Mean summer NDVI from Sentinel-2,2024,0.5202,NDVI
LSOA,E01020068,Mid Devon 010A,E07000042,NDVI_MEAN,Mean summer NDVI from Sentinel-2,2024,0.7386,NDVI
LSOA,E01020069,Mid Devon 010B,E07000042,NDVI_MEAN,Mean summer NDVI from Sentinel-2,2024,0.7697,NDVI
LSOA,E01020070,Mid Devon 010C,E07000042,NDVI_MEAN,Mean summer NDVI from Sentinel-2,2024,0.7737,NDVI
LSOA,E01020071,Mid Devon 008D,E07000042,NDVI_MEAN,Mean summer NDVI from Sentinel-2,2024,0.7507,NDVI
LSOA,E01020072,Mid Devon 009A,E07000042,NDVI_MEAN,Mean summer NDVI from Sentinel-2,2024,0.7717,NDVI
LSOA,E01020073,Mid Devon 009B,E07000042,NDVI_MEAN,Mean summer NDVI from Sentinel-2,2024,0.7704,NDVI
LSOA,E01020074,Mid Devon 003B,E07000042,NDVI_MEAN,Mean summer NDVI from Sentinel-2,2024,0.7746,NDVI
LSOA,E01020075,Mid Devon 003C,E07000042,NDVI_MEAN,Mean summer NDVI from Sentinel-2,2024,0.7872,NDVI
LSOA,E01020076,Mid Devon 009C,E07000042,NDVI_MEAN,Mean summer NDVI from Sentinel-2,2024,0.7458,NDVI
LSOA,E01020077,Mid Devon 001D,E07000042,NDVI_MEAN,Mean summer NDVI from Sentinel-2,2024,0.7904,NDVI
LSOA,E01020078,Mid Devon 005B,E07000042,NDVI_MEAN,Mean summer NDVI from Sentinel-2,2024,0.4273,NDVI
LSOA,E01020079,Mid Devon 005C,E07000042,NDVI_MEAN,Mean summer NDVI from Sentinel-2,2024,0.7067,NDVI
LSOA,E01020080,Mid Devon 002D,E07000042,NDVI_MEAN,Mean summer NDVI from Sentinel-2,2024,0.7924,NDVI
LSOA,E01020081,Mid Devon 005D,E07000042,NDVI_MEAN,Mean summer NDVI from Sentinel-2,2024,0.8349,NDVI
LSOA,E01020082,Mid Devon 009D,E07000042,NDVI_MEAN,Mean summer NDVI from Sentinel-2,2024,0.824,NDVI
LSOA,E01020083,Mid Devon 010D,E07000042,NDVI_MEAN,Mean summer NDVI from Sentinel-2,2024,0.7489,NDVI
LSOA,E01020084,North Devon 012A,E07000043,NDVI_MEAN,Mean summer NDVI from Sentinel-2,2024,0.5311,NDVI
LSOA,E01020085,North Devon 012B,E07000043,NDVI_MEAN,Mean summer NDVI from Sentinel-2,2024,0.4059,NDVI
LSOA,E01020087,North Devon 014A,E07000043,NDVI_MEAN,Mean summer NDVI from Sentinel-2,2024,0.7952,NDVI
LSOA,E01020088,North Devon 006A,E07000043,NDVI_MEAN,Mean summer NDVI from Sentinel-2,2024,0.7997,NDVI
LSOA,E01020089,North Devon 005A,E07000043,NDVI_MEAN,Mean summer NDVI from Sentinel-2,2024,0.5147,NDVI
LSOA,E01020090,North Devon 004A,E07000043,NDVI_MEAN,Mean summer NDVI from Sentinel-2,2024,0.7462,NDVI
LSOA,E01020091,North Devon 005B,E07000043,NDVI_MEAN,Mean summer NDVI from Sentinel-2,2024,0.7113,NDVI
LSOA,E01020092,North Devon 005C,E07000043,NDVI_MEAN,Mean summer NDVI from Sentinel-2,2024,0.652,NDVI
LSOA,E01020093,North Devon 005D,E07000043,NDVI_MEAN,Mean summer NDVI from Sentinel-2,2024,0.5353,NDVI
LSOA,E01020094,North Devon 008A,E07000043,NDVI_MEAN,Mean summer NDVI from Sentinel-2,2024,0.2738,NDVI
LSOA,E01020095,North Devon 008B,E07000043,NDVI_MEAN,Mean summer NDVI from Sentinel-2,2024,0.3701,NDVI
LSOA,E01020096,North Devon 009A,E07000043,NDVI_MEAN,Mean summer NDVI from Sentinel-2,2024,0.368,NDVI
LSOA,E01020097,North Devon 013A,E07000043,NDVI_MEAN,Mean summer NDVI from Sentinel-2,2024,0.7582,NDVI
LSOA,E01020098,North Devon 014B,E07000043,NDVI_MEAN,Mean summer NDVI from Sentinel-2,2024,0.7915,NDVI
LSOA,E01020099,North Devon 002A,E07000043,NDVI_MEAN,Mean summer NDVI from Sentinel-2,2024,0.8106,NDVI
LSOA,E01020100,North Devon 002B,E07000043,NDVI_MEAN,Mean summer NDVI from Sentinel-2,2024,0.8353,NDVI
LSOA,E01020101,North Devon 002C,E07000043,NDVI_MEAN,Mean summer NDVI from Sentinel-2,2024,0.6873,NDVI
LSOA,E01020102,North Devon 010A,E07000043,NDVI_MEAN,Mean summer NDVI from Sentinel-2,2024,0.4883,NDVI
LSOA,E01020103,North Devon 010B,E07000043,NDVI_MEAN,Mean summer NDVI from Sentinel-2,2024,0.4671,NDVI
LSOA,E01020104,North Devon 010C,E07000043,NDVI_MEAN,Mean summer NDVI from Sentinel-2,2024,0.4571,NDVI
LSOA,E01020105,North Devon 011A,E07000043,NDVI_MEAN,Mean summer NDVI from Sentinel-2,2024,0.6285,NDVI
LSOA,E01020106,North Devon 011B,E07000043,NDVI_MEAN,Mean summer NDVI from Sentinel-2,2024,0.6641,NDVI
LSOA,E01020107,North Devon 011C,E07000043,NDVI_MEAN,Mean summer NDVI from Sentinel-2,2024,0.7426,NDVI
LSOA,E01020108,North Devon 004B,E07000043,NDVI_MEAN,Mean summer NDVI from Sentinel-2,2024,0.7715,NDVI
LSOA,E01020109,North Devon 004C,E07000043,NDVI_MEAN,Mean summer NDVI from Sentinel-2,2024,0.7444,NDVI
LSOA,E01020110,North Devon 005E,E07000043,NDVI_MEAN,Mean summer NDVI from Sentinel-2,2024,0.6601,NDVI
LSOA,E01020111,North Devon 001A,E07000043,NDVI_MEAN,Mean summer NDVI from Sentinel-2,2024,0.4852,NDVI
LSOA,E01020112,North Devon 001B,E07000043,NDVI_MEAN,Mean summer NDVI from Sentinel-2,2024,0.4195,NDVI
LSOA,E01020113,North Devon 003A,E07000043,NDVI_MEAN,Mean summer NDVI from Sentinel-2,2024,0.7001,NDVI
LSOA,E01020114,North Devon 001C,E07000043,NDVI_MEAN,Mean summer NDVI from Sentinel-2,2024,0.6218,NDVI
LSOA,E01020115,North Devon 001D,E07000043,NDVI_MEAN,Mean summer NDVI from Sentinel-2,2024,0.8041,NDVI
LSOA,E01020116,North Devon 003B,E07000043,NDVI_MEAN,Mean summer NDVI from Sentinel-2,2024,0.5503,NDVI
LSOA,E01020117,North Devon 003C,E07000043,NDVI_MEAN,Mean summer NDVI from Sentinel-2,2024,0.8041,NDVI
LSOA,E01020118,North Devon 003D,E07000043,NDVI_MEAN,Mean summer NDVI from Sentinel-2,2024,0.762,NDVI
LSOA,E01020119,North Devon 011D,E07000043,NDVI_MEAN,Mean summer NDVI from Sentinel-2,2024,0.7196,NDVI
LSOA,E01020120,North Devon 006B,E07000043,NDVI_MEAN,Mean summer NDVI from Sentinel-2,2024,0.7283,NDVI
LSOA,E01020121,North Devon 012D,E07000043,NDVI_MEAN,Mean summer NDVI from Sentinel-2,2024,0.7297,NDVI
LSOA,E01020122,North Devon 012E,E07000043,NDVI_MEAN,Mean summer NDVI from Sentinel-2,2024,0.7015,NDVI
LSOA,E01020123,North Devon 009B,E07000043,NDVI_MEAN,Mean summer NDVI from Sentinel-2,2024,0.6123,NDVI
LSOA,E01020124,North Devon 009C,E07000043,NDVI_MEAN,Mean summer NDVI from Sentinel-2,2024,0.4789,NDVI
LSOA,E01020125,North Devon 009D,E07000043,NDVI_MEAN,Mean summer NDVI from Sentinel-2,2024,0.5216,NDVI
LSOA,E01020126,North Devon 002D,E07000043,NDVI_MEAN,Mean summer NDVI from Sentinel-2,2024,0.8042,NDVI
LSOA,E01020127,North Devon 006C,E07000043,NDVI_MEAN,Mean summer NDVI from Sentinel-2,2024,0.7833,NDVI
LSOA,E01020128,North Devon 010D,E07000043,NDVI_MEAN,Mean summer NDVI from Sentinel-2,2024,0.6208,NDVI
LSOA,E01020129,North Devon 010E,E07000043,NDVI_MEAN,Mean summer NDVI from Sentinel-2,2024,0.4147,NDVI
LSOA,E01020130,North Devon 010F,E07000043,NDVI_MEAN,Mean summer NDVI from Sentinel-2,2024,0.3583,NDVI
LSOA,E01020131,North Devon 013B,E07000043,NDVI_MEAN,Mean summer NDVI from Sentinel-2,2024,0.8254,NDVI
LSOA,E01020132,North Devon 007A,E07000043,NDVI_MEAN,Mean summer NDVI from Sentinel-2,2024,0.5154,NDVI
LSOA,E01020133,North Devon 007B,E07000043,NDVI_MEAN,Mean summer NDVI from Sentinel-2,2024,0.5219,NDVI
LSOA,E01020134,North Devon 007C,E07000043,NDVI_MEAN,Mean summer NDVI from Sentinel-2,2024,0.5732,NDVI
LSOA,E01020135,North Devon 013C,E07000043,NDVI_MEAN,Mean summer NDVI from Sentinel-2,2024,0.5771,NDVI
LSOA,E01020136,North Devon 013D,E07000043,NDVI_MEAN,Mean summer NDVI from Sentinel-2,2024,0.7223,NDVI
LSOA,E01020137,North Devon 013E,E07000043,NDVI_MEAN,Mean summer NDVI from Sentinel-2,2024,0.6048,NDVI
LSOA,E01020138,North Devon 014C,E07000043,NDVI_MEAN,Mean summer NDVI from Sentinel-2,2024,0.8184,NDVI
LSOA,E01020139,North Devon 007D,E07000043,NDVI_MEAN,Mean summer NDVI from Sentinel-2,2024,0.4083,NDVI
LSOA,E01020140,North Devon 008C,E07000043,NDVI_MEAN,Mean summer NDVI from Sentinel-2,2024,0.6567,NDVI
LSOA,E01020141,North Devon 008D,E07000043,NDVI_MEAN,Mean summer NDVI from Sentinel-2,2024,0.6151,NDVI
LSOA,E01020142,South Hams 006A,E07000044,NDVI_MEAN,Mean summer NDVI from Sentinel-2,2024,0.8085,NDVI
LSOA,E01020143,South Hams 006B,E07000044,NDVI_MEAN,Mean summer NDVI from Sentinel-2,2024,0.7938,NDVI
LSOA,E01020144,South Hams 001A,E07000044,NDVI_MEAN,Mean summer NDVI from Sentinel-2,2024,0.6846,NDVI
LSOA,E01020145,South Hams 001B,E07000044,NDVI_MEAN,Mean summer NDVI from Sentinel-2,2024,0.7574,NDVI
LSOA,E01020146,South Hams 001C,E07000044,NDVI_MEAN,Mean summer NDVI from Sentinel-2,2024,0.8232,NDVI
LSOA,E01020147,South Hams 008A,E07000044,NDVI_MEAN,Mean summer NDVI from Sentinel-2,2024,0.7956,NDVI
LSOA,E01020148,South Hams 002A,E07000044,NDVI_MEAN,Mean summer NDVI from Sentinel-2,2024,0.7952,NDVI
LSOA,E01020149,South Hams 001D,E07000044,NDVI_MEAN,Mean summer NDVI from Sentinel-2,2024,0.7612,NDVI
LSOA,E01020150,South Hams 006C,E07000044,NDVI_MEAN,Mean summer NDVI from Sentinel-2,2024,0.8009,NDVI
LSOA,E01020151,South Hams 007A,E07000044,NDVI_MEAN,Mean summer NDVI from Sentinel-2,2024,0.7517,NDVI
LSOA,E01020152,South Hams 007B,E07000044,NDVI_MEAN,Mean summer NDVI from Sentinel-2,2024,0.4963,NDVI
LSOA,E01020153,South Hams 004A,E07000044,NDVI_MEAN,Mean summer NDVI from Sentinel-2,2024,0.8168,NDVI
LSOA,E01020154,South Hams 007C,E07000044,NDVI_MEAN,Mean summer NDVI from Sentinel-2,2024,0.8269,NDVI
LSOA,E01020155,South Hams 007D,E07000044,NDVI_MEAN,Mean summer NDVI from Sentinel-2,2024,0.422,NDVI
LSOA,E01020156,South Hams 004B,E07000044,NDVI_MEAN,Mean summer NDVI from Sentinel-2,2024,0.7847,NDVI
LSOA,E01020157,South Hams 002B,E07000044,NDVI_MEAN,Mean summer NDVI from Sentinel-2,2024,0.8055,NDVI
LSOA,E01020158,South Hams 008B,E07000044,NDVI_MEAN,Mean summer NDVI from Sentinel-2,2024,0.8021,NDVI
LSOA,E01020159,South Hams 008C,E07000044,NDVI_MEAN,Mean summer NDVI from Sentinel-2,2024,0.8063,NDVI
LSOA,E01020160,South Hams 002C,E07000044,NDVI_MEAN,Mean summer NDVI from Sentinel-2,2024,0.8051,NDVI
LSOA,E01020161,South Hams 005A,E07000044,NDVI_MEAN,Mean summer NDVI from Sentinel-2,2024,0.5966,NDVI
LSOA,E01020162,South Hams 005B,E07000044,NDVI_MEAN,Mean summer NDVI from Sentinel-2,2024,0.5924,NDVI
LSOA,E01020163,South Hams 005C,E07000044,NDVI_MEAN,Mean summer NDVI from Sentinel-2,2024,0.5985,NDVI
LSOA,E01020164,South Hams 005D,E07000044,NDVI_MEAN,Mean summer NDVI from Sentinel-2,2024,0.5687,NDVI
LSOA,E01020165,South Hams 005E,E07000044,NDVI_MEAN,Mean summer NDVI from Sentinel-2,2024,0.5348,NDVI
LSOA,E01020166,South Hams 005F,E07000044,NDVI_MEAN,Mean summer NDVI from Sentinel-2,2024,0.5399,NDVI
LSOA,E01020167,South Hams 005G,E07000044,NDVI_MEAN,Mean summer NDVI from Sentinel-2,2024,0.6772,NDVI
LSOA,E01020168,South Hams 010A,E07000044,NDVI_MEAN,Mean summer NDVI from Sentinel-2,2024,0.7381,NDVI
LSOA,E01020169,South Hams 010B,E07000044,NDVI_MEAN,Mean summer NDVI from Sentinel-2,2024,0.7307,NDVI
LSOA,E01020170,South Hams 004C,E07000044,NDVI_MEAN,Mean summer NDVI from Sentinel-2,2024,0.7799,NDVI
LSOA,E01020171,South Hams 009A,E07000044,NDVI_MEAN,Mean summer NDVI from Sentinel-2,2024,0.8046,NDVI
LSOA,E01020172,South Hams 012A,E07000044,NDVI_MEAN,Mean summer NDVI from Sentinel-2,2024,0.789,NDVI
LSOA,E01020173,South Hams 012B,E07000044,NDVI_MEAN,Mean summer NDVI from Sentinel-2,2024,0.7416,NDVI
LSOA,E01020174,South Hams 011A,E07000044,NDVI_MEAN,Mean summer NDVI from Sentinel-2,2024,0.8034,NDVI
LSOA,E01020175,South Hams 011B,E07000044,NDVI_MEAN,Mean summer NDVI from Sentinel-2,2024,0.797,NDVI
LSOA,E01020176,South Hams 002D,E07000044,NDVI_MEAN,Mean summer NDVI from Sentinel-2,2024,0.7975,NDVI
LSOA,E01020177,South Hams 002E,E07000044,NDVI_MEAN,Mean summer NDVI from Sentinel-2,2024,0.7436,NDVI
LSOA,E01020178,South Hams 011C,E07000044,NDVI_MEAN,Mean summer NDVI from Sentinel-2,2024,0.7639,NDVI
LSOA,E01020179,South Hams 012C,E07000044,NDVI_MEAN,Mean summer NDVI from Sentinel-2,2024,0.7817,NDVI
LSOA,E01020180,South Hams 003A,E07000044,NDVI_MEAN,Mean summer NDVI from Sentinel-2,2024,0.6156,NDVI
LSOA,E01020181,South Hams 003B,E07000044,NDVI_MEAN,Mean summer NDVI from Sentinel-2,2024,0.5781,NDVI
LSOA,E01020182,South Hams 003C,E07000044,NDVI_MEAN,Mean summer NDVI from Sentinel-2,2024,0.7184,NDVI
LSOA,E01020183,South Hams 003D,E07000044,NDVI_MEAN,Mean summer NDVI from Sentinel-2,2024,0.4283,NDVI
LSOA,E01020184,South Hams 003E,E07000044,NDVI_MEAN,Mean summer NDVI from Sentinel-2,2024,0.7807,NDVI
LSOA,E01020185,South Hams 009B,E07000044,NDVI_MEAN,Mean summer NDVI from Sentinel-2,2024,0.7429,NDVI
LSOA,E01020186,South Hams 009C,E07000044,NDVI_MEAN,Mean summer NDVI from Sentinel-2,2024,0.786,NDVI
LSOA,E01020187,South Hams 009D,E07000044,NDVI_MEAN,Mean summer NDVI from Sentinel-2,2024,0.7591,NDVI
LSOA,E01020188,South Hams 004D,E07000044,NDVI_MEAN,Mean summer NDVI from Sentinel-2,2024,0.8162,NDVI
LSOA,E01020189,South Hams 010C,E07000044,NDVI_MEAN,Mean summer NDVI from Sentinel-2,2024,0.7511,NDVI
LSOA,E01020190,South Hams 008D,E07000044,NDVI_MEAN,Mean summer NDVI from Sentinel-2,2024,0.8233,NDVI
LSOA,E01020191,Teignbridge 013A,E07000045,NDVI_MEAN,Mean summer NDVI from Sentinel-2,2024,0.8369,NDVI
LSOA,E01020192,Teignbridge 019A,E07000045,NDVI_MEAN,Mean summer NDVI from Sentinel-2,2024,0.7856,NDVI
LSOA,E01020193,Teignbridge 019B,E07000045,NDVI_MEAN,Mean summer NDVI from Sentinel-2,2024,0.8059,NDVI
LSOA,E01020194,Teignbridge 013B,E07000045,NDVI_MEAN,Mean summer NDVI from Sentinel-2,2024,0.7752,NDVI
LSOA,E01020195,Teignbridge 017A,E07000045,NDVI_MEAN,Mean summer NDVI from Sentinel-2,2024,0.7872,NDVI
LSOA,E01020196,Teignbridge 017B,E07000045,NDVI_MEAN,Mean summer NDVI from Sentinel-2,2024,0.7844,NDVI
LSOA,E01020197,Teignbridge 017C,E07000045,NDVI_MEAN,Mean summer NDVI from Sentinel-2,2024,0.8218,NDVI
LSOA,E01020198,Teignbridge 017D,E07000045,NDVI_MEAN,Mean summer NDVI from Sentinel-2,2024,0.7395,NDVI
LSOA,E01020199,Teignbridge 017E,E07000045,NDVI_MEAN,Mean summer NDVI from Sentinel-2,2024,0.8319,NDVI
LSOA,E01020200,Teignbridge 011A,E07000045,NDVI_MEAN,Mean summer NDVI from Sentinel-2,2024,0.7827,NDVI
LSOA,E01020201,Teignbridge 011B,E07000045,NDVI_MEAN,Mean summer NDVI from Sentinel-2,2024,0.7646,NDVI
LSOA,E01020202,Teignbridge 007A,E07000045,NDVI_MEAN,Mean summer NDVI from Sentinel-2,2024,0.714,NDVI
LSOA,E01020203,Teignbridge 004A,E07000045,NDVI_MEAN,Mean summer NDVI from Sentinel-2,2024,0.7534,NDVI
LSOA,E01020204,Teignbridge 007B,E07000045,NDVI_MEAN,Mean summer NDVI from Sentinel-2,2024,0.4227,NDVI
LSOA,E01020205,Teignbridge 003A,E07000045,NDVI_MEAN,Mean summer NDVI from Sentinel-2,2024,0.8418,NDVI
LSOA,E01020206,Teignbridge 004B,E07000045,NDVI_MEAN,Mean summer NDVI from Sentinel-2,2024,0.6283,NDVI
LSOA,E01020208,Teignbridge 012A,E07000045,NDVI_MEAN,Mean summer NDVI from Sentinel-2,2024,0.5066,NDVI
LSOA,E01020209,Teignbridge 012B,E07000045,NDVI_MEAN,Mean summer NDVI from Sentinel-2,2024,0.7173,NDVI
LSOA,E01020210,Teignbridge 012C,E07000045,NDVI_MEAN,Mean summer NDVI from Sentinel-2,2024,0.6244,NDVI
LSOA,E01020211,Teignbridge 014A,E07000045,NDVI_MEAN,Mean summer NDVI from Sentinel-2,2024,0.6332,NDVI
LSOA,E01020212,Teignbridge 016A,E07000045,NDVI_MEAN,Mean summer NDVI from Sentinel-2,2024,0.4666,NDVI
LSOA,E01020213,Teignbridge 016B,E07000045,NDVI_MEAN,Mean summer NDVI from Sentinel-2,2024,0.5086,NDVI
LSOA,E01020214,Teignbridge 016C,E07000045,NDVI_MEAN,Mean summer NDVI from Sentinel-2,2024,0.5912,NDVI
LSOA,E01020215,Teignbridge 016D,E07000045,NDVI_MEAN,Mean summer NDVI from Sentinel-2,2024,0.6659,NDVI
LSOA,E01020216,Teignbridge 015A,E07000045,NDVI_MEAN,Mean summer NDVI from Sentinel-2,2024,0.4777,NDVI
LSOA,E01020217,Teignbridge 014B,E07000045,NDVI_MEAN,Mean summer NDVI from Sentinel-2,2024,0.4182,NDVI
LSOA,E01020218,Teignbridge 014C,E07000045,NDVI_MEAN,Mean summer NDVI from Sentinel-2,2024,0.2104,NDVI
LSOA,E01020219,Teignbridge 012D,E07000045,NDVI_MEAN,Mean summer NDVI from Sentinel-2,2024,0.6285,NDVI
LSOA,E01020220,Teignbridge 004C,E07000045,NDVI_MEAN,Mean summer NDVI from Sentinel-2,2024,0.7791,NDVI
LSOA,E01020221,Teignbridge 004D,E07000045,NDVI_MEAN,Mean summer NDVI from Sentinel-2,2024,0.824,NDVI
LSOA,E01020222,Teignbridge 004E,E07000045,NDVI_MEAN,Mean summer NDVI from Sentinel-2,2024,0.6521,NDVI
LSOA,E01020223,Teignbridge 004F,E07000045,NDVI_MEAN,Mean summer NDVI from Sentinel-2,2024,0.7969,NDVI
LSOA,E01020224,Teignbridge 014D,E07000045,NDVI_MEAN,Mean summer NDVI from Sentinel-2,2024,0.3847,NDVI
LSOA,E01020225,Teignbridge 015B,E07000045,NDVI_MEAN,Mean summer NDVI from Sentinel-2,2024,0.602,NDVI
LSOA,E01020226,Teignbridge 015C,E07000045,NDVI_MEAN,Mean summer NDVI from Sentinel-2,2024,0.7399,NDVI
LSOA,E01020227,Teignbridge 015D,E07000045,NDVI_MEAN,Mean summer NDVI from Sentinel-2,2024,0.7028,NDVI
LSOA,E01020228,Teignbridge 006A,E07000045,NDVI_MEAN,Mean summer NDVI from Sentinel-2,2024,0.4327,NDVI
LSOA,E01020230,Teignbridge 005B,E07000045,NDVI_MEAN,Mean summer NDVI from Sentinel-2,2024,0.7154,NDVI
LSOA,E01020231,Teignbridge 005C,E07000045,NDVI_MEAN,Mean summer NDVI from Sentinel-2,2024,0.6068,NDVI
LSOA,E01020232,Teignbridge 005D,E07000045,NDVI_MEAN,Mean summer NDVI from Sentinel-2,2024,0.584,NDVI
LSOA,E01020233,Teignbridge 006B,E07000045,NDVI_MEAN,Mean summer NDVI from Sentinel-2,2024,0.7137,NDVI
LSOA,E01020234,Teignbridge 006C,E07000045,NDVI_MEAN,Mean summer NDVI from Sentinel-2,2024,0.5652,NDVI
LSOA,E01020235,Teignbridge 006D,E07000045,NDVI_MEAN,Mean summer NDVI from Sentinel-2,2024,0.8309,NDVI
LSOA,E01020236,Teignbridge 007C,E07000045,NDVI_MEAN,Mean summer NDVI from Sentinel-2,2024,0.7777,NDVI
LSOA,E01020237,Teignbridge 007D,E07000045,NDVI_MEAN,Mean summer NDVI from Sentinel-2,2024,0.7967,NDVI
LSOA,E01020238,Teignbridge 019C,E07000045,NDVI_MEAN,Mean summer NDVI from Sentinel-2,2024,0.5919,NDVI
LSOA,E01020239,Teignbridge 019D,E07000045,NDVI_MEAN,Mean summer NDVI from Sentinel-2,2024,0.7494,NDVI
LSOA,E01020240,Teignbridge 002A,E07000045,NDVI_MEAN,Mean summer NDVI from Sentinel-2,2024,0.7876,NDVI
LSOA,E01020241,Teignbridge 002B,E07000045,NDVI_MEAN,Mean summer NDVI from Sentinel-2,2024,0.7584,NDVI
LSOA,E01020242,Teignbridge 002C,E07000045,NDVI_MEAN,Mean summer NDVI from Sentinel-2,2024,0.7301,NDVI
LSOA,E01020243,Teignbridge 001A,E07000045,NDVI_MEAN,Mean summer NDVI from Sentinel-2,2024,0.765,NDVI
LSOA,E01020244,Teignbridge 002D,E07000045,NDVI_MEAN,Mean summer NDVI from Sentinel-2,2024,0.7695,NDVI
LSOA,E01020245,Teignbridge 002E,E07000045,NDVI_MEAN,Mean summer NDVI from Sentinel-2,2024,0.8072,NDVI
LSOA,E01020246,Teignbridge 018A,E07000045,NDVI_MEAN,Mean summer NDVI from Sentinel-2,2024,0.8127,NDVI
LSOA,E01020247,Teignbridge 018B,E07000045,NDVI_MEAN,Mean summer NDVI from Sentinel-2,2024,0.6355,NDVI
LSOA,E01020248,Teignbridge 018C,E07000045,NDVI_MEAN,Mean summer NDVI from Sentinel-2,2024,0.7845,NDVI
LSOA,E01020249,Teignbridge 018D,E07000045,NDVI_MEAN,Mean summer NDVI from Sentinel-2,2024,0.6573,NDVI
LSOA,E01020250,Teignbridge 009A,E07000045,NDVI_MEAN,Mean summer NDVI from Sentinel-2,2024,0.4897,NDVI
LSOA,E01020251,Teignbridge 011C,E07000045,NDVI_MEAN,Mean summer NDVI from Sentinel-2,2024,0.7687,NDVI
LSOA,E01020252,Teignbridge 009B,E07000045,NDVI_MEAN,Mean summer NDVI from Sentinel-2,2024,0.627,NDVI
LSOA,E01020253,Teignbridge 009C,E07000045,NDVI_MEAN,Mean summer NDVI from Sentinel-2,2024,0.5649,NDVI
LSOA,E01020254,Teignbridge 009D,E07000045,NDVI_MEAN,Mean summer NDVI from Sentinel-2,2024,0.4826,NDVI
LSOA,E01020255,Teignbridge 009E,E07000045,NDVI_MEAN,Mean summer NDVI from Sentinel-2,2024,0.6362,NDVI
LSOA,E01020256,Teignbridge 013D,E07000045,NDVI_MEAN,Mean summer NDVI from Sentinel-2,2024,0.6625,NDVI
LSOA,E01020257,Teignbridge 009F,E07000045,NDVI_MEAN,Mean summer NDVI from Sentinel-2,2024,0.6479,NDVI
LSOA,E01020258,Teignbridge 003B,E07000045,NDVI_MEAN,Mean summer NDVI from Sentinel-2,2024,0.8419,NDVI
LSOA,E01020259,Teignbridge 003C,E07000045,NDVI_MEAN,Mean summer NDVI from Sentinel-2,2024,0.8114,NDVI
LSOA,E01020260,Teignbridge 011D,E07000045,NDVI_MEAN,Mean summer NDVI from Sentinel-2,2024,0.7567,NDVI
LSOA,E01020261,Teignbridge 011E,E07000045,NDVI_MEAN,Mean summer NDVI from Sentinel-2,2024,0.7863,NDVI
LSOA,E01020262,Teignbridge 001B,E07000045,NDVI_MEAN,Mean summer NDVI from Sentinel-2,2024,0.8141,NDVI
LSOA,E01020263,Teignbridge 001C,E07000045,NDVI_MEAN,Mean summer NDVI from Sentinel-2,2024,0.8042,NDVI
LSOA,E01020264,Teignbridge 010A,E07000045,NDVI_MEAN,Mean summer NDVI from Sentinel-2,2024,0.4579,NDVI
LSOA,E01020265,Teignbridge 008A,E07000045,NDVI_MEAN,Mean summer NDVI from Sentinel-2,2024,0.6916,NDVI
LSOA,E01020266,Teignbridge 008B,E07000045,NDVI_MEAN,Mean summer NDVI from Sentinel-2,2024,0.591,NDVI
LSOA,E01020267,Teignbridge 008C,E07000045,NDVI_MEAN,Mean summer NDVI from Sentinel-2,2024,0.6588,NDVI
LSOA,E01020268,Teignbridge 008D,E07000045,NDVI_MEAN,Mean summer NDVI from Sentinel-2,2024,0.7456,NDVI
LSOA,E01020269,Teignbridge 010B,E07000045,NDVI_MEAN,Mean summer NDVI from Sentinel-2,2024,0.249,NDVI
LSOA,E01020270,Teignbridge 008E,E07000045,NDVI_MEAN,Mean summer NDVI from Sentinel-2,2024,0.6721,NDVI
LSOA,E01020271,Teignbridge 010C,E07000045,NDVI_MEAN,Mean summer NDVI from Sentinel-2,2024,0.5169,NDVI
LSOA,E01020272,Teignbridge 010D,E07000045,NDVI_MEAN,Mean summer NDVI from Sentinel-2,2024,0.6181,NDVI
LSOA,E01020273,Teignbridge 003D,E07000045,NDVI_MEAN,Mean summer NDVI from Sentinel-2,2024,0.8198,NDVI
LSOA,E01020274,Teignbridge 001D,E07000045,NDVI_MEAN,Mean summer NDVI from Sentinel-2,2024,0.8319,NDVI
LSOA,E01020275,Torridge 001A,E07000046,NDVI_MEAN,Mean summer NDVI from Sentinel-2,2024,0.4529,NDVI
LSOA,E01020276,Torridge 001B,E07000046,NDVI_MEAN,Mean summer NDVI from Sentinel-2,2024,0.6869,NDVI
LSOA,E01020277,Torridge 004A,E07000046,NDVI_MEAN,Mean summer NDVI from Sentinel-2,2024,0.6308,NDVI
LSOA,E01020278,Torridge 004B,E07000046,NDVI_MEAN,Mean summer NDVI from Sentinel-2,2024,0.7386,NDVI
LSOA,E01020279,Torridge 004C,E07000046,NDVI_MEAN,Mean summer NDVI from Sentinel-2,2024,0.6582,NDVI
LSOA,E01020280,Torridge 003A,E07000046,NDVI_MEAN,Mean summer NDVI from Sentinel-2,2024,0.383,NDVI
LSOA,E01020281,Torridge 003B,E07000046,NDVI_MEAN,Mean summer NDVI from Sentinel-2,2024,0.6588,NDVI
LSOA,E01020282,Torridge 003C,E07000046,NDVI_MEAN,Mean summer NDVI from Sentinel-2,2024,0.4825,NDVI
LSOA,E01020283,Torridge 004D,E07000046,NDVI_MEAN,Mean summer NDVI from Sentinel-2,2024,0.6277,NDVI
LSOA,E01020284,Torridge 004E,E07000046,NDVI_MEAN,Mean summer NDVI from Sentinel-2,2024,0.4559,NDVI
LSOA,E01020285,Torridge 004F,E07000046,NDVI_MEAN,Mean summer NDVI from Sentinel-2,2024,0.4932,NDVI
LSOA,E01020286,Torridge 009A,E07000046,NDVI_MEAN,Mean summer NDVI from Sentinel-2,2024,0.7642,NDVI
LSOA,E01020287,Torridge 007A,E07000046,NDVI_MEAN,Mean summer NDVI from Sentinel-2,2024,0.7565,NDVI
LSOA,E01020288,Torridge 005A,E07000046,NDVI_MEAN,Mean summer NDVI from Sentinel-2,2024,0.7773,NDVI
LSOA,E01020289,Torridge 009B,E07000046,NDVI_MEAN,Mean summer NDVI from Sentinel-2,2024,0.7412,NDVI
LSOA,E01020290,Torridge 009C,E07000046,NDVI_MEAN,Mean summer NDVI from Sentinel-2,2024,0.7457,NDVI
LSOA,E01020291,Torridge 008A,E07000046,NDVI_MEAN,Mean summer NDVI from Sentinel-2,2024,0.7658,NDVI
LSOA,E01020292,Torridge 005B,E07000046,NDVI_MEAN,Mean summer NDVI from Sentinel-2,2024,0.7811,NDVI
LSOA,E01020293,Torridge 008B,E07000046,NDVI_MEAN,Mean summer NDVI from Sentinel-2,2024,0.738,NDVI
LSOA,E01020294,Torridge 008C,E07000046,NDVI_MEAN,Mean summer NDVI from Sentinel-2,2024,0.5897,NDVI
LSOA,E01020295,Torridge 005C,E07000046,NDVI_MEAN,Mean summer NDVI from Sentinel-2,2024,0.7648,NDVI
LSOA,E01020296,Torridge 005D,E07000046,NDVI_MEAN,Mean summer NDVI from Sentinel-2,2024,0.753,NDVI
LSOA,E01020297,Torridge 001C,E07000046,NDVI_MEAN,Mean summer NDVI from Sentinel-2,2024,0.454,NDVI
LSOA,E01020298,Torridge 002A,E07000046,NDVI_MEAN,Mean summer NDVI from Sentinel-2,2024,0.6563,NDVI
LSOA,E01020299,Torridge 001D,E07000046,NDVI_MEAN,Mean summer NDVI from Sentinel-2,2024,0.5552,NDVI
LSOA,E01020300,Torridge 002B,E07000046,NDVI_MEAN,Mean summer NDVI from Sentinel-2,2024,0.6846,NDVI
LSOA,E01020301,Torridge 009D,E07000046,NDVI_MEAN,Mean summer NDVI from Sentinel-2,2024,0.7572,NDVI
LSOA,E01020302,Torridge 008D,E07000046,NDVI_MEAN,Mean summer NDVI from Sentinel-2,2024,0.7762,NDVI
LSOA,E01020303,Torridge 007B,E07000046,NDVI_MEAN,Mean summer NDVI from Sentinel-2,2024,0.7612,NDVI
LSOA,E01020304,Torridge 006A,E07000046,NDVI_MEAN,Mean summer NDVI from Sentinel-2,2024,0.6682,NDVI
LSOA,E01020305,Torridge 006B,E07000046,NDVI_MEAN,Mean summer NDVI from Sentinel-2,2024,0.6278,NDVI
LSOA,E01020306,Torridge 006C,E07000046,NDVI_MEAN,Mean summer NDVI from Sentinel-2,2024,0.5213,NDVI
LSOA,E01020307,Torridge 006D,E07000046,NDVI_MEAN,Mean summer NDVI from Sentinel-2,2024,0.7444,NDVI
LSOA,E01020308,Torridge 007C,E07000046,NDVI_MEAN,Mean summer NDVI from Sentinel-2,2024,0.768,NDVI
LSOA,E01020309,Torridge 008E,E07000046,NDVI_MEAN,Mean summer NDVI from Sentinel-2,2024,0.7336,NDVI
LSOA,E01020311,Torridge 007D,E07000046,NDVI_MEAN,Mean summer NDVI from Sentinel-2,2024,0.7828,NDVI
LSOA,E01020312,West Devon 007A,E07000047,NDVI_MEAN,Mean summer NDVI from Sentinel-2,2024,0.7809,NDVI
LSOA,E01020313,West Devon 007B,E07000047,NDVI_MEAN,Mean summer NDVI from Sentinel-2,2024,0.5412,NDVI
LSOA,E01020314,West Devon 004A,E07000047,NDVI_MEAN,Mean summer NDVI from Sentinel-2,2024,0.7842,NDVI
LSOA,E01020315,West Devon 007C,E07000047,NDVI_MEAN,Mean summer NDVI from Sentinel-2,2024,0.8087,NDVI
LSOA,E01020316,West Devon 007D,E07000047,NDVI_MEAN,Mean summer NDVI from Sentinel-2,2024,0.8062,NDVI
LSOA,E01020317,West Devon 006A,E07000047,NDVI_MEAN,Mean summer NDVI from Sentinel-2,2024,0.7958,NDVI
LSOA,E01020318,West Devon 003A,E07000047,NDVI_MEAN,Mean summer NDVI from Sentinel-2,2024,0.8217,NDVI
LSOA,E01020319,West Devon 003B,E07000047,NDVI_MEAN,Mean summer NDVI from Sentinel-2,2024,0.789,NDVI
LSOA,E01020320,West Devon 001A,E07000047,NDVI_MEAN,Mean summer NDVI from Sentinel-2,2024,0.8109,NDVI
LSOA,E01020321,West Devon 001B,E07000047,NDVI_MEAN,Mean summer NDVI from Sentinel-2,2024,0.75,NDVI
LSOA,E01020323,West Devon 003C,E07000047,NDVI_MEAN,Mean summer NDVI from Sentinel-2,2024,0.685,NDVI
LSOA,E01020324,West Devon 006B,E07000047,NDVI_MEAN,Mean summer NDVI from Sentinel-2,2024,0.787,NDVI
LSOA,E01020325,West Devon 004B,E07000047,NDVI_MEAN,Mean summer NDVI from Sentinel-2,2024,0.7953,NDVI
LSOA,E01020326,West Devon 001D,E07000047,NDVI_MEAN,Mean summer NDVI from Sentinel-2,2024,0.766,NDVI
LSOA,E01020327,West Devon 002A,E07000047,NDVI_MEAN,Mean summer NDVI from Sentinel-2,2024,0.5641,NDVI
LSOA,E01020328,West Devon 002B,E07000047,NDVI_MEAN,Mean summer NDVI from Sentinel-2,2024,0.6449,NDVI
LSOA,E01020329,West Devon 002C,E07000047,NDVI_MEAN,Mean summer NDVI from Sentinel-2,2024,0.7729,NDVI
LSOA,E01020330,West Devon 002D,E07000047,NDVI_MEAN,Mean summer NDVI from Sentinel-2,2024,0.6318,NDVI
LSOA,E01020331,West Devon 004C,E07000047,NDVI_MEAN,Mean summer NDVI from Sentinel-2,2024,0.7697,NDVI
LSOA,E01020332,West Devon 005A,E07000047,NDVI_MEAN,Mean summer NDVI from Sentinel-2,2024,0.5544,NDVI
LSOA,E01020333,West Devon 005B,E07000047,NDVI_MEAN,Mean summer NDVI from Sentinel-2,2024,0.8138,NDVI
LSOA,E01020334,West Devon 005C,E07000047,NDVI_MEAN,Mean summer NDVI from Sentinel-2,2024,0.7007,NDVI
LSOA,E01020335,West Devon 005D,E07000047,NDVI_MEAN,Mean summer NDVI from Sentinel-2,2024,0.6623,NDVI
LSOA,E01020336,West Devon 005E,E07000047,NDVI_MEAN,Mean summer NDVI from Sentinel-2,2024,0.7732,NDVI
LSOA,E01020337,West Devon 005F,E07000047,NDVI_MEAN,Mean summer NDVI from Sentinel-2,2024,0.7799,NDVI
LSOA,E01020338,West Devon 005G,E07000047,NDVI_MEAN,Mean summer NDVI from Sentinel-2,2024,0.6621,NDVI
LSOA,E01020339,West Devon 003D,E07000047,NDVI_MEAN,Mean summer NDVI from Sentinel-2,2024,0.7789,NDVI
LSOA,E01020340,West Devon 004D,E07000047,NDVI_MEAN,Mean summer NDVI from Sentinel-2,2024,0.8028,NDVI
LSOA,E01020341,West Devon 006C,E07000047,NDVI_MEAN,Mean summer NDVI from Sentinel-2,2024,0.8362,NDVI
LSOA,E01020342,West Devon 006D,E07000047,NDVI_MEAN,Mean summer NDVI from Sentinel-2,2024,0.7077,NDVI
LSOA,E01032628,East Devon 004G,E07000040,NDVI_MEAN,Mean summer NDVI from Sentinel-2,2024,0.7522,NDVI
LSOA,E01032657,Plymouth 027F,E06000026,NDVI_MEAN,Mean summer NDVI from Sentinel-2,2024,0.3856,NDVI
LSOA,E01032658,Plymouth 027G,E06000026,NDVI_MEAN,Mean summer NDVI from Sentinel-2,2024,0.1707,NDVI
LSOA,E01033232,Exeter 011F,E07000041,NDVI_MEAN,Mean summer NDVI from Sentinel-2,2024,0.4676,NDVI
LSOA,E01033234,Exeter 011G,E07000041,NDVI_MEAN,Mean summer NDVI from Sentinel-2,2024,0.4379,NDVI
LSOA,E01033235,Exeter 015E,E07000041,NDVI_MEAN,Mean summer NDVI from Sentinel-2,2024,0.5162,NDVI
LSOA,E01033236,Exeter 015F,E07000041,NDVI_MEAN,Mean summer NDVI from Sentinel-2,2024,0.6573,NDVI
LSOA,E01034157,Plymouth 031G,E06000026,NDVI_MEAN,Mean summer NDVI from Sentinel-2,2024,0.7569,NDVI
LSOA,E01034158,Plymouth 031H,E06000026,NDVI_MEAN,Mean summer NDVI from Sentinel-2,2024,0.429,NDVI
LSOA,E01034159,Plymouth 034B,E06000026,NDVI_MEAN,Mean summer NDVI from Sentinel-2,2024,0.221,NDVI
LSOA,E01034160,Plymouth 034C,E06000026,NDVI_MEAN,Mean summer NDVI from Sentinel-2,2024,0.2749,NDVI
LSOA,E01034161,Plymouth 034D,E06000026,NDVI_MEAN,Mean summer NDVI from Sentinel-2,2024,0.4242,NDVI
LSOA,E01034162,Plymouth 034E,E06000026,NDVI_MEAN,Mean summer NDVI from Sentinel-2,2024,0.3646,NDVI
LSOA,E01034165,Teignbridge 005E,E07000045,NDVI_MEAN,Mean summer NDVI from Sentinel-2,2024,0.6434,NDVI
LSOA,E01034166,Teignbridge 005F,E07000045,NDVI_MEAN,Mean summer NDVI from Sentinel-2,2024,0.7253,NDVI
LSOA,E01034167,Teignbridge 013E,E07000045,NDVI_MEAN,Mean summer NDVI from Sentinel-2,2024,0.7255,NDVI
LSOA,E01034168,Teignbridge 013F,E07000045,NDVI_MEAN,Mean summer NDVI from Sentinel-2,2024,0.6505,NDVI
LSOA,E01034169,Torbay 003G,E06000027,NDVI_MEAN,Mean summer NDVI from Sentinel-2,2024,0.6696,NDVI
LSOA,E01034170,Torbay 003H,E06000027,NDVI_MEAN,Mean summer NDVI from Sentinel-2,2024,0.5904,NDVI
LSOA,E01034171,Torbay 013H,E06000027,NDVI_MEAN,Mean summer NDVI from Sentinel-2,2024,0.6141,NDVI
LSOA,E01034172,Torbay 013I,E06000027,NDVI_MEAN,Mean summer NDVI from Sentinel-2,2024,0.6742,NDVI
LSOA,E01034618,East Devon 005F,E07000040,NDVI_MEAN,Mean summer NDVI from Sentinel-2,2024,0.5181,NDVI
LSOA,E01034619,East Devon 005G,E07000040,NDVI_MEAN,Mean summer NDVI from Sentinel-2,2024,0.7967,NDVI
LSOA,E01034620,East Devon 021C,E07000040,NDVI_MEAN,Mean summer NDVI from Sentinel-2,2024,0.687,NDVI
LSOA,E01034621,East Devon 021D,E07000040,NDVI_MEAN,Mean summer NDVI from Sentinel-2,2024,0.6511,NDVI
LSOA,E01034622,East Devon 021E,E07000040,NDVI_MEAN,Mean summer NDVI from Sentinel-2,2024,0.638,NDVI
LSOA,E01034623,East Devon 021F,E07000040,NDVI_MEAN,Mean summer NDVI from Sentinel-2,2024,0.6612,NDVI
LSOA,E01034624,East Devon 022A,E07000040,NDVI_MEAN,Mean summer NDVI from Sentinel-2,2024,0.4786,NDVI
LSOA,E01034625,East Devon 022B,E07000040,NDVI_MEAN,Mean summer NDVI from Sentinel-2,2024,0.576,NDVI
LSOA,E01034626,East Devon 022C,E07000040,NDVI_MEAN,Mean summer NDVI from Sentinel-2,2024,0.5835,NDVI
LSOA,E01034627,East Devon 022D,E07000040,NDVI_MEAN,Mean summer NDVI from Sentinel-2,2024,0.4301,NDVI
LSOA,E01034628,Exeter 001G,E07000041,NDVI_MEAN,Mean summer NDVI from Sentinel-2,2024,0.7739,NDVI
LSOA,E01034629,Exeter 001H,E07000041,NDVI_MEAN,Mean summer NDVI from Sentinel-2,2024,0.6542,NDVI
LSOA,E01034630,Exeter 008F,E07000041,NDVI_MEAN,Mean summer NDVI from Sentinel-2,2024,0.387,NDVI
LSOA,E01034631,Exeter 008G,E07000041,NDVI_MEAN,Mean summer NDVI from Sentinel-2,2024,0.3669,NDVI
LSOA,E01034632,Exeter 011H,E07000041,NDVI_MEAN,Mean summer NDVI from Sentinel-2,2024,0.7202,NDVI
LSOA,E01034633,Exeter 011I,E07000041,NDVI_MEAN,Mean summer NDVI from Sentinel-2,2024,0.4878,NDVI
LSOA,E01034634,Exeter 015G,E07000041,NDVI_MEAN,Mean summer NDVI from Sentinel-2,2024,0.6734,NDVI
LSOA,E01034635,Exeter 015H,E07000041,NDVI_MEAN,Mean summer NDVI from Sentinel-2,2024,0.6073,NDVI
LSOA,E01034636,Mid Devon 002E,E07000042,NDVI_MEAN,Mean summer NDVI from Sentinel-2,2024,0.7841,NDVI
LSOA,E01034637,Mid Devon 002F,E07000042,NDVI_MEAN,Mean summer NDVI from Sentinel-2,2024,0.5418,NDVI
LSOA,E01034638,North Devon 012F,E07000043,NDVI_MEAN,Mean summer NDVI from Sentinel-2,2024,0.7315,NDVI
LSOA,E01034639,North Devon 012G,E07000043,NDVI_MEAN,Mean summer NDVI from Sentinel-2,2024,0.5502,NDVI
LSOA,E01034640,Torridge 002D,E07000046,NDVI_MEAN,Mean summer NDVI from Sentinel-2,2024,0.4085,NDVI
LSOA,E01034641,Torridge 002E,E07000046,NDVI_MEAN,Mean summer NDVI from Sentinel-2,2024,0.5706,NDVI
LSOA,E01034642,West Devon 001E,E07000047,NDVI_MEAN,Mean summer NDVI from Sentinel-2,2024,0.7524,NDVI
LSOA,E01034643,West Devon 001F,E07000047,NDVI_MEAN,Mean summer NDVI from Sentinel-2,2024,0.7994,NDVI
LAD,E06000026,Plymouth,,NDVI_VEG_PCT,Area with summer NDVI above 0.5,2024,58.4423,PC
LAD,E06000027,Torbay,,NDVI_VEG_PCT,Area with summer NDVI above 0.5,2024,70.7131,PC
LAD,E07000040,East Devon,,NDVI_VEG_PCT,Area with summer NDVI above 0.5,2024,89.2663,PC
LAD,E07000041,Exeter,,NDVI_VEG_PCT,Area with summer NDVI above 0.5,2024,65.4512,PC
LAD,E07000042,Mid Devon,,NDVI_VEG_PCT,Area with summer NDVI above 0.5,2024,89.7774,PC
LAD,E07000043,North Devon,,NDVI_VEG_PCT,Area with summer NDVI above 0.5,2024,92.9026,PC
LAD,E07000044,South Hams,,NDVI_VEG_PCT,Area with summer NDVI above 0.5,2024,91.3602,PC
LAD,E07000045,Teignbridge,,NDVI_VEG_PCT,Area with summer NDVI above 0.5,2024,92.4798,PC
LAD,E07000046,Torridge,,NDVI_VEG_PCT,Area with summer NDVI above 0.5,2024,93.7032,PC
LAD,E07000047,West Devon,,NDVI_VEG_PCT,Area with summer NDVI above 0.5,2024,94.4207,PC
LSOA,E01015023,Plymouth 003A,E06000026,NDVI_VEG_PCT,Area with summer NDVI above 0.5,2024,89.8482,PC
LSOA,E01015024,Plymouth 004A,E06000026,NDVI_VEG_PCT,Area with summer NDVI above 0.5,2024,58.2111,PC
LSOA,E01015025,Plymouth 001A,E06000026,NDVI_VEG_PCT,Area with summer NDVI above 0.5,2024,72.9319,PC
LSOA,E01015026,Plymouth 003B,E06000026,NDVI_VEG_PCT,Area with summer NDVI above 0.5,2024,52.3114,PC
LSOA,E01015027,Plymouth 002A,E06000026,NDVI_VEG_PCT,Area with summer NDVI above 0.5,2024,56.7023,PC
LSOA,E01015028,Plymouth 003C,E06000026,NDVI_VEG_PCT,Area with summer NDVI above 0.5,2024,74.2313,PC
LSOA,E01015029,Plymouth 008A,E06000026,NDVI_VEG_PCT,Area with summer NDVI above 0.5,2024,65.0931,PC
LSOA,E01015030,Plymouth 007A,E06000026,NDVI_VEG_PCT,Area with summer NDVI above 0.5,2024,75.1969,PC
LSOA,E01015031,Plymouth 023A,E06000026,NDVI_VEG_PCT,Area with summer NDVI above 0.5,2024,46.0076,PC
LSOA,E01015032,Plymouth 023B,E06000026,NDVI_VEG_PCT,Area with summer NDVI above 0.5,2024,23.3929,PC
LSOA,E01015033,Plymouth 016A,E06000026,NDVI_VEG_PCT,Area with summer NDVI above 0.5,2024,55.334,PC
LSOA,E01015034,Plymouth 016B,E06000026,NDVI_VEG_PCT,Area with summer NDVI above 0.5,2024,62.9966,PC
LSOA,E01015035,Plymouth 012A,E06000026,NDVI_VEG_PCT,Area with summer NDVI above 0.5,2024,47.9564,PC
LSOA,E01015036,Plymouth 016C,E06000026,NDVI_VEG_PCT,Area with summer NDVI above 0.5,2024,64.9351,PC
LSOA,E01015037,Plymouth 012B,E06000026,NDVI_VEG_PCT,Area with summer NDVI above 0.5,2024,40.1869,PC
LSOA,E01015038,Plymouth 016D,E06000026,NDVI_VEG_PCT,Area with summer NDVI above 0.5,2024,58.7166,PC
LSOA,E01015039,Plymouth 014A,E06000026,NDVI_VEG_PCT,Area with summer NDVI above 0.5,2024,28.6805,PC
LSOA,E01015040,Plymouth 014B,E06000026,NDVI_VEG_PCT,Area with summer NDVI above 0.5,2024,69.0909,PC
LSOA,E01015041,Plymouth 014C,E06000026,NDVI_VEG_PCT,Area with summer NDVI above 0.5,2024,15.7055,PC
LSOA,E01015042,Plymouth 020A,E06000026,NDVI_VEG_PCT,Area with summer NDVI above 0.5,2024,5.4475,PC
LSOA,E01015043,Plymouth 026A,E06000026,NDVI_VEG_PCT,Area with summer NDVI above 0.5,2024,14.3979,PC
LSOA,E01015044,Plymouth 020B,E06000026,NDVI_VEG_PCT,Area with summer NDVI above 0.5,2024,16.1404,PC
LSOA,E01015045,Plymouth 026B,E06000026,NDVI_VEG_PCT,Area with summer NDVI above 0.5,2024,34.7942,PC
LSOA,E01015046,Plymouth 026C,E06000026,NDVI_VEG_PCT,Area with summer NDVI above 0.5,2024,13.2198,PC
LSOA,E01015047,Plymouth 026D,E06000026,NDVI_VEG_PCT,Area with summer NDVI above 0.5,2024,48.136,PC
LSOA,E01015048,Plymouth 026E,E06000026,NDVI_VEG_PCT,Area with summer NDVI above 0.5,2024,10.9049,PC
LSOA,E01015049,Plymouth 023C,E06000026,NDVI_VEG_PCT,Area with summer NDVI above 0.5,2024,4.9123,PC
LSOA,E01015050,Plymouth 023D,E06000026,NDVI_VEG_PCT,Area with summer NDVI above 0.5,2024,18.9091,PC
LSOA,E01015051,Plymouth 023E,E06000026,NDVI_VEG_PCT,Area with summer NDVI above 0.5,2024,13.6264,PC
LSOA,E01015052,Plymouth 028A,E06000026,NDVI_VEG_PCT,Area with summer NDVI above 0.5,2024,6.3333,PC
LSOA,E01015053,Plymouth 027A,E06000026,NDVI_VEG_PCT,Area with summer NDVI above 0.5,2024,14.6226,PC
LSOA,E01015054,Plymouth 027B,E06000026,NDVI_VEG_PCT,Area with summer NDVI above 0.5,2024,13.5135,PC
LSOA,E01015055,Plymouth 021A,E06000026,NDVI_VEG_PCT,Area with summer NDVI above 0.5,2024,73.0657,PC
LSOA,E01015056,Plymouth 021B,E06000026,NDVI_VEG_PCT,Area with summer NDVI above 0.5,2024,62.6531,PC
LSOA,E01015057,Plymouth 021C,E06000026,NDVI_VEG_PCT,Area with summer NDVI above 0.5,2024,41.7122,PC
LSOA,E01015058,Plymouth 012C,E06000026,NDVI_VEG_PCT,Area with summer NDVI above 0.5,2024,59.8608,PC
LSOA,E01015059,Plymouth 021D,E06000026,NDVI_VEG_PCT,Area with summer NDVI above 0.5,2024,41.2331,PC
LSOA,E01015060,Plymouth 021E,E06000026,NDVI_VEG_PCT,Area with summer NDVI above 0.5,2024,52.2794,PC
LSOA,E01015061,Plymouth 025A,E06000026,NDVI_VEG_PCT,Area with summer NDVI above 0.5,2024,31.6092,PC
LSOA,E01015062,Plymouth 025B,E06000026,NDVI_VEG_PCT,Area with summer NDVI above 0.5,2024,26.0135,PC
LSOA,E01015063,Plymouth 010A,E06000026,NDVI_VEG_PCT,Area with summer NDVI above 0.5,2024,73.5174,PC
LSOA,E01015064,Plymouth 008B,E06000026,NDVI_VEG_PCT,Area with summer NDVI above 0.5,2024,53.6439,PC
LSOA,E01015065,Plymouth 008C,E06000026,NDVI_VEG_PCT,Area with summer NDVI above 0.5,2024,50.3888,PC
LSOA,E01015066,Plymouth 012D,E06000026,NDVI_VEG_PCT,Area with summer NDVI above 0.5,2024,70.2596,PC
LSOA,E01015067,Plymouth 012E,E06000026,NDVI_VEG_PCT,Area with summer NDVI above 0.5,2024,49.5686,PC
LSOA,E01015068,Plymouth 010B,E06000026,NDVI_VEG_PCT,Area with summer NDVI above 0.5,2024,57.4591,PC
LSOA,E01015069,Plymouth 010C,E06000026,NDVI_VEG_PCT,Area with summer NDVI above 0.5,2024,79.096,PC
LSOA,E01015070,Plymouth 007B,E06000026,NDVI_VEG_PCT,Area with summer NDVI above 0.5,2024,61.0146,PC
LSOA,E01015071,Plymouth 008D,E06000026,NDVI_VEG_PCT,Area with summer NDVI above 0.5,2024,66.6114,PC
LSOA,E01015072,Plymouth 013A,E06000026,NDVI_VEG_PCT,Area with summer NDVI above 0.5,2024,43.0669,PC
LSOA,E01015073,Plymouth 013B,E06000026,NDVI_VEG_PCT,Area with summer NDVI above 0.5,2024,69.3426,PC
LSOA,E01015074,Plymouth 011A,E06000026,NDVI_VEG_PCT,Area with summer NDVI above 0.5,2024,71.7541,PC
LSOA,E01015075,Plymouth 014D,E06000026,NDVI_VEG_PCT,Area with summer NDVI above 0.5,2024,60.2794,PC
LSOA,E01015076,Plymouth 009A,E06000026,NDVI_VEG_PCT,Area with summer NDVI above 0.5,2024,52.6946,PC
LSOA,E01015077,Plymouth 011B,E06000026,NDVI_VEG_PCT,Area with summer NDVI above 0.5,2024,58.3947,PC
LSOA,E01015078,Plymouth 013C,E06000026,NDVI_VEG_PCT,Area with summer NDVI above 0.5,2024,32.3699,PC
LSOA,E01015079,Plymouth 011C,E06000026,NDVI_VEG_PCT,Area with summer NDVI above 0.5,2024,34.1716,PC
LSOA,E01015080,Plymouth 013D,E06000026,NDVI_VEG_PCT,Area with summer NDVI above 0.5,2024,27.551,PC
LSOA,E01015081,Plymouth 007C,E06000026,NDVI_VEG_PCT,Area with summer NDVI above 0.5,2024,49.7553,PC
LSOA,E01015082,Plymouth 004B,E06000026,NDVI_VEG_PCT,Area with summer NDVI above 0.5,2024,63.197,PC
LSOA,E01015083,Plymouth 004C,E06000026,NDVI_VEG_PCT,Area with summer NDVI above 0.5,2024,88.3879,PC
LSOA,E01015084,Plymouth 004D,E06000026,NDVI_VEG_PCT,Area with summer NDVI above 0.5,2024,66.5663,PC
LSOA,E01015085,Plymouth 006A,E06000026,NDVI_VEG_PCT,Area with summer NDVI above 0.5,2024,53.1207,PC
LSOA,E01015086,Plymouth 007D,E06000026,NDVI_VEG_PCT,Area with summer NDVI above 0.5,2024,62.5159,PC
LSOA,E01015087,Plymouth 006B,E06000026,NDVI_VEG_PCT,Area with summer NDVI above 0.5,2024,49.9261,PC
LSOA,E01015088,Plymouth 006C,E06000026,NDVI_VEG_PCT,Area with summer NDVI above 0.5,2024,33.0882,PC
LSOA,E01015089,Plymouth 007E,E06000026,NDVI_VEG_PCT,Area with summer NDVI above 0.5,2024,46.606,PC
LSOA,E01015090,Plymouth 005A,E06000026,NDVI_VEG_PCT,Area with summer NDVI above 0.5,2024,62.6012,PC
LSOA,E01015091,Plymouth 005B,E06000026,NDVI_VEG_PCT,Area with summer NDVI above 0.5,2024,78.9325,PC
LSOA,E01015092,Plymouth 005C,E06000026,NDVI_VEG_PCT,Area with summer NDVI above 0.5,2024,64.39,PC
LSOA,E01015093,Plymouth 005D,E06000026,NDVI_VEG_PCT,Area with summer NDVI above 0.5,2024,72.0497,PC
LSOA,E01015094,Plymouth 005E,E06000026,NDVI_VEG_PCT,Area with summer NDVI above 0.5,2024,55.4042,PC
LSOA,E01015095,Plymouth 010D,E06000026,NDVI_VEG_PCT,Area with summer NDVI above 0.5,2024,63.0308,PC
LSOA,E01015096,Plymouth 010E,E06000026,NDVI_VEG_PCT,Area with summer NDVI above 0.5,2024,72.2124,PC
LSOA,E01015097,Plymouth 001B,E06000026,NDVI_VEG_PCT,Area with summer NDVI above 0.5,2024,66.9855,PC
LSOA,E01015098,Plymouth 017A,E06000026,NDVI_VEG_PCT,Area with summer NDVI above 0.5,2024,16.8646,PC
LSOA,E01015099,Plymouth 017B,E06000026,NDVI_VEG_PCT,Area with summer NDVI above 0.5,2024,79.5095,PC
LSOA,E01015100,Plymouth 017C,E06000026,NDVI_VEG_PCT,Area with summer NDVI above 0.5,2024,29.3722,PC
LSOA,E01015101,Plymouth 016E,E06000026,NDVI_VEG_PCT,Area with summer NDVI above 0.5,2024,45.4102,PC
LSOA,E01015102,Plymouth 011D,E06000026,NDVI_VEG_PCT,Area with summer NDVI above 0.5,2024,38.8306,PC
LSOA,E01015103,Plymouth 017D,E06000026,NDVI_VEG_PCT,Area with summer NDVI above 0.5,2024,8.5714,PC
LSOA,E01015104,Plymouth 011E,E06000026,NDVI_VEG_PCT,Area with summer NDVI above 0.5,2024,21.9653,PC
LSOA,E01015105,Plymouth 017E,E06000026,NDVI_VEG_PCT,Area with summer NDVI above 0.5,2024,7.0312,PC
LSOA,E01015106,Plymouth 013E,E06000026,NDVI_VEG_PCT,Area with summer NDVI above 0.5,2024,58.8953,PC
LSOA,E01015107,Plymouth 018A,E06000026,NDVI_VEG_PCT,Area with summer NDVI above 0.5,2024,48.1988,PC
LSOA,E01015108,Plymouth 022A,E06000026,NDVI_VEG_PCT,Area with summer NDVI above 0.5,2024,62.5954,PC
LSOA,E01015109,Plymouth 022B,E06000026,NDVI_VEG_PCT,Area with summer NDVI above 0.5,2024,60.8805,PC
LSOA,E01015110,Plymouth 018B,E06000026,NDVI_VEG_PCT,Area with summer NDVI above 0.5,2024,45.5163,PC
LSOA,E01015111,Plymouth 018C,E06000026,NDVI_VEG_PCT,Area with summer NDVI above 0.5,2024,24.055,PC
LSOA,E01015112,Plymouth 019A,E06000026,NDVI_VEG_PCT,Area with summer NDVI above 0.5,2024,82.7685,PC
LSOA,E01015113,Plymouth 019B,E06000026,NDVI_VEG_PCT,Area with summer NDVI above 0.5,2024,59.5099,PC
LSOA,E01015114,Plymouth 019C,E06000026,NDVI_VEG_PCT,Area with summer NDVI above 0.5,2024,79.1055,PC
LSOA,E01015115,Plymouth 022C,E06000026,NDVI_VEG_PCT,Area with summer NDVI above 0.5,2024,71.5305,PC
LSOA,E01015116,Plymouth 022D,E06000026,NDVI_VEG_PCT,Area with summer NDVI above 0.5,2024,47.2919,PC
LSOA,E01015117,Plymouth 022E,E06000026,NDVI_VEG_PCT,Area with summer NDVI above 0.5,2024,62.1963,PC
LSOA,E01015118,Plymouth 019D,E06000026,NDVI_VEG_PCT,Area with summer NDVI above 0.5,2024,38.7173,PC
LSOA,E01015119,Plymouth 018D,E06000026,NDVI_VEG_PCT,Area with summer NDVI above 0.5,2024,57.8378,PC
LSOA,E01015120,Plymouth 015A,E06000026,NDVI_VEG_PCT,Area with summer NDVI above 0.5,2024,84.1616,PC
LSOA,E01015121,Plymouth 015B,E06000026,NDVI_VEG_PCT,Area with summer NDVI above 0.5,2024,36.8304,PC
LSOA,E01015122,Plymouth 019E,E06000026,NDVI_VEG_PCT,Area with summer NDVI above 0.5,2024,34.5523,PC
LSOA,E01015123,Plymouth 015C,E06000026,NDVI_VEG_PCT,Area with summer NDVI above 0.5,2024,53.4268,PC
LSOA,E01015124,Plymouth 015D,E06000026,NDVI_VEG_PCT,Area with summer NDVI above 0.5,2024,45.4026,PC
LSOA,E01015125,Plymouth 015E,E06000026,NDVI_VEG_PCT,Area with summer NDVI above 0.5,2024,75.6182,PC
LSOA,E01015126,Plymouth 030A,E06000026,NDVI_VEG_PCT,Area with summer NDVI above 0.5,2024,50.8213,PC
LSOA,E01015127,Plymouth 030B,E06000026,NDVI_VEG_PCT,Area with summer NDVI above 0.5,2024,53.072,PC
LSOA,E01015128,Plymouth 032A,E06000026,NDVI_VEG_PCT,Area with summer NDVI above 0.5,2024,55.0416,PC
LSOA,E01015129,Plymouth 032B,E06000026,NDVI_VEG_PCT,Area with summer NDVI above 0.5,2024,67.0213,PC
LSOA,E01015130,Plymouth 032C,E06000026,NDVI_VEG_PCT,Area with summer NDVI above 0.5,2024,81.1301,PC
LSOA,E01015131,Plymouth 030C,E06000026,NDVI_VEG_PCT,Area with summer NDVI above 0.5,2024,73.1594,PC
LSOA,E01015132,Plymouth 030D,E06000026,NDVI_VEG_PCT,Area with summer NDVI above 0.5,2024,50.7308,PC
LSOA,E01015133,Plymouth 030E,E06000026,NDVI_VEG_PCT,Area with summer NDVI above 0.5,2024,45.9307,PC
LSOA,E01015134,Plymouth 032D,E06000026,NDVI_VEG_PCT,Area with summer NDVI above 0.5,2024,49.4526,PC
LSOA,E01015136,Plymouth 031B,E06000026,NDVI_VEG_PCT,Area with summer NDVI above 0.5,2024,46.9684,PC
LSOA,E01015137,Plymouth 031C,E06000026,NDVI_VEG_PCT,Area with summer NDVI above 0.5,2024,45.0523,PC
LSOA,E01015138,Plymouth 031D,E06000026,NDVI_VEG_PCT,Area with summer NDVI above 0.5,2024,65.3111,PC
LSOA,E01015139,Plymouth 031E,E06000026,NDVI_VEG_PCT,Area with summer NDVI above 0.5,2024,84.0872,PC
LSOA,E01015140,Plymouth 032E,E06000026,NDVI_VEG_PCT,Area with summer NDVI above 0.5,2024,46.6038,PC
LSOA,E01015141,Plymouth 031F,E06000026,NDVI_VEG_PCT,Area with summer NDVI above 0.5,2024,69.0876,PC
LSOA,E01015142,Plymouth 009B,E06000026,NDVI_VEG_PCT,Area with summer NDVI above 0.5,2024,67.2508,PC
LSOA,E01015143,Plymouth 009C,E06000026,NDVI_VEG_PCT,Area with summer NDVI above 0.5,2024,39.2157,PC
LSOA,E01015144,Plymouth 009D,E06000026,NDVI_VEG_PCT,Area with summer NDVI above 0.5,2024,28.131,PC
LSOA,E01015145,Plymouth 014E,E06000026,NDVI_VEG_PCT,Area with summer NDVI above 0.5,2024,59.8551,PC
LSOA,E01015146,Plymouth 009E,E06000026,NDVI_VEG_PCT,Area with summer NDVI above 0.5,2024,60.8696,PC
LSOA,E01015147,Plymouth 006D,E06000026,NDVI_VEG_PCT,Area with summer NDVI above 0.5,2024,33.7793,PC
LSOA,E01015148,Plymouth 006E,E06000026,NDVI_VEG_PCT,Area with summer NDVI above 0.5,2024,73.8413,PC
LSOA,E01015149,Plymouth 009F,E06000026,NDVI_VEG_PCT,Area with summer NDVI above 0.5,2024,55.4688,PC
LSOA,E01015150,Plymouth 009G,E06000026,NDVI_VEG_PCT,Area with summer NDVI above 0.5,2024,40.6504,PC
LSOA,E01015151,Plymouth 033A,E06000026,NDVI_VEG_PCT,Area with summer NDVI above 0.5,2024,42.623,PC
LSOA,E01015152,Plymouth 027C,E06000026,NDVI_VEG_PCT,Area with summer NDVI above 0.5,2024,18.7186,PC
LSOA,E01015153,Plymouth 033C,E06000026,NDVI_VEG_PCT,Area with summer NDVI above 0.5,2024,47.5265,PC
LSOA,E01015155,Plymouth 034A,E06000026,NDVI_VEG_PCT,Area with summer NDVI above 0.5,2024,28.2272,PC
LSOA,E01015156,Plymouth 027E,E06000026,NDVI_VEG_PCT,Area with summer NDVI above 0.5,2024,28.8621,PC
LSOA,E01015159,Plymouth 002B,E06000026,NDVI_VEG_PCT,Area with summer NDVI above 0.5,2024,66.0349,PC
LSOA,E01015160,Plymouth 001C,E06000026,NDVI_VEG_PCT,Area with summer NDVI above 0.5,2024,59.5488,PC
LSOA,E01015161,Plymouth 002C,E06000026,NDVI_VEG_PCT,Area with summer NDVI above 0.5,2024,62.753,PC
LSOA,E01015162,Plymouth 002D,E06000026,NDVI_VEG_PCT,Area with summer NDVI above 0.5,2024,78.9714,PC
LSOA,E01015163,Plymouth 003D,E06000026,NDVI_VEG_PCT,Area with summer NDVI above 0.5,2024,81.6783,PC
LSOA,E01015164,Plymouth 001D,E06000026,NDVI_VEG_PCT,Area with summer NDVI above 0.5,2024,56.6256,PC
LSOA,E01015165,Plymouth 003E,E06000026,NDVI_VEG_PCT,Area with summer NDVI above 0.5,2024,74.9226,PC
LSOA,E01015166,Plymouth 002E,E06000026,NDVI_VEG_PCT,Area with summer NDVI above 0.5,2024,72.454,PC
LSOA,E01015167,Plymouth 020C,E06000026,NDVI_VEG_PCT,Area with summer NDVI above 0.5,2024,32.4138,PC
LSOA,E01015168,Plymouth 020D,E06000026,NDVI_VEG_PCT,Area with summer NDVI above 0.5,2024,21.9178,PC
LSOA,E01015169,Plymouth 024A,E06000026,NDVI_VEG_PCT,Area with summer NDVI above 0.5,2024,40.8847,PC
LSOA,E01015170,Plymouth 024B,E06000026,NDVI_VEG_PCT,Area with summer NDVI above 0.5,2024,49.9398,PC
LSOA,E01015171,Plymouth 020E,E06000026,NDVI_VEG_PCT,Area with summer NDVI above 0.5,2024,42.1053,PC
LSOA,E01015172,Plymouth 033B,E06000026,NDVI_VEG_PCT,Area with summer NDVI above 0.5,2024,49.1296,PC
LSOA,E01015173,Plymouth 024C,E06000026,NDVI_VEG_PCT,Area with summer NDVI above 0.5,2024,66.1184,PC
LSOA,E01015174,Plymouth 024D,E06000026,NDVI_VEG_PCT,Area with summer NDVI above 0.5,2024,5.2525,PC
LSOA,E01015175,Plymouth 025C,E06000026,NDVI_VEG_PCT,Area with summer NDVI above 0.5,2024,17.1745,PC
LSOA,E01015176,Plymouth 021F,E06000026,NDVI_VEG_PCT,Area with summer NDVI above 0.5,2024,50.6596,PC
LSOA,E01015177,Plymouth 025D,E06000026,NDVI_VEG_PCT,Area with summer NDVI above 0.5,2024,26.9406,PC
LSOA,E01015178,Plymouth 025E,E06000026,NDVI_VEG_PCT,Area with summer NDVI above 0.5,2024,20.9932,PC
LSOA,E01015179,Plymouth 028B,E06000026,NDVI_VEG_PCT,Area with summer NDVI above 0.5,2024,13.4503,PC
LSOA,E01015180,Plymouth 028C,E06000026,NDVI_VEG_PCT,Area with summer NDVI above 0.5,2024,43.2836,PC
LSOA,E01015181,Plymouth 028D,E06000026,NDVI_VEG_PCT,Area with summer NDVI above 0.5,2024,10.3194,PC
LSOA,E01015182,Plymouth 028E,E06000026,NDVI_VEG_PCT,Area with summer NDVI above 0.5,2024,15.2397,PC
LSOA,E01015183,Torbay 017A,E06000027,NDVI_VEG_PCT,Area with summer NDVI above 0.5,2024,72.5249,PC
LSOA,E01015184,Torbay 017B,E06000027,NDVI_VEG_PCT,Area with summer NDVI above 0.5,2024,33.1473,PC
LSOA,E01015185,Torbay 017C,E06000027,NDVI_VEG_PCT,Area with summer NDVI above 0.5,2024,44.1135,PC
LSOA,E01015186,Torbay 017D,E06000027,NDVI_VEG_PCT,Area with summer NDVI above 0.5,2024,23.8202,PC
LSOA,E01015187,Torbay 017E,E06000027,NDVI_VEG_PCT,Area with summer NDVI above 0.5,2024,55.4541,PC
LSOA,E01015188,Torbay 017F,E06000027,NDVI_VEG_PCT,Area with summer NDVI above 0.5,2024,40.2792,PC
LSOA,E01015189,Torbay 017G,E06000027,NDVI_VEG_PCT,Area with summer NDVI above 0.5,2024,49.7015,PC
LSOA,E01015190,Torbay 013A,E06000027,NDVI_VEG_PCT,Area with summer NDVI above 0.5,2024,88.4836,PC
LSOA,E01015191,Torbay 013B,E06000027,NDVI_VEG_PCT,Area with summer NDVI above 0.5,2024,76.9528,PC
LSOA,E01015192,Torbay 013C,E06000027,NDVI_VEG_PCT,Area with summer NDVI above 0.5,2024,43.0486,PC
LSOA,E01015193,Torbay 013D,E06000027,NDVI_VEG_PCT,Area with summer NDVI above 0.5,2024,31.5217,PC
LSOA,E01015194,Torbay 013E,E06000027,NDVI_VEG_PCT,Area with summer NDVI above 0.5,2024,56.2264,PC
LSOA,E01015196,Torbay 013G,E06000027,NDVI_VEG_PCT,Area with summer NDVI above 0.5,2024,51.8272,PC
LSOA,E01015197,Torbay 016A,E06000027,NDVI_VEG_PCT,Area with summer NDVI above 0.5,2024,72.2255,PC
LSOA,E01015198,Torbay 016B,E06000027,NDVI_VEG_PCT,Area with summer NDVI above 0.5,2024,46.0349,PC
LSOA,E01015199,Torbay 016C,E06000027,NDVI_VEG_PCT,Area with summer NDVI above 0.5,2024,87.5345,PC
LSOA,E01015200,Torbay 016D,E06000027,NDVI_VEG_PCT,Area with summer NDVI above 0.5,2024,47.9299,PC
LSOA,E01015201,Torbay 016E,E06000027,NDVI_VEG_PCT,Area with summer NDVI above 0.5,2024,93.1433,PC
LSOA,E01015202,Torbay 012A,E06000027,NDVI_VEG_PCT,Area with summer NDVI above 0.5,2024,48.5423,PC
LSOA,E01015203,Torbay 012B,E06000027,NDVI_VEG_PCT,Area with summer NDVI above 0.5,2024,41.2698,PC
LSOA,E01015204,Torbay 012C,E06000027,NDVI_VEG_PCT,Area with summer NDVI above 0.5,2024,34.2149,PC
LSOA,E01015205,Torbay 012D,E06000027,NDVI_VEG_PCT,Area with summer NDVI above 0.5,2024,39.6497,PC
LSOA,E01015206,Torbay 012E,E06000027,NDVI_VEG_PCT,Area with summer NDVI above 0.5,2024,66.4132,PC
LSOA,E01015207,Torbay 019E,E06000027,NDVI_VEG_PCT,Area with summer NDVI above 0.5,2024,87.2175,PC
LSOA,E01015208,Torbay 019F,E06000027,NDVI_VEG_PCT,Area with summer NDVI above 0.5,2024,78.5965,PC
LSOA,E01015209,Torbay 019A,E06000027,NDVI_VEG_PCT,Area with summer NDVI above 0.5,2024,75.4054,PC
LSOA,E01015210,Torbay 019B,E06000027,NDVI_VEG_PCT,Area with summer NDVI above 0.5,2024,72.9317,PC
LSOA,E01015211,Torbay 019G,E06000027,NDVI_VEG_PCT,Area with summer NDVI above 0.5,2024,64.5733,PC
LSOA,E01015212,Torbay 019C,E06000027,NDVI_VEG_PCT,Area with summer NDVI above 0.5,2024,56.0606,PC
LSOA,E01015213,Torbay 019D,E06000027,NDVI_VEG_PCT,Area with summer NDVI above 0.5,2024,63.0021,PC
LSOA,E01015214,Torbay 006A,E06000027,NDVI_VEG_PCT,Area with summer NDVI above 0.5,2024,16.0326,PC
LSOA,E01015215,Torbay 006B,E06000027,NDVI_VEG_PCT,Area with summer NDVI above 0.5,2024,51.269,PC
LSOA,E01015216,Torbay 006C,E06000027,NDVI_VEG_PCT,Area with summer NDVI above 0.5,2024,16.6667,PC
LSOA,E01015217,Torbay 008A,E06000027,NDVI_VEG_PCT,Area with summer NDVI above 0.5,2024,49.8896,PC
LSOA,E01015218,Torbay 006D,E06000027,NDVI_VEG_PCT,Area with summer NDVI above 0.5,2024,40.8511,PC
LSOA,E01015219,Torbay 015A,E06000027,NDVI_VEG_PCT,Area with summer NDVI above 0.5,2024,42.1354,PC
LSOA,E01015220,Torbay 015B,E06000027,NDVI_VEG_PCT,Area with summer NDVI above 0.5,2024,70.5157,PC
LSOA,E01015221,Torbay 015C,E06000027,NDVI_VEG_PCT,Area with summer NDVI above 0.5,2024,62.8013,PC
LSOA,E01015222,Torbay 015D,E06000027,NDVI_VEG_PCT,Area with summer NDVI above 0.5,2024,70.7744,PC
LSOA,E01015223,Torbay 015E,E06000027,NDVI_VEG_PCT,Area with summer NDVI above 0.5,2024,56.8605,PC
LSOA,E01015224,Torbay 011A,E06000027,NDVI_VEG_PCT,Area with summer NDVI above 0.5,2024,47.6656,PC
LSOA,E01015225,Torbay 011B,E06000027,NDVI_VEG_PCT,Area with summer NDVI above 0.5,2024,61.8515,PC
LSOA,E01015226,Torbay 011C,E06000027,NDVI_VEG_PCT,Area with summer NDVI above 0.5,2024,71.7381,PC
LSOA,E01015227,Torbay 011D,E06000027,NDVI_VEG_PCT,Area with summer NDVI above 0.5,2024,45.3437,PC
LSOA,E01015228,Torbay 011E,E06000027,NDVI_VEG_PCT,Area with summer NDVI above 0.5,2024,23.2221,PC
LSOA,E01015229,Torbay 014A,E06000027,NDVI_VEG_PCT,Area with summer NDVI above 0.5,2024,45.5378,PC
LSOA,E01015230,Torbay 011F,E06000027,NDVI_VEG_PCT,Area with summer NDVI above 0.5,2024,56.1066,PC
LSOA,E01015231,Torbay 014B,E06000027,NDVI_VEG_PCT,Area with summer NDVI above 0.5,2024,22.6667,PC
LSOA,E01015232,Torbay 014C,E06000027,NDVI_VEG_PCT,Area with summer NDVI above 0.5,2024,30.0092,PC
LSOA,E01015233,Torbay 014D,E06000027,NDVI_VEG_PCT,Area with summer NDVI above 0.5,2024,26.5537,PC
LSOA,E01015234,Torbay 014E,E06000027,NDVI_VEG_PCT,Area with summer NDVI above 0.5,2024,24.9211,PC
LSOA,E01015235,Torbay 014F,E06000027,NDVI_VEG_PCT,Area with summer NDVI above 0.5,2024,48.5654,PC
LSOA,E01015236,Torbay 002A,E06000027,NDVI_VEG_PCT,Area with summer NDVI above 0.5,2024,94.1409,PC
LSOA,E01015237,Torbay 002B,E06000027,NDVI_VEG_PCT,Area with summer NDVI above 0.5,2024,37.8218,PC
LSOA,E01015238,Torbay 002C,E06000027,NDVI_VEG_PCT,Area with summer NDVI above 0.5,2024,59.5269,PC
LSOA,E01015239,Torbay 002D,E06000027,NDVI_VEG_PCT,Area with summer NDVI above 0.5,2024,38.1022,PC
LSOA,E01015240,Torbay 005A,E06000027,NDVI_VEG_PCT,Area with summer NDVI above 0.5,2024,61.3021,PC
LSOA,E01015241,Torbay 005B,E06000027,NDVI_VEG_PCT,Area with summer NDVI above 0.5,2024,23.7037,PC
LSOA,E01015242,Torbay 005C,E06000027,NDVI_VEG_PCT,Area with summer NDVI above 0.5,2024,35.0365,PC
LSOA,E01015243,Torbay 005D,E06000027,NDVI_VEG_PCT,Area with summer NDVI above 0.5,2024,43.2956,PC
LSOA,E01015244,Torbay 018A,E06000027,NDVI_VEG_PCT,Area with summer NDVI above 0.5,2024,71.4485,PC
LSOA,E01015245,Torbay 018B,E06000027,NDVI_VEG_PCT,Area with summer NDVI above 0.5,2024,72.7619,PC
LSOA,E01015246,Torbay 018C,E06000027,NDVI_VEG_PCT,Area with summer NDVI above 0.5,2024,48.2835,PC
LSOA,E01015247,Torbay 018D,E06000027,NDVI_VEG_PCT,Area with summer NDVI above 0.5,2024,80.1829,PC
LSOA,E01015248,Torbay 018E,E06000027,NDVI_VEG_PCT,Area with summer NDVI above 0.5,2024,39.8214,PC
LSOA,E01015249,Torbay 003A,E06000027,NDVI_VEG_PCT,Area with summer NDVI above 0.5,2024,56.2597,PC
LSOA,E01015250,Torbay 003B,E06000027,NDVI_VEG_PCT,Area with summer NDVI above 0.5,2024,78.6496,PC
LSOA,E01015251,Torbay 003C,E06000027,NDVI_VEG_PCT,Area with summer NDVI above 0.5,2024,50.354,PC
LSOA,E01015253,Torbay 003E,E06000027,NDVI_VEG_PCT,Area with summer NDVI above 0.5,2024,68.6111,PC
LSOA,E01015254,Torbay 003F,E06000027,NDVI_VEG_PCT,Area with summer NDVI above 0.5,2024,52.8771,PC
LSOA,E01015255,Torbay 008B,E06000027,NDVI_VEG_PCT,Area with summer NDVI above 0.5,2024,29.4633,PC
LSOA,E01015256,Torbay 008C,E06000027,NDVI_VEG_PCT,Area with summer NDVI above 0.5,2024,25.3061,PC
LSOA,E01015257,Torbay 004A,E06000027,NDVI_VEG_PCT,Area with summer NDVI above 0.5,2024,67.3969,PC
LSOA,E01015258,Torbay 004B,E06000027,NDVI_VEG_PCT,Area with summer NDVI above 0.5,2024,56.7076,PC
LSOA,E01015259,Torbay 004C,E06000027,NDVI_VEG_PCT,Area with summer NDVI above 0.5,2024,50.7868,PC
LSOA,E01015260,Torbay 004D,E06000027,NDVI_VEG_PCT,Area with summer NDVI above 0.5,2024,51.9293,PC
LSOA,E01015261,Torbay 008D,E06000027,NDVI_VEG_PCT,Area with summer NDVI above 0.5,2024,48.5739,PC
LSOA,E01015262,Torbay 001A,E06000027,NDVI_VEG_PCT,Area with summer NDVI above 0.5,2024,44.7842,PC
LSOA,E01015263,Torbay 001B,E06000027,NDVI_VEG_PCT,Area with summer NDVI above 0.5,2024,59.4034,PC
LSOA,E01015264,Torbay 001C,E06000027,NDVI_VEG_PCT,Area with summer NDVI above 0.5,2024,73.8165,PC
LSOA,E01015265,Torbay 001D,E06000027,NDVI_VEG_PCT,Area with summer NDVI above 0.5,2024,52.9144,PC
LSOA,E01015266,Torbay 001E,E06000027,NDVI_VEG_PCT,Area with summer NDVI above 0.5,2024,55.1769,PC
LSOA,E01015267,Torbay 010A,E06000027,NDVI_VEG_PCT,Area with summer NDVI above 0.5,2024,64.0275,PC
LSOA,E01015268,Torbay 010B,E06000027,NDVI_VEG_PCT,Area with summer NDVI above 0.5,2024,77.7108,PC
LSOA,E01015269,Torbay 010C,E06000027,NDVI_VEG_PCT,Area with summer NDVI above 0.5,2024,77.6967,PC
LSOA,E01015270,Torbay 010D,E06000027,NDVI_VEG_PCT,Area with summer NDVI above 0.5,2024,74.6655,PC
LSOA,E01015271,Torbay 010E,E06000027,NDVI_VEG_PCT,Area with summer NDVI above 0.5,2024,83.4089,PC
LSOA,E01019887,East Devon 005B,E07000040,NDVI_VEG_PCT,Area with summer NDVI above 0.5,2024,69.0689,PC
LSOA,E01019888,East Devon 005C,E07000040,NDVI_VEG_PCT,Area with summer NDVI above 0.5,2024,90.9287,PC
LSOA,E01019889,East Devon 005D,E07000040,NDVI_VEG_PCT,Area with summer NDVI above 0.5,2024,94.8493,PC
LSOA,E01019890,East Devon 009A,E07000040,NDVI_VEG_PCT,Area with summer NDVI above 0.5,2024,91.1995,PC
LSOA,E01019891,East Devon 021B,E07000040,NDVI_VEG_PCT,Area with summer NDVI above 0.5,2024,88.579,PC
LSOA,E01019894,East Devon 017A,E07000040,NDVI_VEG_PCT,Area with summer NDVI above 0.5,2024,59.921,PC
LSOA,E01019895,East Devon 017B,E07000040,NDVI_VEG_PCT,Area with summer NDVI above 0.5,2024,90.9069,PC
LSOA,E01019896,East Devon 017C,E07000040,NDVI_VEG_PCT,Area with summer NDVI above 0.5,2024,86.3366,PC
LSOA,E01019897,East Devon 017D,E07000040,NDVI_VEG_PCT,Area with summer NDVI above 0.5,2024,70.6742,PC
LSOA,E01019898,East Devon 014A,E07000040,NDVI_VEG_PCT,Area with summer NDVI above 0.5,2024,77.3659,PC
LSOA,E01019899,East Devon 007A,E07000040,NDVI_VEG_PCT,Area with summer NDVI above 0.5,2024,63.1188,PC
LSOA,E01019900,East Devon 007B,E07000040,NDVI_VEG_PCT,Area with summer NDVI above 0.5,2024,94.6696,PC
LSOA,E01019901,East Devon 009B,E07000040,NDVI_VEG_PCT,Area with summer NDVI above 0.5,2024,96.3375,PC
LSOA,E01019902,East Devon 001A,E07000040,NDVI_VEG_PCT,Area with summer NDVI above 0.5,2024,94.37,PC
LSOA,E01019903,East Devon 021A,E07000040,NDVI_VEG_PCT,Area with summer NDVI above 0.5,2024,87.2875,PC
LSOA,E01019904,East Devon 015A,E07000040,NDVI_VEG_PCT,Area with summer NDVI above 0.5,2024,32.5545,PC
LSOA,E01019905,East Devon 015B,E07000040,NDVI_VEG_PCT,Area with summer NDVI above 0.5,2024,85.6739,PC
LSOA,E01019906,East Devon 015C,E07000040,NDVI_VEG_PCT,Area with summer NDVI above 0.5,2024,31.6327,PC
LSOA,E01019907,East Devon 015D,E07000040,NDVI_VEG_PCT,Area with summer NDVI above 0.5,2024,35.0665,PC
LSOA,E01019908,East Devon 016A,E07000040,NDVI_VEG_PCT,Area with summer NDVI above 0.5,2024,37.3377,PC
LSOA,E01019909,East Devon 016B,E07000040,NDVI_VEG_PCT,Area with summer NDVI above 0.5,2024,46.8345,PC
LSOA,E01019910,East Devon 016C,E07000040,NDVI_VEG_PCT,Area with summer NDVI above 0.5,2024,54.9523,PC
LSOA,E01019911,East Devon 016D,E07000040,NDVI_VEG_PCT,Area with summer NDVI above 0.5,2024,80.3769,PC
LSOA,E01019912,East Devon 020A,E07000040,NDVI_VEG_PCT,Area with summer NDVI above 0.5,2024,40.2552,PC
LSOA,E01019913,East Devon 020B,E07000040,NDVI_VEG_PCT,Area with summer NDVI above 0.5,2024,72.2158,PC
LSOA,E01019914,East Devon 020C,E07000040,NDVI_VEG_PCT,Area with summer NDVI above 0.5,2024,79.2184,PC
LSOA,E01019915,East Devon 020D,E07000040,NDVI_VEG_PCT,Area with summer NDVI above 0.5,2024,64.3288,PC
LSOA,E01019916,East Devon 019A,E07000040,NDVI_VEG_PCT,Area with summer NDVI above 0.5,2024,14.1667,PC
LSOA,E01019917,East Devon 019B,E07000040,NDVI_VEG_PCT,Area with summer NDVI above 0.5,2024,14.2529,PC
LSOA,E01019918,East Devon 019C,E07000040,NDVI_VEG_PCT,Area with summer NDVI above 0.5,2024,35.257,PC
LSOA,E01019919,East Devon 019D,E07000040,NDVI_VEG_PCT,Area with summer NDVI above 0.5,2024,17.3228,PC
LSOA,E01019920,East Devon 018A,E07000040,NDVI_VEG_PCT,Area with summer NDVI above 0.5,2024,47.846,PC
LSOA,E01019921,East Devon 018B,E07000040,NDVI_VEG_PCT,Area with summer NDVI above 0.5,2024,46.9108,PC
LSOA,E01019922,East Devon 018C,E07000040,NDVI_VEG_PCT,Area with summer NDVI above 0.5,2024,62.4211,PC
LSOA,E01019923,East Devon 018D,E07000040,NDVI_VEG_PCT,Area with summer NDVI above 0.5,2024,46.7568,PC
LSOA,E01019924,East Devon 018E,E07000040,NDVI_VEG_PCT,Area with summer NDVI above 0.5,2024,81.0523,PC
LSOA,E01019925,East Devon 004A,E07000040,NDVI_VEG_PCT,Area with summer NDVI above 0.5,2024,72.1644,PC
LSOA,E01019927,East Devon 002A,E07000040,NDVI_VEG_PCT,Area with summer NDVI above 0.5,2024,32.9502,PC
LSOA,E01019928,East Devon 003A,E07000040,NDVI_VEG_PCT,Area with summer NDVI above 0.5,2024,50.9592,PC
LSOA,E01019929,East Devon 003B,E07000040,NDVI_VEG_PCT,Area with summer NDVI above 0.5,2024,64.2378,PC
LSOA,E01019930,East Devon 003C,E07000040,NDVI_VEG_PCT,Area with summer NDVI above 0.5,2024,60.0201,PC
LSOA,E01019931,East Devon 003D,E07000040,NDVI_VEG_PCT,Area with summer NDVI above 0.5,2024,95.0891,PC
LSOA,E01019932,East Devon 002B,E07000040,NDVI_VEG_PCT,Area with summer NDVI above 0.5,2024,55.4136,PC
LSOA,E01019933,East Devon 002C,E07000040,NDVI_VEG_PCT,Area with summer NDVI above 0.5,2024,56.8948,PC
LSOA,E01019934,East Devon 002D,E07000040,NDVI_VEG_PCT,Area with summer NDVI above 0.5,2024,92.6578,PC
LSOA,E01019935,East Devon 007C,E07000040,NDVI_VEG_PCT,Area with summer NDVI above 0.5,2024,95.3875,PC
LSOA,E01019936,East Devon 007D,E07000040,NDVI_VEG_PCT,Area with summer NDVI above 0.5,2024,95.6947,PC
LSOA,E01019937,East Devon 013A,E07000040,NDVI_VEG_PCT,Area with summer NDVI above 0.5,2024,89.4554,PC
LSOA,E01019938,East Devon 001B,E07000040,NDVI_VEG_PCT,Area with summer NDVI above 0.5,2024,94.8302,PC
LSOA,E01019939,East Devon 008A,E07000040,NDVI_VEG_PCT,Area with summer NDVI above 0.5,2024,88.2075,PC
LSOA,E01019940,East Devon 008B,E07000040,NDVI_VEG_PCT,Area with summer NDVI above 0.5,2024,91.0435,PC
LSOA,E01019942,East Devon 008C,E07000040,NDVI_VEG_PCT,Area with summer NDVI above 0.5,2024,73.7139,PC
LSOA,E01019943,East Devon 008D,E07000040,NDVI_VEG_PCT,Area with summer NDVI above 0.5,2024,90.2351,PC
LSOA,E01019944,East Devon 008E,E07000040,NDVI_VEG_PCT,Area with summer NDVI above 0.5,2024,77.6204,PC
LSOA,E01019945,East Devon 013B,E07000040,NDVI_VEG_PCT,Area with summer NDVI above 0.5,2024,86.5681,PC
LSOA,E01019946,East Devon 010A,E07000040,NDVI_VEG_PCT,Area with summer NDVI above 0.5,2024,81.337,PC
LSOA,E01019947,East Devon 010B,E07000040,NDVI_VEG_PCT,Area with summer NDVI above 0.5,2024,21.9336,PC
LSOA,E01019948,East Devon 010C,E07000040,NDVI_VEG_PCT,Area with summer NDVI above 0.5,2024,37.3424,PC
LSOA,E01019949,East Devon 010D,E07000040,NDVI_VEG_PCT,Area with summer NDVI above 0.5,2024,85.1022,PC
LSOA,E01019950,East Devon 010E,E07000040,NDVI_VEG_PCT,Area with summer NDVI above 0.5,2024,69.9258,PC
LSOA,E01019951,East Devon 009C,E07000040,NDVI_VEG_PCT,Area with summer NDVI above 0.5,2024,94.5441,PC
LSOA,E01019952,East Devon 011A,E07000040,NDVI_VEG_PCT,Area with summer NDVI above 0.5,2024,62.7294,PC
LSOA,E01019953,East Devon 011B,E07000040,NDVI_VEG_PCT,Area with summer NDVI above 0.5,2024,82.9884,PC
LSOA,E01019954,East Devon 011C,E07000040,NDVI_VEG_PCT,Area with summer NDVI above 0.5,2024,91.3842,PC
LSOA,E01019955,East Devon 011D,E07000040,NDVI_VEG_PCT,Area with summer NDVI above 0.5,2024,65.7995,PC
LSOA,E01019956,East Devon 012A,E07000040,NDVI_VEG_PCT,Area with summer NDVI above 0.5,2024,32.1076,PC
LSOA,E01019957,East Devon 012B,E07000040,NDVI_VEG_PCT,Area with summer NDVI above 0.5,2024,90.8342,PC
LSOA,E01019958,East Devon 012C,E07000040,NDVI_VEG_PCT,Area with summer NDVI above 0.5,2024,76.6296,PC
LSOA,E01019959,East Devon 004D,E07000040,NDVI_VEG_PCT,Area with summer NDVI above 0.5,2024,90.0231,PC
LSOA,E01019960,East Devon 004E,E07000040,NDVI_VEG_PCT,Area with summer NDVI above 0.5,2024,84.2449,PC
LSOA,E01019961,East Devon 007E,E07000040,NDVI_VEG_PCT,Area with summer NDVI above 0.5,2024,84.1595,PC
LSOA,E01019962,East Devon 004F,E07000040,NDVI_VEG_PCT,Area with summer NDVI above 0.5,2024,88.8645,PC
LSOA,E01019963,East Devon 013C,E07000040,NDVI_VEG_PCT,Area with summer NDVI above 0.5,2024,72.241,PC
LSOA,E01019964,East Devon 014B,E07000040,NDVI_VEG_PCT,Area with summer NDVI above 0.5,2024,84.6561,PC
LSOA,E01019965,East Devon 014C,E07000040,NDVI_VEG_PCT,Area with summer NDVI above 0.5,2024,81.2641,PC
LSOA,E01019966,East Devon 005E,E07000040,NDVI_VEG_PCT,Area with summer NDVI above 0.5,2024,95.9938,PC
LSOA,E01019967,East Devon 001C,E07000040,NDVI_VEG_PCT,Area with summer NDVI above 0.5,2024,95.5003,PC
LSOA,E01019968,Exeter 014A,E07000041,NDVI_VEG_PCT,Area with summer NDVI above 0.5,2024,54.9398,PC
LSOA,E01019969,Exeter 014B,E07000041,NDVI_VEG_PCT,Area with summer NDVI above 0.5,2024,34.5093,PC
LSOA,E01019970,Exeter 014C,E07000041,NDVI_VEG_PCT,Area with summer NDVI above 0.5,2024,61.9216,PC
LSOA,E01019971,Exeter 014D,E07000041,NDVI_VEG_PCT,Area with summer NDVI above 0.5,2024,49.0765,PC
LSOA,E01019972,Exeter 014E,E07000041,NDVI_VEG_PCT,Area with summer NDVI above 0.5,2024,21.2299,PC
LSOA,E01019973,Exeter 012A,E07000041,NDVI_VEG_PCT,Area with summer NDVI above 0.5,2024,74.9433,PC
LSOA,E01019974,Exeter 012B,E07000041,NDVI_VEG_PCT,Area with summer NDVI above 0.5,2024,51.7647,PC
LSOA,E01019975,Exeter 010A,E07000041,NDVI_VEG_PCT,Area with summer NDVI above 0.5,2024,36.2348,PC
LSOA,E01019976,Exeter 012C,E07000041,NDVI_VEG_PCT,Area with summer NDVI above 0.5,2024,89.1078,PC
LSOA,E01019977,Exeter 012D,E07000041,NDVI_VEG_PCT,Area with summer NDVI above 0.5,2024,37.1795,PC
LSOA,E01019980,Exeter 005A,E07000041,NDVI_VEG_PCT,Area with summer NDVI above 0.5,2024,81.2261,PC
LSOA,E01019981,Exeter 012E,E07000041,NDVI_VEG_PCT,Area with summer NDVI above 0.5,2024,86.8117,PC
LSOA,E01019982,Exeter 005B,E07000041,NDVI_VEG_PCT,Area with summer NDVI above 0.5,2024,94.3882,PC
LSOA,E01019983,Exeter 005C,E07000041,NDVI_VEG_PCT,Area with summer NDVI above 0.5,2024,50.3394,PC
LSOA,E01019984,Exeter 005D,E07000041,NDVI_VEG_PCT,Area with summer NDVI above 0.5,2024,60.0306,PC
LSOA,E01019985,Exeter 005E,E07000041,NDVI_VEG_PCT,Area with summer NDVI above 0.5,2024,72.5585,PC
LSOA,E01019986,Exeter 007A,E07000041,NDVI_VEG_PCT,Area with summer NDVI above 0.5,2024,59.1472,PC
LSOA,E01019987,Exeter 006A,E07000041,NDVI_VEG_PCT,Area with summer NDVI above 0.5,2024,34.3478,PC
LSOA,E01019988,Exeter 013A,E07000041,NDVI_VEG_PCT,Area with summer NDVI above 0.5,2024,46.593,PC
LSOA,E01019989,Exeter 006B,E07000041,NDVI_VEG_PCT,Area with summer NDVI above 0.5,2024,29.7659,PC
LSOA,E01019990,Exeter 002A,E07000041,NDVI_VEG_PCT,Area with summer NDVI above 0.5,2024,86.6029,PC
LSOA,E01019991,Exeter 002B,E07000041,NDVI_VEG_PCT,Area with summer NDVI above 0.5,2024,66.4557,PC
LSOA,E01019992,Exeter 003A,E07000041,NDVI_VEG_PCT,Area with summer NDVI above 0.5,2024,52.0092,PC
LSOA,E01019993,Exeter 002C,E07000041,NDVI_VEG_PCT,Area with summer NDVI above 0.5,2024,93.1488,PC
LSOA,E01019994,Exeter 008A,E07000041,NDVI_VEG_PCT,Area with summer NDVI above 0.5,2024,58.517,PC
LSOA,E01019995,Exeter 008B,E07000041,NDVI_VEG_PCT,Area with summer NDVI above 0.5,2024,27.1981,PC
LSOA,E01019996,Exeter 009A,E07000041,NDVI_VEG_PCT,Area with summer NDVI above 0.5,2024,44.7471,PC
LSOA,E01019997,Exeter 004A,E07000041,NDVI_VEG_PCT,Area with summer NDVI above 0.5,2024,21.645,PC
LSOA,E01019998,Exeter 001C,E07000041,NDVI_VEG_PCT,Area with summer NDVI above 0.5,2024,75.69,PC
LSOA,E01019999,Exeter 001D,E07000041,NDVI_VEG_PCT,Area with summer NDVI above 0.5,2024,77.0289,PC
LSOA,E01020000,Exeter 002D,E07000041,NDVI_VEG_PCT,Area with summer NDVI above 0.5,2024,71.558,PC
LSOA,E01020001,Exeter 001E,E07000041,NDVI_VEG_PCT,Area with summer NDVI above 0.5,2024,95.6041,PC
LSOA,E01020002,Exeter 003B,E07000041,NDVI_VEG_PCT,Area with summer NDVI above 0.5,2024,66.5163,PC
LSOA,E01020003,Exeter 003C,E07000041,NDVI_VEG_PCT,Area with summer NDVI above 0.5,2024,68.2701,PC
LSOA,E01020004,Exeter 003D,E07000041,NDVI_VEG_PCT,Area with summer NDVI above 0.5,2024,48.4469,PC
LSOA,E01020005,Exeter 003E,E07000041,NDVI_VEG_PCT,Area with summer NDVI above 0.5,2024,43.1153,PC
LSOA,E01020006,Exeter 006C,E07000041,NDVI_VEG_PCT,Area with summer NDVI above 0.5,2024,49.4264,PC
LSOA,E01020007,Exeter 002E,E07000041,NDVI_VEG_PCT,Area with summer NDVI above 0.5,2024,47.0468,PC
LSOA,E01020008,Exeter 006D,E07000041,NDVI_VEG_PCT,Area with summer NDVI above 0.5,2024,26.5672,PC
LSOA,E01020009,Exeter 006E,E07000041,NDVI_VEG_PCT,Area with summer NDVI above 0.5,2024,57.539,PC
LSOA,E01020010,Exeter 013B,E07000041,NDVI_VEG_PCT,Area with summer NDVI above 0.5,2024,59.3023,PC
LSOA,E01020011,Exeter 015A,E07000041,NDVI_VEG_PCT,Area with summer NDVI above 0.5,2024,80.6385,PC
LSOA,E01020012,Exeter 015B,E07000041,NDVI_VEG_PCT,Area with summer NDVI above 0.5,2024,68.8068,PC
LSOA,E01020013,Exeter 013C,E07000041,NDVI_VEG_PCT,Area with summer NDVI above 0.5,2024,37.6872,PC
LSOA,E01020014,Exeter 013D,E07000041,NDVI_VEG_PCT,Area with summer NDVI above 0.5,2024,41.3081,PC
LSOA,E01020015,Exeter 013E,E07000041,NDVI_VEG_PCT,Area with summer NDVI above 0.5,2024,55.3191,PC
LSOA,E01020017,Exeter 008D,E07000041,NDVI_VEG_PCT,Area with summer NDVI above 0.5,2024,44.8889,PC
LSOA,E01020018,Exeter 008E,E07000041,NDVI_VEG_PCT,Area with summer NDVI above 0.5,2024,36.5918,PC
LSOA,E01020019,Exeter 004B,E07000041,NDVI_VEG_PCT,Area with summer NDVI above 0.5,2024,46.7606,PC
LSOA,E01020020,Exeter 004C,E07000041,NDVI_VEG_PCT,Area with summer NDVI above 0.5,2024,50.8806,PC
LSOA,E01020021,Exeter 004D,E07000041,NDVI_VEG_PCT,Area with summer NDVI above 0.5,2024,74.5489,PC
LSOA,E01020022,Exeter 004E,E07000041,NDVI_VEG_PCT,Area with summer NDVI above 0.5,2024,31.358,PC
LSOA,E01020023,Exeter 009B,E07000041,NDVI_VEG_PCT,Area with summer NDVI above 0.5,2024,63.2362,PC
LSOA,E01020024,Exeter 009C,E07000041,NDVI_VEG_PCT,Area with summer NDVI above 0.5,2024,60.687,PC
LSOA,E01020025,Exeter 009D,E07000041,NDVI_VEG_PCT,Area with summer NDVI above 0.5,2024,44.8413,PC
LSOA,E01020026,Exeter 011A,E07000041,NDVI_VEG_PCT,Area with summer NDVI above 0.5,2024,44.9541,PC
LSOA,E01020027,Exeter 011B,E07000041,NDVI_VEG_PCT,Area with summer NDVI above 0.5,2024,72.2179,PC
LSOA,E01020029,Exeter 010B,E07000041,NDVI_VEG_PCT,Area with summer NDVI above 0.5,2024,33.4746,PC
LSOA,E01020030,Exeter 010C,E07000041,NDVI_VEG_PCT,Area with summer NDVI above 0.5,2024,30.5518,PC
LSOA,E01020031,Exeter 010D,E07000041,NDVI_VEG_PCT,Area with summer NDVI above 0.5,2024,28.9412,PC
LSOA,E01020032,Exeter 010E,E07000041,NDVI_VEG_PCT,Area with summer NDVI above 0.5,2024,34.6614,PC
LSOA,E01020036,Exeter 007B,E07000041,NDVI_VEG_PCT,Area with summer NDVI above 0.5,2024,66.2488,PC
LSOA,E01020037,Exeter 007C,E07000041,NDVI_VEG_PCT,Area with summer NDVI above 0.5,2024,60.7196,PC
LSOA,E01020038,Exeter 011E,E07000041,NDVI_VEG_PCT,Area with summer NDVI above 0.5,2024,56.6218,PC
LSOA,E01020039,Exeter 007D,E07000041,NDVI_VEG_PCT,Area with summer NDVI above 0.5,2024,61.6963,PC
LSOA,E01020040,Exeter 007E,E07000041,NDVI_VEG_PCT,Area with summer NDVI above 0.5,2024,67.698,PC
LSOA,E01020041,Mid Devon 011A,E07000042,NDVI_VEG_PCT,Area with summer NDVI above 0.5,2024,79.275,PC
LSOA,E01020042,Mid Devon 011B,E07000042,NDVI_VEG_PCT,Area with summer NDVI above 0.5,2024,60.1728,PC
LSOA,E01020043,Mid Devon 008A,E07000042,NDVI_VEG_PCT,Area with summer NDVI above 0.5,2024,87.9846,PC
LSOA,E01020044,Mid Devon 008B,E07000042,NDVI_VEG_PCT,Area with summer NDVI above 0.5,2024,92.0129,PC
LSOA,E01020045,Mid Devon 006A,E07000042,NDVI_VEG_PCT,Area with summer NDVI above 0.5,2024,83.698,PC
LSOA,E01020046,Mid Devon 001A,E07000042,NDVI_VEG_PCT,Area with summer NDVI above 0.5,2024,91.4123,PC
LSOA,E01020047,Mid Devon 002A,E07000042,NDVI_VEG_PCT,Area with summer NDVI above 0.5,2024,95.0607,PC
LSOA,E01020048,Mid Devon 005A,E07000042,NDVI_VEG_PCT,Area with summer NDVI above 0.5,2024,55.9889,PC
LSOA,E01020049,Mid Devon 001B,E07000042,NDVI_VEG_PCT,Area with summer NDVI above 0.5,2024,94.8437,PC
LSOA,E01020050,Mid Devon 001C,E07000042,NDVI_VEG_PCT,Area with summer NDVI above 0.5,2024,96.1461,PC
LSOA,E01020051,Mid Devon 002B,E07000042,NDVI_VEG_PCT,Area with summer NDVI above 0.5,2024,84.2124,PC
LSOA,E01020052,Mid Devon 004A,E07000042,NDVI_VEG_PCT,Area with summer NDVI above 0.5,2024,82.5797,PC
LSOA,E01020053,Mid Devon 004B,E07000042,NDVI_VEG_PCT,Area with summer NDVI above 0.5,2024,51.5385,PC
LSOA,E01020054,Mid Devon 007A,E07000042,NDVI_VEG_PCT,Area with summer NDVI above 0.5,2024,63.7522,PC
LSOA,E01020055,Mid Devon 007B,E07000042,NDVI_VEG_PCT,Area with summer NDVI above 0.5,2024,72.278,PC
LSOA,E01020056,Mid Devon 008C,E07000042,NDVI_VEG_PCT,Area with summer NDVI above 0.5,2024,84.6009,PC
LSOA,E01020057,Mid Devon 007C,E07000042,NDVI_VEG_PCT,Area with summer NDVI above 0.5,2024,45.5543,PC
LSOA,E01020058,Mid Devon 007D,E07000042,NDVI_VEG_PCT,Area with summer NDVI above 0.5,2024,44.5076,PC
LSOA,E01020059,Mid Devon 006B,E07000042,NDVI_VEG_PCT,Area with summer NDVI above 0.5,2024,83.6929,PC
LSOA,E01020060,Mid Devon 011C,E07000042,NDVI_VEG_PCT,Area with summer NDVI above 0.5,2024,57.9557,PC
LSOA,E01020061,Mid Devon 011D,E07000042,NDVI_VEG_PCT,Area with summer NDVI above 0.5,2024,74.0528,PC
LSOA,E01020062,Mid Devon 006C,E07000042,NDVI_VEG_PCT,Area with summer NDVI above 0.5,2024,81.5027,PC
LSOA,E01020063,Mid Devon 003A,E07000042,NDVI_VEG_PCT,Area with summer NDVI above 0.5,2024,82.7802,PC
LSOA,E01020064,Mid Devon 006D,E07000042,NDVI_VEG_PCT,Area with summer NDVI above 0.5,2024,70.6393,PC
LSOA,E01020065,Mid Devon 004C,E07000042,NDVI_VEG_PCT,Area with summer NDVI above 0.5,2024,58.5158,PC
LSOA,E01020067,Mid Devon 004D,E07000042,NDVI_VEG_PCT,Area with summer NDVI above 0.5,2024,51.9041,PC
LSOA,E01020068,Mid Devon 010A,E07000042,NDVI_VEG_PCT,Area with summer NDVI above 0.5,2024,85.0391,PC
LSOA,E01020069,Mid Devon 010B,E07000042,NDVI_VEG_PCT,Area with summer NDVI above 0.5,2024,89.4756,PC
LSOA,E01020070,Mid Devon 010C,E07000042,NDVI_VEG_PCT,Area with summer NDVI above 0.5,2024,90.3531,PC
LSOA,E01020071,Mid Devon 008D,E07000042,NDVI_VEG_PCT,Area with summer NDVI above 0.5,2024,86.0246,PC
LSOA,E01020072,Mid Devon 009A,E07000042,NDVI_VEG_PCT,Area with summer NDVI above 0.5,2024,90.1426,PC
LSOA,E01020073,Mid Devon 009B,E07000042,NDVI_VEG_PCT,Area with summer NDVI above 0.5,2024,89.8529,PC
LSOA,E01020074,Mid Devon 003B,E07000042,NDVI_VEG_PCT,Area with summer NDVI above 0.5,2024,92.6799,PC
LSOA,E01020075,Mid Devon 003C,E07000042,NDVI_VEG_PCT,Area with summer NDVI above 0.5,2024,94.9287,PC
LSOA,E01020076,Mid Devon 009C,E07000042,NDVI_VEG_PCT,Area with summer NDVI above 0.5,2024,85.703,PC
LSOA,E01020077,Mid Devon 001D,E07000042,NDVI_VEG_PCT,Area with summer NDVI above 0.5,2024,92.1719,PC
LSOA,E01020078,Mid Devon 005B,E07000042,NDVI_VEG_PCT,Area with summer NDVI above 0.5,2024,36.5161,PC
LSOA,E01020079,Mid Devon 005C,E07000042,NDVI_VEG_PCT,Area with summer NDVI above 0.5,2024,78.8991,PC
LSOA,E01020080,Mid Devon 002D,E07000042,NDVI_VEG_PCT,Area with summer NDVI above 0.5,2024,92.8737,PC
LSOA,E01020081,Mid Devon 005D,E07000042,NDVI_VEG_PCT,Area with summer NDVI above 0.5,2024,95.9265,PC
LSOA,E01020082,Mid Devon 009D,E07000042,NDVI_VEG_PCT,Area with summer NDVI above 0.5,2024,95.2182,PC
LSOA,E01020083,Mid Devon 010D,E07000042,NDVI_VEG_PCT,Area with summer NDVI above 0.5,2024,86.8675,PC
LSOA,E01020084,North Devon 012A,E07000043,NDVI_VEG_PCT,Area with summer NDVI above 0.5,2024,53.0303,PC
LSOA,E01020085,North Devon 012B,E07000043,NDVI_VEG_PCT,Area with summer NDVI above 0.5,2024,31.5577,PC
LSOA,E01020087,North Devon 014A,E07000043,NDVI_VEG_PCT,Area with summer NDVI above 0.5,2024,92.1099,PC
LSOA,E01020088,North Devon 006A,E07000043,NDVI_VEG_PCT,Area with summer NDVI above 0.5,2024,97.6522,PC
LSOA,E01020089,North Devon 005A,E07000043,NDVI_VEG_PCT,Area with summer NDVI above 0.5,2024,48.5135,PC
LSOA,E01020090,North Devon 004A,E07000043,NDVI_VEG_PCT,Area with summer NDVI above 0.5,2024,92.4287,PC
LSOA,E01020091,North Devon 005B,E07000043,NDVI_VEG_PCT,Area with summer NDVI above 0.5,2024,88.8906,PC
LSOA,E01020092,North Devon 005C,E07000043,NDVI_VEG_PCT,Area with summer NDVI above 0.5,2024,80.4084,PC
LSOA,E01020093,North Devon 005D,E07000043,NDVI_VEG_PCT,Area with summer NDVI above 0.5,2024,60.4729,PC
LSOA,E01020094,North Devon 008A,E07000043,NDVI_VEG_PCT,Area with summer NDVI above 0.5,2024,6.852,PC
LSOA,E01020095,North Devon 008B,E07000043,NDVI_VEG_PCT,Area with summer NDVI above 0.5,2024,16.7785,PC
LSOA,E01020096,North Devon 009A,E07000043,NDVI_VEG_PCT,Area with summer NDVI above 0.5,2024,18.2609,PC
LSOA,E01020097,North Devon 013A,E07000043,NDVI_VEG_PCT,Area with summer NDVI above 0.5,2024,89.5576,PC
LSOA,E01020098,North Devon 014B,E07000043,NDVI_VEG_PCT,Area with summer NDVI above 0.5,2024,92.9028,PC
LSOA,E01020099,North Devon 002A,E07000043,NDVI_VEG_PCT,Area with summer NDVI above 0.5,2024,95.9267,PC
LSOA,E01020100,North Devon 002B,E07000043,NDVI_VEG_PCT,Area with summer NDVI above 0.5,2024,98.4163,PC
LSOA,E01020101,North Devon 002C,E07000043,NDVI_VEG_PCT,Area with summer NDVI above 0.5,2024,80.2566,PC
LSOA,E01020102,North Devon 010A,E07000043,NDVI_VEG_PCT,Area with summer NDVI above 0.5,2024,41.9028,PC
LSOA,E01020103,North Devon 010B,E07000043,NDVI_VEG_PCT,Area with summer NDVI above 0.5,2024,35.0,PC
LSOA,E01020104,North Devon 010C,E07000043,NDVI_VEG_PCT,Area with summer NDVI above 0.5,2024,37.5242,PC
LSOA,E01020105,North Devon 011A,E07000043,NDVI_VEG_PCT,Area with summer NDVI above 0.5,2024,76.771,PC
LSOA,E01020106,North Devon 011B,E07000043,NDVI_VEG_PCT,Area with summer NDVI above 0.5,2024,81.9212,PC
LSOA,E01020107,North Devon 011C,E07000043,NDVI_VEG_PCT,Area with summer NDVI above 0.5,2024,91.0691,PC
LSOA,E01020108,North Devon 004B,E07000043,NDVI_VEG_PCT,Area with summer NDVI above 0.5,2024,92.9849,PC
LSOA,E01020109,North Devon 004C,E07000043,NDVI_VEG_PCT,Area with summer NDVI above 0.5,2024,93.626,PC
LSOA,E01020110,North Devon 005E,E07000043,NDVI_VEG_PCT,Area with summer NDVI above 0.5,2024,80.9282,PC
LSOA,E01020111,North Devon 001A,E07000043,NDVI_VEG_PCT,Area with summer NDVI above 0.5,2024,47.7337,PC
LSOA,E01020112,North Devon 001B,E07000043,NDVI_VEG_PCT,Area with summer NDVI above 0.5,2024,39.6476,PC
LSOA,E01020113,North Devon 003A,E07000043,NDVI_VEG_PCT,Area with summer NDVI above 0.5,2024,77.6911,PC
LSOA,E01020114,North Devon 001C,E07000043,NDVI_VEG_PCT,Area with summer NDVI above 0.5,2024,67.6757,PC
LSOA,E01020115,North Devon 001D,E07000043,NDVI_VEG_PCT,Area with summer NDVI above 0.5,2024,95.548,PC
LSOA,E01020116,North Devon 003B,E07000043,NDVI_VEG_PCT,Area with summer NDVI above 0.5,2024,57.684,PC
LSOA,E01020117,North Devon 003C,E07000043,NDVI_VEG_PCT,Area with summer NDVI above 0.5,2024,95.5237,PC
LSOA,E01020118,North Devon 003D,E07000043,NDVI_VEG_PCT,Area with summer NDVI above 0.5,2024,87.341,PC
LSOA,E01020119,North Devon 011D,E07000043,NDVI_VEG_PCT,Area with summer NDVI above 0.5,2024,91.143,PC
LSOA,E01020120,North Devon 006B,E07000043,NDVI_VEG_PCT,Area with summer NDVI above 0.5,2024,92.5627,PC
LSOA,E01020121,North Devon 012D,E07000043,NDVI_VEG_PCT,Area with summer NDVI above 0.5,2024,90.9748,PC
LSOA,E01020122,North Devon 012E,E07000043,NDVI_VEG_PCT,Area with summer NDVI above 0.5,2024,86.5245,PC
LSOA,E01020123,North Devon 009B,E07000043,NDVI_VEG_PCT,Area with summer NDVI above 0.5,2024,63.9501,PC
LSOA,E01020124,North Devon 009C,E07000043,NDVI_VEG_PCT,Area with summer NDVI above 0.5,2024,45.9449,PC
LSOA,E01020125,North Devon 009D,E07000043,NDVI_VEG_PCT,Area with summer NDVI above 0.5,2024,51.5474,PC
LSOA,E01020126,North Devon 002D,E07000043,NDVI_VEG_PCT,Area with summer NDVI above 0.5,2024,98.3573,PC
LSOA,E01020127,North Devon 006C,E07000043,NDVI_VEG_PCT,Area with summer NDVI above 0.5,2024,95.2679,PC
LSOA,E01020128,North Devon 010D,E07000043,NDVI_VEG_PCT,Area with summer NDVI above 0.5,2024,69.8265,PC
LSOA,E01020129,North Devon 010E,E07000043,NDVI_VEG_PCT,Area with summer NDVI above 0.5,2024,31.3404,PC
LSOA,E01020130,North Devon 010F,E07000043,NDVI_VEG_PCT,Area with summer NDVI above 0.5,2024,20.1635,PC
LSOA,E01020131,North Devon 013B,E07000043,NDVI_VEG_PCT,Area with summer NDVI above 0.5,2024,95.3326,PC
LSOA,E01020132,North Devon 007A,E07000043,NDVI_VEG_PCT,Area with summer NDVI above 0.5,2024,56.1683,PC
LSOA,E01020133,North Devon 007B,E07000043,NDVI_VEG_PCT,Area with summer NDVI above 0.5,2024,54.477,PC
LSOA,E01020134,North Devon 007C,E07000043,NDVI_VEG_PCT,Area with summer NDVI above 0.5,2024,65.9103,PC
LSOA,E01020135,North Devon 013C,E07000043,NDVI_VEG_PCT,Area with summer NDVI above 0.5,2024,61.5334,PC
LSOA,E01020136,North Devon 013D,E07000043,NDVI_VEG_PCT,Area with summer NDVI above 0.5,2024,81.8287,PC
LSOA,E01020137,North Devon 013E,E07000043,NDVI_VEG_PCT,Area with summer NDVI above 0.5,2024,62.3288,PC
LSOA,E01020138,North Devon 014C,E07000043,NDVI_VEG_PCT,Area with summer NDVI above 0.5,2024,95.4818,PC
LSOA,E01020139,North Devon 007D,E07000043,NDVI_VEG_PCT,Area with summer NDVI above 0.5,2024,27.8317,PC
LSOA,E01020140,North Devon 008C,E07000043,NDVI_VEG_PCT,Area with summer NDVI above 0.5,2024,79.2709,PC
LSOA,E01020141,North Devon 008D,E07000043,NDVI_VEG_PCT,Area with summer NDVI above 0.5,2024,73.4737,PC
LSOA,E01020142,South Hams 006A,E07000044,NDVI_VEG_PCT,Area with summer NDVI above 0.5,2024,91.8699,PC
LSOA,E01020143,South Hams 006B,E07000044,NDVI_VEG_PCT,Area with summer NDVI above 0.5,2024,90.3276,PC
LSOA,E01020144,South Hams 001A,E07000044,NDVI_VEG_PCT,Area with summer NDVI above 0.5,2024,70.7024,PC
LSOA,E01020145,South Hams 001B,E07000044,NDVI_VEG_PCT,Area with summer NDVI above 0.5,2024,91.2828,PC
LSOA,E01020146,South Hams 001C,E07000044,NDVI_VEG_PCT,Area with summer NDVI above 0.5,2024,91.5315,PC
LSOA,E01020147,South Hams 008A,E07000044,NDVI_VEG_PCT,Area with summer NDVI above 0.5,2024,89.5563,PC
LSOA,E01020148,South Hams 002A,E07000044,NDVI_VEG_PCT,Area with summer NDVI above 0.5,2024,96.5178,PC
LSOA,E01020149,South Hams 001D,E07000044,NDVI_VEG_PCT,Area with summer NDVI above 0.5,2024,86.2122,PC
LSOA,E01020150,South Hams 006C,E07000044,NDVI_VEG_PCT,Area with summer NDVI above 0.5,2024,91.2858,PC
LSOA,E01020151,South Hams 007A,E07000044,NDVI_VEG_PCT,Area with summer NDVI above 0.5,2024,82.9965,PC
LSOA,E01020152,South Hams 007B,E07000044,NDVI_VEG_PCT,Area with summer NDVI above 0.5,2024,45.6071,PC
LSOA,E01020153,South Hams 004A,E07000044,NDVI_VEG_PCT,Area with summer NDVI above 0.5,2024,92.1155,PC
LSOA,E01020154,South Hams 007C,E07000044,NDVI_VEG_PCT,Area with summer NDVI above 0.5,2024,93.6347,PC
LSOA,E01020155,South Hams 007D,E07000044,NDVI_VEG_PCT,Area with summer NDVI above 0.5,2024,29.4606,PC
LSOA,E01020156,South Hams 004B,E07000044,NDVI_VEG_PCT,Area with summer NDVI above 0.5,2024,90.183,PC
LSOA,E01020157,South Hams 002B,E07000044,NDVI_VEG_PCT,Area with summer NDVI above 0.5,2024,94.7369,PC
LSOA,E01020158,South Hams 008B,E07000044,NDVI_VEG_PCT,Area with summer NDVI above 0.5,2024,91.3667,PC
LSOA,E01020159,South Hams 008C,E07000044,NDVI_VEG_PCT,Area with summer NDVI above 0.5,2024,91.8072,PC
LSOA,E01020160,South Hams 002C,E07000044,NDVI_VEG_PCT,Area with summer NDVI above 0.5,2024,95.0251,PC
LSOA,E01020161,South Hams 005A,E07000044,NDVI_VEG_PCT,Area with summer NDVI above 0.5,2024,64.9561,PC
LSOA,E01020162,South Hams 005B,E07000044,NDVI_VEG_PCT,Area with summer NDVI above 0.5,2024,67.6349,PC
LSOA,E01020163,South Hams 005C,E07000044,NDVI_VEG_PCT,Area with summer NDVI above 0.5,2024,65.8021,PC
LSOA,E01020164,South Hams 005D,E07000044,NDVI_VEG_PCT,Area with summer NDVI above 0.5,2024,61.7357,PC
LSOA,E01020165,South Hams 005E,E07000044,NDVI_VEG_PCT,Area with summer NDVI above 0.5,2024,52.9595,PC
LSOA,E01020166,South Hams 005F,E07000044,NDVI_VEG_PCT,Area with summer NDVI above 0.5,2024,53.3333,PC
LSOA,E01020167,South Hams 005G,E07000044,NDVI_VEG_PCT,Area with summer NDVI above 0.5,2024,76.5359,PC
LSOA,E01020168,South Hams 010A,E07000044,NDVI_VEG_PCT,Area with summer NDVI above 0.5,2024,83.8625,PC
LSOA,E01020169,South Hams 010B,E07000044,NDVI_VEG_PCT,Area with summer NDVI above 0.5,2024,82.8476,PC
LSOA,E01020170,South Hams 004C,E07000044,NDVI_VEG_PCT,Area with summer NDVI above 0.5,2024,89.3109,PC
LSOA,E01020171,South Hams 009A,E07000044,NDVI_VEG_PCT,Area with summer NDVI above 0.5,2024,91.3025,PC
LSOA,E01020172,South Hams 012A,E07000044,NDVI_VEG_PCT,Area with summer NDVI above 0.5,2024,91.339,PC
LSOA,E01020173,South Hams 012B,E07000044,NDVI_VEG_PCT,Area with summer NDVI above 0.5,2024,84.6927,PC
LSOA,E01020174,South Hams 011A,E07000044,NDVI_VEG_PCT,Area with summer NDVI above 0.5,2024,92.6466,PC
LSOA,E01020175,South Hams 011B,E07000044,NDVI_VEG_PCT,Area with summer NDVI above 0.5,2024,89.7751,PC
LSOA,E01020176,South Hams 002D,E07000044,NDVI_VEG_PCT,Area with summer NDVI above 0.5,2024,93.0155,PC
LSOA,E01020177,South Hams 002E,E07000044,NDVI_VEG_PCT,Area with summer NDVI above 0.5,2024,84.3461,PC
LSOA,E01020178,South Hams 011C,E07000044,NDVI_VEG_PCT,Area with summer NDVI above 0.5,2024,89.6149,PC
LSOA,E01020179,South Hams 012C,E07000044,NDVI_VEG_PCT,Area with summer NDVI above 0.5,2024,88.9444,PC
LSOA,E01020180,South Hams 003A,E07000044,NDVI_VEG_PCT,Area with summer NDVI above 0.5,2024,67.4847,PC
LSOA,E01020181,South Hams 003B,E07000044,NDVI_VEG_PCT,Area with summer NDVI above 0.5,2024,67.5393,PC
LSOA,E01020182,South Hams 003C,E07000044,NDVI_VEG_PCT,Area with summer NDVI above 0.5,2024,81.5476,PC
LSOA,E01020183,South Hams 003D,E07000044,NDVI_VEG_PCT,Area with summer NDVI above 0.5,2024,37.6038,PC
LSOA,E01020184,South Hams 003E,E07000044,NDVI_VEG_PCT,Area with summer NDVI above 0.5,2024,91.5282,PC
LSOA,E01020185,South Hams 009B,E07000044,NDVI_VEG_PCT,Area with summer NDVI above 0.5,2024,84.3146,PC
LSOA,E01020186,South Hams 009C,E07000044,NDVI_VEG_PCT,Area with summer NDVI above 0.5,2024,90.982,PC
LSOA,E01020187,South Hams 009D,E07000044,NDVI_VEG_PCT,Area with summer NDVI above 0.5,2024,85.58,PC
LSOA,E01020188,South Hams 004D,E07000044,NDVI_VEG_PCT,Area with summer NDVI above 0.5,2024,92.1156,PC
LSOA,E01020189,South Hams 010C,E07000044,NDVI_VEG_PCT,Area with summer NDVI above 0.5,2024,84.9484,PC
LSOA,E01020190,South Hams 008D,E07000044,NDVI_VEG_PCT,Area with summer NDVI above 0.5,2024,93.3069,PC
LSOA,E01020191,Teignbridge 013A,E07000045,NDVI_VEG_PCT,Area with summer NDVI above 0.5,2024,94.2658,PC
LSOA,E01020192,Teignbridge 019A,E07000045,NDVI_VEG_PCT,Area with summer NDVI above 0.5,2024,91.231,PC
LSOA,E01020193,Teignbridge 019B,E07000045,NDVI_VEG_PCT,Area with summer NDVI above 0.5,2024,92.3366,PC
LSOA,E01020194,Teignbridge 013B,E07000045,NDVI_VEG_PCT,Area with summer NDVI above 0.5,2024,85.0154,PC
LSOA,E01020195,Teignbridge 017A,E07000045,NDVI_VEG_PCT,Area with summer NDVI above 0.5,2024,89.2671,PC
LSOA,E01020196,Teignbridge 017B,E07000045,NDVI_VEG_PCT,Area with summer NDVI above 0.5,2024,89.414,PC
LSOA,E01020197,Teignbridge 017C,E07000045,NDVI_VEG_PCT,Area with summer NDVI above 0.5,2024,97.0324,PC
LSOA,E01020198,Teignbridge 017D,E07000045,NDVI_VEG_PCT,Area with summer NDVI above 0.5,2024,81.4397,PC
LSOA,E01020199,Teignbridge 017E,E07000045,NDVI_VEG_PCT,Area with summer NDVI above 0.5,2024,94.0392,PC
LSOA,E01020200,Teignbridge 011A,E07000045,NDVI_VEG_PCT,Area with summer NDVI above 0.5,2024,93.3915,PC
LSOA,E01020201,Teignbridge 011B,E07000045,NDVI_VEG_PCT,Area with summer NDVI above 0.5,2024,88.2243,PC
LSOA,E01020202,Teignbridge 007A,E07000045,NDVI_VEG_PCT,Area with summer NDVI above 0.5,2024,81.2271,PC
LSOA,E01020203,Teignbridge 004A,E07000045,NDVI_VEG_PCT,Area with summer NDVI above 0.5,2024,88.5839,PC
LSOA,E01020204,Teignbridge 007B,E07000045,NDVI_VEG_PCT,Area with summer NDVI above 0.5,2024,37.1771,PC
LSOA,E01020205,Teignbridge 003A,E07000045,NDVI_VEG_PCT,Area with summer NDVI above 0.5,2024,96.909,PC
LSOA,E01020206,Teignbridge 004B,E07000045,NDVI_VEG_PCT,Area with summer NDVI above 0.5,2024,72.0,PC
LSOA,E01020208,Teignbridge 012A,E07000045,NDVI_VEG_PCT,Area with summer NDVI above 0.5,2024,50.7519,PC
LSOA,E01020209,Teignbridge 012B,E07000045,NDVI_VEG_PCT,Area with summer NDVI above 0.5,2024,75.4674,PC
LSOA,E01020210,Teignbridge 012C,E07000045,NDVI_VEG_PCT,Area with summer NDVI above 0.5,2024,72.2438,PC
LSOA,E01020211,Teignbridge 014A,E07000045,NDVI_VEG_PCT,Area with summer NDVI above 0.5,2024,69.7382,PC
LSOA,E01020212,Teignbridge 016A,E07000045,NDVI_VEG_PCT,Area with summer NDVI above 0.5,2024,37.7919,PC
LSOA,E01020213,Teignbridge 016B,E07000045,NDVI_VEG_PCT,Area with summer NDVI above 0.5,2024,46.1315,PC
LSOA,E01020214,Teignbridge 016C,E07000045,NDVI_VEG_PCT,Area with summer NDVI above 0.5,2024,60.2848,PC
LSOA,E01020215,Teignbridge 016D,E07000045,NDVI_VEG_PCT,Area with summer NDVI above 0.5,2024,70.2087,PC
LSOA,E01020216,Teignbridge 015A,E07000045,NDVI_VEG_PCT,Area with summer NDVI above 0.5,2024,43.2522,PC
LSOA,E01020217,Teignbridge 014B,E07000045,NDVI_VEG_PCT,Area with summer NDVI above 0.5,2024,38.1431,PC
LSOA,E01020218,Teignbridge 014C,E07000045,NDVI_VEG_PCT,Area with summer NDVI above 0.5,2024,4.811,PC
LSOA,E01020219,Teignbridge 012D,E07000045,NDVI_VEG_PCT,Area with summer NDVI above 0.5,2024,70.7547,PC
LSOA,E01020220,Teignbridge 004C,E07000045,NDVI_VEG_PCT,Area with summer NDVI above 0.5,2024,89.5549,PC
LSOA,E01020221,Teignbridge 004D,E07000045,NDVI_VEG_PCT,Area with summer NDVI above 0.5,2024,96.4367,PC
LSOA,E01020222,Teignbridge 004E,E07000045,NDVI_VEG_PCT,Area with summer NDVI above 0.5,2024,74.6835,PC
LSOA,E01020223,Teignbridge 004F,E07000045,NDVI_VEG_PCT,Area with summer NDVI above 0.5,2024,92.4658,PC
LSOA,E01020224,Teignbridge 014D,E07000045,NDVI_VEG_PCT,Area with summer NDVI above 0.5,2024,29.5302,PC
LSOA,E01020225,Teignbridge 015B,E07000045,NDVI_VEG_PCT,Area with summer NDVI above 0.5,2024,59.5174,PC
LSOA,E01020226,Teignbridge 015C,E07000045,NDVI_VEG_PCT,Area with summer NDVI above 0.5,2024,90.0814,PC
LSOA,E01020227,Teignbridge 015D,E07000045,NDVI_VEG_PCT,Area with summer NDVI above 0.5,2024,80.3499,PC
LSOA,E01020228,Teignbridge 006A,E07000045,NDVI_VEG_PCT,Area with summer NDVI above 0.5,2024,41.2518,PC
LSOA,E01020230,Teignbridge 005B,E07000045,NDVI_VEG_PCT,Area with summer NDVI above 0.5,2024,82.2932,PC
LSOA,E01020231,Teignbridge 005C,E07000045,NDVI_VEG_PCT,Area with summer NDVI above 0.5,2024,65.9725,PC
LSOA,E01020232,Teignbridge 005D,E07000045,NDVI_VEG_PCT,Area with summer NDVI above 0.5,2024,59.0194,PC
LSOA,E01020233,Teignbridge 006B,E07000045,NDVI_VEG_PCT,Area with summer NDVI above 0.5,2024,83.2712,PC
LSOA,E01020234,Teignbridge 006C,E07000045,NDVI_VEG_PCT,Area with summer NDVI above 0.5,2024,62.6907,PC
LSOA,E01020235,Teignbridge 006D,E07000045,NDVI_VEG_PCT,Area with summer NDVI above 0.5,2024,96.7875,PC
LSOA,E01020236,Teignbridge 007C,E07000045,NDVI_VEG_PCT,Area with summer NDVI above 0.5,2024,89.2868,PC
LSOA,E01020237,Teignbridge 007D,E07000045,NDVI_VEG_PCT,Area with summer NDVI above 0.5,2024,95.6606,PC
LSOA,E01020238,Teignbridge 019C,E07000045,NDVI_VEG_PCT,Area with summer NDVI above 0.5,2024,65.4196,PC
LSOA,E01020239,Teignbridge 019D,E07000045,NDVI_VEG_PCT,Area with summer NDVI above 0.5,2024,85.45,PC
LSOA,E01020240,Teignbridge 002A,E07000045,NDVI_VEG_PCT,Area with summer NDVI above 0.5,2024,92.2192,PC
LSOA,E01020241,Teignbridge 002B,E07000045,NDVI_VEG_PCT,Area with summer NDVI above 0.5,2024,89.2684,PC
LSOA,E01020242,Teignbridge 002C,E07000045,NDVI_VEG_PCT,Area with summer NDVI above 0.5,2024,88.182,PC
LSOA,E01020243,Teignbridge 001A,E07000045,NDVI_VEG_PCT,Area with summer NDVI above 0.5,2024,89.153,PC
LSOA,E01020244,Teignbridge 002D,E07000045,NDVI_VEG_PCT,Area with summer NDVI above 0.5,2024,87.8102,PC
LSOA,E01020245,Teignbridge 002E,E07000045,NDVI_VEG_PCT,Area with summer NDVI above 0.5,2024,94.4354,PC
LSOA,E01020246,Teignbridge 018A,E07000045,NDVI_VEG_PCT,Area with summer NDVI above 0.5,2024,93.4968,PC
LSOA,E01020247,Teignbridge 018B,E07000045,NDVI_VEG_PCT,Area with summer NDVI above 0.5,2024,70.2547,PC
LSOA,E01020248,Teignbridge 018C,E07000045,NDVI_VEG_PCT,Area with summer NDVI above 0.5,2024,89.0116,PC
LSOA,E01020249,Teignbridge 018D,E07000045,NDVI_VEG_PCT,Area with summer NDVI above 0.5,2024,76.16,PC
LSOA,E01020250,Teignbridge 009A,E07000045,NDVI_VEG_PCT,Area with summer NDVI above 0.5,2024,39.3728,PC
LSOA,E01020251,Teignbridge 011C,E07000045,NDVI_VEG_PCT,Area with summer NDVI above 0.5,2024,91.4376,PC
LSOA,E01020252,Teignbridge 009B,E07000045,NDVI_VEG_PCT,Area with summer NDVI above 0.5,2024,67.8753,PC
LSOA,E01020253,Teignbridge 009C,E07000045,NDVI_VEG_PCT,Area with summer NDVI above 0.5,2024,54.9277,PC
LSOA,E01020254,Teignbridge 009D,E07000045,NDVI_VEG_PCT,Area with summer NDVI above 0.5,2024,41.6526,PC
LSOA,E01020255,Teignbridge 009E,E07000045,NDVI_VEG_PCT,Area with summer NDVI above 0.5,2024,66.2927,PC
LSOA,E01020256,Teignbridge 013D,E07000045,NDVI_VEG_PCT,Area with summer NDVI above 0.5,2024,73.9933,PC
LSOA,E01020257,Teignbridge 009F,E07000045,NDVI_VEG_PCT,Area with summer NDVI above 0.5,2024,69.183,PC
LSOA,E01020258,Teignbridge 003B,E07000045,NDVI_VEG_PCT,Area with summer NDVI above 0.5,2024,97.8592,PC
LSOA,E01020259,Teignbridge 003C,E07000045,NDVI_VEG_PCT,Area with summer NDVI above 0.5,2024,98.9004,PC
LSOA,E01020260,Teignbridge 011D,E07000045,NDVI_VEG_PCT,Area with summer NDVI above 0.5,2024,85.816,PC
LSOA,E01020261,Teignbridge 011E,E07000045,NDVI_VEG_PCT,Area with summer NDVI above 0.5,2024,91.5507,PC
LSOA,E01020262,Teignbridge 001B,E07000045,NDVI_VEG_PCT,Area with summer NDVI above 0.5,2024,93.8145,PC
LSOA,E01020263,Teignbridge 001C,E07000045,NDVI_VEG_PCT,Area with summer NDVI above 0.5,2024,93.3808,PC
LSOA,E01020264,Teignbridge 010A,E07000045,NDVI_VEG_PCT,Area with summer NDVI above 0.5,2024,39.1635,PC
LSOA,E01020265,Teignbridge 008A,E07000045,NDVI_VEG_PCT,Area with summer NDVI above 0.5,2024,77.2787,PC
LSOA,E01020266,Teignbridge 008B,E07000045,NDVI_VEG_PCT,Area with summer NDVI above 0.5,2024,66.0544,PC
LSOA,E01020267,Teignbridge 008C,E07000045,NDVI_VEG_PCT,Area with summer NDVI above 0.5,2024,76.9072,PC
LSOA,E01020268,Teignbridge 008D,E07000045,NDVI_VEG_PCT,Area with summer NDVI above 0.5,2024,86.0263,PC
LSOA,E01020269,Teignbridge 010B,E07000045,NDVI_VEG_PCT,Area with summer NDVI above 0.5,2024,10.2533,PC
LSOA,E01020270,Teignbridge 008E,E07000045,NDVI_VEG_PCT,Area with summer NDVI above 0.5,2024,72.3451,PC
LSOA,E01020271,Teignbridge 010C,E07000045,NDVI_VEG_PCT,Area with summer NDVI above 0.5,2024,53.4926,PC
LSOA,E01020272,Teignbridge 010D,E07000045,NDVI_VEG_PCT,Area with summer NDVI above 0.5,2024,68.3168,PC
LSOA,E01020273,Teignbridge 003D,E07000045,NDVI_VEG_PCT,Area with summer NDVI above 0.5,2024,95.2006,PC
LSOA,E01020274,Teignbridge 001D,E07000045,NDVI_VEG_PCT,Area with summer NDVI above 0.5,2024,96.3971,PC
LSOA,E01020275,Torridge 001A,E07000046,NDVI_VEG_PCT,Area with summer NDVI above 0.5,2024,38.0499,PC
LSOA,E01020276,Torridge 001B,E07000046,NDVI_VEG_PCT,Area with summer NDVI above 0.5,2024,83.6712,PC
LSOA,E01020277,Torridge 004A,E07000046,NDVI_VEG_PCT,Area with summer NDVI above 0.5,2024,77.2849,PC
LSOA,E01020278,Torridge 004B,E07000046,NDVI_VEG_PCT,Area with summer NDVI above 0.5,2024,93.1191,PC
LSOA,E01020279,Torridge 004C,E07000046,NDVI_VEG_PCT,Area with summer NDVI above 0.5,2024,75.3506,PC
LSOA,E01020280,Torridge 003A,E07000046,NDVI_VEG_PCT,Area with summer NDVI above 0.5,2024,26.6667,PC
LSOA,E01020281,Torridge 003B,E07000046,NDVI_VEG_PCT,Area with summer NDVI above 0.5,2024,72.8873,PC
LSOA,E01020282,Torridge 003C,E07000046,NDVI_VEG_PCT,Area with summer NDVI above 0.5,2024,45.9175,PC
LSOA,E01020283,Torridge 004D,E07000046,NDVI_VEG_PCT,Area with summer NDVI above 0.5,2024,72.2462,PC
LSOA,E01020284,Torridge 004E,E07000046,NDVI_VEG_PCT,Area with summer NDVI above 0.5,2024,37.7907,PC
LSOA,E01020285,Torridge 004F,E07000046,NDVI_VEG_PCT,Area with summer NDVI above 0.5,2024,47.184,PC
LSOA,E01020286,Torridge 009A,E07000046,NDVI_VEG_PCT,Area with summer NDVI above 0.5,2024,93.9929,PC
LSOA,E01020287,Torridge 007A,E07000046,NDVI_VEG_PCT,Area with summer NDVI above 0.5,2024,93.097,PC
LSOA,E01020288,Torridge 005A,E07000046,NDVI_VEG_PCT,Area with summer NDVI above 0.5,2024,95.7749,PC
LSOA,E01020289,Torridge 009B,E07000046,NDVI_VEG_PCT,Area with summer NDVI above 0.5,2024,96.1691,PC
LSOA,E01020290,Torridge 009C,E07000046,NDVI_VEG_PCT,Area with summer NDVI above 0.5,2024,95.8472,PC
LSOA,E01020291,Torridge 008A,E07000046,NDVI_VEG_PCT,Area with summer NDVI above 0.5,2024,95.1802,PC
LSOA,E01020292,Torridge 005B,E07000046,NDVI_VEG_PCT,Area with summer NDVI above 0.5,2024,94.5621,PC
LSOA,E01020293,Torridge 008B,E07000046,NDVI_VEG_PCT,Area with summer NDVI above 0.5,2024,92.8264,PC
LSOA,E01020294,Torridge 008C,E07000046,NDVI_VEG_PCT,Area with summer NDVI above 0.5,2024,64.8374,PC
LSOA,E01020295,Torridge 005C,E07000046,NDVI_VEG_PCT,Area with summer NDVI above 0.5,2024,93.4268,PC
LSOA,E01020296,Torridge 005D,E07000046,NDVI_VEG_PCT,Area with summer NDVI above 0.5,2024,94.9528,PC
LSOA,E01020297,Torridge 001C,E07000046,NDVI_VEG_PCT,Area with summer NDVI above 0.5,2024,36.4444,PC
LSOA,E01020298,Torridge 002A,E07000046,NDVI_VEG_PCT,Area with summer NDVI above 0.5,2024,81.7733,PC
LSOA,E01020299,Torridge 001D,E07000046,NDVI_VEG_PCT,Area with summer NDVI above 0.5,2024,58.0137,PC
LSOA,E01020300,Torridge 002B,E07000046,NDVI_VEG_PCT,Area with summer NDVI above 0.5,2024,87.3387,PC
LSOA,E01020301,Torridge 009D,E07000046,NDVI_VEG_PCT,Area with summer NDVI above 0.5,2024,94.9008,PC
LSOA,E01020302,Torridge 008D,E07000046,NDVI_VEG_PCT,Area with summer NDVI above 0.5,2024,95.4999,PC
LSOA,E01020303,Torridge 007B,E07000046,NDVI_VEG_PCT,Area with summer NDVI above 0.5,2024,93.1676,PC
LSOA,E01020304,Torridge 006A,E07000046,NDVI_VEG_PCT,Area with summer NDVI above 0.5,2024,76.1412,PC
LSOA,E01020305,Torridge 006B,E07000046,NDVI_VEG_PCT,Area with summer NDVI above 0.5,2024,73.8259,PC
LSOA,E01020306,Torridge 006C,E07000046,NDVI_VEG_PCT,Area with summer NDVI above 0.5,2024,49.8246,PC
LSOA,E01020307,Torridge 006D,E07000046,NDVI_VEG_PCT,Area with summer NDVI above 0.5,2024,93.3429,PC
LSOA,E01020308,Torridge 007C,E07000046,NDVI_VEG_PCT,Area with summer NDVI above 0.5,2024,94.207,PC
LSOA,E01020309,Torridge 008E,E07000046,NDVI_VEG_PCT,Area with summer NDVI above 0.5,2024,93.4683,PC
LSOA,E01020311,Torridge 007D,E07000046,NDVI_VEG_PCT,Area with summer NDVI above 0.5,2024,91.9056,PC
LSOA,E01020312,West Devon 007A,E07000047,NDVI_VEG_PCT,Area with summer NDVI above 0.5,2024,90.4408,PC
LSOA,E01020313,West Devon 007B,E07000047,NDVI_VEG_PCT,Area with summer NDVI above 0.5,2024,58.4383,PC
LSOA,E01020314,West Devon 004A,E07000047,NDVI_VEG_PCT,Area with summer NDVI above 0.5,2024,97.1295,PC
LSOA,E01020315,West Devon 007C,E07000047,NDVI_VEG_PCT,Area with summer NDVI above 0.5,2024,95.0399,PC
LSOA,E01020316,West Devon 007D,E07000047,NDVI_VEG_PCT,Area with summer NDVI above 0.5,2024,94.8781,PC
LSOA,E01020317,West Devon 006A,E07000047,NDVI_VEG_PCT,Area with summer NDVI above 0.5,2024,98.1315,PC
LSOA,E01020318,West Devon 003A,E07000047,NDVI_VEG_PCT,Area with summer NDVI above 0.5,2024,98.4111,PC
LSOA,E01020319,West Devon 003B,E07000047,NDVI_VEG_PCT,Area with summer NDVI above 0.5,2024,95.0176,PC
LSOA,E01020320,West Devon 001A,E07000047,NDVI_VEG_PCT,Area with summer NDVI above 0.5,2024,95.3836,PC
LSOA,E01020321,West Devon 001B,E07000047,NDVI_VEG_PCT,Area with summer NDVI above 0.5,2024,95.8568,PC
LSOA,E01020323,West Devon 003C,E07000047,NDVI_VEG_PCT,Area with summer NDVI above 0.5,2024,91.0866,PC
LSOA,E01020324,West Devon 006B,E07000047,NDVI_VEG_PCT,Area with summer NDVI above 0.5,2024,98.6041,PC
LSOA,E01020325,West Devon 004B,E07000047,NDVI_VEG_PCT,Area with summer NDVI above 0.5,2024,92.5417,PC
LSOA,E01020326,West Devon 001D,E07000047,NDVI_VEG_PCT,Area with summer NDVI above 0.5,2024,90.2406,PC
LSOA,E01020327,West Devon 002A,E07000047,NDVI_VEG_PCT,Area with summer NDVI above 0.5,2024,59.4867,PC
LSOA,E01020328,West Devon 002B,E07000047,NDVI_VEG_PCT,Area with summer NDVI above 0.5,2024,69.3521,PC
LSOA,E01020329,West Devon 002C,E07000047,NDVI_VEG_PCT,Area with summer NDVI above 0.5,2024,98.2434,PC
LSOA,E01020330,West Devon 002D,E07000047,NDVI_VEG_PCT,Area with summer NDVI above 0.5,2024,68.4815,PC
LSOA,E01020331,West Devon 004C,E07000047,NDVI_VEG_PCT,Area with summer NDVI above 0.5,2024,93.2326,PC
LSOA,E01020332,West Devon 005A,E07000047,NDVI_VEG_PCT,Area with summer NDVI above 0.5,2024,60.0351,PC
LSOA,E01020333,West Devon 005B,E07000047,NDVI_VEG_PCT,Area with summer NDVI above 0.5,2024,95.0254,PC
LSOA,E01020334,West Devon 005C,E07000047,NDVI_VEG_PCT,Area with summer NDVI above 0.5,2024,76.9474,PC
LSOA,E01020335,West Devon 005D,E07000047,NDVI_VEG_PCT,Area with summer NDVI above 0.5,2024,81.8141,PC
LSOA,E01020336,West Devon 005E,E07000047,NDVI_VEG_PCT,Area with summer NDVI above 0.5,2024,92.8314,PC
LSOA,E01020337,West Devon 005F,E07000047,NDVI_VEG_PCT,Area with summer NDVI above 0.5,2024,91.001,PC
LSOA,E01020338,West Devon 005G,E07000047,NDVI_VEG_PCT,Area with summer NDVI above 0.5,2024,73.4357,PC
LSOA,E01020339,West Devon 003D,E07000047,NDVI_VEG_PCT,Area with summer NDVI above 0.5,2024,94.6527,PC
LSOA,E01020340,West Devon 004D,E07000047,NDVI_VEG_PCT,Area with summer NDVI above 0.5,2024,93.5127,PC
LSOA,E01020341,West Devon 006C,E07000047,NDVI_VEG_PCT,Area with summer NDVI above 0.5,2024,98.2716,PC
LSOA,E01020342,West Devon 006D,E07000047,NDVI_VEG_PCT,Area with summer NDVI above 0.5,2024,86.3284,PC
LSOA,E01032628,East Devon 004G,E07000040,NDVI_VEG_PCT,Area with summer NDVI above 0.5,2024,89.0311,PC
LSOA,E01032657,Plymouth 027F,E06000026,NDVI_VEG_PCT,Area with summer NDVI above 0.5,2024,31.448,PC
LSOA,E01032658,Plymouth 027G,E06000026,NDVI_VEG_PCT,Area with summer NDVI above 0.5,2024,3.3333,PC
LSOA,E01033232,Exeter 011F,E07000041,NDVI_VEG_PCT,Area with summer NDVI above 0.5,2024,37.0044,PC
LSOA,E01033234,Exeter 011G,E07000041,NDVI_VEG_PCT,Area with summer NDVI above 0.5,2024,39.8172,PC
LSOA,E01033235,Exeter 015E,E07000041,NDVI_VEG_PCT,Area with summer NDVI above 0.5,2024,50.7396,PC
LSOA,E01033236,Exeter 015F,E07000041,NDVI_VEG_PCT,Area with summer NDVI above 0.5,2024,75.1465,PC
LSOA,E01034157,Plymouth 031G,E06000026,NDVI_VEG_PCT,Area with summer NDVI above 0.5,2024,83.6764,PC
LSOA,E01034158,Plymouth 031H,E06000026,NDVI_VEG_PCT,Area with summer NDVI above 0.5,2024,36.0239,PC
LSOA,E01034159,Plymouth 034B,E06000026,NDVI_VEG_PCT,Area with summer NDVI above 0.5,2024,10.3715,PC
LSOA,E01034160,Plymouth 034C,E06000026,NDVI_VEG_PCT,Area with summer NDVI above 0.5,2024,18.2716,PC
LSOA,E01034161,Plymouth 034D,E06000026,NDVI_VEG_PCT,Area with summer NDVI above 0.5,2024,35.8524,PC
LSOA,E01034162,Plymouth 034E,E06000026,NDVI_VEG_PCT,Area with summer NDVI above 0.5,2024,33.1242,PC
LSOA,E01034165,Teignbridge 005E,E07000045,NDVI_VEG_PCT,Area with summer NDVI above 0.5,2024,75.7207,PC
LSOA,E01034166,Teignbridge 005F,E07000045,NDVI_VEG_PCT,Area with summer NDVI above 0.5,2024,83.0858,PC
LSOA,E01034167,Teignbridge 013E,E07000045,NDVI_VEG_PCT,Area with summer NDVI above 0.5,2024,82.7002,PC
LSOA,E01034168,Teignbridge 013F,E07000045,NDVI_VEG_PCT,Area with summer NDVI above 0.5,2024,72.7142,PC
LSOA,E01034169,Torbay 003G,E06000027,NDVI_VEG_PCT,Area with summer NDVI above 0.5,2024,74.3158,PC
LSOA,E01034170,Torbay 003H,E06000027,NDVI_VEG_PCT,Area with summer NDVI above 0.5,2024,61.0884,PC
LSOA,E01034171,Torbay 013H,E06000027,NDVI_VEG_PCT,Area with summer NDVI above 0.5,2024,64.6041,PC
LSOA,E01034172,Torbay 013I,E06000027,NDVI_VEG_PCT,Area with summer NDVI above 0.5,2024,74.2903,PC
LSOA,E01034618,East Devon 005F,E07000040,NDVI_VEG_PCT,Area with summer NDVI above 0.5,2024,52.964,PC
LSOA,E01034619,East Devon 005G,E07000040,NDVI_VEG_PCT,Area with summer NDVI above 0.5,2024,96.3059,PC
LSOA,E01034620,East Devon 021C,E07000040,NDVI_VEG_PCT,Area with summer NDVI above 0.5,2024,79.2104,PC
LSOA,E01034621,East Devon 021D,E07000040,NDVI_VEG_PCT,Area with summer NDVI above 0.5,2024,69.7767,PC
LSOA,E01034622,East Devon 021E,E07000040,NDVI_VEG_PCT,Area with summer NDVI above 0.5,2024,67.0005,PC
LSOA,E01034623,East Devon 021F,E07000040,NDVI_VEG_PCT,Area with summer NDVI above 0.5,2024,76.2711,PC
LSOA,E01034624,East Devon 022A,E07000040,NDVI_VEG_PCT,Area with summer NDVI above 0.5,2024,43.1818,PC
LSOA,E01034625,East Devon 022B,E07000040,NDVI_VEG_PCT,Area with summer NDVI above 0.5,2024,58.8179,PC
LSOA,E01034626,East Devon 022C,E07000040,NDVI_VEG_PCT,Area with summer NDVI above 0.5,2024,52.6957,PC
LSOA,E01034627,East Devon 022D,E07000040,NDVI_VEG_PCT,Area with summer NDVI above 0.5,2024,28.9294,PC
LSOA,E01034628,Exeter 001G,E07000041,NDVI_VEG_PCT,Area with summer NDVI above 0.5,2024,91.6217,PC
LSOA,E01034629,Exeter 001H,E07000041,NDVI_VEG_PCT,Area with summer NDVI above 0.5,2024,74.5585,PC
LSOA,E01034630,Exeter 008F,E07000041,NDVI_VEG_PCT,Area with summer NDVI above 0.5,2024,31.8356,PC
LSOA,E01034631,Exeter 008G,E07000041,NDVI_VEG_PCT,Area with summer NDVI above 0.5,2024,28.4188,PC
LSOA,E01034632,Exeter 011H,E07000041,NDVI_VEG_PCT,Area with summer NDVI above 0.5,2024,84.1432,PC
LSOA,E01034633,Exeter 011I,E07000041,NDVI_VEG_PCT,Area with summer NDVI above 0.5,2024,46.7623,PC
LSOA,E01034634,Exeter 015G,E07000041,NDVI_VEG_PCT,Area with summer NDVI above 0.5,2024,77.3613,PC
LSOA,E01034635,Exeter 015H,E07000041,NDVI_VEG_PCT,Area with summer NDVI above 0.5,2024,64.9173,PC
LSOA,E01034636,Mid Devon 002E,E07000042,NDVI_VEG_PCT,Area with summer NDVI above 0.5,2024,91.4127,PC
LSOA,E01034637,Mid Devon 002F,E07000042,NDVI_VEG_PCT,Area with summer NDVI above 0.5,2024,49.6721,PC
LSOA,E01034638,North Devon 012F,E07000043,NDVI_VEG_PCT,Area with summer NDVI above 0.5,2024,91.3756,PC
LSOA,E01034639,North Devon 012G,E07000043,NDVI_VEG_PCT,Area with summer NDVI above 0.5,2024,54.3624,PC
LSOA,E01034640,Torridge 002D,E07000046,NDVI_VEG_PCT,Area with summer NDVI above 0.5,2024,33.7363,PC
LSOA,E01034641,Torridge 002E,E07000046,NDVI_VEG_PCT,Area with summer NDVI above 0.5,2024,59.0695,PC
LSOA,E01034642,West Devon 001E,E07000047,NDVI_VEG_PCT,Area with summer NDVI above 0.5,2024,94.8242,PC
LSOA,E01034643,West Devon 001F,E07000047,NDVI_VEG_PCT,Area with summer NDVI above 0.5,2024,92.2444,PC
