{
"type": "FeatureCollection",
"name": "green_sites",
"xy_coordinate_resolution": 1e-05,
"features": [
{"type":"Feature","properties":{"types":"Playing Field","area_m2":10362.6},"geometry":{"type":"Polygon","coordinates":[[[-4.62645,50.32617],[-4.62589,50.32634],[-4.62566,50.32654],[-4.62455,50.32606],[-4.62379,50.32681],[-4.62441,50.32716],[-4.62452,50.32718],[-4.6249,50.32687],[-4.62537,50.32657],[-4.62567,50.3267],[-4.62575,50.32684],[-4.62589,50.32694],[-4.62631,50.32665],[-4.62616,50.3265],[-4.6265,50.32632],[-4.62668,50.32627],[-4.62655,50.32629],[-4.62645,50.32617]]]}},
{"type":"Feature","properties":{"types":"Playing Field","area_m2":20791.1},"geometry":{"type":"Polygon","coordinates":[[[-4.50919,50.33607],[-4.5108,50.33567],[-4.51027,50.33459],[-4.5095,50.33472],[-4.50792,50.33485],[-4.50788,50.33497],[-4.50919,50.33607]]]}},
{"type":"Feature","properties":{"types":"Allotments Or Community Growing Spaces","area_m2":7406.9},"geometry":{"type":"Polygon","coordinates":[[[-4.64697,50.33264],[-4.64759,50.33351],[-4.64842,50.33335],[-4.6481,50.33277],[-4.64806,50.33239],[-4.64697,50.33264]]]}},
{"type":"Feature","properties":{"types":"Other Sports Facility","area_m2":22342.6},"geometry":{"type":"Polygon","coordinates":[[[-4.64229,50.33472],[-4.64249,50.33469],[-4.64244,50.33452],[-4.64305,50.33433],[-4.64404,50.33408],[-4.64471,50.33388],[-4.6446,50.3338],[-4.64461,50.33374],[-4.64375,50.33323],[-4.6429,50.33292],[-4.64153,50.33398],[-4.64151,50.33402],[-4.6419,50.33425],[-4.64212,50.33443],[-4.6421,50.33451],[-4.64224,50.33485],[-4.64243,50.33488],[-4.64234,50.33486],[-4.64229,50.33472]]]}},
{"type":"Feature","properties":{"types":"Other Sports Facility","area_m2":31634.1},"geometry":{"type":"Polygon","coordinates":[[[-4.64332,50.33703],[-4.64344,50.33715],[-4.64435,50.33717],[-4.64549,50.33704],[-4.6462,50.33701],[-4.64552,50.33597],[-4.64492,50.33602],[-4.64484,50.33562],[-4.64482,50.33504],[-4.64476,50.33509],[-4.64481,50.33516],[-4.64419,50.33533],[-4.64428,50.33534],[-4.64379,50.33536],[-4.64386,50.33552],[-4.64382,50.33561],[-4.64369,50.33571],[-4.64361,50.3357],[-4.64303,50.33588],[-4.64282,50.33586],[-4.64328,50.33685],[-4.64332,50.33703]]]}},
{"type":"Feature","properties":{"types":"Play Space; Playing Field","area_m2":16095.2},"geometry":{"type":"Polygon","coordinates":[[[-4.64265,50.33835],[-4.64247,50.338],[-4.64312,50.33785],[-4.64303,50.33772],[-4.643,50.3374],[-4.64294,50.33735],[-4.64157,50.3373],[-4.64105,50.33735],[-4.64068,50.33819],[-4.64012,50.33812],[-4.64123,50.33833],[-4.64193,50.3384],[-4.64265,50.33835]]]}},
{"type":"Feature","properties":{"types":"Playing Field","area_m2":20165.2},"geometry":{"type":"Polygon","coordinates":[[[-4.63569,50.33753],[-4.63585,50.33754],[-4.63591,50.33717],[-4.63492,50.33719],[-4.63397,50.33766],[-4.63335,50.33844],[-4.63309,50.33849],[-4.63316,50.33858],[-4.63309,50.339],[-4.63323,50.33911],[-4.63361,50.33921],[-4.63423,50.33922],[-4.63498,50.33917],[-4.6347,50.33848],[-4.63442,50.33846],[-4.63446,50.33839],[-4.63463,50.33835],[-4.6347,50.33772],[-4.63494,50.33765],[-4.63493,50.33747],[-4.63569,50.33747],[-4.63569,50.33753]]]}},
{"type":"Feature","properties":{"types":"Playing Field","area_m2":11467.7},"geometry":{"type":"Polygon","coordinates":[[[-4.50539,50.35344],[-4.50533,50.3526],[-4.5043,50.35287],[-4.50288,50.35317],[-4.50283,50.3532],[-4.50407,50.35362],[-4.50539,50.35344]]]}},
{"type":"Feature","properties":{"types":"Other Sports Facility","area_m2":21666.3},"geometry":{"type":"Polygon","coordinates":[[[-4.44723,50.36333],[-4.44816,50.3633],[-4.44801,50.36316],[-4.44796,50.36304],[-4.44726,50.36306],[-4.44682,50.36284],[-4.44515,50.36298],[-4.44522,50.36373],[-4.44535,50.36434],[-4.44726,50.36397],[-4.44723,50.36333]]]}},
{"type":"Feature","properties":{"types":"Public Park Or Garden","area_m2":92006.0},"geometry":{"type":"Polygon","coordinates":[[[-4.38471,50.3668],[-4.38454,50.36628],[-4.38453,50.36598],[-4.38445,50.36599],[-4.38421,50.36553],[-4.3842,50.36466],[-4.38425,50.36464],[-4.3842,50.36464],[-4.38419,50.36453],[-4.3841,50.36443],[-4.38415,50.36427],[-4.38411,50.36411],[-4.38392,50.36389],[-4.38373,50.36452],[-4.38357,50.36455],[-4.38268,50.36498],[-4.38246,50.36515],[-4.38204,50.36562],[-4.38158,50.36585],[-4.38192,50.36599],[-4.38193,50.36614],[-4.38209,50.36651],[-4.38203,50.36698],[-4.38209,50.36719],[-4.3827,50.36773],[-4.38301,50.36825],[-4.38351,50.36879],[-4.38419,50.3693],[-4.3844,50.36976],[-4.38413,50.36989],[-4.38355,50.3698],[-4.38352,50.36983],[-4.38411,50.36992],[-4.38442,50.36981],[-4.38443,50.36986],[-4.38482,50.37001],[-4.38489,50.36991],[-4.385,50.36987],[-4.38505,50.36991],[-4.38548,50.3696],[-4.38574,50.3693],[-4.38576,50.36907],[-4.38547,50.36819],[-4.38471,50.3668]]]}},
{"type":"Feature","properties":{"types":"Allotments Or Community Growing Spaces","area_m2":14491.7},"geometry":{"type":"Polygon","coordinates":[[[-4.44506,50.372],[-4.44615,50.37218],[-4.44737,50.37214],[-4.44799,50.37209],[-4.44838,50.37175],[-4.4455,50.37132],[-4.44506,50.372]]]}},
{"type":"Feature","properties":{"types":"Public Park Or Garden","area_m2":43719.9},"geometry":{"type":"Polygon","coordinates":[[[-4.3903,50.37261],[-4.3901,50.37238],[-4.39071,50.37189],[-4.39106,50.37152],[-4.39034,50.37185],[-4.38976,50.37206],[-4.3895,50.37193],[-4.38911,50.37187],[-4.38815,50.37217],[-4.38777,50.37232],[-4.38817,50.37254],[-4.38832,50.3728],[-4.38897,50.37339],[-4.38976,50.37395],[-4.39051,50.37442],[-4.391,50.37461],[-4.39121,50.37465],[-4.39139,50.37459],[-4.39116,50.37441],[-4.39101,50.37411],[-4.39211,50.37374],[-4.39204,50.37354],[-4.39182,50.37335],[-4.39187,50.37326],[-4.39149,50.37318],[-4.39056,50.3728],[-4.3903,50.37261]]]}},
{"type":"Feature","properties":{"types":"Other Sports Facility; Play Space; Public Park Or Garden","area_m2":440972.3},"geometry":{"type":"Polygon","coordinates":[[[-4.38836,50.36651],[-4.38838,50.36647],[-4.38829,50.36645],[-4.38819,50.36631],[-4.38716,50.36622],[-4.3872,50.36605],[-4.38711,50.36581],[-4.38651,50.36569],[-4.38581,50.36531],[-4.38528,50.36524],[-4.38502,50.36527],[-4.38481,50.36525],[-4.38474,50.36527],[-4.38468,50.36588],[-4.38502,50.36609],[-4.38506,50.36607],[-4.3851,50.3661],[-4.38507,50.36612],[-4.38583,50.36667],[-4.38703,50.36739],[-4.38746,50.36783],[-4.38741,50.36785],[-4.3873,50.36835],[-4.38703,50.36883],[-4.38591,50.36954],[-4.38546,50.36988],[-4.38507,50.36997],[-4.38485,50.3701],[-4.38582,50.37055],[-4.38584,50.37062],[-4.38561,50.37097],[-4.38599,50.3712],[-4.38584,50.37149],[-4.3857,50.37202],[-4.3859,50.37259],[-4.38584,50.37258],[-4.38576,50.37263],[-4.38571,50.37283],[-4.38582,50.37333],[-4.38549,50.37336],[-4.38457,50.37323],[-4.38402,50.37363],[-4.38437,50.37387],[-4.38529,50.37377],[-4.3857,50.37364],[-4.38606,50.37362],[-4.38634,50.3737],[-4.38668,50.37388],[-4.38692,50.37407],[-4.38697,50.37419],[-4.38646,50.37443],[-4.38599,50.37488],[-4.38536,50.37472],[-4.38464,50.3745],[-4.38454,50.37444],[-4.3845,50.37451],[-4.38566,50.37487],[-4.38584,50.37495],[-4.38584,50.375],[-4.38628,50.37502],[-4.38649,50.37507],[-4.38682,50.37524],[-4.38702,50.37539],[-4.38748,50.37553],[-4.38785,50.37563],[-4.38786,50.37551],[-4.38831,50.37555],[-4.3891,50.37572],[-4.38928,50.37581],[-4.38917,50.37606],[-4.38992,50.37632],[-4.38972,50.37641],[-4.38917,50.37654],[-4.3889,50.37653],[-4.38852,50.3766],[-4.38795,50.37663],[-4.38773,50.37668],[-4.38777,50.37684],[-4.3871,50.37716],[-4.38652,50.37764],[-4.38642,50.3778],[-4.38641,50.378],[-4.38622,50.37862],[-4.38591,50.37924],[-4.38573,50.37941],[-4.38559,50.37934],[-4.38534,50.37939],[-4.38562,50.37976],[-4.38574,50.38005],[-4.38569,50.38036],[-4.38544,50.38086],[-4.38555,50.38097],[-4.38568,50.381],[-4.38596,50.38118],[-4.38621,50.38122],[-4.38639,50.38121],[-4.3865,50.38127],[-4.3868,50.38133],[-4.38713,50.38154],[-4.38728,50.38154],[-4.38757,50.38162],[-4.38751,50.38162],[-4.38889,50.38192],[-4.38915,50.38176],[-4.38922,50.38155],[-4.38955,50.38152],[-4.39002,50.38133],[-4.38997,50.38148],[-4.38967,50.38177],[-4.38892,50.38237],[-4.38851,50.38258],[-4.38862,50.38275],[-4.38831,50.38309],[-4.38852,50.38374],[-4.389,50.38438],[-4.38913,50.38464],[-4.38928,50.38535],[-4.38917,50.38561],[-4.38864,50.38601],[-4.38859,50.38617],[-4.38838,50.38623],[-4.38751,50.3867],[-4.3867,50.38719],[-4.38631,50.38738],[-4.38493,50.38832],[-4.38471,50.38853],[-4.38446,50.38895],[-4.38443,50.38906],[-4.38455,50.38933],[-4.38448,50.38975],[-4.38438,50.38987],[-4.38416,50.38995],[-4.38406,50.39023],[-4.38389,50.39046],[-4.38413,50.39056],[-4.38462,50.38998],[-4.38476,50.38896],[-4.38496,50.38861],[-4.38517,50.3884],[-4.38598,50.38797],[-4.38686,50.38763],[-4.38873,50.38673],[-4.38939,50.38631],[-4.3899,50.38582],[-4.39009,50.38552],[-4.3901,50.38535],[-4.38976,50.38437],[-4.38942,50.38406],[-4.38889,50.38373],[-4.38872,50.38355],[-4.38868,50.3834],[-4.38871,50.38321],[-4.38885,50.38308],[-4.3892,50.38282],[-4.3899,50.38241],[-4.39036,50.3822],[-4.39048,50.38209],[-4.39054,50.38192],[-4.39049,50.38161],[-4.39063,50.38099],[-4.39045,50.38049],[-4.39006,50.38008],[-4.38994,50.37986],[-4.38974,50.37868],[-4.38982,50.37826],[-4.39001,50.378],[-4.39035,50.3777],[-4.39153,50.37703],[-4.3921,50.37666],[-4.39228,50.37646],[-4.39243,50.37614],[-4.3925,50.37575],[-4.39248,50.37555],[-4.39234,50.37524],[-4.39217,50.37508],[-4.39189,50.3749],[-4.39168,50.3748],[-4.39128,50.37474],[-4.39114,50.37476],[-4.39035,50.37462],[-4.39017,50.3747],[-4.39013,50.37465],[-4.38952,50.37438],[-4.38919,50.37411],[-4.38897,50.3742],[-4.38808,50.37395],[-4.38804,50.37387],[-4.38781,50.37373],[-4.3878,50.37364],[-4.38796,50.37347],[-4.38766,50.37296],[-4.3883,50.37291],[-4.38802,50.37252],[-4.38738,50.37228],[-4.38721,50.37197],[-4.38725,50.37171],[-4.38795,50.37061],[-4.38852,50.36987],[-4.38883,50.36916],[-4.38882,50.36853],[-4.38891,50.36786],[-4.38871,50.36695],[-4.38867,50.36688],[-4.38861,50.36688],[-4.38841,50.36657],[-4.38829,50.36658],[-4.38829,50.3665],[-4.38836,50.36651]]]}},
{"type":"Feature","properties":{"types":"Playing Field","area_m2":27227.3},"geometry":{"type":"Polygon","coordinates":[[[-4.56494,50.38684],[-4.56629,50.38659],[-4.56618,50.38624],[-4.56633,50.38622],[-4.56609,50.38559],[-4.56591,50.38529],[-4.56584,50.38524],[-4.56342,50.38565],[-4.56408,50.38695],[-4.56494,50.38684]]]}},
{"type":"Feature","properties":{"types":"Play Space; Playing Field","area_m2":14776.1},"geometry":{"type":"Polygon","coordinates":[[[-4.48354,50.3975],[-4.48444,50.39715],[-4.48445,50.397],[-4.48479,50.39671],[-4.48469,50.39654],[-4.48425,50.39625],[-4.48356,50.396],[-4.48259,50.39681],[-4.48354,50.3975]]]}},
{"type":"Feature","properties":{"types":"Public Park Or Garden","area_m2":15624.1},"geometry":{"type":"Polygon","coordinates":[[[-4.55966,50.4047],[-4.55838,50.40393],[-4.5583,50.40392],[-4.55827,50.40386],[-4.5576,50.40347],[-4.55792,50.40502],[-4.55791,50.40531],[-4.55778,50.40574],[-4.55782,50.40575],[-4.55843,50.40535],[-4.55966,50.4047]]]}},
{"type":"Feature","properties":{"types":"Playing Field","area_m2":17173.7},"geometry":{"type":"Polygon","coordinates":[[[-4.61638,50.40842],[-4.61571,50.40792],[-4.61411,50.40864],[-4.6144,50.40888],[-4.61456,50.40888],[-4.61466,50.40895],[-4.61481,50.40893],[-4.61509,50.40916],[-4.61514,50.40918],[-4.61518,50.40913],[-4.61534,50.40918],[-4.61531,50.40923],[-4.61543,50.40935],[-4.61566,50.40946],[-4.61691,50.40889],[-4.61638,50.40842]]]}},
{"type":"Feature","properties":{"types":"Playing Field","area_m2":7658.1},"geometry":{"type":"Polygon","coordinates":[[[-4.47375,50.4199],[-4.47301,50.42026],[-4.47386,50.42088],[-4.47417,50.42104],[-4.47482,50.4207],[-4.47375,50.4199]]]}},
{"type":"Feature","properties":{"types":"Allotments Or Community Growing Spaces","area_m2":14677.0},"geometry":{"type":"Polygon","coordinates":[[[-4.40874,50.42134],[-4.4082,50.4214],[-4.40745,50.42227],[-4.40945,50.42254],[-4.41004,50.4221],[-4.40885,50.42137],[-4.40874,50.42134]]]}},
{"type":"Feature","properties":{"types":"Other Sports Facility; Play Space; Playing Field","area_m2":29337.3},"geometry":{"type":"Polygon","coordinates":[[[-4.40752,50.43797],[-4.40809,50.43801],[-4.4091,50.43823],[-4.40906,50.43844],[-4.40913,50.43886],[-4.40922,50.43912],[-4.40933,50.43912],[-4.40929,50.43971],[-4.40933,50.43979],[-4.40968,50.43983],[-4.4097,50.43981],[-4.40973,50.4399],[-4.41019,50.43998],[-4.41021,50.43979],[-4.41049,50.43981],[-4.41046,50.43911],[-4.41021,50.43909],[-4.41025,50.43827],[-4.40955,50.43826],[-4.40977,50.43762],[-4.40979,50.43736],[-4.40826,50.43713],[-4.40814,50.43712],[-4.4081,50.43727],[-4.40767,50.43723],[-4.40752,50.43797]]]}},
{"type":"Feature","properties":{"types":"Other Sports Facility; Play Space; Playing Field","area_m2":6404.7},"geometry":{"type":"Polygon","coordinates":[[[-4.46755,50.45031],[-4.46805,50.44991],[-4.46752,50.44974],[-4.46636,50.44951],[-4.46618,50.4496],[-4.46601,50.44981],[-4.46755,50.45031]]]}},
{"type":"Feature","properties":{"types":"Public Park Or Garden","area_m2":6212.6},"geometry":{"type":"Polygon","coordinates":[[[-4.45419,50.45268],[-4.45342,50.45254],[-4.45324,50.45342],[-4.45323,50.45366],[-4.45347,50.45368],[-4.4539,50.45363],[-4.45419,50.45268]]]}},
{"type":"Feature","properties":{"types":"Playing Field","area_m2":21685.9},"geometry":{"type":"Polygon","coordinates":[[[-4.51097,50.45451],[-4.51098,50.45447],[-4.51108,50.45444],[-4.511,50.45434],[-4.51009,50.45358],[-4.50997,50.45358],[-4.50978,50.4535],[-4.50975,50.45352],[-4.50947,50.45355],[-4.50923,50.45344],[-4.50809,50.45383],[-4.50866,50.45494],[-4.50911,50.45481],[-4.50927,50.45481],[-4.51097,50.45451]]]}},
{"type":"Feature","properties":{"types":"Other Sports Facility; Play Space; Playing Field","area_m2":24365.8},"geometry":{"type":"Polygon","coordinates":[[[-4.45872,50.45701],[-4.4587,50.45705],[-4.45904,50.45682],[-4.45932,50.45656],[-4.45998,50.45617],[-4.46028,50.45584],[-4.46021,50.45581],[-4.4604,50.4557],[-4.46093,50.45557],[-4.46131,50.45538],[-4.46116,50.45519],[-4.46095,50.45506],[-4.4603,50.45535],[-4.45968,50.45547],[-4.4595,50.45545],[-4.45902,50.4555],[-4.45837,50.45565],[-4.45711,50.45572],[-4.45687,50.45581],[-4.45703,50.45582],[-4.45683,50.45584],[-4.45695,50.45585],[-4.45783,50.45623],[-4.45818,50.45644],[-4.45872,50.45701]]]}},
{"type":"Feature","properties":{"types":"Allotments Or Community Growing Spaces","area_m2":7316.8},"geometry":{"type":"Polygon","coordinates":[[[-4.53228,50.4575],[-4.53078,50.4559],[-4.53024,50.45597],[-4.53154,50.45727],[-4.53183,50.45767],[-4.53228,50.4575]]]}},
{"type":"Feature","properties":{"types":"Other Sports Facility","area_m2":12454.8},"geometry":{"type":"Polygon","coordinates":[[[-4.45675,50.46045],[-4.45536,50.46032],[-4.45509,50.46041],[-4.45495,50.46126],[-4.45567,50.46144],[-4.45622,50.46155],[-4.45675,50.46045]]]}},
{"type":"Feature","properties":{"types":"Other Sports Facility; Playing Field","area_m2":49542.2},"geometry":{"type":"Polygon","coordinates":[[[-4.46497,50.46098],[-4.4639,50.46088],[-4.46411,50.46027],[-4.46387,50.46018],[-4.46366,50.46025],[-4.46364,50.4603],[-4.46361,50.46026],[-4.46191,50.46051],[-4.46075,50.46064],[-4.46103,50.46153],[-4.46139,50.46232],[-4.46339,50.46214],[-4.46358,50.46216],[-4.46358,50.46218],[-4.46449,50.46219],[-4.4645,50.46212],[-4.46474,50.46215],[-4.46473,50.4619],[-4.46497,50.46098]],[[-4.46473,50.46139],[-4.46471,50.4617],[-4.46428,50.4617],[-4.46429,50.46139],[-4.46473,50.46139]]]}},
{"type":"Feature","properties":{"types":"Playing Field","area_m2":12993.7},"geometry":{"type":"Polygon","coordinates":[[[-4.4698,50.46491],[-4.46998,50.4649],[-4.47002,50.46486],[-4.46913,50.46445],[-4.46791,50.46399],[-4.46733,50.46457],[-4.4694,50.46537],[-4.4698,50.46491]]]}},
{"type":"Feature","properties":{"types":"Playing Field","area_m2":18727.7},"geometry":{"type":"Polygon","coordinates":[[[-4.54202,50.47873],[-4.54271,50.47869],[-4.5427,50.47833],[-4.54332,50.47746],[-4.54264,50.47737],[-4.5416,50.47732],[-4.54119,50.47735],[-4.54151,50.47907],[-4.54189,50.479],[-4.54206,50.47901],[-4.54202,50.47873]]]}},
{"type":"Feature","properties":{"types":"Allotments Or Community Growing Spaces","area_m2":7997.0},"geometry":{"type":"Polygon","coordinates":[[[-4.46016,50.48042],[-4.46177,50.48016],[-4.46172,50.47959],[-4.46014,50.47973],[-4.46016,50.48042]]]}},
{"type":"Feature","properties":{"types":"Play Space; Playing Field","area_m2":5027.0},"geometry":{"type":"Polygon","coordinates":[[[-4.5592,50.48099],[-4.55859,50.48121],[-4.559,50.48161],[-4.5596,50.48172],[-4.55983,50.48188],[-4.56022,50.48168],[-4.5592,50.48099]]]}},
{"type":"Feature","properties":{"types":"Other Sports Facility; Play Space; Playing Field","area_m2":34159.2},"geometry":{"type":"Polygon","coordinates":[[[-4.4806,50.48876],[-4.48067,50.48867],[-4.48151,50.48795],[-4.48185,50.48773],[-4.48221,50.48739],[-4.48108,50.48721],[-4.48008,50.48714],[-4.47944,50.48702],[-4.4793,50.48694],[-4.47915,50.48691],[-4.47828,50.48758],[-4.4784,50.48756],[-4.47868,50.4879],[-4.47902,50.48822],[-4.47993,50.48879],[-4.48054,50.48924],[-4.48059,50.48924],[-4.48063,50.48917],[-4.4806,50.48876]]]}},
{"type":"Feature","properties":{"types":"Play Space; Playing Field","area_m2":27251.5},"geometry":{"type":"Polygon","coordinates":[[[-4.40815,50.50554],[-4.41172,50.5046],[-4.41183,50.50456],[-4.41175,50.5045],[-4.41176,50.50443],[-4.41102,50.50388],[-4.4109,50.50388],[-4.41017,50.50394],[-4.41022,50.50419],[-4.40942,50.50427],[-4.40753,50.50464],[-4.40815,50.50554]]]}},
{"type":"Feature","properties":{"types":"Other Sports Facility; Play Space","area_m2":12494.3},"geometry":{"type":"Polygon","coordinates":[[[-4.48755,50.51022],[-4.48781,50.51058],[-4.48791,50.51063],[-4.48794,50.51075],[-4.48845,50.51078],[-4.4884,50.51063],[-4.48854,50.51058],[-4.48907,50.51056],[-4.48914,50.51052],[-4.48898,50.51026],[-4.48868,50.50995],[-4.48806,50.5095],[-4.48806,50.50943],[-4.48799,50.50949],[-4.48734,50.50932],[-4.48729,50.50936],[-4.48706,50.50941],[-4.48744,50.51007],[-4.48696,50.50983],[-4.48693,50.50988],[-4.48712,50.50995],[-4.48755,50.51022]]]}},
{"type":"Feature","properties":{"types":"Play Space; Playing Field","area_m2":8465.7},"geometry":{"type":"Polygon","coordinates":[[[-4.42616,50.5238],[-4.42631,50.52415],[-4.4267,50.5248],[-4.42698,50.52509],[-4.42759,50.52486],[-4.42701,50.52372],[-4.42616,50.5238]]]}},
{"type":"Feature","properties":{"types":"Allotments Or Community Growing Spaces","area_m2":5951.4},"geometry":{"type":"Polygon","coordinates":[[[-4.41914,50.52941],[-4.41781,50.52992],[-4.41797,50.53015],[-4.41853,50.5302],[-4.41969,50.52976],[-4.41914,50.52941]]]}},
{"type":"Feature","properties":{"types":"Public Park Or Garden","area_m2":20740.6},"geometry":{"type":"Polygon","coordinates":[[[-4.59351,50.52719],[-4.59247,50.5275],[-4.59253,50.52759],[-4.59198,50.52802],[-4.59187,50.52819],[-4.59167,50.52881],[-4.59161,50.52937],[-4.59175,50.52959],[-4.59209,50.52977],[-4.59215,50.52977],[-4.59212,50.5296],[-4.59229,50.5297],[-4.5925,50.52947],[-4.59279,50.52901],[-4.59368,50.5272],[-4.59351,50.52719]]]}},
{"type":"Feature","properties":{"types":"Play Space; Playing Field","area_m2":5942.0},"geometry":{"type":"Polygon","coordinates":[[[-4.40772,50.53415],[-4.40772,50.5344],[-4.40791,50.5346],[-4.40784,50.53474],[-4.40786,50.53484],[-4.4081,50.53513],[-4.40825,50.53495],[-4.40807,50.53466],[-4.4081,50.53395],[-4.40769,50.53339],[-4.40749,50.53297],[-4.40735,50.53282],[-4.40713,50.53286],[-4.40726,50.53301],[-4.40716,50.53305],[-4.40746,50.53345],[-4.4075,50.53388],[-4.40772,50.53415]]]}},
{"type":"Feature","properties":{"types":"Playing Field","area_m2":12519.4},"geometry":{"type":"Polygon","coordinates":[[[-4.43166,50.56116],[-4.43106,50.5617],[-4.43142,50.5619],[-4.43231,50.56251],[-4.43258,50.56258],[-4.43293,50.56226],[-4.43329,50.5618],[-4.43204,50.56134],[-4.43166,50.56116]]]}},
{"type":"Feature","properties":{"types":"Playing Field","area_m2":13549.6},"geometry":{"type":"Polygon","coordinates":[[[-4.44243,50.56539],[-4.44189,50.56512],[-4.44148,50.56498],[-4.44081,50.56486],[-4.44076,50.56494],[-4.44069,50.56492],[-4.43988,50.56562],[-4.44033,50.56569],[-4.44159,50.56608],[-4.44218,50.56562],[-4.44243,50.56539]]]}},
{"type":"Feature","properties":{"types":"Playing Field","area_m2":11539.6},"geometry":{"type":"Polygon","coordinates":[[[-4.51383,50.61714],[-4.51458,50.61705],[-4.51535,50.6169],[-4.51499,50.61626],[-4.51445,50.61627],[-4.51355,50.61584],[-4.51347,50.61657],[-4.51383,50.61714]]]}},
{"type":"Feature","properties":{"types":"Playing Field","area_m2":15357.5},"geometry":{"type":"Polygon","coordinates":[[[-4.41073,50.62238],[-4.411,50.62323],[-4.41105,50.62324],[-4.41114,50.62348],[-4.41279,50.62314],[-4.41234,50.62205],[-4.41073,50.62238]]]}},
{"type":"Feature","properties":{"types":"Playing Field","area_m2":12663.2},"geometry":{"type":"Polygon","coordinates":[[[-4.41854,50.62701],[-4.41833,50.62548],[-4.4174,50.62555],[-4.41745,50.62718],[-4.41854,50.62701]]]}},
{"type":"Feature","properties":{"types":"Playing Field","area_m2":17471.8},"geometry":{"type":"Polygon","coordinates":[[[-4.44392,50.68357],[-4.44313,50.68404],[-4.44247,50.68436],[-4.44381,50.68524],[-4.44516,50.68436],[-4.44392,50.68357]]]}},
{"type":"Feature","properties":{"types":"Allotments Or Community Growing Spaces","area_m2":7620.7},"geometry":{"type":"Polygon","coordinates":[[[-4.57922,50.72866],[-4.5784,50.72849],[-4.57816,50.72902],[-4.57917,50.72939],[-4.57941,50.72953],[-4.57989,50.72902],[-4.57922,50.72866]]]}},
{"type":"Feature","properties":{"types":"Play Space; Playing Field","area_m2":22753.5},"geometry":{"type":"Polygon","coordinates":[[[-4.50487,50.75027],[-4.5044,50.75016],[-4.50396,50.75016],[-4.50339,50.75027],[-4.50303,50.75029],[-4.50326,50.7509],[-4.50375,50.75089],[-4.5039,50.75173],[-4.50476,50.75171],[-4.50518,50.75179],[-4.50588,50.7512],[-4.5057,50.75091],[-4.50558,50.75084],[-4.50558,50.75077],[-4.50487,50.75027]],[[-4.50475,50.75044],[-4.50499,50.75042],[-4.50507,50.75073],[-4.50482,50.75075],[-4.50475,50.75044]]]}},
{"type":"Feature","properties":{"types":"Other Sports Facility","area_m2":24946.9},"geometry":{"type":"Polygon","coordinates":[[[-4.56215,50.78106],[-4.56212,50.781],[-4.56229,50.78098],[-4.56235,50.78083],[-4.56254,50.7808],[-4.56281,50.78061],[-4.56381,50.78033],[-4.56397,50.77971],[-4.5638,50.77931],[-4.56316,50.77902],[-4.56228,50.77962],[-4.56158,50.78028],[-4.56132,50.78039],[-4.56101,50.78037],[-4.56095,50.7806],[-4.56101,50.78071],[-4.5616,50.78101],[-4.5618,50.78113],[-4.56181,50.78118],[-4.56215,50.78106]]]}},
{"type":"Feature","properties":{"types":"Other Sports Facility; Play Space; Playing Field","area_m2":6525.3},"geometry":{"type":"Polygon","coordinates":[[[-4.39434,50.79935],[-4.39428,50.79938],[-4.3945,50.80008],[-4.39456,50.80042],[-4.39498,50.80044],[-4.39506,50.80026],[-4.39526,50.79937],[-4.39509,50.79928],[-4.39433,50.79926],[-4.39434,50.79935]]]}},
{"type":"Feature","properties":{"types":"Playing Field","area_m2":9660.2},"geometry":{"type":"Polygon","coordinates":[[[-4.4482,50.79941],[-4.4482,50.79954],[-4.44834,50.7996],[-4.44853,50.79953],[-4.44885,50.79928],[-4.44893,50.79873],[-4.44921,50.79839],[-4.44796,50.79841],[-4.44784,50.79835],[-4.4477,50.7994],[-4.4482,50.79941]]]}},
{"type":"Feature","properties":{"types":"Playing Field","area_m2":12383.7},"geometry":{"type":"Polygon","coordinates":[[[-4.5427,50.8206],[-4.54262,50.82045],[-4.54247,50.8204],[-4.54151,50.82047],[-4.54187,50.82181],[-4.5427,50.82175],[-4.54297,50.82179],[-4.54283,50.8207],[-4.5427,50.8206]]]}},
{"type":"Feature","properties":{"types":"Play Space; Playing Field","area_m2":28431.7},"geometry":{"type":"Polygon","coordinates":[[[-4.54244,50.82446],[-4.54219,50.8246],[-4.54257,50.82507],[-4.54264,50.82548],[-4.5427,50.82548],[-4.54289,50.82562],[-4.54296,50.82563],[-4.54301,50.82554],[-4.54318,50.82551],[-4.54342,50.82552],[-4.54365,50.82558],[-4.54412,50.82601],[-4.54361,50.82632],[-4.54392,50.82654],[-4.54443,50.8268],[-4.54466,50.82688],[-4.54482,50.82663],[-4.54492,50.82631],[-4.54488,50.82612],[-4.54432,50.82539],[-4.54367,50.82473],[-4.54344,50.82431],[-4.54342,50.82396],[-4.5435,50.82379],[-4.5432,50.82373],[-4.54258,50.82341],[-4.54239,50.82335],[-4.54235,50.8234],[-4.54231,50.8234],[-4.54244,50.82446]]]}},
{"type":"Feature","properties":{"types":"Other Sports Facility","area_m2":65166.4},"geometry":{"type":"Polygon","coordinates":[[[-4.53386,50.82589],[-4.53411,50.82583],[-4.5342,50.82602],[-4.53411,50.82603],[-4.53404,50.82592],[-4.53333,50.82616],[-4.53307,50.8262],[-4.53293,50.82618],[-4.53274,50.82607],[-4.53201,50.82633],[-4.53132,50.82653],[-4.52987,50.82691],[-4.52908,50.82704],[-4.52896,50.82731],[-4.52893,50.82755],[-4.52866,50.82825],[-4.52929,50.82826],[-4.53061,50.82819],[-4.53053,50.82802],[-4.53187,50.82769],[-4.53212,50.82807],[-4.53394,50.82796],[-4.5335,50.82707],[-4.53448,50.82682],[-4.5343,50.82649],[-4.53446,50.82645],[-4.53452,50.8266],[-4.53475,50.82656],[-4.53468,50.82641],[-4.53486,50.82638],[-4.53474,50.82615],[-4.53462,50.82617],[-4.53458,50.82609],[-4.53478,50.82609],[-4.53456,50.8256],[-4.53408,50.8257],[-4.53411,50.8258],[-4.53386,50.82589]]]}},
{"type":"Feature","properties":{"types":"Playing Field","area_m2":10330.1},"geometry":{"type":"Polygon","coordinates":[[[-4.52738,50.82978],[-4.52722,50.82942],[-4.52652,50.82947],[-4.52615,50.82927],[-4.52547,50.82983],[-4.52627,50.83022],[-4.5266,50.83048],[-4.52667,50.83044],[-4.52659,50.83039],[-4.52664,50.83035],[-4.52733,50.83011],[-4.52735,50.82995],[-4.52745,50.82992],[-4.52741,50.8298],[-4.52763,50.82973],[-4.52773,50.82982],[-4.52763,50.82969],[-4.52738,50.82978]]]}},
{"type":"Feature","properties":{"types":"Playing Field","area_m2":22672.8},"geometry":{"type":"Polygon","coordinates":[[[-4.53429,50.83109],[-4.53496,50.83083],[-4.53612,50.83047],[-4.53522,50.82959],[-4.53511,50.82956],[-4.53282,50.82982],[-4.53355,50.83056],[-4.53413,50.831],[-4.53415,50.83107],[-4.53429,50.83109]]]}},
{"type":"Feature","properties":{"types":"Other Sports Facility","area_m2":10099.2},"geometry":{"type":"Polygon","coordinates":[[[-4.54607,50.82984],[-4.5459,50.82974],[-4.54568,50.82989],[-4.54546,50.83027],[-4.54536,50.8307],[-4.54694,50.83081],[-4.54751,50.83067],[-4.54686,50.83025],[-4.54638,50.82999],[-4.54605,50.82986],[-4.54607,50.82984]]]}},
{"type":"Feature","properties":{"types":"Other Sports Facility; Play Space; Playing Field; Public Park Or Garden","area_m2":137434.1},"geometry":{"type":"Polygon","coordinates":[[[-4.5496,50.8321],[-4.54924,50.83247],[-4.54791,50.83202],[-4.54677,50.83227],[-4.54931,50.83433],[-4.54997,50.83473],[-4.55113,50.83529],[-4.55135,50.83524],[-4.55151,50.83513],[-4.55174,50.8348],[-4.55198,50.83462],[-4.55204,50.83462],[-4.55178,50.83481],[-4.55152,50.83531],[-4.55207,50.83527],[-4.55203,50.83525],[-4.55218,50.83525],[-4.55224,50.83521],[-4.55234,50.83533],[-4.55251,50.83533],[-4.55286,50.83518],[-4.55292,50.83523],[-4.55308,50.83517],[-4.55314,50.83523],[-4.55334,50.83516],[-4.55339,50.83521],[-4.5537,50.83481],[-4.55379,50.83486],[-4.55388,50.83486],[-4.55389,50.83432],[-4.55374,50.83404],[-4.5538,50.83372],[-4.5537,50.83312],[-4.55377,50.83312],[-4.55377,50.83308],[-4.55368,50.83308],[-4.55342,50.8327],[-4.55316,50.83256],[-4.5532,50.83216],[-4.55193,50.83213],[-4.55133,50.83202],[-4.55129,50.83198],[-4.55132,50.83193],[-4.55095,50.83186],[-4.55099,50.83182],[-4.5509,50.83168],[-4.55051,50.83157],[-4.55006,50.83134],[-4.54981,50.831],[-4.5497,50.83103],[-4.54947,50.8309],[-4.54935,50.83089],[-4.54934,50.83082],[-4.54869,50.83061],[-4.548,50.83083],[-4.54739,50.83113],[-4.54679,50.83128],[-4.54651,50.83142],[-4.54761,50.83117],[-4.54791,50.83114],[-4.54842,50.83118],[-4.54851,50.83111],[-4.5486,50.83113],[-4.5486,50.83124],[-4.54964,50.83164],[-4.54961,50.83168],[-4.54997,50.83167],[-4.5501,50.83171],[-4.54961,50.83201],[-4.54971,50.83212],[-4.54968,50.83215],[-4.5496,50.8321]]]}},
{"type":"Feature","properties":{"types":"Allotments Or Community Growing Spaces","area_m2":6172.3},"geometry":{"type":"Polygon","coordinates":[[[-4.50531,50.84399],[-4.50589,50.8445],[-4.50673,50.84409],[-4.50682,50.84386],[-4.50681,50.84359],[-4.50586,50.84374],[-4.50531,50.84399]]]}},
{"type":"Feature","properties":{"types":"Other Sports Facility; Play Space","area_m2":12890.0},"geometry":{"type":"Polygon","coordinates":[[[-4.51313,50.84453],[-4.51315,50.84481],[-4.51326,50.8449],[-4.51352,50.84483],[-4.51362,50.84483],[-4.51371,50.8449],[-4.51498,50.84471],[-4.51552,50.84424],[-4.51576,50.84395],[-4.51576,50.84388],[-4.51506,50.84393],[-4.5139,50.84413],[-4.51364,50.84414],[-4.51338,50.84427],[-4.51322,50.84439],[-4.51313,50.84453]]]}},
{"type":"Feature","properties":{"types":"Play Space; Playing Field","area_m2":14500.0},"geometry":{"type":"Polygon","coordinates":[[[-4.48547,50.87278],[-4.48596,50.87286],[-4.48652,50.87237],[-4.48653,50.87173],[-4.48632,50.87126],[-4.48626,50.87125],[-4.4861,50.87127],[-4.48613,50.87142],[-4.48468,50.87164],[-4.48547,50.8728],[-4.48547,50.87278]]]}},
{"type":"Feature","properties":{"types":"Play Space; Playing Field","area_m2":15882.2},"geometry":{"type":"Polygon","coordinates":[[[-4.52424,50.9049],[-4.52484,50.9046],[-4.52416,50.90367],[-4.5234,50.90383],[-4.5224,50.90389],[-4.52338,50.9052],[-4.52348,50.90514],[-4.52357,50.90514],[-4.52424,50.9049]],[[-4.52262,50.90406],[-4.52312,50.90392],[-4.52325,50.90409],[-4.52273,50.90424],[-4.52262,50.90406]]]}},
{"type":"Feature","properties":{"types":"Play Space; Playing Field","area_m2":8964.5},"geometry":{"type":"Polygon","coordinates":[[[-4.48299,50.9936],[-4.48322,50.9936],[-4.48322,50.9937],[-4.48363,50.99426],[-4.48355,50.99427],[-4.48356,50.9943],[-4.48496,50.99402],[-4.48443,50.99322],[-4.48298,50.99346],[-4.48299,50.9936]],[[-4.48442,50.99324],[-4.48458,50.99348],[-4.48409,50.99356],[-4.48398,50.99332],[-4.48442,50.99324]]]}},
{"type":"Feature","properties":{"types":"Playing Field","area_m2":9928.5},"geometry":{"type":"Polygon","coordinates":[[[-4.40789,50.99472],[-4.40718,50.99482],[-4.40616,50.99489],[-4.40635,50.99539],[-4.40653,50.99567],[-4.40814,50.9954],[-4.40813,50.99529],[-4.40789,50.9948],[-4.40796,50.99474],[-4.40789,50.99472]]]}},
{"type":"Feature","properties":{"types":"Public Park Or Garden","area_m2":32845.3},"geometry":{"type":"Polygon","coordinates":[[[-4.21634,50.32346],[-4.21644,50.32393],[-4.21687,50.3252],[-4.21712,50.3261],[-4.21718,50.32684],[-4.21725,50.32685],[-4.21731,50.32679],[-4.21754,50.32615],[-4.21752,50.32518],[-4.21783,50.32352],[-4.21793,50.3233],[-4.21833,50.32282],[-4.21853,50.32243],[-4.21772,50.32263],[-4.21739,50.32267],[-4.21707,50.32263],[-4.21609,50.32293],[-4.21606,50.32306],[-4.21618,50.32316],[-4.21634,50.32346]]]}},
{"type":"Feature","properties":{"types":"Other Sports Facility; Play Space","area_m2":141992.1},"geometry":{"type":"Polygon","coordinates":[[[-4.2243,50.37084],[-4.22256,50.37062],[-4.22164,50.36961],[-4.22078,50.36939],[-4.21899,50.36972],[-4.21902,50.36978],[-4.21624,50.37004],[-4.21435,50.37072],[-4.21131,50.37127],[-4.21155,50.37166],[-4.21201,50.37211],[-4.21362,50.37209],[-4.2137,50.3726],[-4.21362,50.37278],[-4.21398,50.37298],[-4.21447,50.37298],[-4.21448,50.37284],[-4.21441,50.3728],[-4.21441,50.37265],[-4.21446,50.37259],[-4.21513,50.37259],[-4.21535,50.37273],[-4.21554,50.3727],[-4.21568,50.37262],[-4.21514,50.37153],[-4.21526,50.37172],[-4.21536,50.37171],[-4.21635,50.37145],[-4.21633,50.37141],[-4.21677,50.3713],[-4.21682,50.37139],[-4.2169,50.37137],[-4.2176,50.37172],[-4.21763,50.37177],[-4.21772,50.3717],[-4.21765,50.37165],[-4.21773,50.37168],[-4.21809,50.3715],[-4.21845,50.37145],[-4.21945,50.37161],[-4.21989,50.37158],[-4.22176,50.37128],[-4.22383,50.37089],[-4.22427,50.37089],[-4.2243,50.37084]],[[-4.22014,50.37092],[-4.22028,50.37122],[-4.21987,50.3713],[-4.21973,50.37099],[-4.22014,50.37092]],[[-4.21981,50.37137],[-4.2203,50.37128],[-4.22037,50.37144],[-4.21989,50.37153],[-4.21981,50.37137]]]}},
{"type":"Feature","properties":{"types":"Other Sports Facility","area_m2":77927.5},"geometry":{"type":"Polygon","coordinates":[[[-4.22433,50.37736],[-4.22433,50.37662],[-4.22307,50.37647],[-4.22292,50.37634],[-4.22292,50.37607],[-4.2226,50.37596],[-4.22243,50.37582],[-4.2216,50.37548],[-4.22068,50.37537],[-4.22038,50.37514],[-4.2202,50.37511],[-4.22037,50.37478],[-4.22044,50.37443],[-4.21977,50.37437],[-4.21898,50.37417],[-4.21772,50.37401],[-4.21767,50.37413],[-4.21746,50.3741],[-4.21713,50.37493],[-4.21774,50.37509],[-4.21817,50.37513],[-4.21968,50.37604],[-4.22175,50.37708],[-4.22212,50.37712],[-4.22214,50.37724],[-4.22329,50.37762],[-4.22399,50.37778],[-4.22488,50.37818],[-4.22489,50.37735],[-4.22433,50.37736]]]}},
{"type":"Feature","properties":{"types":"Other Sports Facility","area_m2":24050.2},"geometry":{"type":"Polygon","coordinates":[[[-4.22349,50.38017],[-4.22366,50.37992],[-4.2245,50.37896],[-4.22173,50.37883],[-4.22116,50.37971],[-4.22174,50.37981],[-4.22197,50.37995],[-4.22233,50.38007],[-4.22325,50.38024],[-4.22349,50.38017]]]}},
{"type":"Feature","properties":{"types":"Public Park Or Garden","area_m2":290087.9},"geometry":{"type":"Polygon","coordinates":[[[-4.22314,50.39029],[-4.22388,50.39003],[-4.22435,50.38996],[-4.22485,50.38968],[-4.22448,50.38908],[-4.22518,50.38887],[-4.22524,50.38892],[-4.2268,50.38884],[-4.22696,50.38873],[-4.22735,50.38748],[-4.2263,50.38661],[-4.22589,50.38631],[-4.22581,50.3863],[-4.22577,50.38622],[-4.22483,50.38547],[-4.22316,50.38491],[-4.22137,50.38466],[-4.21973,50.38715],[-4.21989,50.38799],[-4.21959,50.38839],[-4.21916,50.38879],[-4.21897,50.3896],[-4.21963,50.39007],[-4.21964,50.39026],[-4.21922,50.39076],[-4.2184,50.39108],[-4.21784,50.39088],[-4.21737,50.39066],[-4.21699,50.39061],[-4.21683,50.39065],[-4.21676,50.39076],[-4.217,50.39095],[-4.21686,50.39133],[-4.21688,50.39152],[-4.21711,50.39161],[-4.21732,50.39165],[-4.21836,50.39162],[-4.21874,50.39168],[-4.2185,50.39185],[-4.21937,50.3915],[-4.21939,50.39152],[-4.2196,50.39129],[-4.21992,50.39107],[-4.22041,50.39128],[-4.22102,50.39133],[-4.22155,50.39131],[-4.22218,50.39109],[-4.22252,50.3909],[-4.22314,50.39029]]]}},
{"type":"Feature","properties":{"types":"Playing Field","area_m2":13204.3},"geometry":{"type":"Polygon","coordinates":[[[-4.30501,50.3934],[-4.30497,50.39329],[-4.3037,50.39324],[-4.30367,50.39346],[-4.30374,50.39346],[-4.30375,50.39352],[-4.30512,50.39388],[-4.30509,50.39401],[-4.30754,50.39424],[-4.30753,50.39409],[-4.3074,50.39403],[-4.3075,50.39404],[-4.30751,50.39398],[-4.3061,50.39359],[-4.30508,50.39343],[-4.30508,50.3934],[-4.30501,50.3934]]]}},
{"type":"Feature","properties":{"types":"Allotments Or Community Growing Spaces","area_m2":6475.5},"geometry":{"type":"Polygon","coordinates":[[[-4.2243,50.39773],[-4.22385,50.39791],[-4.22385,50.39814],[-4.2245,50.39823],[-4.22489,50.39835],[-4.22585,50.39757],[-4.2243,50.39773]]]}},
{"type":"Feature","properties":{"types":"Allotments Or Community Growing Spaces","area_m2":5639.7},"geometry":{"type":"Polygon","coordinates":[[[-4.23059,50.4023],[-4.23091,50.40219],[-4.23085,50.40216],[-4.23065,50.40182],[-4.2307,50.40176],[-4.2306,50.40166],[-4.22964,50.40179],[-4.22977,50.40208],[-4.22958,50.40213],[-4.22978,50.4025],[-4.23059,50.4023]]]}},
{"type":"Feature","properties":{"types":"Playing Field","area_m2":16265.4},"geometry":{"type":"Polygon","coordinates":[[[-4.32587,50.40081],[-4.32551,50.40087],[-4.32493,50.40161],[-4.32542,50.40185],[-4.3265,50.4022],[-4.32684,50.40165],[-4.32706,50.40139],[-4.32716,50.401],[-4.32737,50.40098],[-4.32714,50.40081],[-4.32647,50.4006],[-4.32669,50.40072],[-4.32665,50.40094],[-4.32633,50.40094],[-4.32587,50.40081]]]}},
{"type":"Feature","properties":{"types":"Playing Field","area_m2":10820.7},"geometry":{"type":"Polygon","coordinates":[[[-4.21991,50.40347],[-4.21985,50.40374],[-4.22004,50.40422],[-4.22038,50.40467],[-4.22114,50.40426],[-4.22136,50.40409],[-4.22141,50.40344],[-4.21991,50.40347]]]}},
{"type":"Feature","properties":{"types":"Public Park Or Garden","area_m2":12186.6},"geometry":{"type":"Polygon","coordinates":[[[-4.24,50.40763],[-4.24004,50.40759],[-4.23985,50.40734],[-4.23974,50.40705],[-4.2396,50.40697],[-4.23961,50.40693],[-4.23935,50.40692],[-4.23902,50.40714],[-4.23887,50.40713],[-4.23886,50.4073],[-4.23866,50.40741],[-4.2385,50.40744],[-4.23852,50.40748],[-4.23899,50.40727],[-4.23938,50.40761],[-4.23931,50.40782],[-4.23959,50.40785],[-4.24001,50.40798],[-4.24027,50.40811],[-4.24049,50.40826],[-4.24089,50.4087],[-4.24093,50.4087],[-4.24091,50.40867],[-4.24104,50.40865],[-4.24097,50.40849],[-4.24205,50.40835],[-4.24251,50.40852],[-4.24253,50.40859],[-4.24257,50.40854],[-4.24251,50.40845],[-4.24201,50.40825],[-4.24147,50.40814],[-4.24086,50.40794],[-4.24034,50.40765],[-4.24024,50.40775],[-4.24,50.40763]]]}},
{"type":"Feature","properties":{"types":"Allotments Or Community Growing Spaces; Public Park Or Garden","area_m2":52731.9},"geometry":{"type":"Polygon","coordinates":[[[-4.23313,50.40984],[-4.23309,50.40966],[-4.23317,50.40964],[-4.23344,50.40938],[-4.23364,50.40928],[-4.23357,50.40905],[-4.23376,50.40898],[-4.23373,50.40834],[-4.23396,50.40827],[-4.23445,50.40821],[-4.23452,50.40815],[-4.23453,50.40809],[-4.23421,50.40761],[-4.23407,50.40759],[-4.23386,50.40729],[-4.23327,50.40746],[-4.23245,50.40764],[-4.23228,50.40728],[-4.23174,50.4073],[-4.23117,50.40727],[-4.2311,50.40747],[-4.23124,50.40757],[-4.23077,50.40781],[-4.2305,50.40765],[-4.23016,50.40795],[-4.23033,50.40807],[-4.23023,50.40812],[-4.23008,50.40802],[-4.2292,50.40851],[-4.22931,50.40861],[-4.22909,50.40862],[-4.22889,50.40868],[-4.22885,50.40865],[-4.22857,50.40877],[-4.22772,50.40883],[-4.22856,50.40879],[-4.22881,50.40869],[-4.22881,50.40871],[-4.22887,50.40869],[-4.22887,50.40876],[-4.22915,50.40877],[-4.22918,50.40866],[-4.22957,50.40866],[-4.22959,50.40872],[-4.22997,50.40868],[-4.22996,50.40862],[-4.23016,50.40855],[-4.23088,50.40849],[-4.23085,50.40842],[-4.23076,50.40842],[-4.23075,50.40837],[-4.23085,50.40834],[-4.23123,50.40829],[-4.23129,50.40839],[-4.23162,50.40835],[-4.23163,50.40839],[-4.2317,50.40838],[-4.23169,50.40856],[-4.23136,50.40861],[-4.23169,50.40858],[-4.23185,50.40929],[-4.23192,50.4093],[-4.232,50.40989],[-4.23274,50.40983],[-4.23313,50.40984]]]}},
{"type":"Feature","properties":{"types":"Other Sports Facility; Playing Field","area_m2":29760.9},"geometry":{"type":"Polygon","coordinates":[[[-4.22261,50.40883],[-4.22254,50.4089],[-4.22256,50.40907],[-4.22249,50.40969],[-4.22264,50.40965],[-4.22266,50.40976],[-4.22265,50.4098],[-4.22247,50.4098],[-4.22244,50.41057],[-4.22368,50.41074],[-4.22388,50.41074],[-4.22394,50.41062],[-4.2242,50.41054],[-4.22423,50.40989],[-4.22446,50.40982],[-4.22466,50.40981],[-4.22473,50.40975],[-4.22432,50.4087],[-4.22418,50.40862],[-4.22372,50.40857],[-4.22351,50.40862],[-4.22296,50.40864],[-4.223,50.40878],[-4.22261,50.40883]]]}},
{"type":"Feature","properties":{"types":"Play Space; Playing Field","area_m2":15576.7},"geometry":{"type":"Polygon","coordinates":[[[-4.21724,50.40954],[-4.21697,50.40951],[-4.21685,50.40969],[-4.21691,50.40977],[-4.21738,50.40987],[-4.21735,50.40998],[-4.21754,50.41],[-4.21747,50.41018],[-4.21729,50.41015],[-4.21725,50.41026],[-4.21667,50.41017],[-4.21655,50.4107],[-4.21825,50.41094],[-4.21874,50.41093],[-4.21873,50.41044],[-4.21891,50.41001],[-4.21724,50.40954]],[[-4.21657,50.41067],[-4.21662,50.41052],[-4.21761,50.41067],[-4.21756,50.41083],[-4.21657,50.41067]]]}},
{"type":"Feature","properties":{"types":"Public Park Or Garden","area_m2":45983.5},"geometry":{"type":"Polygon","coordinates":[[[-4.24366,50.40911],[-4.24365,50.40879],[-4.24356,50.40871],[-4.24333,50.40864],[-4.24333,50.40849],[-4.24324,50.40842],[-4.2428,50.40828],[-4.2427,50.40813],[-4.24213,50.40814],[-4.24213,50.40809],[-4.24174,50.40813],[-4.24202,50.40821],[-4.24198,50.40822],[-4.2426,50.40848],[-4.24261,50.40857],[-4.24282,50.40864],[-4.24309,50.40892],[-4.24312,50.40905],[-4.24295,50.40982],[-4.24273,50.40996],[-4.24255,50.40997],[-4.24244,50.40986],[-4.24241,50.40987],[-4.24253,50.41011],[-4.24294,50.4103],[-4.24255,50.41065],[-4.24268,50.41064],[-4.24269,50.41067],[-4.2427,50.41064],[-4.24311,50.41059],[-4.24323,50.4107],[-4.24312,50.41088],[-4.24283,50.41095],[-4.24289,50.41115],[-4.24313,50.41114],[-4.24336,50.41121],[-4.24383,50.4115],[-4.24406,50.41178],[-4.2437,50.41188],[-4.24407,50.41184],[-4.24444,50.41213],[-4.24438,50.4123],[-4.24416,50.41249],[-4.2444,50.41231],[-4.24463,50.41229],[-4.24479,50.41246],[-4.24479,50.41271],[-4.24435,50.41336],[-4.24407,50.41341],[-4.244,50.41339],[-4.24394,50.41338],[-4.24401,50.41325],[-4.24386,50.41337],[-4.24365,50.41343],[-4.24349,50.41342],[-4.2437,50.41344],[-4.2438,50.41368],[-4.24426,50.4136],[-4.24534,50.41331],[-4.24587,50.41307],[-4.24606,50.41302],[-4.24619,50.41261],[-4.24622,50.41236],[-4.24609,50.41215],[-4.2458,50.41198],[-4.24571,50.41183],[-4.2455,50.41165],[-4.24515,50.41145],[-4.24501,50.41128],[-4.24477,50.41127],[-4.24468,50.41111],[-4.24442,50.41089],[-4.24422,50.41085],[-4.24408,50.41065],[-4.24364,50.41044],[-4.24346,50.41018],[-4.24328,50.41021],[-4.2433,50.41014],[-4.24354,50.41005],[-4.24348,50.40998],[-4.24346,50.40956],[-4.24337,50.40947],[-4.24342,50.40932],[-4.24366,50.40911]]]}},
{"type":"Feature","properties":{"types":"Playing Field","area_m2":28517.4},"geometry":{"type":"Polygon","coordinates":[[[-4.23791,50.41305],[-4.23856,50.41306],[-4.23865,50.41311],[-4.23874,50.41324],[-4.23876,50.41338],[-4.23983,50.41341],[-4.23914,50.41168],[-4.23734,50.41173],[-4.23706,50.41175],[-4.23695,50.41183],[-4.23745,50.41338],[-4.23791,50.41338],[-4.23791,50.41305]]]}},
{"type":"Feature","properties":{"types":"Play Space; Public Park Or Garden","area_m2":68570.6},"geometry":{"type":"Polygon","coordinates":[[[-4.22555,50.41461],[-4.22547,50.41441],[-4.22486,50.41446],[-4.22487,50.41452],[-4.22483,50.41453],[-4.22475,50.41425],[-4.22467,50.41423],[-4.2247,50.41419],[-4.22456,50.41412],[-4.22447,50.41416],[-4.22426,50.41416],[-4.22404,50.41432],[-4.2238,50.41435],[-4.22364,50.41427],[-4.22351,50.41438],[-4.2237,50.41433],[-4.22356,50.41446],[-4.22366,50.41454],[-4.22354,50.41463],[-4.22359,50.41467],[-4.22347,50.41473],[-4.22342,50.41469],[-4.22266,50.41496],[-4.22224,50.41501],[-4.22187,50.41498],[-4.22199,50.41516],[-4.22236,50.4154],[-4.22235,50.41552],[-4.22255,50.41558],[-4.2224,50.41556],[-4.22238,50.41562],[-4.22287,50.41593],[-4.22337,50.41635],[-4.22339,50.41661],[-4.22331,50.41673],[-4.22405,50.41678],[-4.22411,50.41676],[-4.22416,50.4166],[-4.22385,50.41655],[-4.22373,50.41646],[-4.22353,50.41612],[-4.22357,50.41593],[-4.22368,50.41579],[-4.22396,50.41565],[-4.22416,50.4156],[-4.22418,50.41567],[-4.2243,50.41571],[-4.22462,50.41555],[-4.2246,50.41548],[-4.22581,50.41515],[-4.22604,50.41517],[-4.22627,50.41536],[-4.22637,50.41532],[-4.22649,50.41533],[-4.22647,50.41525],[-4.22653,50.41516],[-4.22679,50.41504],[-4.22784,50.41498],[-4.22836,50.41502],[-4.22891,50.41497],[-4.22946,50.415],[-4.22975,50.4154],[-4.22978,50.41535],[-4.22983,50.41535],[-4.22983,50.41512],[-4.23019,50.41506],[-4.23023,50.41513],[-4.23058,50.41508],[-4.2307,50.41531],[-4.23083,50.41518],[-4.23115,50.41515],[-4.23121,50.41535],[-4.23138,50.41536],[-4.23138,50.41521],[-4.2317,50.41521],[-4.23247,50.41568],[-4.23235,50.41575],[-4.23246,50.41585],[-4.2326,50.41578],[-4.2328,50.41592],[-4.23258,50.41604],[-4.23196,50.41611],[-4.23205,50.41615],[-4.23356,50.41633],[-4.23358,50.4163],[-4.23341,50.41626],[-4.23341,50.41617],[-4.23274,50.41568],[-4.23284,50.41556],[-4.23265,50.41535],[-4.23258,50.41537],[-4.23243,50.41526],[-4.23249,50.41522],[-4.23236,50.41509],[-4.23218,50.41518],[-4.23179,50.41488],[-4.23189,50.41474],[-4.23206,50.4148],[-4.23211,50.41478],[-4.23201,50.41465],[-4.23185,50.41462],[-4.23183,50.41466],[-4.23165,50.41462],[-4.2315,50.4148],[-4.2311,50.41464],[-4.23113,50.41461],[-4.23074,50.41448],[-4.23067,50.41443],[-4.23068,50.41433],[-4.23058,50.41433],[-4.23059,50.41439],[-4.23017,50.41443],[-4.23015,50.41438],[-4.22985,50.41435],[-4.22979,50.41429],[-4.22968,50.41432],[-4.22966,50.41427],[-4.22957,50.41426],[-4.22924,50.4143],[-4.22934,50.41431],[-4.22933,50.41442],[-4.22877,50.4144],[-4.22877,50.41435],[-4.22869,50.41439],[-4.22729,50.41434],[-4.22713,50.41429],[-4.22739,50.41468],[-4.22605,50.4147],[-4.22577,50.41476],[-4.22578,50.41472],[-4.22555,50.41461]]]}},
{"type":"Feature","properties":{"types":"Other Sports Facility","area_m2":18311.0},"geometry":{"type":"Polygon","coordinates":[[[-4.2345,50.41469],[-4.23352,50.41493],[-4.23398,50.4156],[-4.23409,50.41557],[-4.23417,50.41567],[-4.23407,50.4157],[-4.2342,50.41585],[-4.23501,50.41565],[-4.23637,50.41546],[-4.23607,50.41503],[-4.23582,50.41458],[-4.23572,50.41455],[-4.23542,50.4146],[-4.23526,50.41458],[-4.2345,50.41469]]]}},
{"type":"Feature","properties":{"types":"Play Space; Public Park Or Garden","area_m2":17916.4},"geometry":{"type":"Polygon","coordinates":[[[-4.2273,50.41697],[-4.22707,50.41702],[-4.22624,50.41691],[-4.22624,50.41694],[-4.22559,50.41688],[-4.22501,50.41676],[-4.22499,50.4168],[-4.22497,50.41675],[-4.22429,50.41659],[-4.22422,50.4169],[-4.22522,50.4171],[-4.22513,50.41726],[-4.22524,50.41728],[-4.22531,50.41714],[-4.22575,50.41721],[-4.22576,50.41736],[-4.22562,50.41749],[-4.22645,50.41728],[-4.22671,50.41726],[-4.22706,50.4173],[-4.22742,50.41713],[-4.22763,50.41716],[-4.22785,50.41735],[-4.22794,50.41753],[-4.22793,50.41761],[-4.22812,50.41775],[-4.2284,50.4178],[-4.22837,50.41791],[-4.22856,50.4178],[-4.22848,50.41775],[-4.22824,50.41772],[-4.22808,50.41762],[-4.22791,50.41715],[-4.22827,50.41689],[-4.22853,50.41692],[-4.22891,50.41711],[-4.22923,50.41708],[-4.2292,50.41655],[-4.22927,50.4163],[-4.22911,50.41617],[-4.22818,50.41628],[-4.22812,50.41658],[-4.22814,50.41671],[-4.22819,50.41672],[-4.22799,50.41673],[-4.22814,50.41676],[-4.22816,50.41684],[-4.22783,50.41706],[-4.22749,50.41695],[-4.22742,50.41689],[-4.22709,50.41632],[-4.22703,50.4161],[-4.22685,50.41611],[-4.22716,50.41676],[-4.22724,50.41675],[-4.22718,50.41678],[-4.2273,50.41697]],[[-4.22442,50.41674],[-4.22439,50.41671],[-4.22443,50.41673],[-4.22442,50.41674]]]}},
{"type":"Feature","properties":{"types":"Playing Field","area_m2":9601.0},"geometry":{"type":"Polygon","coordinates":[[[-4.29784,50.42786],[-4.29846,50.4274],[-4.29758,50.42692],[-4.29752,50.42697],[-4.29748,50.42695],[-4.29714,50.42722],[-4.29668,50.42774],[-4.29715,50.42828],[-4.29784,50.42786]]]}},
{"type":"Feature","properties":{"types":"Playing Field","area_m2":15908.6},"geometry":{"type":"Polygon","coordinates":[[[-4.25666,50.43454],[-4.25652,50.43523],[-4.25708,50.43522],[-4.25754,50.43513],[-4.25807,50.43488],[-4.25824,50.43476],[-4.25843,50.43423],[-4.25856,50.43407],[-4.257,50.43371],[-4.25666,50.43454]]]}},
{"type":"Feature","properties":{"types":"Allotments Or Community Growing Spaces","area_m2":14471.8},"geometry":{"type":"Polygon","coordinates":[[[-4.2516,50.48625],[-4.25185,50.48676],[-4.25217,50.48704],[-4.25385,50.48607],[-4.25332,50.48536],[-4.2516,50.48625]]]}},
{"type":"Feature","properties":{"types":"Play Space; Playing Field","area_m2":21485.7},"geometry":{"type":"Polygon","coordinates":[[[-4.24982,50.48747],[-4.24901,50.48775],[-4.24991,50.48855],[-4.25099,50.48795],[-4.25226,50.4872],[-4.25198,50.48706],[-4.25155,50.48665],[-4.25146,50.48668],[-4.25153,50.48678],[-4.25109,50.48693],[-4.25101,50.48683],[-4.24989,50.48719],[-4.24973,50.48731],[-4.24973,50.48738],[-4.24982,50.48747]]]}},
{"type":"Feature","properties":{"types":"Playing Field","area_m2":14231.5},"geometry":{"type":"Polygon","coordinates":[[[-4.31259,50.49617],[-4.31419,50.49649],[-4.31455,50.49553],[-4.31289,50.49511],[-4.31262,50.49585],[-4.31259,50.49617]]]}},
{"type":"Feature","properties":{"types":"Playing Field","area_m2":17663.5},"geometry":{"type":"Polygon","coordinates":[[[-4.31464,50.50133],[-4.31615,50.50158],[-4.31687,50.50041],[-4.3153,50.50009],[-4.31517,50.50012],[-4.31494,50.50033],[-4.31476,50.5007],[-4.31472,50.50109],[-4.31464,50.50133]]]}},
{"type":"Feature","properties":{"types":"Play Space; Playing Field","area_m2":13697.9},"geometry":{"type":"Polygon","coordinates":[[[-4.31246,50.50054],[-4.31206,50.50051],[-4.3111,50.50055],[-4.311,50.50062],[-4.31098,50.5007],[-4.31098,50.50077],[-4.31113,50.50093],[-4.31181,50.5015],[-4.31218,50.50175],[-4.31286,50.5015],[-4.31313,50.50145],[-4.31302,50.50095],[-4.31292,50.50078],[-4.31286,50.50079],[-4.31271,50.50065],[-4.31246,50.50054]]]}},
{"type":"Feature","properties":{"types":"Playing Field","area_m2":20077.5},"geometry":{"type":"Polygon","coordinates":[[[-4.22231,50.50487],[-4.22185,50.50485],[-4.22179,50.50643],[-4.22329,50.50645],[-4.22375,50.50583],[-4.22333,50.50507],[-4.22231,50.50487]]]}},
{"type":"Feature","properties":{"types":"Allotments Or Community Growing Spaces","area_m2":14070.8},"geometry":{"type":"Polygon","coordinates":[[[-4.32077,50.50405],[-4.32036,50.50458],[-4.31968,50.50507],[-4.32033,50.50565],[-4.32131,50.5051],[-4.32201,50.50451],[-4.32143,50.50425],[-4.32077,50.50405]]]}},
{"type":"Feature","properties":{"types":"Playing Field","area_m2":25172.9},"geometry":{"type":"Polygon","coordinates":[[[-4.30996,50.50938],[-4.31032,50.50936],[-4.31111,50.50921],[-4.31174,50.50914],[-4.31216,50.50915],[-4.31257,50.50907],[-4.31259,50.50889],[-4.31278,50.5089],[-4.31303,50.50837],[-4.31294,50.50833],[-4.31294,50.50829],[-4.31124,50.50802],[-4.31111,50.50806],[-4.31092,50.50806],[-4.31092,50.50809],[-4.31079,50.5081],[-4.31076,50.50814],[-4.31077,50.50807],[-4.31087,50.50807],[-4.31086,50.508],[-4.31055,50.50798],[-4.31007,50.50844],[-4.30971,50.50918],[-4.30965,50.50947],[-4.30996,50.50938]]]}},
{"type":"Feature","properties":{"types":"Allotments Or Community Growing Spaces; Play Space; Playing Field","area_m2":28464.2},"geometry":{"type":"Polygon","coordinates":[[[-4.31681,50.51035],[-4.31557,50.50959],[-4.3149,50.50981],[-4.31429,50.50941],[-4.31486,50.50914],[-4.31372,50.50842],[-4.31364,50.50844],[-4.3139,50.51035],[-4.31388,50.51036],[-4.31404,50.51112],[-4.31409,50.51113],[-4.31681,50.51035]]]}},
{"type":"Feature","properties":{"types":"Public Park Or Garden","area_m2":5413.9},"geometry":{"type":"Polygon","coordinates":[[[-4.22582,50.51379],[-4.22602,50.514],[-4.22686,50.51383],[-4.22766,50.5138],[-4.22688,50.51339],[-4.22577,50.51346],[-4.22582,50.51379]]]}},
{"type":"Feature","properties":{"types":"Play Space; Playing Field","area_m2":15345.4},"geometry":{"type":"Polygon","coordinates":[[[-4.2365,50.5147],[-4.23696,50.51472],[-4.23703,50.51461],[-4.23701,50.51457],[-4.23671,50.51441],[-4.2359,50.5144],[-4.23604,50.51447],[-4.2361,50.51555],[-4.23604,50.51581],[-4.23675,50.51598],[-4.23757,50.5161],[-4.2377,50.516],[-4.23787,50.51533],[-4.23785,50.51516],[-4.23652,50.51509],[-4.2365,50.5147]]]}},
{"type":"Feature","properties":{"types":"Allotments Or Community Growing Spaces","area_m2":5686.2},"geometry":{"type":"Polygon","coordinates":[[[-4.23327,50.51811],[-4.2328,50.51733],[-4.23188,50.51756],[-4.2325,50.51825],[-4.23327,50.51811]]]}},
{"type":"Feature","properties":{"types":"Allotments Or Community Growing Spaces; Play Space; Playing Field","area_m2":21899.2},"geometry":{"type":"Polygon","coordinates":[[[-4.35913,50.51704],[-4.36001,50.51678],[-4.3599,50.51667],[-4.35977,50.51623],[-4.35926,50.51596],[-4.35848,50.5153],[-4.35715,50.51557],[-4.35827,50.51701],[-4.35897,50.51681],[-4.35913,50.51704]]]}},
{"type":"Feature","properties":{"types":"Public Park Or Garden","area_m2":1589448.5},"geometry":{"type":"Polygon","coordinates":[[[-4.2911,50.51323],[-4.28796,50.51383],[-4.28697,50.51285],[-4.28688,50.51293],[-4.28624,50.51236],[-4.28603,50.51247],[-4.28579,50.51273],[-4.28437,50.51465],[-4.28209,50.51739],[-4.28163,50.51845],[-4.28145,50.51918],[-4.28155,50.51937],[-4.28137,50.51964],[-4.28128,50.52091],[-4.28147,50.52214],[-4.28246,50.52235],[-4.28321,50.52243],[-4.28461,50.52271],[-4.28455,50.52162],[-4.28672,50.52245],[-4.28894,50.52325],[-4.28916,50.52293],[-4.28921,50.52296],[-4.28925,50.52323],[-4.28922,50.52336],[-4.28931,50.52351],[-4.28925,50.52362],[-4.28897,50.52379],[-4.28893,50.52401],[-4.28867,50.52386],[-4.28843,50.52378],[-4.2884,50.5238],[-4.28884,50.52403],[-4.28879,50.52425],[-4.28789,50.52447],[-4.28779,50.52458],[-4.28769,50.52464],[-4.28762,50.52461],[-4.28751,50.5247],[-4.28737,50.52463],[-4.28732,50.52468],[-4.28738,50.5247],[-4.28696,50.52505],[-4.28697,50.52509],[-4.28667,50.52548],[-4.28776,50.52572],[-4.28877,50.52606],[-4.28896,50.52619],[-4.29083,50.52615],[-4.29084,50.52653],[-4.29197,50.52653],[-4.29394,50.52663],[-4.29399,50.52816],[-4.29407,50.52824],[-4.2953,50.52826],[-4.29561,50.52814],[-4.29502,50.52621],[-4.2966,50.52591],[-4.29725,50.52586],[-4.29761,50.52574],[-4.29798,50.52578],[-4.29997,50.52567],[-4.2995,50.52527],[-4.30209,50.52331],[-4.30063,50.52251],[-4.30072,50.52123],[-4.30089,50.52078],[-4.3008,50.52076],[-4.30081,50.51901],[-4.30561,50.5189],[-4.30564,50.51875],[-4.29912,50.51888],[-4.29832,50.51796],[-4.29695,50.51667],[-4.29808,50.51559],[-4.29682,50.51507],[-4.2987,50.51365],[-4.29543,50.51294],[-4.29332,50.51299],[-4.2911,50.51323]]]}},
{"type":"Feature","properties":{"types":"Allotments Or Community Growing Spaces","area_m2":6033.1},"geometry":{"type":"Polygon","coordinates":[[[-4.27271,50.54215],[-4.27331,50.54173],[-4.27245,50.54111],[-4.27212,50.54123],[-4.27182,50.54146],[-4.27271,50.54215]]]}},
{"type":"Feature","properties":{"types":"Playing Field","area_m2":11052.7},"geometry":{"type":"Polygon","coordinates":[[[-4.27614,50.5432],[-4.27543,50.54312],[-4.27551,50.54277],[-4.27427,50.54258],[-4.2739,50.54338],[-4.27499,50.54367],[-4.27545,50.54357],[-4.2757,50.54333],[-4.27611,50.54332],[-4.27614,50.5432]]]}},
{"type":"Feature","properties":{"types":"Play Space; Playing Field","area_m2":5910.2},"geometry":{"type":"Polygon","coordinates":[[[-4.31615,50.54708],[-4.31599,50.54707],[-4.3159,50.54742],[-4.3159,50.54777],[-4.31596,50.548],[-4.31679,50.54797],[-4.31684,50.54733],[-4.31681,50.54716],[-4.31676,50.5472],[-4.31614,50.54714],[-4.31615,50.54708]]]}},
{"type":"Feature","properties":{"types":"Playing Field","area_m2":20317.7},"geometry":{"type":"Polygon","coordinates":[[[-4.31709,50.55048],[-4.31875,50.55059],[-4.31794,50.54933],[-4.3174,50.5494],[-4.31619,50.54941],[-4.31612,50.54944],[-4.31586,50.55037],[-4.31709,50.55048]]]}},
{"type":"Feature","properties":{"types":"Playing Field","area_m2":10346.0},"geometry":{"type":"Polygon","coordinates":[[[-4.25838,50.58656],[-4.25852,50.58669],[-4.25887,50.58685],[-4.25919,50.58685],[-4.25964,50.5867],[-4.2598,50.58658],[-4.25989,50.58644],[-4.25987,50.58627],[-4.25948,50.58581],[-4.25899,50.58579],[-4.25859,50.5859],[-4.25834,50.58604],[-4.25825,50.58621],[-4.25826,50.58634],[-4.25838,50.58656]]]}},
{"type":"Feature","properties":{"types":"Allotments Or Community Growing Spaces","area_m2":5408.9},"geometry":{"type":"Polygon","coordinates":[[[-4.25501,50.59158],[-4.2553,50.5914],[-4.25469,50.59105],[-4.25363,50.59182],[-4.25369,50.59188],[-4.25422,50.592],[-4.25445,50.59181],[-4.25501,50.59158]]]}},
{"type":"Feature","properties":{"types":"Allotments Or Community Growing Spaces","area_m2":5949.0},"geometry":{"type":"Polygon","coordinates":[[[-4.37188,50.60617],[-4.37283,50.60602],[-4.37266,50.60522],[-4.37175,50.60539],[-4.37188,50.60617]]]}},
{"type":"Feature","properties":{"types":"Playing Field","area_m2":31806.3},"geometry":{"type":"Polygon","coordinates":[[[-4.33436,50.62155],[-4.33393,50.62019],[-4.33308,50.62032],[-4.33238,50.6206],[-4.33212,50.62088],[-4.33158,50.62097],[-4.33113,50.62116],[-4.33097,50.62142],[-4.33087,50.62213],[-4.33266,50.62187],[-4.33436,50.62155]]]}},
{"type":"Feature","properties":{"types":"Play Space; Public Park Or Garden","area_m2":6179.2},"geometry":{"type":"Polygon","coordinates":[[[-4.3555,50.62684],[-4.35546,50.62683],[-4.3555,50.62673],[-4.35554,50.62673],[-4.3558,50.62607],[-4.35574,50.62582],[-4.35566,50.62586],[-4.35569,50.6259],[-4.35563,50.62592],[-4.35564,50.62598],[-4.35547,50.62602],[-4.35545,50.62598],[-4.35528,50.62596],[-4.35504,50.62605],[-4.35491,50.6262],[-4.35475,50.62628],[-4.35474,50.62632],[-4.35481,50.62632],[-4.35481,50.6264],[-4.35474,50.62641],[-4.35475,50.62645],[-4.35482,50.62645],[-4.35482,50.62653],[-4.35475,50.62654],[-4.35475,50.62658],[-4.35483,50.62664],[-4.35488,50.62699],[-4.35499,50.6271],[-4.35503,50.62693],[-4.35531,50.62695],[-4.35529,50.62718],[-4.35533,50.62699],[-4.35545,50.627],[-4.3555,50.62684]]]}},
{"type":"Feature","properties":{"types":"Playing Field","area_m2":82613.2},"geometry":{"type":"Polygon","coordinates":[[[-4.36709,50.62713],[-4.36721,50.62687],[-4.36626,50.62679],[-4.36079,50.62646],[-4.36065,50.62645],[-4.36048,50.62653],[-4.36045,50.62663],[-4.36067,50.62714],[-4.36068,50.62738],[-4.36074,50.62744],[-4.36093,50.62752],[-4.36227,50.62766],[-4.36218,50.62774],[-4.36201,50.62802],[-4.3622,50.62825],[-4.36213,50.6285],[-4.36219,50.62856],[-4.36522,50.62849],[-4.36651,50.62841],[-4.36673,50.62836],[-4.36694,50.62827],[-4.36731,50.62795],[-4.36709,50.62798],[-4.36702,50.62787],[-4.36699,50.62749],[-4.36708,50.62746],[-4.36709,50.62713]]]}},
{"type":"Feature","properties":{"types":"Playing Field","area_m2":11603.1},"geometry":{"type":"Polygon","coordinates":[[[-4.37456,50.62809],[-4.37466,50.62799],[-4.37489,50.62689],[-4.37373,50.62677],[-4.37343,50.62802],[-4.37456,50.62809]]]}},
{"type":"Feature","properties":{"types":"Public Park Or Garden","area_m2":7070.7},"geometry":{"type":"Polygon","coordinates":[[[-4.34503,50.62924],[-4.34515,50.62898],[-4.34563,50.62897],[-4.34399,50.62875],[-4.344,50.62872],[-4.34395,50.62874],[-4.34312,50.62866],[-4.34145,50.62847],[-4.34106,50.62839],[-4.34111,50.62845],[-4.34136,50.62848],[-4.34134,50.62854],[-4.34278,50.62873],[-4.34284,50.62887],[-4.34295,50.62872],[-4.34349,50.62879],[-4.34342,50.62928],[-4.34358,50.62933],[-4.34368,50.62942],[-4.34374,50.62942],[-4.34379,50.62912],[-4.34453,50.62916],[-4.34469,50.62912],[-4.34503,50.62924]]]}},
{"type":"Feature","properties":{"types":"Other Sports Facility; Play Space; Public Park Or Garden","area_m2":47101.4},"geometry":{"type":"Polygon","coordinates":[[[-4.35899,50.63328],[-4.3583,50.63297],[-4.35821,50.63281],[-4.35835,50.63253],[-4.35884,50.63261],[-4.35911,50.63085],[-4.35912,50.63089],[-4.35987,50.6309],[-4.35977,50.63029],[-4.3592,50.63027],[-4.3591,50.63085],[-4.35903,50.63083],[-4.35898,50.63115],[-4.35852,50.63113],[-4.35856,50.6308],[-4.35876,50.63081],[-4.35873,50.63078],[-4.35876,50.63056],[-4.35885,50.63052],[-4.35891,50.63024],[-4.35922,50.63022],[-4.35922,50.63018],[-4.35776,50.6302],[-4.35774,50.63038],[-4.35758,50.63036],[-4.35694,50.63233],[-4.35693,50.63245],[-4.35717,50.63244],[-4.35721,50.63247],[-4.35728,50.63274],[-4.35707,50.63281],[-4.35729,50.63327],[-4.35747,50.63351],[-4.35769,50.6337],[-4.35803,50.63365],[-4.35836,50.63367],[-4.35849,50.63379],[-4.35877,50.63375],[-4.35956,50.63351],[-4.35989,50.63348],[-4.35984,50.63338],[-4.35989,50.63329],[-4.35899,50.63328]]]}},
{"type":"Feature","properties":{"types":"Allotments Or Community Growing Spaces; Play Space","area_m2":6427.0},"geometry":{"type":"Polygon","coordinates":[[[-4.3734,50.63181],[-4.37374,50.63157],[-4.37289,50.63088],[-4.37242,50.63062],[-4.37221,50.63062],[-4.3722,50.63053],[-4.37248,50.63039],[-4.37193,50.63041],[-4.37166,50.63084],[-4.37195,50.63083],[-4.3723,50.63094],[-4.37261,50.63112],[-4.3734,50.63181]]]}},
{"type":"Feature","properties":{"types":"Allotments Or Community Growing Spaces","area_m2":5882.0},"geometry":{"type":"Polygon","coordinates":[[[-4.36151,50.63353],[-4.36119,50.63316],[-4.36102,50.63285],[-4.3599,50.63309],[-4.36001,50.63349],[-4.36106,50.63356],[-4.36151,50.63353]]]}},
{"type":"Feature","properties":{"types":"Public Park Or Garden","area_m2":19868.3},"geometry":{"type":"Polygon","coordinates":[[[-4.36306,50.63661],[-4.36234,50.63633],[-4.36203,50.63635],[-4.36149,50.63656],[-4.36147,50.63667],[-4.36142,50.63667],[-4.36129,50.63717],[-4.361,50.63745],[-4.36092,50.6376],[-4.36112,50.63784],[-4.36138,50.63794],[-4.36212,50.63781],[-4.36238,50.63764],[-4.36255,50.63764],[-4.36256,50.63759],[-4.36304,50.63762],[-4.36329,50.63684],[-4.3632,50.6367],[-4.36306,50.63661]]]}},
{"type":"Feature","properties":{"types":"Other Sports Facility","area_m2":57721.4},"geometry":{"type":"Polygon","coordinates":[[[-4.32803,50.6387],[-4.32634,50.6385],[-4.32627,50.63853],[-4.32611,50.63852],[-4.32559,50.64003],[-4.32544,50.6402],[-4.32543,50.64028],[-4.3255,50.64037],[-4.32567,50.64046],[-4.32698,50.64056],[-4.32723,50.6404],[-4.32916,50.64002],[-4.32981,50.63983],[-4.33023,50.63965],[-4.33049,50.63943],[-4.33072,50.63905],[-4.33076,50.63868],[-4.33016,50.63875],[-4.32936,50.63875],[-4.32912,50.6387],[-4.32803,50.6387]]]}},
{"type":"Feature","properties":{"types":"Play Space; Playing Field","area_m2":5348.6},"geometry":{"type":"Polygon","coordinates":[[[-4.36576,50.63998],[-4.36627,50.63991],[-4.36628,50.63988],[-4.36621,50.63968],[-4.36599,50.6396],[-4.36579,50.63919],[-4.36543,50.63895],[-4.36514,50.63905],[-4.36511,50.63921],[-4.36543,50.63924],[-4.36528,50.63997],[-4.36534,50.64016],[-4.36576,50.63998]]]}},
{"type":"Feature","properties":{"types":"Play Space; Playing Field","area_m2":16151.2},"geometry":{"type":"Polygon","coordinates":[[[-4.27715,50.64198],[-4.27744,50.64226],[-4.27792,50.64217],[-4.27847,50.64212],[-4.27882,50.64203],[-4.2793,50.6416],[-4.27935,50.64118],[-4.27945,50.64106],[-4.27946,50.64079],[-4.27893,50.6409],[-4.27774,50.64105],[-4.27777,50.64132],[-4.27715,50.64198]]]}},
{"type":"Feature","properties":{"types":"Playing Field","area_m2":24741.8},"geometry":{"type":"Polygon","coordinates":[[[-4.36992,50.66749],[-4.36908,50.66705],[-4.36832,50.66745],[-4.36827,50.66781],[-4.36857,50.668],[-4.36776,50.66844],[-4.36772,50.66862],[-4.36785,50.66885],[-4.36818,50.66912],[-4.36886,50.6693],[-4.3693,50.66873],[-4.37048,50.6677],[-4.36992,50.66749]]]}},
{"type":"Feature","properties":{"types":"Other Sports Facility","area_m2":39228.8},"geometry":{"type":"Polygon","coordinates":[[[-4.23794,50.69646],[-4.23769,50.69644],[-4.2379,50.69653],[-4.23807,50.69642],[-4.23815,50.69629],[-4.23839,50.69635],[-4.23853,50.69614],[-4.23882,50.6961],[-4.23889,50.69619],[-4.23909,50.69611],[-4.23909,50.696],[-4.23936,50.69588],[-4.23954,50.69571],[-4.23961,50.69572],[-4.23969,50.69536],[-4.24027,50.69535],[-4.24013,50.69516],[-4.24015,50.69493],[-4.23978,50.69465],[-4.23975,50.69467],[-4.23875,50.69423],[-4.23822,50.69412],[-4.23685,50.69446],[-4.23681,50.69451],[-4.23659,50.69445],[-4.2363,50.69456],[-4.23628,50.69462],[-4.23643,50.69477],[-4.2371,50.69523],[-4.23681,50.69535],[-4.23676,50.69532],[-4.23679,50.6953],[-4.23673,50.69528],[-4.23676,50.69526],[-4.23668,50.69527],[-4.23682,50.6954],[-4.23683,50.69536],[-4.23711,50.69524],[-4.23761,50.69574],[-4.2378,50.69585],[-4.23766,50.69614],[-4.23775,50.69622],[-4.23769,50.69629],[-4.23782,50.6963],[-4.23811,50.69624],[-4.23804,50.69641],[-4.23794,50.69646]]]}},
{"type":"Feature","properties":{"types":"Playing Field","area_m2":10497.3},"geometry":{"type":"Polygon","coordinates":[[[-4.25098,50.76733],[-4.25092,50.7674],[-4.2507,50.76823],[-4.25079,50.76826],[-4.25074,50.76849],[-4.25199,50.76867],[-4.25235,50.76816],[-4.25121,50.76743],[-4.25109,50.7673],[-4.25098,50.76733]]]}},
{"type":"Feature","properties":{"types":"Playing Field","area_m2":35277.6},"geometry":{"type":"Polygon","coordinates":[[[-4.36094,50.81228],[-4.36023,50.81147],[-4.36145,50.81096],[-4.36118,50.81043],[-4.36093,50.81018],[-4.36076,50.81043],[-4.36052,50.81062],[-4.35929,50.8112],[-4.35865,50.81141],[-4.35696,50.81179],[-4.35759,50.81227],[-4.35773,50.81236],[-4.35797,50.81239],[-4.35812,50.81253],[-4.35811,50.81262],[-4.36094,50.81228]]]}},
{"type":"Feature","properties":{"types":"Play Space; Playing Field","area_m2":44543.8},"geometry":{"type":"Polygon","coordinates":[[[-4.35079,50.81406],[-4.35085,50.81409],[-4.35074,50.81418],[-4.35074,50.81451],[-4.35064,50.81483],[-4.35099,50.81482],[-4.35131,50.81474],[-4.35132,50.81477],[-4.35143,50.81476],[-4.35151,50.81472],[-4.35153,50.81464],[-4.35272,50.81435],[-4.35344,50.81555],[-4.3537,50.81631],[-4.35398,50.81624],[-4.35447,50.81621],[-4.35447,50.81614],[-4.35501,50.81609],[-4.35493,50.81573],[-4.35561,50.81568],[-4.35559,50.81545],[-4.35542,50.81509],[-4.35487,50.8145],[-4.35434,50.81459],[-4.35403,50.81432],[-4.35384,50.81421],[-4.3537,50.81415],[-4.35352,50.81418],[-4.35274,50.81357],[-4.35301,50.81342],[-4.35297,50.81324],[-4.353,50.81317],[-4.35285,50.81318],[-4.35297,50.81341],[-4.35259,50.81346],[-4.35229,50.81323],[-4.35197,50.81331],[-4.35247,50.81375],[-4.35161,50.81394],[-4.35105,50.81381],[-4.35079,50.81406]]]}},
{"type":"Feature","properties":{"types":"Other Sports Facility","area_m2":47465.3},"geometry":{"type":"Polygon","coordinates":[[[-4.23682,50.81642],[-4.23671,50.81632],[-4.23412,50.81634],[-4.23427,50.81728],[-4.23517,50.81729],[-4.2362,50.8172],[-4.24021,50.81738],[-4.24033,50.81727],[-4.23985,50.81603],[-4.23913,50.81616],[-4.23701,50.81631],[-4.23695,50.81642],[-4.23682,50.81642]]]}},
{"type":"Feature","properties":{"types":"Playing Field","area_m2":10887.6},"geometry":{"type":"Polygon","coordinates":[[[-4.35497,50.81622],[-4.35485,50.81621],[-4.354,50.81627],[-4.35379,50.81638],[-4.35412,50.81747],[-4.35493,50.81739],[-4.35523,50.81732],[-4.35517,50.81718],[-4.35526,50.81717],[-4.35512,50.81669],[-4.35506,50.81669],[-4.35497,50.81622]]]}},
{"type":"Feature","properties":{"types":"Play Space; Playing Field","area_m2":8582.0},"geometry":{"type":"Polygon","coordinates":[[[-4.3865,50.90264],[-4.38736,50.90268],[-4.38734,50.90233],[-4.38723,50.90233],[-4.38722,50.90217],[-4.38572,50.90203],[-4.38571,50.90218],[-4.38542,50.90225],[-4.38552,50.90232],[-4.38554,50.90243],[-4.38567,50.90244],[-4.38597,50.90281],[-4.38619,50.90331],[-4.38646,50.90325],[-4.38618,50.90318],[-4.38627,50.90293],[-4.3865,50.90264]]]}},
{"type":"Feature","properties":{"types":"Allotments Or Community Growing Spaces; Play Space; Playing Field","area_m2":19953.4},"geometry":{"type":"Polygon","coordinates":[[[-4.37371,50.962],[-4.37362,50.96188],[-4.37367,50.96187],[-4.37378,50.96189],[-4.37386,50.96186],[-4.37364,50.96163],[-4.37384,50.96155],[-4.37374,50.96146],[-4.37352,50.96152],[-4.37335,50.96135],[-4.37391,50.96113],[-4.37361,50.9608],[-4.37341,50.96094],[-4.37327,50.96111],[-4.37219,50.9608],[-4.37165,50.96059],[-4.37151,50.96043],[-4.37116,50.96051],[-4.37061,50.96085],[-4.37097,50.96136],[-4.37099,50.96132],[-4.3717,50.96146],[-4.3716,50.96165],[-4.37366,50.96205],[-4.37371,50.962]],[[-4.3728,50.96141],[-4.37238,50.96129],[-4.37264,50.96096],[-4.37306,50.96109],[-4.3728,50.96141]]]}},
{"type":"Feature","properties":{"types":"Playing Field","area_m2":7688.8},"geometry":{"type":"Polygon","coordinates":[[[-4.29574,50.96552],[-4.29655,50.96638],[-4.29742,50.9661],[-4.29658,50.96522],[-4.29574,50.96552]]]}},
{"type":"Feature","properties":{"types":"Allotments Or Community Growing Spaces; Play Space; Playing Field","area_m2":30036.5},"geometry":{"type":"Polygon","coordinates":[[[-4.25312,50.96719],[-4.25322,50.96718],[-4.25311,50.96693],[-4.25274,50.9664],[-4.25252,50.96644],[-4.25206,50.96618],[-4.2511,50.96639],[-4.25185,50.96689],[-4.25174,50.967],[-4.25197,50.96765],[-4.25191,50.96768],[-4.25228,50.96847],[-4.25333,50.96844],[-4.25434,50.9683],[-4.25454,50.96824],[-4.25461,50.96817],[-4.25424,50.96745],[-4.25325,50.96756],[-4.25312,50.96719]]]}},
{"type":"Feature","properties":{"types":"Allotments Or Community Growing Spaces; Public Park Or Garden","area_m2":1610891.7},"geometry":{"type":"Polygon","coordinates":[[[-4.20156,50.33097],[-4.2014,50.33096],[-4.20141,50.33093],[-4.20156,50.33094],[-4.2016,50.33076],[-4.20125,50.3304],[-4.20158,50.33032],[-4.20133,50.33033],[-4.20123,50.33023],[-4.20135,50.33007],[-4.20141,50.32973],[-4.20153,50.3299],[-4.20167,50.33002],[-4.20197,50.33045],[-4.20224,50.3306],[-4.20218,50.33063],[-4.20231,50.33086],[-4.20236,50.33088],[-4.2026,50.33068],[-4.20294,50.33087],[-4.20289,50.33104],[-4.20374,50.33116],[-4.20536,50.33121],[-4.20495,50.33114],[-4.20483,50.33084],[-4.20503,50.33014],[-4.20438,50.32983],[-4.20407,50.33001],[-4.20398,50.33001],[-4.2029,50.32957],[-4.20215,50.32901],[-4.202,50.3288],[-4.20213,50.32871],[-4.20214,50.32864],[-4.20202,50.3285],[-4.20191,50.32847],[-4.20192,50.3284],[-4.20198,50.32837],[-4.20193,50.32829],[-4.20187,50.32831],[-4.20125,50.32765],[-4.20088,50.32749],[-4.1999,50.3272],[-4.1994,50.32686],[-4.1986,50.32655],[-4.19799,50.32622],[-4.1942,50.32388],[-4.19402,50.32383],[-4.19374,50.32366],[-4.19247,50.3228],[-4.19251,50.32274],[-4.19245,50.32256],[-4.19777,50.32118],[-4.19789,50.32122],[-4.19813,50.32151],[-4.19834,50.32173],[-4.1989,50.32216],[-4.19823,50.3216],[-4.19786,50.32117],[-4.1974,50.32109],[-4.19747,50.32105],[-4.19757,50.3211],[-4.19786,50.32114],[-4.19837,50.32169],[-4.19897,50.32217],[-4.1991,50.32222],[-4.1995,50.32221],[-4.20082,50.32195],[-4.20332,50.32164],[-4.20516,50.3215],[-4.20724,50.32151],[-4.20543,50.32148],[-4.20388,50.32157],[-4.20103,50.3219],[-4.19947,50.32221],[-4.19909,50.3222],[-4.19897,50.32216],[-4.19835,50.32166],[-4.19784,50.32106],[-4.19779,50.31962],[-4.19888,50.31966],[-4.19946,50.31959],[-4.20112,50.31957],[-4.20144,50.31963],[-4.20193,50.31981],[-4.20321,50.31995],[-4.20343,50.31993],[-4.20347,50.32034],[-4.20392,50.32026],[-4.20536,50.32022],[-4.20911,50.32032],[-4.20891,50.31999],[-4.21023,50.31982],[-4.21028,50.31984],[-4.21053,50.31974],[-4.21003,50.31957],[-4.20985,50.31956],[-4.20979,50.3191],[-4.21049,50.31911],[-4.21104,50.31901],[-4.21218,50.31865],[-4.21323,50.31852],[-4.21427,50.31819],[-4.21488,50.31805],[-4.21522,50.31804],[-4.21547,50.31817],[-4.21601,50.31824],[-4.21789,50.31699],[-4.2184,50.31728],[-4.2191,50.31791],[-4.21938,50.31778],[-4.21947,50.31778],[-4.21995,50.31809],[-4.21992,50.3181],[-4.21998,50.31813],[-4.22005,50.3181],[-4.22011,50.31814],[-4.22127,50.31703],[-4.22226,50.31744],[-4.22275,50.31773],[-4.22278,50.31788],[-4.22257,50.3181],[-4.22259,50.31825],[-4.22255,50.31833],[-4.22285,50.31853],[-4.22339,50.31867],[-4.22381,50.3189],[-4.2237,50.31898],[-4.22266,50.3194],[-4.22276,50.31964],[-4.22263,50.31974],[-4.22199,50.32002],[-4.22027,50.32094],[-4.22018,50.32108],[-4.22018,50.32122],[-4.22035,50.32134],[-4.22048,50.32132],[-4.22057,50.32136],[-4.221,50.32129],[-4.22102,50.32131],[-4.22089,50.32135],[-4.22073,50.32145],[-4.22102,50.32148],[-4.22103,50.32157],[-4.22095,50.32161],[-4.22096,50.32166],[-4.22061,50.32181],[-4.22057,50.3219],[-4.2206,50.32204],[-4.22022,50.32206],[-4.21984,50.32199],[-4.2197,50.32205],[-4.21929,50.3221],[-4.21905,50.32238],[-4.21874,50.32239],[-4.21876,50.32244],[-4.21841,50.32301],[-4.21813,50.32325],[-4.21798,50.32346],[-4.21768,50.32463],[-4.21758,50.32537],[-4.21766,50.32588],[-4.21759,50.32621],[-4.21737,50.32684],[-4.21724,50.327],[-4.21754,50.32725],[-4.21811,50.32758],[-4.21939,50.32848],[-4.21995,50.32909],[-4.22053,50.32995],[-4.22144,50.33095],[-4.22161,50.33106],[-4.22309,50.33168],[-4.22338,50.33185],[-4.22439,50.33322],[-4.22454,50.33336],[-4.2248,50.33348],[-4.22498,50.33351],[-4.22497,50.33356],[-4.22554,50.33368],[-4.22623,50.33391],[-4.22696,50.33454],[-4.22777,50.33542],[-4.22805,50.33566],[-4.22878,50.33606],[-4.22918,50.33653],[-4.2295,50.33716],[-4.22985,50.33747],[-4.2298,50.33752],[-4.22996,50.33758],[-4.22982,50.33771],[-4.23043,50.33785],[-4.23094,50.33803],[-4.23186,50.33857],[-4.23337,50.33898],[-4.23368,50.33909],[-4.23368,50.33917],[-4.23534,50.33971],[-4.23593,50.33997],[-4.23658,50.33955],[-4.23635,50.3394],[-4.2365,50.3393],[-4.23631,50.3392],[-4.23637,50.33915],[-4.23627,50.33917],[-4.23622,50.33915],[-4.23615,50.33903],[-4.23637,50.33892],[-4.23648,50.33907],[-4.23672,50.33916],[-4.23695,50.3393],[-4.23682,50.33919],[-4.23692,50.33914],[-4.23704,50.33913],[-4.23711,50.3392],[-4.2373,50.33909],[-4.23707,50.33894],[-4.23709,50.3389],[-4.23733,50.33897],[-4.23737,50.33905],[-4.23756,50.33891],[-4.23752,50.33889],[-4.2376,50.33883],[-4.23764,50.33885],[-4.23816,50.33841],[-4.23788,50.33821],[-4.23802,50.33812],[-4.23769,50.33799],[-4.23727,50.33795],[-4.23706,50.33788],[-4.23591,50.33728],[-4.23539,50.33688],[-4.23494,50.33674],[-4.23357,50.33603],[-4.23337,50.33588],[-4.23306,50.33536],[-4.23217,50.33475],[-4.23156,50.33457],[-4.23113,50.33449],[-4.23084,50.33437],[-4.23057,50.33415],[-4.23045,50.33386],[-4.22946,50.33353],[-4.22911,50.3333],[-4.22852,50.33281],[-4.22833,50.33247],[-4.22765,50.33224],[-4.22689,50.33175],[-4.2263,50.33128],[-4.22591,50.3309],[-4.22588,50.33071],[-4.22612,50.33048],[-4.22593,50.33029],[-4.22544,50.33023],[-4.22525,50.32995],[-4.22468,50.32984],[-4.22441,50.32973],[-4.22426,50.3296],[-4.2238,50.32943],[-4.22335,50.32895],[-4.22337,50.32886],[-4.22358,50.32869],[-4.22353,50.32855],[-4.22339,50.32846],[-4.22312,50.32838],[-4.22261,50.32833],[-4.22236,50.32816],[-4.22215,50.32792],[-4.22209,50.32768],[-4.22201,50.32758],[-4.22234,50.32739],[-4.22234,50.32727],[-4.22208,50.32721],[-4.22161,50.3273],[-4.22125,50.32706],[-4.22086,50.3266],[-4.22054,50.32601],[-4.22053,50.32589],[-4.22059,50.3258],[-4.2209,50.32572],[-4.22096,50.32565],[-4.22087,50.32562],[-4.22055,50.32567],[-4.2204,50.32555],[-4.22032,50.3254],[-4.22037,50.32532],[-4.22073,50.32512],[-4.22043,50.32511],[-4.22029,50.32495],[-4.21994,50.32477],[-4.21977,50.32454],[-4.21976,50.32431],[-4.21952,50.32398],[-4.21951,50.32379],[-4.2199,50.32365],[-4.22026,50.3234],[-4.22016,50.32331],[-4.22014,50.32319],[-4.22005,50.32308],[-4.22016,50.32296],[-4.21996,50.32289],[-4.21996,50.32271],[-4.21985,50.32256],[-4.21986,50.3225],[-4.22044,50.32224],[-4.22088,50.32222],[-4.22143,50.32205],[-4.2213,50.32193],[-4.22162,50.32189],[-4.22184,50.32171],[-4.22206,50.32165],[-4.2221,50.32152],[-4.22231,50.32131],[-4.22281,50.32122],[-4.22245,50.32103],[-4.22288,50.32114],[-4.22312,50.32115],[-4.22447,50.32068],[-4.22466,50.32049],[-4.22511,50.32026],[-4.22506,50.32019],[-4.22465,50.32001],[-4.22521,50.32016],[-4.22629,50.31991],[-4.22641,50.31979],[-4.22624,50.31958],[-4.22679,50.3193],[-4.22698,50.31905],[-4.22675,50.31884],[-4.22636,50.31868],[-4.2261,50.31846],[-4.22559,50.31834],[-4.22559,50.31819],[-4.2254,50.31807],[-4.22515,50.31802],[-4.22509,50.31791],[-4.22488,50.3178],[-4.22488,50.31771],[-4.22476,50.31768],[-4.22475,50.31763],[-4.22465,50.31763],[-4.2247,50.31751],[-4.22451,50.31748],[-4.22437,50.31739],[-4.22441,50.3173],[-4.22408,50.31738],[-4.22402,50.3173],[-4.22391,50.31736],[-4.2239,50.31721],[-4.22336,50.31716],[-4.22322,50.31711],[-4.22319,50.31705],[-4.2233,50.31695],[-4.22325,50.31684],[-4.22306,50.31687],[-4.22288,50.31677],[-4.2229,50.31669],[-4.22319,50.31662],[-4.22307,50.31651],[-4.22371,50.31656],[-4.224,50.31653],[-4.22341,50.31638],[-4.22319,50.31623],[-4.2233,50.31605],[-4.22324,50.31603],[-4.22332,50.31599],[-4.22326,50.31592],[-4.22352,50.31585],[-4.22337,50.31584],[-4.22334,50.31581],[-4.22329,50.31541],[-4.22333,50.31529],[-4.22347,50.31513],[-4.22371,50.31512],[-4.22384,50.31508],[-4.22409,50.31487],[-4.22453,50.3149],[-4.22453,50.31482],[-4.22468,50.31472],[-4.22501,50.31473],[-4.22512,50.31468],[-4.22573,50.3147],[-4.22546,50.31451],[-4.22552,50.31444],[-4.22541,50.31435],[-4.22571,50.31427],[-4.22601,50.31423],[-4.22617,50.31416],[-4.22674,50.3141],[-4.22679,50.31403],[-4.22669,50.31396],[-4.22631,50.31393],[-4.22628,50.31386],[-4.22703,50.31365],[-4.22686,50.31354],[-4.22612,50.3134],[-4.22607,50.31334],[-4.22613,50.31321],[-4.22601,50.31311],[-4.22598,50.31301],[-4.2264,50.31299],[-4.22644,50.31295],[-4.2264,50.31288],[-4.22596,50.31266],[-4.22564,50.3126],[-4.22545,50.31245],[-4.22523,50.31239],[-4.22504,50.31209],[-4.22441,50.31197],[-4.22436,50.3118],[-4.22456,50.31166],[-4.22441,50.31145],[-4.22431,50.31138],[-4.22399,50.31131],[-4.22379,50.31122],[-4.22354,50.31128],[-4.22304,50.31123],[-4.22284,50.31125],[-4.22215,50.31143],[-4.22189,50.31156],[-4.22166,50.31157],[-4.22176,50.31184],[-4.2214,50.31196],[-4.22109,50.31212],[-4.22113,50.31234],[-4.22107,50.31241],[-4.22101,50.31242],[-4.22085,50.31236],[-4.22058,50.31242],[-4.22033,50.31242],[-4.22051,50.31247],[-4.22048,50.31249],[-4.22066,50.31258],[-4.22051,50.31258],[-4.22034,50.3127],[-4.2202,50.31269],[-4.22027,50.31277],[-4.22006,50.3128],[-4.22005,50.31287],[-4.22021,50.31298],[-4.22037,50.313],[-4.22037,50.31303],[-4.22085,50.31303],[-4.22088,50.3131],[-4.22049,50.31316],[-4.22043,50.31321],[-4.22054,50.31326],[-4.22087,50.31327],[-4.22098,50.31331],[-4.22106,50.31347],[-4.22083,50.31356],[-4.22084,50.31361],[-4.22103,50.31368],[-4.22146,50.31402],[-4.22146,50.31414],[-4.22133,50.31427],[-4.22137,50.31437],[-4.22132,50.31443],[-4.22131,50.31467],[-4.22097,50.31472],[-4.22055,50.31455],[-4.22025,50.31448],[-4.22018,50.31454],[-4.21994,50.31458],[-4.21966,50.31458],[-4.21904,50.31468],[-4.21856,50.31496],[-4.21856,50.31501],[-4.21878,50.31508],[-4.21876,50.31511],[-4.21859,50.31512],[-4.21793,50.31499],[-4.21773,50.31498],[-4.21664,50.31522],[-4.21637,50.31536],[-4.21652,50.3155],[-4.21647,50.3158],[-4.2164,50.31591],[-4.21555,50.31602],[-4.21519,50.31615],[-4.21501,50.31627],[-4.21498,50.31639],[-4.21526,50.31647],[-4.2156,50.31652],[-4.21564,50.31657],[-4.2156,50.31659],[-4.21534,50.31662],[-4.21482,50.31652],[-4.2148,50.3166],[-4.21465,50.31676],[-4.21442,50.31681],[-4.21417,50.31693],[-4.21412,50.31693],[-4.21413,50.31687],[-4.214,50.31692],[-4.21388,50.31703],[-4.21384,50.31715],[-4.21362,50.31717],[-4.21358,50.31723],[-4.21347,50.31716],[-4.21321,50.31713],[-4.21287,50.31715],[-4.21292,50.31723],[-4.21328,50.31734],[-4.21336,50.3174],[-4.21281,50.31755],[-4.21237,50.31762],[-4.21219,50.31771],[-4.21215,50.31782],[-4.21182,50.3178],[-4.21152,50.31785],[-4.21121,50.31795],[-4.21106,50.31807],[-4.21084,50.31816],[-4.2107,50.31815],[-4.21078,50.3181],[-4.21066,50.31815],[-4.21056,50.31814],[-4.21046,50.3182],[-4.2106,50.31824],[-4.21057,50.31829],[-4.21034,50.31831],[-4.20978,50.31817],[-4.2091,50.31814],[-4.20961,50.31843],[-4.20964,50.31852],[-4.20956,50.31857],[-4.20942,50.31859],[-4.20876,50.31844],[-4.20849,50.31856],[-4.20841,50.31856],[-4.20833,50.31863],[-4.20817,50.31866],[-4.20788,50.31863],[-4.20782,50.31856],[-4.20765,50.31861],[-4.20745,50.3186],[-4.20727,50.31866],[-4.20704,50.31855],[-4.20643,50.31864],[-4.20631,50.31851],[-4.20604,50.31845],[-4.20546,50.31823],[-4.20515,50.3182],[-4.20496,50.31822],[-4.20485,50.31829],[-4.20522,50.31845],[-4.20522,50.3185],[-4.20448,50.31827],[-4.20449,50.31833],[-4.20434,50.31838],[-4.20396,50.31843],[-4.20377,50.31838],[-4.2034,50.31845],[-4.20314,50.31835],[-4.20289,50.31845],[-4.20282,50.31855],[-4.20274,50.31856],[-4.20253,50.31853],[-4.20246,50.31842],[-4.20204,50.3184],[-4.20165,50.31831],[-4.20118,50.31828],[-4.20082,50.31831],[-4.20036,50.3182],[-4.20016,50.31824],[-4.19977,50.31819],[-4.19955,50.3182],[-4.19937,50.31826],[-4.19888,50.31821],[-4.19867,50.31824],[-4.19843,50.31814],[-4.19825,50.31812],[-4.19797,50.3182],[-4.19797,50.31823],[-4.19818,50.3182],[-4.19799,50.31828],[-4.19797,50.31841],[-4.19766,50.3182],[-4.19747,50.3183],[-4.19754,50.31855],[-4.19749,50.3186],[-4.19679,50.31812],[-4.19665,50.31814],[-4.19664,50.31819],[-4.19643,50.31822],[-4.19639,50.31834],[-4.19585,50.31848],[-4.19551,50.31838],[-4.19538,50.31841],[-4.19487,50.31839],[-4.19461,50.3183],[-4.19459,50.31825],[-4.1945,50.31821],[-4.19421,50.31823],[-4.19392,50.31814],[-4.19381,50.3182],[-4.1942,50.31842],[-4.19462,50.31888],[-4.19456,50.31888],[-4.19413,50.3188],[-4.194,50.31865],[-4.19381,50.31861],[-4.19348,50.31841],[-4.19284,50.31831],[-4.19272,50.31835],[-4.19254,50.31829],[-4.19255,50.31818],[-4.19238,50.31818],[-4.19213,50.31806],[-4.19189,50.31814],[-4.19176,50.31814],[-4.19138,50.31801],[-4.19111,50.31796],[-4.19106,50.31794],[-4.19119,50.31791],[-4.19105,50.31787],[-4.19061,50.31783],[-4.19032,50.31775],[-4.19003,50.31782],[-4.18981,50.31779],[-4.18955,50.31782],[-4.18906,50.31771],[-4.18836,50.31772],[-4.18858,50.31777],[-4.18852,50.3178],[-4.18858,50.31783],[-4.18845,50.31784],[-4.18842,50.3179],[-4.18872,50.31789],[-4.18875,50.31792],[-4.18874,50.31796],[-4.18845,50.31807],[-4.18846,50.31813],[-4.18891,50.31816],[-4.18898,50.31806],[-4.189,50.31815],[-4.18938,50.31813],[-4.18938,50.31824],[-4.18917,50.31843],[-4.18927,50.31853],[-4.1892,50.31861],[-4.18956,50.31865],[-4.18987,50.31885],[-4.18969,50.31894],[-4.18951,50.31887],[-4.18952,50.31892],[-4.18941,50.31895],[-4.1894,50.31893],[-4.18947,50.31891],[-4.18944,50.31886],[-4.18953,50.31882],[-4.18974,50.31887],[-4.18962,50.31874],[-4.1895,50.3187],[-4.1895,50.3188],[-4.189,50.31877],[-4.18913,50.31882],[-4.18907,50.31891],[-4.18882,50.31897],[-4.18871,50.31911],[-4.18875,50.31935],[-4.18881,50.31942],[-4.1889,50.31946],[-4.18925,50.31945],[-4.18985,50.31953],[-4.19007,50.31957],[-4.19022,50.31966],[-4.19021,50.31971],[-4.18979,50.31984],[-4.18954,50.31982],[-4.18961,50.31997],[-4.18952,50.32],[-4.18924,50.31988],[-4.18897,50.31983],[-4.18871,50.31993],[-4.18886,50.31998],[-4.18886,50.32008],[-4.18901,50.3202],[-4.18921,50.32024],[-4.18937,50.32016],[-4.18952,50.32026],[-4.18947,50.32036],[-4.1895,50.32035],[-4.18963,50.32047],[-4.1892,50.32058],[-4.18923,50.32071],[-4.18917,50.32075],[-4.18921,50.32079],[-4.18936,50.32084],[-4.18942,50.32091],[-4.19007,50.32097],[-4.19008,50.32101],[-4.18998,50.32101],[-4.18995,50.32104],[-4.18966,50.32103],[-4.18955,50.32109],[-4.19011,50.32112],[-4.19017,50.32116],[-4.19007,50.32121],[-4.18985,50.32121],[-4.18979,50.32127],[-4.18939,50.32124],[-4.18929,50.32129],[-4.18944,50.32135],[-4.18936,50.32139],[-4.18942,50.32144],[-4.18956,50.32146],[-4.18959,50.32152],[-4.18952,50.32155],[-4.18936,50.32152],[-4.18912,50.32159],[-4.1891,50.32168],[-4.18939,50.32187],[-4.18971,50.32187],[-4.18978,50.32197],[-4.19002,50.32202],[-4.19,50.32212],[-4.19008,50.32215],[-4.18982,50.32218],[-4.18995,50.32234],[-4.18984,50.3224],[-4.18954,50.32221],[-4.18912,50.32228],[-4.18904,50.32236],[-4.18902,50.32258],[-4.18916,50.32274],[-4.1897,50.32293],[-4.18972,50.32297],[-4.18966,50.32298],[-4.18979,50.323],[-4.18968,50.32303],[-4.1894,50.32298],[-4.18925,50.32301],[-4.18924,50.32307],[-4.18948,50.3232],[-4.18948,50.32331],[-4.18966,50.32325],[-4.18985,50.32326],[-4.18989,50.32339],[-4.19011,50.32341],[-4.19044,50.32358],[-4.19046,50.32363],[-4.19027,50.32374],[-4.19006,50.3237],[-4.18971,50.32357],[-4.18962,50.32358],[-4.1896,50.32362],[-4.18997,50.32391],[-4.19018,50.32392],[-4.19029,50.32406],[-4.19079,50.32418],[-4.19106,50.32434],[-4.1909,50.32434],[-4.19088,50.32437],[-4.19033,50.32424],[-4.19042,50.32439],[-4.19078,50.3246],[-4.19127,50.32466],[-4.19177,50.32498],[-4.19184,50.32535],[-4.1922,50.32537],[-4.19227,50.32531],[-4.19245,50.32526],[-4.1925,50.32536],[-4.19257,50.32538],[-4.19316,50.32547],[-4.19322,50.32557],[-4.19304,50.3256],[-4.19314,50.32568],[-4.19331,50.32569],[-4.19371,50.32586],[-4.19415,50.32609],[-4.19424,50.32619],[-4.1945,50.32629],[-4.1946,50.32639],[-4.19521,50.32656],[-4.19572,50.32684],[-4.19603,50.32688],[-4.19627,50.32686],[-4.19651,50.32705],[-4.19658,50.32716],[-4.19715,50.32731],[-4.1974,50.32743],[-4.197,50.3274],[-4.19745,50.32753],[-4.19756,50.32758],[-4.19762,50.32768],[-4.19797,50.32781],[-4.19831,50.32802],[-4.19888,50.32828],[-4.19923,50.32837],[-4.19946,50.32848],[-4.19947,50.32869],[-4.19954,50.32878],[-4.19961,50.32901],[-4.19989,50.32924],[-4.20026,50.32934],[-4.2004,50.32946],[-4.20065,50.32942],[-4.20077,50.32944],[-4.20094,50.32954],[-4.20106,50.32968],[-4.20111,50.32992],[-4.20107,50.33022],[-4.20123,50.33052],[-4.20129,50.33098],[-4.20123,50.33125],[-4.20099,50.33139],[-4.2014,50.33132],[-4.20153,50.33125],[-4.20143,50.33122],[-4.20154,50.33107],[-4.20156,50.33097]],[[-4.1904,50.32433],[-4.19042,50.32428],[-4.19068,50.32436],[-4.1904,50.32433]],[[-4.22377,50.33158],[-4.22373,50.33151],[-4.22376,50.33145],[-4.22398,50.33138],[-4.22411,50.33153],[-4.22398,50.33158],[-4.22377,50.33158]],[[-4.22647,50.33255],[-4.22638,50.33252],[-4.22609,50.33254],[-4.22613,50.33249],[-4.22604,50.33241],[-4.22606,50.33236],[-4.2263,50.3324],[-4.22647,50.33255]],[[-4.22577,50.33271],[-4.22562,50.3326],[-4.2257,50.33254],[-4.22585,50.33265],[-4.22584,50.33269],[-4.22577,50.33271]],[[-4.22761,50.333],[-4.22748,50.33292],[-4.22742,50.33294],[-4.22731,50.33289],[-4.22734,50.33271],[-4.22757,50.33279],[-4.22754,50.33285],[-4.22768,50.3329],[-4.22761,50.333]],[[-4.22591,50.33278],[-4.22608,50.33287],[-4.22595,50.33293],[-4.22585,50.33289],[-4.22585,50.3328],[-4.22591,50.33278]],[[-4.2262,50.33307],[-4.2263,50.33326],[-4.22619,50.3333],[-4.22602,50.3331],[-4.22605,50.33307],[-4.22596,50.33302],[-4.22598,50.33295],[-4.22608,50.33291],[-4.22633,50.33305],[-4.22631,50.33309],[-4.2262,50.33307]],[[-4.22533,50.33317],[-4.22531,50.33323],[-4.22516,50.33323],[-4.22523,50.33313],[-4.22533,50.33317]],[[-4.22698,50.33341],[-4.22673,50.33332],[-4.22678,50.33325],[-4.22687,50.33324],[-4.22699,50.33337],[-4.22698,50.33341]],[[-4.22624,50.33334],[-4.22635,50.33332],[-4.22637,50.33327],[-4.22645,50.33334],[-4.2264,50.33347],[-4.22624,50.33334]],[[-4.2256,50.33335],[-4.2257,50.33337],[-4.22574,50.3335],[-4.22562,50.3335],[-4.22552,50.33344],[-4.2256,50.33335]],[[-4.22615,50.33351],[-4.22599,50.33357],[-4.22589,50.33356],[-4.22581,50.33352],[-4.22603,50.33337],[-4.22615,50.33351]],[[-4.22552,50.33355],[-4.22533,50.33355],[-4.22534,50.33347],[-4.22544,50.33346],[-4.22552,50.33355]],[[-4.22803,50.33343],[-4.22821,50.3335],[-4.22813,50.33358],[-4.22793,50.33352],[-4.22803,50.33343]],[[-4.22682,50.33371],[-4.22689,50.33371],[-4.2267,50.33361],[-4.22676,50.33355],[-4.22707,50.33369],[-4.22686,50.33373],[-4.22682,50.33371]],[[-4.22896,50.33362],[-4.22907,50.33358],[-4.22915,50.33364],[-4.22913,50.33368],[-4.22896,50.33362]],[[-4.22857,50.3337],[-4.2288,50.33383],[-4.22875,50.33387],[-4.22855,50.33379],[-4.22852,50.33375],[-4.22857,50.3337]],[[-4.22856,50.33402],[-4.22842,50.33393],[-4.22848,50.33382],[-4.22863,50.33396],[-4.22856,50.33402]],[[-4.22836,50.33418],[-4.22823,50.33412],[-4.2283,50.33403],[-4.22844,50.33411],[-4.22836,50.33418]],[[-4.22966,50.33433],[-4.22962,50.33434],[-4.2295,50.33426],[-4.22944,50.33428],[-4.22927,50.33422],[-4.22922,50.33415],[-4.22933,50.33411],[-4.22966,50.33433]],[[-4.22867,50.33421],[-4.22857,50.33424],[-4.22851,50.3342],[-4.22861,50.33416],[-4.22867,50.33421]],[[-4.22911,50.33429],[-4.2289,50.33436],[-4.22884,50.33435],[-4.22887,50.3342],[-4.22911,50.33429]],[[-4.22803,50.33444],[-4.22783,50.33438],[-4.22784,50.33426],[-4.22805,50.33442],[-4.22803,50.33444]],[[-4.22878,50.33429],[-4.22872,50.33432],[-4.22866,50.33428],[-4.22871,50.33425],[-4.22878,50.33429]],[[-4.22833,50.33446],[-4.22827,50.33434],[-4.22847,50.3344],[-4.22852,50.33435],[-4.22864,50.3344],[-4.22863,50.3345],[-4.22844,50.33452],[-4.22833,50.33446]],[[-4.22914,50.33453],[-4.22886,50.33452],[-4.22884,50.33447],[-4.22896,50.33437],[-4.22903,50.33438],[-4.22914,50.33453]],[[-4.22965,50.33439],[-4.22984,50.33449],[-4.22971,50.3346],[-4.22958,50.33444],[-4.22965,50.33439]],[[-4.22796,50.33455],[-4.2281,50.33466],[-4.22805,50.33474],[-4.22797,50.33477],[-4.22777,50.33461],[-4.22796,50.33455]],[[-4.22922,50.33458],[-4.22943,50.33461],[-4.22967,50.33476],[-4.22958,50.33481],[-4.22937,50.33469],[-4.22922,50.33465],[-4.22922,50.33458]],[[-4.22843,50.33468],[-4.2287,50.33484],[-4.22858,50.33491],[-4.22844,50.3348],[-4.22847,50.33478],[-4.22843,50.33468]],[[-4.2302,50.33541],[-4.22996,50.33529],[-4.23005,50.33519],[-4.23027,50.33532],[-4.2302,50.33541]],[[-4.2289,50.33533],[-4.22918,50.33548],[-4.22896,50.3356],[-4.22872,50.33546],[-4.22873,50.33539],[-4.2289,50.33533]],[[-4.23026,50.33539],[-4.23031,50.33533],[-4.23044,50.33531],[-4.23052,50.33539],[-4.23041,50.33549],[-4.23026,50.33539]],[[-4.23162,50.33562],[-4.23153,50.33557],[-4.23162,50.33546],[-4.23177,50.33555],[-4.23175,50.33563],[-4.23162,50.33562]],[[-4.22931,50.33567],[-4.22931,50.33557],[-4.22946,50.33555],[-4.22959,50.33561],[-4.22966,50.3358],[-4.22953,50.33581],[-4.22942,50.33574],[-4.22938,50.33576],[-4.22931,50.33567]],[[-4.23079,50.33687],[-4.23086,50.33669],[-4.23117,50.33654],[-4.23131,50.33652],[-4.23117,50.33634],[-4.23122,50.3362],[-4.23139,50.33606],[-4.2316,50.33605],[-4.23176,50.33596],[-4.2319,50.33581],[-4.23212,50.3357],[-4.23218,50.33563],[-4.23231,50.33568],[-4.23245,50.33582],[-4.23264,50.33592],[-4.23284,50.33596],[-4.23294,50.33605],[-4.23264,50.33624],[-4.23273,50.33643],[-4.23291,50.33658],[-4.23282,50.33697],[-4.2326,50.33709],[-4.23248,50.33721],[-4.23223,50.33722],[-4.23219,50.3373],[-4.23189,50.33741],[-4.2321,50.33747],[-4.23184,50.33757],[-4.23168,50.3376],[-4.2316,50.33746],[-4.23099,50.33749],[-4.23114,50.33733],[-4.23127,50.3373],[-4.2313,50.33722],[-4.23117,50.33709],[-4.23112,50.33696],[-4.2309,50.33698],[-4.23067,50.33695],[-4.23079,50.33687]],[[-4.23142,50.33601],[-4.23119,50.33587],[-4.23122,50.33581],[-4.2315,50.33576],[-4.2317,50.33597],[-4.23142,50.33601]],[[-4.22952,50.33603],[-4.22942,50.33601],[-4.22931,50.33591],[-4.22929,50.33588],[-4.22937,50.33584],[-4.22955,50.33593],[-4.22952,50.33603]],[[-4.23098,50.33606],[-4.23083,50.33596],[-4.23081,50.33586],[-4.23093,50.33585],[-4.23115,50.33599],[-4.23098,50.33606]],[[-4.23024,50.33612],[-4.23007,50.3361],[-4.23003,50.33598],[-4.23027,50.3361],[-4.23024,50.33612]],[[-4.22977,50.33614],[-4.22965,50.33621],[-4.22953,50.3361],[-4.22968,50.33604],[-4.22977,50.33614]],[[-4.23009,50.33616],[-4.23025,50.33624],[-4.23029,50.33618],[-4.23043,50.33627],[-4.23046,50.33639],[-4.23005,50.33631],[-4.22997,50.33618],[-4.22981,50.33615],[-4.23009,50.33616]],[[-4.23098,50.33637],[-4.2307,50.33621],[-4.23075,50.33618],[-4.23089,50.33621],[-4.23105,50.33632],[-4.23098,50.33637]],[[-4.23057,50.33628],[-4.2307,50.33634],[-4.23069,50.33642],[-4.23062,50.33642],[-4.23052,50.33635],[-4.23057,50.33628]],[[-4.23094,50.33664],[-4.23078,50.33671],[-4.23067,50.33662],[-4.23079,50.33652],[-4.23094,50.33664]],[[-4.23437,50.33725],[-4.23445,50.3372],[-4.23464,50.3373],[-4.23471,50.3373],[-4.23476,50.33736],[-4.23466,50.3374],[-4.2346,50.33731],[-4.23452,50.33735],[-4.23437,50.33725]],[[-4.23335,50.33764],[-4.23342,50.33768],[-4.23342,50.33774],[-4.23319,50.33774],[-4.2331,50.33764],[-4.23335,50.33764]],[[-4.2347,50.3378],[-4.23482,50.33781],[-4.23498,50.33793],[-4.23485,50.33792],[-4.23473,50.33786],[-4.2347,50.3378]],[[-4.2342,50.33787],[-4.23439,50.33798],[-4.23435,50.3381],[-4.23415,50.33801],[-4.23415,50.3379],[-4.2342,50.33787]],[[-4.23343,50.33802],[-4.2336,50.33795],[-4.23391,50.33805],[-4.23392,50.33811],[-4.23352,50.3382],[-4.23342,50.33809],[-4.23343,50.33802]],[[-4.23475,50.33826],[-4.23464,50.33836],[-4.23453,50.33827],[-4.23462,50.3382],[-4.23475,50.33826]],[[-4.23513,50.33825],[-4.2352,50.33837],[-4.23504,50.33839],[-4.23494,50.33828],[-4.23513,50.33825]],[[-4.2346,50.33872],[-4.23435,50.33851],[-4.23466,50.33854],[-4.23466,50.33865],[-4.2346,50.33872]],[[-4.2356,50.33874],[-4.23557,50.33879],[-4.23545,50.33881],[-4.23536,50.33879],[-4.23531,50.33872],[-4.23548,50.3387],[-4.2356,50.33874]],[[-4.23671,50.33875],[-4.23692,50.33884],[-4.23689,50.33893],[-4.23667,50.33883],[-4.23671,50.33875]],[[-4.23559,50.33893],[-4.23572,50.33888],[-4.23578,50.33892],[-4.23589,50.33892],[-4.23592,50.33897],[-4.23568,50.33902],[-4.23559,50.33893]],[[-4.23555,50.33902],[-4.23545,50.33904],[-4.23537,50.33897],[-4.23549,50.33893],[-4.23555,50.33902]],[[-4.23588,50.33905],[-4.23596,50.33928],[-4.23586,50.33933],[-4.23577,50.33927],[-4.23572,50.33905],[-4.23588,50.33905]],[[-4.23537,50.33907],[-4.23554,50.33916],[-4.23559,50.33923],[-4.23533,50.3391],[-4.23537,50.33907]],[[-4.23628,50.33952],[-4.23603,50.33936],[-4.23604,50.33929],[-4.23609,50.33926],[-4.23655,50.33956],[-4.23628,50.33952]]]}},
{"type":"Feature","properties":{"types":"Allotments Or Community Growing Spaces","area_m2":8549.8},"geometry":{"type":"Polygon","coordinates":[[[-4.20235,50.33682],[-4.2017,50.33669],[-4.2017,50.33712],[-4.20164,50.33713],[-4.20161,50.33727],[-4.20047,50.33716],[-4.20033,50.33736],[-4.20036,50.33748],[-4.20049,50.33762],[-4.20069,50.3377],[-4.20155,50.3377],[-4.20191,50.33759],[-4.20212,50.33746],[-4.20227,50.33728],[-4.20235,50.33682]]]}},
{"type":"Feature","properties":{"types":"Other Sports Facility","area_m2":107232.1},"geometry":{"type":"MultiPolygon","coordinates":[[[[-4.20212,50.3436],[-4.20241,50.34353],[-4.20275,50.34349],[-4.20304,50.34352],[-4.20329,50.3435],[-4.20386,50.34326],[-4.20415,50.34326],[-4.2046,50.34311],[-4.20528,50.34312],[-4.2058,50.34307],[-4.2062,50.34313],[-4.20635,50.3432],[-4.20634,50.34296],[-4.20612,50.34282],[-4.20488,50.34286],[-4.20448,50.34292],[-4.20397,50.34306],[-4.20382,50.34306],[-4.20347,50.34299],[-4.20308,50.34274],[-4.20367,50.34231],[-4.20259,50.34214],[-4.20159,50.34193],[-4.20142,50.34187],[-4.20119,50.34208],[-4.20008,50.34155],[-4.20038,50.34131],[-4.19868,50.34073],[-4.19844,50.34061],[-4.19804,50.34019],[-4.19777,50.34017],[-4.19753,50.34024],[-4.19725,50.34038],[-4.19663,50.34129],[-4.19599,50.34172],[-4.19582,50.34174],[-4.19577,50.34178],[-4.19741,50.3414],[-4.19844,50.34319],[-4.20024,50.34401],[-4.20097,50.34384],[-4.20134,50.34381],[-4.20188,50.34362],[-4.20212,50.3436]]],[[[-4.20635,50.34321],[-4.20635,50.3432],[-4.20629,50.34322],[-4.20635,50.34321]]]]}},
{"type":"Feature","properties":{"types":"Playing Field; Public Park Or Garden","area_m2":1955337.0},"geometry":{"type":"Polygon","coordinates":[[[-4.18267,50.35088],[-4.1825,50.35079],[-4.18367,50.34975],[-4.18437,50.34921],[-4.18478,50.34898],[-4.18471,50.34895],[-4.18481,50.34871],[-4.1842,50.34802],[-4.18432,50.34791],[-4.18474,50.3478],[-4.18446,50.34713],[-4.18413,50.34719],[-4.18374,50.3465],[-4.18416,50.34641],[-4.18337,50.34528],[-4.18326,50.34531],[-4.18321,50.34526],[-4.18265,50.34446],[-4.18242,50.34379],[-4.18141,50.34331],[-4.18137,50.34261],[-4.18185,50.34267],[-4.18208,50.34241],[-4.18353,50.34232],[-4.18475,50.34237],[-4.18474,50.34273],[-4.18463,50.34289],[-4.18471,50.34294],[-4.18798,50.34306],[-4.18786,50.34279],[-4.1879,50.34209],[-4.18933,50.34152],[-4.19115,50.34105],[-4.19122,50.34105],[-4.19195,50.34158],[-4.1921,50.34151],[-4.19204,50.3414],[-4.19234,50.34102],[-4.19284,50.34094],[-4.19328,50.3407],[-4.1934,50.34071],[-4.19383,50.34035],[-4.19423,50.34014],[-4.19536,50.3403],[-4.1957,50.34063],[-4.19597,50.3408],[-4.19582,50.33996],[-4.19534,50.33968],[-4.19493,50.33953],[-4.1949,50.33949],[-4.19496,50.33936],[-4.19558,50.33893],[-4.1971,50.33825],[-4.19771,50.33792],[-4.19947,50.33656],[-4.20035,50.33543],[-4.2003,50.33529],[-4.20051,50.33498],[-4.20011,50.33487],[-4.20013,50.33481],[-4.20049,50.33474],[-4.20047,50.33469],[-4.20026,50.33464],[-4.20019,50.33469],[-4.20011,50.33467],[-4.20013,50.33462],[-4.1998,50.33462],[-4.19948,50.3347],[-4.19941,50.33481],[-4.1992,50.33494],[-4.19883,50.33499],[-4.1988,50.33497],[-4.19888,50.33491],[-4.199,50.33486],[-4.19889,50.33479],[-4.19903,50.33468],[-4.19898,50.33465],[-4.19935,50.33451],[-4.19937,50.33437],[-4.19922,50.33445],[-4.19889,50.33451],[-4.19874,50.3347],[-4.19838,50.33491],[-4.19815,50.33519],[-4.19777,50.33533],[-4.19753,50.33555],[-4.19722,50.33567],[-4.19636,50.33616],[-4.19624,50.3362],[-4.19599,50.33616],[-4.19592,50.33617],[-4.19577,50.33651],[-4.19546,50.33657],[-4.19541,50.3367],[-4.19512,50.33673],[-4.19487,50.33695],[-4.1944,50.33706],[-4.19408,50.33732],[-4.19363,50.33749],[-4.19317,50.33797],[-4.19263,50.3382],[-4.19234,50.33864],[-4.19116,50.33948],[-4.19076,50.33982],[-4.19057,50.33989],[-4.19036,50.3399],[-4.18995,50.33984],[-4.18974,50.33976],[-4.18981,50.33995],[-4.18978,50.34002],[-4.18944,50.34013],[-4.18913,50.34046],[-4.1885,50.34075],[-4.18784,50.34092],[-4.18741,50.34093],[-4.18713,50.34085],[-4.18682,50.34097],[-4.18649,50.34096],[-4.18609,50.34123],[-4.1859,50.34128],[-4.18562,50.34129],[-4.18536,50.3414],[-4.18512,50.34145],[-4.18486,50.34145],[-4.18442,50.34128],[-4.18358,50.34143],[-4.18325,50.34145],[-4.18296,50.34139],[-4.18269,50.34146],[-4.18252,50.34143],[-4.18219,50.34127],[-4.18202,50.34138],[-4.18166,50.34151],[-4.18115,50.34148],[-4.18089,50.34139],[-4.18078,50.34144],[-4.18068,50.34169],[-4.18055,50.34178],[-4.18061,50.34186],[-4.18057,50.34197],[-4.18035,50.34209],[-4.18022,50.34212],[-4.17993,50.34208],[-4.17974,50.34221],[-4.17943,50.3422],[-4.17924,50.34224],[-4.17912,50.34231],[-4.17903,50.34251],[-4.1789,50.34262],[-4.17857,50.3428],[-4.17812,50.34295],[-4.17773,50.343],[-4.1773,50.34314],[-4.1768,50.34319],[-4.17621,50.34331],[-4.1753,50.34336],[-4.17443,50.34326],[-4.17414,50.34341],[-4.17385,50.34348],[-4.17359,50.34341],[-4.17345,50.34344],[-4.17256,50.34322],[-4.17152,50.34313],[-4.17084,50.34301],[-4.17043,50.34299],[-4.17026,50.34304],[-4.17017,50.34316],[-4.17099,50.34325],[-4.17118,50.34331],[-4.17121,50.34337],[-4.17112,50.34359],[-4.17085,50.34385],[-4.17064,50.34394],[-4.1702,50.34405],[-4.16999,50.34423],[-4.16964,50.34423],[-4.16957,50.34415],[-4.16951,50.34395],[-4.16972,50.34379],[-4.1702,50.34355],[-4.17028,50.34345],[-4.17021,50.34342],[-4.17003,50.34348],[-4.16938,50.34382],[-4.16913,50.34401],[-4.16904,50.34414],[-4.16904,50.3444],[-4.16896,50.34448],[-4.16848,50.3447],[-4.16819,50.34467],[-4.16813,50.34483],[-4.16783,50.34508],[-4.16739,50.34523],[-4.16704,50.34547],[-4.1663,50.34629],[-4.16622,50.34653],[-4.16596,50.34684],[-4.16583,50.34729],[-4.16603,50.34734],[-4.1661,50.34745],[-4.16607,50.3476],[-4.16615,50.34766],[-4.16611,50.34772],[-4.16625,50.34776],[-4.16615,50.34779],[-4.1662,50.34789],[-4.16611,50.3479],[-4.16611,50.34795],[-4.16623,50.34802],[-4.16611,50.34808],[-4.16615,50.34819],[-4.16603,50.34828],[-4.16603,50.34834],[-4.16597,50.34834],[-4.16596,50.34838],[-4.16573,50.3484],[-4.16572,50.34845],[-4.166,50.34858],[-4.16594,50.34861],[-4.16594,50.3488],[-4.16581,50.34889],[-4.16584,50.34911],[-4.1656,50.34928],[-4.1656,50.34933],[-4.16572,50.34937],[-4.16556,50.34952],[-4.16552,50.3497],[-4.16576,50.34961],[-4.16607,50.34966],[-4.1663,50.34966],[-4.1665,50.34949],[-4.16653,50.3494],[-4.16661,50.34942],[-4.1667,50.34937],[-4.16677,50.34937],[-4.16709,50.34956],[-4.16718,50.34974],[-4.16722,50.35017],[-4.16689,50.35085],[-4.16689,50.35121],[-4.16673,50.35149],[-4.1669,50.35167],[-4.16699,50.35191],[-4.16712,50.35201],[-4.16773,50.35204],[-4.16786,50.35207],[-4.16801,50.35242],[-4.16845,50.35266],[-4.16844,50.35289],[-4.16849,50.35292],[-4.16877,50.35294],[-4.16878,50.35309],[-4.16893,50.35315],[-4.16952,50.35357],[-4.16976,50.35359],[-4.17003,50.3535],[-4.17033,50.35364],[-4.17102,50.35414],[-4.17165,50.35474],[-4.17198,50.35483],[-4.17226,50.35502],[-4.17236,50.35519],[-4.17279,50.35544],[-4.17293,50.35566],[-4.17294,50.35593],[-4.17285,50.35643],[-4.17274,50.35667],[-4.17248,50.35704],[-4.17202,50.35756],[-4.17149,50.35802],[-4.17143,50.35818],[-4.17146,50.3584],[-4.17155,50.35854],[-4.17164,50.35852],[-4.1717,50.35863],[-4.17162,50.35866],[-4.17171,50.35885],[-4.17186,50.35897],[-4.17201,50.35901],[-4.172,50.35899],[-4.17337,50.35909],[-4.1739,50.35921],[-4.17412,50.35931],[-4.17434,50.35952],[-4.17447,50.35973],[-4.17443,50.36019],[-4.17448,50.36039],[-4.17461,50.36033],[-4.17475,50.36034],[-4.17489,50.36013],[-4.17583,50.35957],[-4.1758,50.35954],[-4.17588,50.35949],[-4.17578,50.3594],[-4.17519,50.35936],[-4.17567,50.35731],[-4.17621,50.35722],[-4.17714,50.35677],[-4.17701,50.35666],[-4.17704,50.35664],[-4.17824,50.35614],[-4.17938,50.35598],[-4.18153,50.35603],[-4.18159,50.35599],[-4.18159,50.35575],[-4.18126,50.35575],[-4.18126,50.35571],[-4.18149,50.35562],[-4.18198,50.35566],[-4.18232,50.35555],[-4.1835,50.35498],[-4.18379,50.35476],[-4.18388,50.3546],[-4.18388,50.35412],[-4.1838,50.35387],[-4.1836,50.35355],[-4.18315,50.35305],[-4.18283,50.35247],[-4.18288,50.35245],[-4.18265,50.35219],[-4.18248,50.35188],[-4.18249,50.35141],[-4.18267,50.35088]],[[-4.17248,50.34481],[-4.17288,50.34474],[-4.17301,50.34502],[-4.17261,50.3451],[-4.17248,50.34481]]]}},
{"type":"Feature","properties":{"types":"Other Sports Facility; Play Space; Playing Field","area_m2":40463.7},"geometry":{"type":"Polygon","coordinates":[[[-4.21226,50.35057],[-4.21207,50.35102],[-4.21179,50.35116],[-4.21105,50.35057],[-4.21086,50.35055],[-4.21014,50.35057],[-4.20987,50.35071],[-4.20973,50.35098],[-4.20995,50.35106],[-4.21078,50.35174],[-4.21118,50.35197],[-4.21141,50.35201],[-4.21146,50.35204],[-4.2114,50.35208],[-4.21231,50.35232],[-4.21265,50.35233],[-4.21306,50.35227],[-4.2135,50.35213],[-4.21375,50.352],[-4.21384,50.35181],[-4.21375,50.35172],[-4.21376,50.35162],[-4.21426,50.35097],[-4.21375,50.35082],[-4.2124,50.35051],[-4.21226,50.35057]]]}},
{"type":"Feature","properties":{"types":"Play Space; Public Park Or Garden","area_m2":5077.3},"geometry":{"type":"Polygon","coordinates":[[[-4.17769,50.36548],[-4.17741,50.36572],[-4.17736,50.36585],[-4.17739,50.36601],[-4.17699,50.36618],[-4.17704,50.36629],[-4.17706,50.36625],[-4.17829,50.36573],[-4.17839,50.36566],[-4.17841,50.36557],[-4.17822,50.36511],[-4.17768,50.36513],[-4.17769,50.36548]]]}},
{"type":"Feature","properties":{"types":"Playing Field","area_m2":25396.1},"geometry":{"type":"Polygon","coordinates":[[[-4.20975,50.37287],[-4.20934,50.37285],[-4.20876,50.37271],[-4.20857,50.37265],[-4.2085,50.37256],[-4.20833,50.37261],[-4.20823,50.37251],[-4.20756,50.37297],[-4.20759,50.37306],[-4.20716,50.37345],[-4.20689,50.37358],[-4.20694,50.37366],[-4.20771,50.37363],[-4.20858,50.37369],[-4.20857,50.37373],[-4.20878,50.37378],[-4.20991,50.37374],[-4.21076,50.37377],[-4.21095,50.37369],[-4.21117,50.37347],[-4.21083,50.37316],[-4.20975,50.37287]]]}},
{"type":"Feature","properties":{"types":"Play Space; Playing Field; Public Park Or Garden","area_m2":129988.6},"geometry":{"type":"Polygon","coordinates":[[[-4.17699,50.37528],[-4.17622,50.37515],[-4.17623,50.37482],[-4.17463,50.37481],[-4.17453,50.37512],[-4.17442,50.37515],[-4.17436,50.37532],[-4.17312,50.37473],[-4.1726,50.37382],[-4.17275,50.37374],[-4.17147,50.37373],[-4.17122,50.37375],[-4.17117,50.37381],[-4.17105,50.37382],[-4.17096,50.37379],[-4.1706,50.37386],[-4.17032,50.37396],[-4.16965,50.37464],[-4.16959,50.37481],[-4.1697,50.37498],[-4.17078,50.37601],[-4.17093,50.37624],[-4.17103,50.37626],[-4.17112,50.37635],[-4.17106,50.37637],[-4.17109,50.37639],[-4.17126,50.37638],[-4.17121,50.37651],[-4.17141,50.37654],[-4.17131,50.37661],[-4.17139,50.37661],[-4.17151,50.37673],[-4.17148,50.3768],[-4.17163,50.37689],[-4.17219,50.37742],[-4.17229,50.37761],[-4.17243,50.37764],[-4.17584,50.37713],[-4.1758,50.3771],[-4.17568,50.37714],[-4.17568,50.37701],[-4.17595,50.37697],[-4.17598,50.37705],[-4.17601,50.37688],[-4.17605,50.37699],[-4.17618,50.37669],[-4.17688,50.37575],[-4.177,50.37544],[-4.17699,50.37528]],[[-4.17068,50.37388],[-4.17105,50.37382],[-4.17107,50.37386],[-4.17099,50.37392],[-4.17069,50.37396],[-4.17068,50.37388]],[[-4.17088,50.37527],[-4.17037,50.3755],[-4.17011,50.37524],[-4.17063,50.37502],[-4.17088,50.37527]],[[-4.17353,50.37498],[-4.17373,50.37504],[-4.17377,50.37508],[-4.17367,50.37521],[-4.17362,50.3752],[-4.17357,50.37526],[-4.17335,50.3752],[-4.17347,50.37506],[-4.17355,50.37509],[-4.17357,50.37505],[-4.1735,50.37503],[-4.17353,50.37498]],[[-4.17288,50.37567],[-4.17276,50.37586],[-4.17266,50.37621],[-4.17207,50.37613],[-4.1722,50.37576],[-4.17256,50.37567],[-4.17288,50.37567]]]}},
{"type":"Feature","properties":{"types":"Public Park Or Garden","area_m2":25322.0},"geometry":{"type":"Polygon","coordinates":[[[-4.17872,50.37669],[-4.17879,50.37665],[-4.17932,50.37549],[-4.17921,50.37542],[-4.17939,50.37534],[-4.17747,50.37547],[-4.1773,50.37544],[-4.17735,50.3753],[-4.17727,50.37529],[-4.17729,50.37498],[-4.17725,50.37498],[-4.17722,50.3755],[-4.17643,50.37662],[-4.17641,50.37677],[-4.17655,50.37689],[-4.17675,50.37695],[-4.17872,50.37669]]]}},
{"type":"Feature","properties":{"types":"Allotments Or Community Growing Spaces; Other Sports Facility; Play Space; Public Park Or Garden","area_m2":91586.1},"geometry":{"type":"Polygon","coordinates":[[[-4.20288,50.3786],[-4.20218,50.37825],[-4.2,50.37814],[-4.2,50.37836],[-4.20025,50.37854],[-4.20066,50.37874],[-4.20132,50.37884],[-4.20165,50.37882],[-4.20204,50.37873],[-4.20216,50.37886],[-4.20256,50.37899],[-4.20238,50.37913],[-4.20247,50.37945],[-4.20252,50.3803],[-4.20261,50.3803],[-4.20263,50.38075],[-4.20255,50.38081],[-4.20257,50.38087],[-4.20282,50.38088],[-4.2037,50.38072],[-4.20444,50.38084],[-4.20531,50.38078],[-4.2065,50.38086],[-4.20904,50.38067],[-4.20881,50.3803],[-4.20848,50.38001],[-4.2072,50.37912],[-4.20679,50.37895],[-4.20627,50.37861],[-4.20621,50.37888],[-4.20631,50.37903],[-4.20553,50.37896],[-4.20527,50.37917],[-4.20428,50.3791],[-4.2043,50.37906],[-4.20385,50.37907],[-4.20312,50.37845],[-4.20288,50.3786]],[[-4.20609,50.37981],[-4.20584,50.37936],[-4.20587,50.37926],[-4.20638,50.37917],[-4.20659,50.37967],[-4.20651,50.37974],[-4.2062,50.37983],[-4.20609,50.37981]],[[-4.20535,50.37934],[-4.20556,50.37961],[-4.20537,50.37966],[-4.20517,50.37939],[-4.20535,50.37934]],[[-4.20556,50.37961],[-4.20573,50.37956],[-4.20592,50.37981],[-4.20575,50.37985],[-4.20556,50.37961]]]}},
{"type":"Feature","properties":{"types":"Playing Field","area_m2":34972.8},"geometry":{"type":"Polygon","coordinates":[[[-4.21173,50.38134],[-4.21177,50.38096],[-4.21173,50.3802],[-4.21155,50.38013],[-4.21137,50.38024],[-4.21086,50.38038],[-4.21043,50.38041],[-4.20983,50.38038],[-4.20944,50.38043],[-4.20917,50.38042],[-4.2095,50.3819],[-4.20991,50.3826],[-4.21078,50.38218],[-4.21188,50.38171],[-4.21173,50.38134]],[[-4.21077,50.38198],[-4.21063,50.38202],[-4.21061,50.38199],[-4.21077,50.38198]]]}},
{"type":"Feature","properties":{"types":"Playing Field","area_m2":20693.8},"geometry":{"type":"Polygon","coordinates":[[[-4.18072,50.38427],[-4.18077,50.38422],[-4.18067,50.38391],[-4.18015,50.38399],[-4.18008,50.38376],[-4.17999,50.38375],[-4.17746,50.38409],[-4.17771,50.38475],[-4.18066,50.38475],[-4.18053,50.38455],[-4.1809,50.38445],[-4.18081,50.38431],[-4.18072,50.38427]]]}},
{"type":"Feature","properties":{"types":"Public Park Or Garden","area_m2":15348.1},"geometry":{"type":"Polygon","coordinates":[[[-4.17662,50.38765],[-4.1758,50.38773],[-4.17575,50.38776],[-4.17576,50.38791],[-4.17619,50.38858],[-4.17845,50.388],[-4.17829,50.38782],[-4.17801,50.38726],[-4.17662,50.38765]]]}},
{"type":"Feature","properties":{"types":"Allotments Or Community Growing Spaces","area_m2":12362.6},"geometry":{"type":"Polygon","coordinates":[[[-4.17699,50.39281],[-4.17746,50.39267],[-4.17756,50.3926],[-4.17743,50.39239],[-4.17737,50.39239],[-4.17739,50.39245],[-4.17733,50.39246],[-4.17731,50.3924],[-4.17706,50.39242],[-4.17635,50.39122],[-4.1763,50.39124],[-4.17632,50.39117],[-4.17538,50.39142],[-4.17589,50.39182],[-4.17603,50.39206],[-4.17616,50.39253],[-4.17611,50.39254],[-4.17635,50.39295],[-4.17699,50.39281]]]}},
{"type":"Feature","properties":{"types":"Allotments Or Community Growing Spaces","area_m2":11849.4},"geometry":{"type":"Polygon","coordinates":[[[-4.17808,50.39314],[-4.17809,50.3932],[-4.17844,50.39331],[-4.17848,50.39339],[-4.17913,50.39353],[-4.17949,50.39375],[-4.18023,50.39364],[-4.18119,50.39327],[-4.18102,50.39252],[-4.18075,50.39281],[-4.17902,50.39338],[-4.17853,50.39328],[-4.17807,50.39266],[-4.17775,50.39282],[-4.17774,50.39286],[-4.1776,50.39289],[-4.17775,50.39293],[-4.17768,50.39296],[-4.17778,50.39305],[-4.17784,50.39308],[-4.17794,50.39305],[-4.17808,50.39314]]]}},
{"type":"Feature","properties":{"types":"Other Sports Facility","area_m2":13540.1},"geometry":{"type":"Polygon","coordinates":[[[-4.19869,50.39758],[-4.19863,50.3976],[-4.19855,50.39756],[-4.19851,50.39745],[-4.19878,50.39719],[-4.19922,50.39738],[-4.19782,50.39667],[-4.1968,50.39714],[-4.19694,50.39729],[-4.19726,50.39749],[-4.19777,50.39801],[-4.19842,50.39826],[-4.19874,50.39786],[-4.19868,50.39783],[-4.19861,50.39785],[-4.19852,50.39778],[-4.19854,50.39769],[-4.19869,50.39758]]]}},
{"type":"Feature","properties":{"types":"Playing Field","area_m2":7916.2},"geometry":{"type":"Polygon","coordinates":[[[-4.19511,50.39699],[-4.19444,50.39712],[-4.19437,50.39708],[-4.19425,50.39732],[-4.19466,50.39815],[-4.19565,50.39792],[-4.19511,50.39699]]]}},
{"type":"Feature","properties":{"types":"Playing Field","area_m2":6528.5},"geometry":{"type":"Polygon","coordinates":[[[-4.20029,50.39851],[-4.20028,50.39871],[-4.20038,50.39884],[-4.20051,50.39892],[-4.20093,50.39895],[-4.20117,50.39885],[-4.20153,50.39858],[-4.2016,50.39844],[-4.20158,50.3983],[-4.20137,50.39813],[-4.20103,50.39807],[-4.20083,50.39811],[-4.20061,50.39825],[-4.20029,50.39851]]]}},
{"type":"Feature","properties":{"types":"Playing Field","area_m2":7544.6},"geometry":{"type":"Polygon","coordinates":[[[-4.20014,50.39892],[-4.19922,50.3982],[-4.19843,50.39861],[-4.19935,50.39933],[-4.20014,50.39892]]]}},
{"type":"Feature","properties":{"types":"Playing Field","area_m2":12229.8},"geometry":{"type":"Polygon","coordinates":[[[-4.19411,50.3985],[-4.19394,50.39878],[-4.19372,50.39902],[-4.19356,50.39903],[-4.19361,50.39919],[-4.19505,50.39974],[-4.19512,50.39984],[-4.19604,50.39934],[-4.19588,50.39924],[-4.19411,50.3985]]]}},
{"type":"Feature","properties":{"types":"Playing Field","area_m2":10959.6},"geometry":{"type":"Polygon","coordinates":[[[-4.19855,50.3994],[-4.19756,50.39883],[-4.197,50.39904],[-4.19698,50.39913],[-4.19642,50.39944],[-4.19663,50.3996],[-4.19703,50.39977],[-4.19754,50.39994],[-4.19788,50.39999],[-4.19843,50.39955],[-4.19855,50.3994]]]}},
{"type":"Feature","properties":{"types":"Other Sports Facility; Play Space; Public Park Or Garden","area_m2":8844.9},"geometry":{"type":"Polygon","coordinates":[[[-4.1911,50.40044],[-4.19109,50.40049],[-4.19065,50.40046],[-4.19064,50.40064],[-4.1903,50.40065],[-4.19031,50.40074],[-4.18985,50.40067],[-4.18967,50.40069],[-4.18957,50.40075],[-4.18944,50.40111],[-4.18948,50.40117],[-4.19023,50.40122],[-4.19085,50.40119],[-4.19118,50.40113],[-4.19179,50.40093],[-4.19177,50.40089],[-4.19141,50.4008],[-4.19116,50.40045],[-4.1911,50.40044]]]}},
{"type":"Feature","properties":{"types":"Play Space; Public Park Or Garden","area_m2":5309.8},"geometry":{"type":"Polygon","coordinates":[[[-4.19297,50.40235],[-4.19212,50.40251],[-4.19217,50.40257],[-4.19281,50.40247],[-4.19339,50.40249],[-4.19408,50.40238],[-4.19483,50.40236],[-4.19476,50.40226],[-4.19472,50.40201],[-4.19476,50.40181],[-4.19297,50.40235]]]}},
{"type":"Feature","properties":{"types":"Public Park Or Garden","area_m2":6185.2},"geometry":{"type":"Polygon","coordinates":[[[-4.19597,50.40685],[-4.19626,50.40683],[-4.19632,50.40693],[-4.1969,50.40693],[-4.19699,50.40688],[-4.19723,50.40694],[-4.19718,50.40679],[-4.19669,50.40628],[-4.19637,50.40633],[-4.19639,50.40637],[-4.19624,50.40641],[-4.19622,50.40646],[-4.19544,50.4066],[-4.1954,50.40668],[-4.1955,50.407],[-4.19593,50.40696],[-4.19597,50.40685]]]}},
{"type":"Feature","properties":{"types":"Public Park Or Garden","area_m2":7445.1},"geometry":{"type":"Polygon","coordinates":[[[-4.19094,50.40709],[-4.19093,50.40711],[-4.19157,50.40722],[-4.19247,50.40717],[-4.19415,50.40722],[-4.19433,50.40713],[-4.19467,50.40708],[-4.19473,50.40713],[-4.19531,50.40705],[-4.19537,50.40699],[-4.1953,50.4067],[-4.19521,50.40666],[-4.19179,50.40717],[-4.19152,50.40718],[-4.19094,50.40709]]]}},
{"type":"Feature","properties":{"types":"Play Space; Playing Field","area_m2":13688.1},"geometry":{"type":"Polygon","coordinates":[[[-4.18281,50.4081],[-4.18251,50.40781],[-4.18248,50.40782],[-4.18275,50.40809],[-4.18255,50.40817],[-4.18227,50.40791],[-4.18193,50.40806],[-4.18173,50.40806],[-4.18153,50.40787],[-4.18155,50.40779],[-4.18171,50.40772],[-4.18165,50.40765],[-4.18116,50.4079],[-4.18096,50.40793],[-4.1807,50.40794],[-4.17961,50.40783],[-4.17958,50.40787],[-4.17989,50.40796],[-4.18008,50.40807],[-4.18027,50.40823],[-4.18048,50.4085],[-4.18103,50.40865],[-4.18161,50.40873],[-4.18183,50.40873],[-4.18284,50.40839],[-4.18276,50.40828],[-4.18288,50.40824],[-4.18278,50.40811],[-4.18281,50.4081]]]}},
{"type":"Feature","properties":{"types":"Public Park Or Garden","area_m2":10337.3},"geometry":{"type":"Polygon","coordinates":[[[-4.20702,50.40887],[-4.20679,50.40878],[-4.20674,50.40884],[-4.20679,50.40886],[-4.20638,50.40915],[-4.20632,50.40924],[-4.20646,50.40977],[-4.20657,50.40985],[-4.20688,50.4099],[-4.20702,50.41071],[-4.2071,50.41088],[-4.20762,50.41087],[-4.2075,50.41063],[-4.20722,50.40905],[-4.20702,50.40887]]]}},
{"type":"Feature","properties":{"types":"Playing Field","area_m2":49885.1},"geometry":{"type":"Polygon","coordinates":[[[-4.18414,50.41434],[-4.18384,50.41407],[-4.18326,50.41371],[-4.18121,50.41431],[-4.18191,50.41494],[-4.1816,50.41502],[-4.18117,50.41507],[-4.18117,50.41509],[-4.18255,50.41597],[-4.18428,50.41602],[-4.1859,50.41596],[-4.1849,50.41516],[-4.18414,50.41434]]]}},
{"type":"Feature","properties":{"types":"Other Sports Facility; Play Space; Public Park Or Garden","area_m2":55350.6},"geometry":{"type":"Polygon","coordinates":[[[-4.21317,50.41647],[-4.2138,50.41605],[-4.2137,50.41595],[-4.21378,50.41591],[-4.21385,50.41594],[-4.21383,50.41589],[-4.21479,50.41529],[-4.21488,50.41534],[-4.21497,50.41528],[-4.21496,50.41517],[-4.21544,50.41504],[-4.2156,50.41504],[-4.21519,50.41461],[-4.21479,50.41446],[-4.21404,50.41464],[-4.21371,50.41461],[-4.21348,50.41454],[-4.21242,50.41392],[-4.21245,50.4139],[-4.21217,50.41378],[-4.21199,50.41374],[-4.21187,50.41375],[-4.21101,50.41354],[-4.21084,50.41353],[-4.2108,50.41356],[-4.21128,50.41379],[-4.21139,50.41377],[-4.21162,50.41394],[-4.21151,50.41503],[-4.21154,50.41573],[-4.21171,50.41646],[-4.21192,50.4167],[-4.2122,50.41688],[-4.21241,50.4169],[-4.21317,50.41647]]]}},
{"type":"Feature","properties":{"types":"Public Park Or Garden","area_m2":121227.2},"geometry":{"type":"Polygon","coordinates":[[[-4.18748,50.42382],[-4.1874,50.4239],[-4.18774,50.4237],[-4.1878,50.42374],[-4.18784,50.42371],[-4.18777,50.42367],[-4.18802,50.42348],[-4.18719,50.42295],[-4.18734,50.42285],[-4.18654,50.42232],[-4.18627,50.42162],[-4.18505,50.41961],[-4.18367,50.41991],[-4.18362,50.42145],[-4.18355,50.42171],[-4.18341,50.42192],[-4.18309,50.42222],[-4.18255,50.42247],[-4.18202,50.42259],[-4.1814,50.42262],[-4.18037,50.42245],[-4.17676,50.42146],[-4.17581,50.42154],[-4.1752,50.42146],[-4.17484,50.42134],[-4.17475,50.42137],[-4.17391,50.42103],[-4.17422,50.42089],[-4.17421,50.42087],[-4.1737,50.42106],[-4.17288,50.42122],[-4.17252,50.42086],[-4.17242,50.4209],[-4.17205,50.42093],[-4.17212,50.42115],[-4.17174,50.4212],[-4.17155,50.42134],[-4.17116,50.42145],[-4.17081,50.42147],[-4.17057,50.42144],[-4.17105,50.42186],[-4.17139,50.42204],[-4.17158,50.42205],[-4.1717,50.42212],[-4.17186,50.42213],[-4.17243,50.42202],[-4.17271,50.42191],[-4.1727,50.42183],[-4.17286,50.42179],[-4.1729,50.42185],[-4.17245,50.42205],[-4.17187,50.42216],[-4.17167,50.42216],[-4.17219,50.42236],[-4.17243,50.42236],[-4.17281,50.42223],[-4.17301,50.42221],[-4.17414,50.42229],[-4.17539,50.42192],[-4.17571,50.42188],[-4.17631,50.42191],[-4.17731,50.42209],[-4.17773,50.42208],[-4.17791,50.42211],[-4.17863,50.42233],[-4.17954,50.42268],[-4.18108,50.42311],[-4.18159,50.42317],[-4.18228,50.42319],[-4.18396,50.42312],[-4.18442,50.42327],[-4.1843,50.42312],[-4.18431,50.42302],[-4.18479,50.42276],[-4.18492,50.42242],[-4.18479,50.42205],[-4.18484,50.42179],[-4.18483,50.42159],[-4.18477,50.42159],[-4.18478,50.42131],[-4.1843,50.42059],[-4.1843,50.42043],[-4.18416,50.42026],[-4.18412,50.42004],[-4.18416,50.41999],[-4.1845,50.41997],[-4.18468,50.42008],[-4.18517,50.4208],[-4.18557,50.4212],[-4.18572,50.42162],[-4.18582,50.42177],[-4.18586,50.42206],[-4.18609,50.42278],[-4.18604,50.42343],[-4.18595,50.42347],[-4.18596,50.42352],[-4.18607,50.42359],[-4.18615,50.42358],[-4.18669,50.42369],[-4.18746,50.42374],[-4.18748,50.42382]]]}},
{"type":"Feature","properties":{"types":"Playing Field","area_m2":13993.6},"geometry":{"type":"Polygon","coordinates":[[[-4.21511,50.43833],[-4.21512,50.43815],[-4.21426,50.43739],[-4.21322,50.43849],[-4.21428,50.43914],[-4.21451,50.43901],[-4.2147,50.43882],[-4.21511,50.43833]]]}},
{"type":"Feature","properties":{"types":"Allotments Or Community Growing Spaces","area_m2":34107.7},"geometry":{"type":"Polygon","coordinates":[[[-4.18682,50.47743],[-4.18717,50.47733],[-4.18757,50.47717],[-4.19,50.47599],[-4.19033,50.47588],[-4.18937,50.47493],[-4.18915,50.47501],[-4.18833,50.47555],[-4.18704,50.47615],[-4.18668,50.47641],[-4.1861,50.47694],[-4.18682,50.47743]]]}},
{"type":"Feature","properties":{"types":"Play Space; Playing Field","area_m2":30041.0},"geometry":{"type":"Polygon","coordinates":[[[-4.18252,50.47896],[-4.18226,50.4798],[-4.18355,50.47987],[-4.18403,50.48],[-4.18415,50.47982],[-4.18449,50.47993],[-4.18456,50.48001],[-4.18534,50.47933],[-4.18592,50.47889],[-4.18549,50.47842],[-4.18548,50.47835],[-4.18426,50.4785],[-4.18252,50.47896]]]}},
{"type":"Feature","properties":{"types":"Playing Field","area_m2":12089.0},"geometry":{"type":"Polygon","coordinates":[[[-4.20492,50.49404],[-4.20476,50.4941],[-4.20462,50.49388],[-4.20345,50.49453],[-4.20359,50.49465],[-4.20403,50.49489],[-4.20439,50.49504],[-4.20483,50.49515],[-4.20542,50.49494],[-4.2056,50.495],[-4.20575,50.49494],[-4.20492,50.49404]]]}},
{"type":"Feature","properties":{"types":"Allotments Or Community Growing Spaces","area_m2":5469.6},"geometry":{"type":"Polygon","coordinates":[[[-4.20354,50.49948],[-4.20453,50.49953],[-4.20464,50.49888],[-4.20365,50.49875],[-4.20354,50.49948]]]}},
{"type":"Feature","properties":{"types":"Play Space; Playing Field","area_m2":11364.9},"geometry":{"type":"Polygon","coordinates":[[[-4.20721,50.5203],[-4.20762,50.52126],[-4.2078,50.52116],[-4.20816,50.52109],[-4.20871,50.52087],[-4.20899,50.52083],[-4.20896,50.51998],[-4.20887,50.51999],[-4.2089,50.5203],[-4.20868,50.52031],[-4.20864,50.51999],[-4.20721,50.5203]]]}},
{"type":"Feature","properties":{"types":"Playing Field","area_m2":7604.9},"geometry":{"type":"Polygon","coordinates":[[[-4.21724,50.5251],[-4.21728,50.52439],[-4.21695,50.52405],[-4.21616,50.52432],[-4.21584,50.52458],[-4.21607,50.52469],[-4.2161,50.52488],[-4.21724,50.5251]]]}},
{"type":"Feature","properties":{"types":"Playing Field","area_m2":24235.0},"geometry":{"type":"Polygon","coordinates":[[[-4.21627,50.53194],[-4.21488,50.53184],[-4.21489,50.53283],[-4.21548,50.53345],[-4.2159,50.53371],[-4.21634,50.53341],[-4.21673,50.53298],[-4.21728,50.5327],[-4.21727,50.53261],[-4.21734,50.53256],[-4.21685,50.53197],[-4.21668,50.53183],[-4.21627,50.53194]]]}},
{"type":"Feature","properties":{"types":"Allotments Or Community Growing Spaces","area_m2":5693.3},"geometry":{"type":"Polygon","coordinates":[[[-4.18789,50.56901],[-4.18779,50.56983],[-4.188,50.56983],[-4.18837,50.56973],[-4.18873,50.56948],[-4.18885,50.56926],[-4.18885,50.56906],[-4.18876,50.56884],[-4.18831,50.56899],[-4.18831,50.56903],[-4.18789,50.56901]]]}},
{"type":"Feature","properties":{"types":"Play Space; Playing Field","area_m2":20472.6},"geometry":{"type":"Polygon","coordinates":[[[-4.19449,50.56887],[-4.19374,50.56913],[-4.19341,50.56919],[-4.19277,50.56912],[-4.19279,50.56937],[-4.1929,50.56976],[-4.19323,50.56976],[-4.19334,50.57027],[-4.19406,50.56995],[-4.19436,50.57037],[-4.19476,50.57019],[-4.19527,50.5701],[-4.19586,50.56995],[-4.19565,50.56976],[-4.19518,50.56942],[-4.19541,50.56931],[-4.19506,50.5691],[-4.19449,50.56887]],[[-4.19481,50.56964],[-4.19495,50.56979],[-4.19452,50.56996],[-4.19438,50.56981],[-4.19481,50.56964]]]}},
{"type":"Feature","properties":{"types":"Other Sports Facility","area_m2":21611.5},"geometry":{"type":"Polygon","coordinates":[[[-4.19143,50.65967],[-4.19134,50.65968],[-4.1913,50.65961],[-4.19118,50.65962],[-4.19118,50.65966],[-4.1892,50.65972],[-4.18968,50.66027],[-4.19022,50.66102],[-4.19069,50.66132],[-4.19165,50.66074],[-4.19199,50.66062],[-4.19143,50.65967]]]}},
{"type":"Feature","properties":{"types":"Play Space; Playing Field","area_m2":12569.4},"geometry":{"type":"Polygon","coordinates":[[[-4.20799,50.77849],[-4.20804,50.77844],[-4.2081,50.77845],[-4.20749,50.77719],[-4.20734,50.77724],[-4.2072,50.77718],[-4.20724,50.77727],[-4.20719,50.77732],[-4.20693,50.77728],[-4.2065,50.77735],[-4.20636,50.7775],[-4.20695,50.77865],[-4.20704,50.77857],[-4.20715,50.77863],[-4.20769,50.77856],[-4.20799,50.77849]]]}},
{"type":"Feature","properties":{"types":"Playing Field","area_m2":12934.0},"geometry":{"type":"Polygon","coordinates":[[[-4.21001,50.86243],[-4.21009,50.86246],[-4.21073,50.86245],[-4.21065,50.8621],[-4.21105,50.86208],[-4.21086,50.86159],[-4.21067,50.86077],[-4.21054,50.86074],[-4.20966,50.86075],[-4.21001,50.86243]]]}},
{"type":"Feature","properties":{"types":"Other Sports Facility","area_m2":26222.1},"geometry":{"type":"Polygon","coordinates":[[[-4.20697,50.86219],[-4.20626,50.86195],[-4.20611,50.86227],[-4.20556,50.86229],[-4.20588,50.86187],[-4.20513,50.86182],[-4.20432,50.86171],[-4.2043,50.86187],[-4.20386,50.86197],[-4.20339,50.86198],[-4.20363,50.86248],[-4.20376,50.86322],[-4.20528,50.86295],[-4.20682,50.86285],[-4.20685,50.8628],[-4.20706,50.86275],[-4.20724,50.86264],[-4.20697,50.86219]],[[-4.20396,50.86317],[-4.20383,50.86285],[-4.20446,50.86275],[-4.20459,50.86306],[-4.20396,50.86317]]]}},
{"type":"Feature","properties":{"types":"Play Space; Playing Field","area_m2":5103.2},"geometry":{"type":"Polygon","coordinates":[[[-4.21632,50.86258],[-4.21607,50.86195],[-4.2151,50.86218],[-4.2155,50.86284],[-4.21632,50.86258]]]}},
{"type":"Feature","properties":{"types":"Play Space; Playing Field","area_m2":8084.1},"geometry":{"type":"Polygon","coordinates":[[[-4.21677,50.99142],[-4.21765,50.99065],[-4.21563,50.99064],[-4.21616,50.99144],[-4.21677,50.99142]]]}},
{"type":"Feature","properties":{"types":"Other Sports Facility","area_m2":13317.0},"geometry":{"type":"Polygon","coordinates":[[[-4.23349,51.00491],[-4.23486,51.0048],[-4.23489,51.0049],[-4.23549,51.00485],[-4.23536,51.00475],[-4.23519,51.00452],[-4.23485,51.00385],[-4.23357,51.00398],[-4.23237,51.00422],[-4.23287,51.00472],[-4.23304,51.00464],[-4.23333,51.00486],[-4.23349,51.00491]],[[-4.23424,51.00402],[-4.23469,51.00397],[-4.23478,51.00428],[-4.23433,51.00434],[-4.23424,51.00402]],[[-4.23379,51.00442],[-4.23367,51.0041],[-4.23413,51.00404],[-4.23425,51.00435],[-4.23379,51.00442]],[[-4.23327,51.00449],[-4.23315,51.00418],[-4.2336,51.00411],[-4.23372,51.00442],[-4.23327,51.00449]]]}},
{"type":"Feature","properties":{"types":"Allotments Or Community Growing Spaces","area_m2":15791.4},"geometry":{"type":"Polygon","coordinates":[[[-4.22626,51.00743],[-4.22518,51.00751],[-4.22501,51.00758],[-4.22464,51.00784],[-4.22421,51.00834],[-4.22434,51.00872],[-4.22464,51.00867],[-4.22495,51.00868],[-4.22549,51.00847],[-4.22588,51.00843],[-4.22666,51.00825],[-4.22626,51.00743]]]}},
{"type":"Feature","properties":{"types":"Allotments Or Community Growing Spaces","area_m2":13639.5},"geometry":{"type":"Polygon","coordinates":[[[-4.21619,51.0131],[-4.21525,51.01296],[-4.21518,51.01315],[-4.21448,51.01427],[-4.21447,51.01458],[-4.21478,51.01463],[-4.21559,51.01462],[-4.21573,51.01411],[-4.21619,51.0131]]]}},
{"type":"Feature","properties":{"types":"Allotments Or Community Growing Spaces","area_m2":9503.3},"geometry":{"type":"Polygon","coordinates":[[[-4.20877,51.01447],[-4.2088,51.01452],[-4.20934,51.01465],[-4.20961,51.01461],[-4.21055,51.0146],[-4.21068,51.01398],[-4.20899,51.01386],[-4.20877,51.01447]]]}},
{"type":"Feature","properties":{"types":"Other Sports Facility","area_m2":63125.9},"geometry":{"type":"Polygon","coordinates":[[[-4.22543,51.01395],[-4.22485,51.01429],[-4.22642,51.0148],[-4.22972,51.01541],[-4.2298,51.01453],[-4.23002,51.0141],[-4.23008,51.0141],[-4.22996,51.01349],[-4.22984,51.01327],[-4.22967,51.01313],[-4.22914,51.01283],[-4.22669,51.0134],[-4.22657,51.01322],[-4.22666,51.01341],[-4.22564,51.01367],[-4.22541,51.01379],[-4.22543,51.01395]]]}},
{"type":"Feature","properties":{"types":"Public Park Or Garden","area_m2":13475.7},"geometry":{"type":"Polygon","coordinates":[[[-4.22555,51.01696],[-4.22746,51.01717],[-4.22752,51.01712],[-4.22772,51.01667],[-4.22764,51.01639],[-4.22757,51.0164],[-4.22756,51.01637],[-4.22762,51.01635],[-4.22701,51.01621],[-4.22686,51.01623],[-4.22598,51.01605],[-4.22551,51.01689],[-4.22555,51.01696]]]}},
{"type":"Feature","properties":{"types":"Play Space; Playing Field","area_m2":6864.0},"geometry":{"type":"Polygon","coordinates":[[[-4.2279,51.01797],[-4.22806,51.01821],[-4.22796,51.01827],[-4.22803,51.01837],[-4.2279,51.01839],[-4.22792,51.01844],[-4.22752,51.01855],[-4.22788,51.01899],[-4.22824,51.01968],[-4.22862,51.0195],[-4.22864,51.01944],[-4.22897,51.01943],[-4.22924,51.01925],[-4.22896,51.01941],[-4.22876,51.0193],[-4.22853,51.01879],[-4.2279,51.01797]]]}},
{"type":"Feature","properties":{"types":"Allotments Or Community Growing Spaces","area_m2":13283.6},"geometry":{"type":"Polygon","coordinates":[[[-4.24343,51.01863],[-4.2435,51.01944],[-4.24554,51.01936],[-4.24558,51.0191],[-4.24551,51.01857],[-4.24427,51.01858],[-4.24395,51.01855],[-4.24382,51.01862],[-4.24343,51.01863]]]}},
{"type":"Feature","properties":{"types":"Other Sports Facility","area_m2":19718.4},"geometry":{"type":"Polygon","coordinates":[[[-4.20735,51.03871],[-4.20689,51.03866],[-4.20724,51.03985],[-4.20906,51.03977],[-4.20906,51.03972],[-4.20914,51.03972],[-4.20914,51.03976],[-4.20951,51.03976],[-4.20963,51.0394],[-4.20959,51.03939],[-4.20967,51.03931],[-4.20946,51.03922],[-4.20928,51.03897],[-4.20933,51.03884],[-4.20921,51.03888],[-4.2088,51.03889],[-4.20876,51.03874],[-4.20871,51.03872],[-4.20735,51.03871]]]}},
{"type":"Feature","properties":{"types":"Playing Field","area_m2":15037.3},"geometry":{"type":"Polygon","coordinates":[[[-4.23587,51.04258],[-4.23594,51.04256],[-4.23552,51.04198],[-4.2336,51.0423],[-4.2339,51.04299],[-4.23415,51.04299],[-4.23459,51.04308],[-4.23474,51.04321],[-4.23572,51.04294],[-4.23596,51.04279],[-4.23587,51.04258]]]}},
{"type":"Feature","properties":{"types":"Other Sports Facility; Play Space; Playing Field","area_m2":6207.0},"geometry":{"type":"Polygon","coordinates":[[[-4.21009,51.04366],[-4.20943,51.04331],[-4.20923,51.04312],[-4.20917,51.04296],[-4.20898,51.04291],[-4.20894,51.04303],[-4.20847,51.04306],[-4.20857,51.04318],[-4.20861,51.04334],[-4.209,51.04376],[-4.20933,51.04395],[-4.20979,51.04387],[-4.21009,51.04366]]]}},
{"type":"Feature","properties":{"types":"Other Sports Facility","area_m2":18408.7},"geometry":{"type":"Polygon","coordinates":[[[-4.22113,51.04602],[-4.22022,51.04497],[-4.2189,51.04536],[-4.21864,51.0455],[-4.21865,51.04557],[-4.21909,51.04604],[-4.2192,51.04604],[-4.21923,51.04607],[-4.21919,51.04615],[-4.21931,51.04626],[-4.21964,51.04647],[-4.22006,51.04665],[-4.22113,51.04602]]]}},
{"type":"Feature","properties":{"types":"Public Park Or Garden","area_m2":1504898.3},"geometry":{"type":"GeometryCollection","geometries":[{"type":"Polygon","coordinates":[[[-4.21279,51.06205],[-4.21273,51.06198],[-4.2128,51.06197],[-4.21338,51.06244],[-4.21334,51.06254],[-4.21352,51.06276],[-4.21407,51.06288],[-4.21418,51.06305],[-4.21446,51.06317],[-4.21467,51.06337],[-4.21535,51.06362],[-4.21511,51.06376],[-4.21515,51.06378],[-4.21566,51.06346],[-4.21578,51.06323],[-4.21577,51.06308],[-4.21551,51.06241],[-4.21515,51.06207],[-4.21778,51.06202],[-4.21788,51.06176],[-4.21801,51.06176],[-4.21826,51.06184],[-4.21836,51.06214],[-4.21845,51.06215],[-4.21861,51.06184],[-4.21879,51.06183],[-4.21867,51.06155],[-4.21855,51.06145],[-4.21874,51.06131],[-4.21885,51.06067],[-4.21896,51.0606],[-4.21909,51.06072],[-4.21962,51.06076],[-4.21991,51.06084],[-4.21988,51.06075],[-4.21996,51.06071],[-4.21975,51.06065],[-4.21964,51.06057],[-4.21948,51.06014],[-4.21948,51.05992],[-4.21958,51.05989],[-4.21962,51.05981],[-4.22005,51.05963],[-4.22033,51.05966],[-4.22068,51.05977],[-4.22155,51.05983],[-4.22182,51.05976],[-4.22315,51.05908],[-4.22323,51.05896],[-4.22299,51.05881],[-4.22242,51.05857],[-4.22194,51.05841],[-4.22169,51.05836],[-4.2215,51.05825],[-4.22093,51.05821],[-4.22053,51.05809],[-4.2207,51.05779],[-4.22069,51.05766],[-4.22065,51.05765],[-4.22062,51.05787],[-4.22031,51.0577],[-4.21997,51.05739],[-4.21965,51.05729],[-4.21928,51.05724],[-4.2189,51.05714],[-4.2186,51.05709],[-4.21778,51.05705],[-4.21709,51.05685],[-4.21697,51.05694],[-4.21675,51.05742],[-4.21648,51.05748],[-4.21507,51.05738],[-4.21476,51.05695],[-4.21405,51.05629],[-4.21404,51.05621],[-4.2138,51.05599],[-4.21368,51.05598],[-4.21373,51.05595],[-4.21353,51.05578],[-4.2138,51.05569],[-4.215,51.05546],[-4.21859,51.05496],[-4.21935,51.05498],[-4.22056,51.05517],[-4.22097,51.05519],[-4.22151,51.05512],[-4.22236,51.05486],[-4.2227,51.05461],[-4.22388,51.05331],[-4.22424,51.05299],[-4.22455,51.05284],[-4.22528,51.05272],[-4.2257,51.05259],[-4.22608,51.05222],[-4.22629,51.05185],[-4.22627,51.05179],[-4.22609,51.05169],[-4.22587,51.05166],[-4.22585,51.05153],[-4.22577,51.05146],[-4.22538,51.05143],[-4.22527,51.05127],[-4.22538,51.05119],[-4.22559,51.05115],[-4.22577,51.05104],[-4.22582,51.05065],[-4.22604,51.0504],[-4.22603,51.05027],[-4.22611,51.05029],[-4.22622,51.05021],[-4.22664,51.05045],[-4.22673,51.0504],[-4.22821,51.0512],[-4.22901,51.052],[-4.22954,51.05262],[-4.22956,51.05334],[-4.2295,51.0535],[-4.22936,51.05365],[-4.22893,51.05389],[-4.22886,51.05386],[-4.22788,51.05435],[-4.22787,51.05441],[-4.22702,51.05498],[-4.22689,51.05501],[-4.22648,51.055],[-4.22643,51.05505],[-4.22628,51.05536],[-4.22628,51.05561],[-4.22614,51.05576],[-4.22649,51.05591],[-4.22655,51.05586],[-4.2267,51.05587],[-4.22683,51.05575],[-4.22698,51.05572],[-4.22707,51.05566],[-4.22713,51.05552],[-4.22723,51.05551],[-4.22705,51.05514],[-4.22694,51.05504],[-4.22718,51.05494],[-4.22722,51.05499],[-4.22742,51.05497],[-4.22775,51.05484],[-4.22849,51.05439],[-4.22882,51.05404],[-4.2295,51.05365],[-4.22966,51.05349],[-4.22961,51.05338],[-4.22968,51.05339],[-4.22973,51.05333],[-4.22978,51.0529],[-4.23,51.05299],[-4.23029,51.05294],[-4.23073,51.05203],[-4.23094,51.05148],[-4.23111,51.05127],[-4.23172,51.04989],[-4.23184,51.04974],[-4.23265,51.04806],[-4.23415,51.04576],[-4.23511,51.04404],[-4.23544,51.04357],[-4.23417,51.04369],[-4.23418,51.04372],[-4.23406,51.04375],[-4.23404,51.04372],[-4.23273,51.04388],[-4.23021,51.04404],[-4.22996,51.04409],[-4.22905,51.04442],[-4.22872,51.04437],[-4.22861,51.04438],[-4.22757,51.04467],[-4.22676,51.04478],[-4.2266,51.04476],[-4.22605,51.04519],[-4.22576,51.04528],[-4.22505,51.04535],[-4.22492,51.04554],[-4.22422,51.04577],[-4.22363,51.04604],[-4.22359,51.04613],[-4.22325,51.04625],[-4.2234,51.04624],[-4.22398,51.04669],[-4.22419,51.04691],[-4.22392,51.04699],[-4.22355,51.04691],[-4.2234,51.04693],[-4.22343,51.04697],[-4.22355,51.04696],[-4.22396,51.04702],[-4.22436,51.04687],[-4.22537,51.04805],[-4.22569,51.04827],[-4.22595,51.04838],[-4.22501,51.04868],[-4.2255,51.04888],[-4.22655,51.04921],[-4.2268,51.04963],[-4.22727,51.0498],[-4.22819,51.05057],[-4.2305,51.05163],[-4.2302,51.05229],[-4.22999,51.05244],[-4.22972,51.05252],[-4.2295,51.05248],[-4.22826,51.05119],[-4.22672,51.05035],[-4.22678,51.05031],[-4.22242,51.04791],[-4.22194,51.04767],[-4.22186,51.04766],[-4.2211,51.04721],[-4.22103,51.0471],[-4.22075,51.04696],[-4.22067,51.04701],[-4.22021,51.04682],[-4.22018,51.04691],[-4.21969,51.04716],[-4.21932,51.04742],[-4.21863,51.0477],[-4.21719,51.04809],[-4.21713,51.04815],[-4.21638,51.04835],[-4.21605,51.04849],[-4.21497,51.04875],[-4.21455,51.04891],[-4.21337,51.04917],[-4.21295,51.04934],[-4.21209,51.04958],[-4.21216,51.04976],[-4.21172,51.0501],[-4.21137,51.05029],[-4.21109,51.05065],[-4.21061,51.05108],[-4.21042,51.05139],[-4.21016,51.05165],[-4.2094,51.05202],[-4.20852,51.0523],[-4.20852,51.05234],[-4.20819,51.05248],[-4.20806,51.0525],[-4.20765,51.05273],[-4.20759,51.0527],[-4.20744,51.05276],[-4.20742,51.05281],[-4.20726,51.05287],[-4.20747,51.05319],[-4.20811,51.05291],[-4.20918,51.05285],[-4.20977,51.05267],[-4.21018,51.05243],[-4.21015,51.05219],[-4.2103,51.05204],[-4.21035,51.05204],[-4.21039,51.05219],[-4.21037,51.05242],[-4.21048,51.0526],[-4.21044,51.05264],[-4.21058,51.0529],[-4.21155,51.05421],[-4.21229,51.05504],[-4.21308,51.05571],[-4.21469,51.05724],[-4.21489,51.0576],[-4.21491,51.05793],[-4.21482,51.05839],[-4.21426,51.05903],[-4.21399,51.05965],[-4.21395,51.05962],[-4.214,51.05944],[-4.21422,51.05898],[-4.2148,51.05835],[-4.21477,51.05762],[-4.21453,51.05722],[-4.2127,51.05548],[-4.21361,51.05639],[-4.2136,51.05648],[-4.21352,51.05649],[-4.21368,51.05672],[-4.21412,51.05691],[-4.2145,51.05731],[-4.21444,51.05747],[-4.21439,51.05747],[-4.21413,51.05734],[-4.21386,51.05735],[-4.21356,51.05726],[-4.21272,51.05797],[-4.21214,51.05882],[-4.21204,51.05969],[-4.2122,51.06043],[-4.21251,51.06066],[-4.21291,51.0607],[-4.2129,51.06077],[-4.21271,51.06096],[-4.21307,51.06074],[-4.2125,51.06119],[-4.21208,51.06138],[-4.21163,51.06143],[-4.21139,51.06141],[-4.2107,51.06153],[-4.21033,51.06142],[-4.2102,51.06135],[-4.21013,51.06123],[-4.20979,51.06128],[-4.20959,51.06127],[-4.20938,51.06121],[-4.20914,51.06126],[-4.20911,51.06119],[-4.20885,51.06116],[-4.20857,51.06141],[-4.20856,51.06165],[-4.20889,51.06176],[-4.20909,51.06165],[-4.20931,51.06166],[-4.20944,51.06158],[-4.2101,51.06178],[-4.21089,51.0619],[-4.21088,51.06199],[-4.21139,51.0621],[-4.21135,51.06214],[-4.21207,51.06232],[-4.21217,51.06226],[-4.21245,51.06235],[-4.21261,51.06235],[-4.21274,51.06231],[-4.21279,51.06205]]]},{"type":"Point","coordinates":[-4.21214,51.05094]}]}},
{"type":"Feature","properties":{"types":"Public Park Or Garden","area_m2":28813.3},"geometry":{"type":"Polygon","coordinates":[[[-4.22684,51.0586],[-4.22714,51.05842],[-4.22705,51.05826],[-4.22773,51.05762],[-4.22782,51.05734],[-4.22816,51.05698],[-4.22822,51.05683],[-4.22817,51.05669],[-4.22832,51.05656],[-4.22836,51.05644],[-4.2283,51.0562],[-4.22755,51.05599],[-4.22713,51.05569],[-4.22636,51.05699],[-4.2264,51.05705],[-4.22665,51.05716],[-4.22677,51.05746],[-4.22676,51.05775],[-4.22615,51.0586],[-4.22594,51.05907],[-4.22589,51.05919],[-4.22595,51.0596],[-4.22605,51.05962],[-4.22611,51.05952],[-4.22622,51.05951],[-4.22635,51.0594],[-4.22665,51.0589],[-4.22676,51.05881],[-4.22676,51.05869],[-4.22684,51.0586]]]}},
{"type":"Feature","properties":{"types":"Playing Field","area_m2":9863.6},"geometry":{"type":"Polygon","coordinates":[[[-4.23459,51.12701],[-4.23516,51.12812],[-4.23527,51.12809],[-4.23532,51.12794],[-4.23554,51.12782],[-4.23557,51.12774],[-4.23605,51.12758],[-4.23565,51.12661],[-4.23486,51.12665],[-4.23497,51.12696],[-4.23459,51.12701]]]}},
{"type":"Feature","properties":{"types":"Public Park Or Garden","area_m2":23679.5},"geometry":{"type":"Polygon","coordinates":[[[-4.16399,50.35914],[-4.16386,50.3593],[-4.16379,50.35932],[-4.16359,50.35959],[-4.16352,50.35961],[-4.16343,50.35977],[-4.16333,50.35982],[-4.16338,50.36006],[-4.16322,50.36011],[-4.1632,50.36017],[-4.16331,50.36018],[-4.16328,50.36039],[-4.16342,50.36038],[-4.16373,50.36009],[-4.16394,50.36018],[-4.1639,50.36021],[-4.16438,50.36035],[-4.1645,50.36018],[-4.16465,50.36022],[-4.16478,50.3604],[-4.16499,50.36059],[-4.16569,50.36033],[-4.16569,50.36029],[-4.16608,50.36011],[-4.16628,50.36027],[-4.16664,50.36014],[-4.16683,50.36035],[-4.16722,50.36023],[-4.1673,50.36002],[-4.16713,50.35984],[-4.16721,50.35983],[-4.16719,50.35978],[-4.16702,50.3598],[-4.16677,50.35973],[-4.16617,50.35975],[-4.1659,50.35981],[-4.16519,50.35945],[-4.16518,50.35938],[-4.16488,50.35936],[-4.16483,50.35928],[-4.16468,50.35929],[-4.16456,50.35921],[-4.16447,50.35922],[-4.16452,50.35919],[-4.16449,50.35915],[-4.16438,50.35917],[-4.1642,50.35908],[-4.16399,50.35914]]]}},
{"type":"Feature","properties":{"types":"Public Park Or Garden","area_m2":26224.4},"geometry":{"type":"Polygon","coordinates":[[[-4.17569,50.36552],[-4.17515,50.36554],[-4.17512,50.36549],[-4.17489,50.36547],[-4.17471,50.36553],[-4.1747,50.36559],[-4.17384,50.36556],[-4.17221,50.36606],[-4.17142,50.36593],[-4.17124,50.36641],[-4.17149,50.36648],[-4.1716,50.36642],[-4.17205,50.36662],[-4.17278,50.3665],[-4.17297,50.3665],[-4.17313,50.36654],[-4.17355,50.36677],[-4.17368,50.36679],[-4.17371,50.36687],[-4.17388,50.36696],[-4.17405,50.36698],[-4.17416,50.36696],[-4.17426,50.36688],[-4.17429,50.36662],[-4.17454,50.36651],[-4.17432,50.36626],[-4.17562,50.36579],[-4.17585,50.36604],[-4.17593,50.36601],[-4.17598,50.36607],[-4.17626,50.36587],[-4.17603,50.36567],[-4.17599,50.36555],[-4.17573,50.36559],[-4.17569,50.36552]]]}},
{"type":"Feature","properties":{"types":"Playing Field","area_m2":21740.5},"geometry":{"type":"Polygon","coordinates":[[[-4.149,50.36648],[-4.14951,50.36732],[-4.15045,50.36749],[-4.1506,50.36748],[-4.15066,50.36752],[-4.15084,50.36752],[-4.15106,50.36744],[-4.15173,50.36682],[-4.15175,50.36673],[-4.15061,50.36625],[-4.15066,50.36605],[-4.15045,50.36593],[-4.14922,50.3662],[-4.14912,50.36628],[-4.1492,50.3664],[-4.149,50.36648]]]}},
{"type":"Feature","properties":{"types":"Playing Field","area_m2":17179.3},"geometry":{"type":"Polygon","coordinates":[[[-4.16876,50.36786],[-4.1688,50.3679],[-4.1687,50.36797],[-4.16864,50.36795],[-4.16869,50.36798],[-4.16857,50.36823],[-4.16831,50.3682],[-4.16828,50.36833],[-4.16832,50.36844],[-4.16819,50.36856],[-4.16939,50.36898],[-4.1698,50.36887],[-4.16989,50.36894],[-4.16997,50.3689],[-4.17002,50.36894],[-4.17014,50.36886],[-4.17041,50.3686],[-4.17051,50.36837],[-4.17053,50.36801],[-4.1704,50.36772],[-4.16956,50.36768],[-4.16955,50.36777],[-4.16937,50.36773],[-4.16938,50.3678],[-4.16912,50.36779],[-4.16879,50.36789],[-4.16876,50.36786]]]}},
{"type":"Feature","properties":{"types":"Other Sports Facility; Playing Field","area_m2":146011.4},"geometry":{"type":"Polygon","coordinates":[[[-4.16666,50.36974],[-4.16654,50.3698],[-4.16581,50.36978],[-4.16576,50.36985],[-4.16564,50.36983],[-4.16554,50.36987],[-4.16539,50.37026],[-4.1654,50.37061],[-4.16558,50.371],[-4.16694,50.37239],[-4.16697,50.37227],[-4.16795,50.3733],[-4.16814,50.37336],[-4.16937,50.37337],[-4.17028,50.37361],[-4.17054,50.37361],[-4.17086,50.37357],[-4.17106,50.3736],[-4.17161,50.37352],[-4.17199,50.37352],[-4.17201,50.37345],[-4.17312,50.37309],[-4.17254,50.3723],[-4.17206,50.37245],[-4.17184,50.37215],[-4.17234,50.372],[-4.17118,50.37054],[-4.17101,50.37053],[-4.16946,50.37014],[-4.16933,50.37018],[-4.1692,50.37028],[-4.16918,50.37047],[-4.16889,50.37058],[-4.1687,50.37057],[-4.16842,50.37044],[-4.16806,50.37036],[-4.16782,50.37049],[-4.16775,50.37058],[-4.16731,50.37045],[-4.16788,50.36954],[-4.16785,50.36948],[-4.16734,50.36969],[-4.16666,50.36974]]]}},
{"type":"Feature","properties":{"types":"Other Sports Facility","area_m2":10065.6},"geometry":{"type":"Polygon","coordinates":[[[-4.15534,50.37212],[-4.15534,50.37204],[-4.15632,50.37178],[-4.1563,50.37169],[-4.15633,50.37178],[-4.15639,50.37177],[-4.15654,50.37202],[-4.15665,50.37203],[-4.1565,50.37171],[-4.1566,50.37155],[-4.15684,50.37149],[-4.15662,50.37112],[-4.15478,50.37138],[-4.15469,50.37151],[-4.15475,50.37166],[-4.15512,50.37208],[-4.15529,50.37203],[-4.15534,50.37212]]]}},
{"type":"Feature","properties":{"types":"Playing Field","area_m2":18451.5},"geometry":{"type":"Polygon","coordinates":[[[-4.16561,50.37305],[-4.16566,50.37287],[-4.16448,50.37218],[-4.16436,50.37215],[-4.16329,50.37255],[-4.16289,50.37255],[-4.16373,50.37318],[-4.16432,50.37381],[-4.1644,50.37379],[-4.16447,50.37383],[-4.16561,50.37305]]]}},
{"type":"Feature","properties":{"types":"Play Space; Public Park Or Garden","area_m2":5101.2},"geometry":{"type":"Polygon","coordinates":[[[-4.14933,50.3754],[-4.14926,50.3754],[-4.14922,50.37526],[-4.14923,50.37516],[-4.1493,50.37516],[-4.14931,50.37511],[-4.14923,50.37511],[-4.14931,50.3745],[-4.1494,50.37445],[-4.14941,50.3744],[-4.14874,50.37438],[-4.14874,50.37469],[-4.14887,50.3748],[-4.14893,50.37478],[-4.14898,50.37483],[-4.14893,50.37485],[-4.14898,50.37491],[-4.14881,50.37538],[-4.14861,50.37571],[-4.14865,50.37575],[-4.14882,50.37575],[-4.14939,50.37567],[-4.14933,50.3754]]]}},
{"type":"Feature","properties":{"types":"Playing Field","area_m2":12631.2},"geometry":{"type":"Polygon","coordinates":[[[-4.16721,50.37441],[-4.1683,50.37547],[-4.16909,50.37491],[-4.1693,50.37472],[-4.16885,50.37415],[-4.16862,50.37407],[-4.16726,50.37437],[-4.16721,50.37441]]]}},
{"type":"Feature","properties":{"types":"Other Sports Facility; Play Space; Public Park Or Garden","area_m2":59542.5},"geometry":{"type":"Polygon","coordinates":[[[-4.15263,50.37573],[-4.1526,50.3757],[-4.1525,50.37575],[-4.15243,50.37572],[-4.15231,50.37578],[-4.15228,50.37575],[-4.15217,50.37578],[-4.15226,50.37587],[-4.151,50.37613],[-4.15067,50.37592],[-4.15066,50.37596],[-4.15095,50.37614],[-4.15074,50.3762],[-4.15075,50.37624],[-4.15095,50.37626],[-4.15102,50.37629],[-4.15104,50.37637],[-4.15076,50.37671],[-4.15078,50.37711],[-4.15083,50.37675],[-4.1512,50.37668],[-4.15184,50.37673],[-4.15183,50.37682],[-4.15189,50.37683],[-4.15196,50.37676],[-4.15348,50.37636],[-4.15367,50.37642],[-4.15373,50.37635],[-4.15438,50.37675],[-4.15472,50.37661],[-4.15467,50.3763],[-4.1544,50.37605],[-4.15458,50.37602],[-4.15627,50.37535],[-4.15695,50.37532],[-4.15835,50.37498],[-4.15833,50.37495],[-4.15862,50.37474],[-4.1586,50.37467],[-4.15796,50.37402],[-4.15794,50.37397],[-4.15791,50.37406],[-4.15705,50.37422],[-4.15615,50.37447],[-4.15524,50.37464],[-4.15449,50.37499],[-4.15389,50.37533],[-4.15313,50.37556],[-4.15262,50.37498],[-4.15255,50.375],[-4.15295,50.37546],[-4.15263,50.37573]]]}},
{"type":"Feature","properties":{"types":"Public Park Or Garden","area_m2":8569.3},"geometry":{"type":"Polygon","coordinates":[[[-4.14969,50.37614],[-4.14954,50.37604],[-4.14946,50.37576],[-4.14847,50.37591],[-4.1482,50.37616],[-4.14776,50.37647],[-4.14907,50.37679],[-4.14917,50.37658],[-4.14969,50.37614]]]}},
{"type":"Feature","properties":{"types":"Public Park Or Garden","area_m2":6149.9},"geometry":{"type":"Polygon","coordinates":[[[-4.15994,50.37769],[-4.16097,50.37742],[-4.16078,50.37716],[-4.16016,50.37733],[-4.1595,50.37743],[-4.15818,50.37778],[-4.15817,50.37786],[-4.15822,50.37798],[-4.15994,50.37769]]]}},
{"type":"Feature","properties":{"types":"Public Park Or Garden","area_m2":9507.2},"geometry":{"type":"Polygon","coordinates":[[[-4.16129,50.3799],[-4.16195,50.37972],[-4.16246,50.37953],[-4.1625,50.37949],[-4.16227,50.37918],[-4.16094,50.37958],[-4.15948,50.37986],[-4.15944,50.38003],[-4.15955,50.38032],[-4.1596,50.38021],[-4.16129,50.3799]]]}},
{"type":"Feature","properties":{"types":"Play Space; Playing Field","area_m2":33294.6},"geometry":{"type":"Polygon","coordinates":[[[-4.16735,50.38249],[-4.16844,50.38232],[-4.1685,50.38243],[-4.16915,50.38226],[-4.17016,50.38214],[-4.17011,50.38214],[-4.17008,50.38209],[-4.16994,50.3816],[-4.17002,50.38156],[-4.1698,50.38102],[-4.16861,50.38098],[-4.1679,50.38088],[-4.16762,50.38089],[-4.16672,50.38108],[-4.16657,50.38127],[-4.16695,50.3818],[-4.16735,50.38249]]]}},
{"type":"Feature","properties":{"types":"Allotments Or Community Growing Spaces","area_m2":20175.1},"geometry":{"type":"Polygon","coordinates":[[[-4.15735,50.38048],[-4.15731,50.3804],[-4.15738,50.38036],[-4.15737,50.3803],[-4.15705,50.38034],[-4.15517,50.38021],[-4.15518,50.3808],[-4.15528,50.3808],[-4.15543,50.38134],[-4.15616,50.38253],[-4.15645,50.38247],[-4.15657,50.38278],[-4.15706,50.38266],[-4.1562,50.38122],[-4.15638,50.38121],[-4.1565,50.38112],[-4.15651,50.38089],[-4.15661,50.38077],[-4.15661,50.38047],[-4.15735,50.38048]]]}},
{"type":"Feature","properties":{"types":"Allotments Or Community Growing Spaces","area_m2":11951.4},"geometry":{"type":"Polygon","coordinates":[[[-4.15888,50.38274],[-4.16008,50.38281],[-4.1611,50.38281],[-4.16105,50.38262],[-4.16205,50.38253],[-4.16182,50.38225],[-4.16063,50.38253],[-4.16041,50.38215],[-4.16037,50.38213],[-4.16025,50.3822],[-4.15972,50.38218],[-4.15956,50.38209],[-4.15942,50.38182],[-4.15872,50.38249],[-4.15888,50.38274]]]}},
{"type":"Feature","properties":{"types":"Other Sports Facility; Playing Field","area_m2":9023.6},"geometry":{"type":"Polygon","coordinates":[[[-4.16857,50.38487],[-4.16858,50.3849],[-4.16896,50.38493],[-4.16931,50.38492],[-4.16956,50.38484],[-4.16969,50.38506],[-4.16993,50.38499],[-4.16987,50.38488],[-4.17058,50.38485],[-4.17171,50.38457],[-4.17199,50.38446],[-4.17195,50.38409],[-4.17185,50.38407],[-4.17062,50.38441],[-4.16857,50.38487]]]}},
{"type":"Feature","properties":{"types":"Allotments Or Community Growing Spaces; Play Space; Playing Field; Public Park Or Garden","area_m2":684110.9},"geometry":{"type":"Polygon","coordinates":[[[-4.15342,50.38571],[-4.15359,50.3857],[-4.15359,50.38564],[-4.15451,50.3856],[-4.15508,50.38546],[-4.15531,50.38533],[-4.15545,50.38519],[-4.15525,50.38474],[-4.15485,50.38418],[-4.15418,50.38359],[-4.15367,50.38393],[-4.15332,50.38404],[-4.15163,50.38441],[-4.15077,50.38464],[-4.1507,50.38461],[-4.14858,50.38148],[-4.14871,50.38141],[-4.14965,50.38117],[-4.15099,50.38064],[-4.14997,50.37993],[-4.14967,50.37982],[-4.14918,50.37946],[-4.1497,50.37913],[-4.14904,50.37868],[-4.14827,50.37903],[-4.14828,50.37908],[-4.14669,50.37963],[-4.14659,50.37952],[-4.14604,50.37962],[-4.14535,50.3789],[-4.14411,50.37938],[-4.14394,50.37953],[-4.14434,50.37984],[-4.14457,50.37972],[-4.14482,50.37985],[-4.14534,50.37965],[-4.1455,50.37977],[-4.14588,50.37961],[-4.14596,50.37964],[-4.1455,50.37982],[-4.14528,50.37973],[-4.14479,50.37995],[-4.14456,50.37981],[-4.14435,50.37993],[-4.14439,50.38004],[-4.14436,50.38016],[-4.14431,50.38021],[-4.14414,50.38023],[-4.14408,50.38039],[-4.14414,50.38054],[-4.14426,50.38061],[-4.14428,50.38071],[-4.14441,50.38076],[-4.14446,50.38087],[-4.14454,50.38093],[-4.14457,50.3811],[-4.14477,50.38126],[-4.14464,50.38121],[-4.14459,50.38123],[-4.14463,50.38133],[-4.14468,50.38131],[-4.14512,50.3816],[-4.14544,50.38195],[-4.14558,50.38232],[-4.14584,50.38265],[-4.14589,50.38293],[-4.14623,50.38327],[-4.14729,50.38494],[-4.14643,50.38507],[-4.14655,50.38527],[-4.14631,50.38553],[-4.14453,50.38713],[-4.14426,50.3875],[-4.14397,50.38838],[-4.14401,50.38846],[-4.14143,50.38914],[-4.14138,50.38923],[-4.14211,50.39],[-4.14215,50.38993],[-4.1421,50.38995],[-4.14207,50.38991],[-4.1422,50.38991],[-4.14215,50.38998],[-4.14225,50.39017],[-4.14278,50.39029],[-4.14302,50.39024],[-4.14319,50.3905],[-4.14283,50.39061],[-4.14279,50.39076],[-4.14408,50.39215],[-4.14411,50.39213],[-4.14427,50.39235],[-4.14473,50.39201],[-4.14421,50.39129],[-4.14411,50.39122],[-4.14435,50.39105],[-4.14489,50.39085],[-4.14494,50.3909],[-4.14464,50.39097],[-4.14428,50.39114],[-4.14424,50.39121],[-4.14439,50.39145],[-4.14483,50.39201],[-4.14531,50.39197],[-4.14565,50.39212],[-4.1459,50.39216],[-4.14589,50.39219],[-4.14588,50.39222],[-4.14572,50.39221],[-4.14529,50.39201],[-4.14484,50.39206],[-4.14431,50.3924],[-4.14587,50.3941],[-4.14625,50.39395],[-4.14646,50.39419],[-4.1466,50.39404],[-4.14759,50.39345],[-4.14753,50.39343],[-4.14753,50.39335],[-4.14768,50.39336],[-4.14768,50.3934],[-4.15017,50.39179],[-4.15011,50.39173],[-4.15018,50.39178],[-4.15028,50.39171],[-4.1503,50.39164],[-4.15025,50.39165],[-4.15028,50.39162],[-4.15015,50.3916],[-4.15029,50.3916],[-4.15035,50.39166],[-4.15051,50.39156],[-4.15038,50.39155],[-4.15039,50.39151],[-4.15086,50.39127],[-4.15105,50.39109],[-4.15104,50.39046],[-4.15096,50.39046],[-4.15099,50.3905],[-4.14944,50.39047],[-4.14946,50.39033],[-4.14957,50.39032],[-4.14953,50.38976],[-4.14958,50.38969],[-4.14973,50.38969],[-4.14973,50.38957],[-4.15208,50.38981],[-4.15192,50.38909],[-4.152,50.38881],[-4.15078,50.38873],[-4.1507,50.38876],[-4.15067,50.38886],[-4.15052,50.38884],[-4.15055,50.38874],[-4.1505,50.38869],[-4.1497,50.38856],[-4.14957,50.38846],[-4.14953,50.38833],[-4.1498,50.3875],[-4.14966,50.3875],[-4.14974,50.38724],[-4.14991,50.38726],[-4.14991,50.38705],[-4.14999,50.38691],[-4.152,50.38676],[-4.15224,50.38663],[-4.15252,50.38657],[-4.15253,50.3866],[-4.15267,50.38656],[-4.15269,50.38659],[-4.15284,50.38655],[-4.15286,50.38658],[-4.15301,50.38654],[-4.15303,50.38657],[-4.15342,50.38648],[-4.15357,50.38613],[-4.15356,50.38595],[-4.15342,50.38571]],[[-4.15019,50.38545],[-4.15002,50.38533],[-4.14992,50.38518],[-4.15006,50.38513],[-4.14992,50.38492],[-4.15052,50.38475],[-4.15057,50.38478],[-4.15079,50.38515],[-4.15084,50.38516],[-4.15114,50.38561],[-4.15048,50.38572],[-4.15028,50.38544],[-4.15032,50.38542],[-4.15019,50.38545]],[[-4.14928,50.38513],[-4.14969,50.38502],[-4.15008,50.38559],[-4.14967,50.38571],[-4.14928,50.38513]]]}},
{"type":"Feature","properties":{"types":"Other Sports Facility","area_m2":11057.9},"geometry":{"type":"Polygon","coordinates":[[[-4.15225,50.38706],[-4.15235,50.38749],[-4.15241,50.38749],[-4.15243,50.38775],[-4.1539,50.3876],[-4.15369,50.38684],[-4.15376,50.38683],[-4.15372,50.38675],[-4.15363,50.38676],[-4.15359,50.38669],[-4.15309,50.38675],[-4.15308,50.3867],[-4.15266,50.38672],[-4.15267,50.38677],[-4.1526,50.38673],[-4.15228,50.38677],[-4.15231,50.38693],[-4.15225,50.38706]]]}},
{"type":"Feature","properties":{"types":"Public Park Or Garden","area_m2":6137.9},"geometry":{"type":"Polygon","coordinates":[[[-4.17078,50.38785],[-4.17053,50.38848],[-4.17093,50.38854],[-4.17135,50.38764],[-4.172,50.3869],[-4.1716,50.38674],[-4.17106,50.38739],[-4.17089,50.38782],[-4.17078,50.38785]]]}},
{"type":"Feature","properties":{"types":"Allotments Or Community Growing Spaces; Other Sports Facility; Public Park Or Garden","area_m2":8404.4},"geometry":{"type":"Polygon","coordinates":[[[-4.17331,50.38801],[-4.1733,50.38794],[-4.17314,50.38794],[-4.17325,50.3885],[-4.17413,50.3886],[-4.17453,50.3886],[-4.17462,50.38809],[-4.17565,50.388],[-4.17552,50.38781],[-4.17419,50.38791],[-4.17412,50.38802],[-4.17414,50.38797],[-4.17331,50.38801]]]}},
{"type":"Feature","properties":{"types":"Play Space; Playing Field","area_m2":27101.8},"geometry":{"type":"Polygon","coordinates":[[[-4.17432,50.38947],[-4.17421,50.38937],[-4.17351,50.38935],[-4.17352,50.38901],[-4.17276,50.38893],[-4.17272,50.38932],[-4.17194,50.3893],[-4.17187,50.38927],[-4.17184,50.38944],[-4.1714,50.38942],[-4.17138,50.38947],[-4.17139,50.38951],[-4.1718,50.38952],[-4.17183,50.39011],[-4.17198,50.39036],[-4.17224,50.39055],[-4.17252,50.39067],[-4.17288,50.39073],[-4.17327,50.39073],[-4.17366,50.39066],[-4.17387,50.39093],[-4.17368,50.39065],[-4.17405,50.39046],[-4.1743,50.3902],[-4.17435,50.39],[-4.17432,50.38947]]]}},
{"type":"Feature","properties":{"types":"Play Space; Public Park Or Garden","area_m2":8298.9},"geometry":{"type":"Polygon","coordinates":[[[-4.17519,50.39045],[-4.17504,50.39038],[-4.17486,50.39041],[-4.17459,50.39066],[-4.17408,50.39095],[-4.17389,50.39101],[-4.17306,50.39114],[-4.17325,50.39112],[-4.17311,50.39171],[-4.17316,50.39175],[-4.17346,50.39183],[-4.17387,50.39113],[-4.17459,50.39116],[-4.17495,50.39124],[-4.1753,50.39109],[-4.17519,50.39045]]]}},
{"type":"Feature","properties":{"types":"Allotments Or Community Growing Spaces; Playing Field","area_m2":23787.6},"geometry":{"type":"Polygon","coordinates":[[[-4.15475,50.39643],[-4.15492,50.39624],[-4.15473,50.39598],[-4.1533,50.39624],[-4.15303,50.39569],[-4.15242,50.39574],[-4.15234,50.39548],[-4.15223,50.39549],[-4.15232,50.39584],[-4.15199,50.39588],[-4.15217,50.3963],[-4.1522,50.39634],[-4.15274,50.39634],[-4.15342,50.39767],[-4.15487,50.39734],[-4.15452,50.39682],[-4.15475,50.39643]]]}},
{"type":"Feature","properties":{"types":"Public Park Or Garden","area_m2":9287.6},"geometry":{"type":"Polygon","coordinates":[[[-4.16588,50.39788],[-4.16528,50.39747],[-4.16499,50.39674],[-4.16486,50.39682],[-4.16441,50.39698],[-4.1648,50.39758],[-4.16499,50.39777],[-4.16495,50.39786],[-4.16482,50.39789],[-4.16544,50.39822],[-4.16567,50.39813],[-4.16608,50.39812],[-4.1663,50.39799],[-4.1671,50.39783],[-4.16696,50.39757],[-4.16588,50.39788]]]}},
{"type":"Feature","properties":{"types":"Playing Field","area_m2":40634.3},"geometry":{"type":"Polygon","coordinates":[[[-4.17288,50.39932],[-4.17329,50.39902],[-4.17381,50.39873],[-4.17527,50.39807],[-4.1753,50.39802],[-4.17535,50.39806],[-4.17592,50.39776],[-4.17681,50.39718],[-4.17592,50.39672],[-4.17639,50.39636],[-4.17604,50.39605],[-4.17572,50.39623],[-4.17581,50.39625],[-4.17545,50.39648],[-4.17556,50.39656],[-4.17512,50.39669],[-4.17436,50.39705],[-4.17383,50.39744],[-4.17359,50.39762],[-4.17323,50.39806],[-4.17214,50.39895],[-4.17214,50.39903],[-4.17234,50.39916],[-4.17238,50.39929],[-4.17288,50.39932]]]}},
{"type":"Feature","properties":{"types":"Allotments Or Community Growing Spaces","area_m2":9270.2},"geometry":{"type":"Polygon","coordinates":[[[-4.17525,50.4005],[-4.17799,50.39921],[-4.17745,50.39873],[-4.17685,50.39913],[-4.17583,50.39992],[-4.1752,50.40049],[-4.17525,50.4005]]]}},
{"type":"Feature","properties":{"types":"Other Sports Facility","area_m2":12146.3},"geometry":{"type":"Polygon","coordinates":[[[-4.15358,50.40209],[-4.15351,50.4022],[-4.1536,50.40226],[-4.15325,50.40256],[-4.15325,50.40279],[-4.1533,50.40285],[-4.15369,50.40301],[-4.15409,50.40309],[-4.15407,50.40316],[-4.15555,50.40349],[-4.15563,50.40312],[-4.15488,50.4027],[-4.1545,50.40252],[-4.1544,50.40254],[-4.15448,50.40251],[-4.15358,50.40209]]]}},
{"type":"Feature","properties":{"types":"Playing Field","area_m2":9612.3},"geometry":{"type":"Polygon","coordinates":[[[-4.15095,50.40377],[-4.15099,50.40302],[-4.15097,50.4031],[-4.14938,50.40301],[-4.14931,50.40357],[-4.14997,50.40377],[-4.15051,50.40401],[-4.15095,50.40377]]]}},
{"type":"Feature","properties":{"types":"Public Park Or Garden","area_m2":7030.9},"geometry":{"type":"Polygon","coordinates":[[[-4.15059,50.40526],[-4.15065,50.40545],[-4.15049,50.40568],[-4.15018,50.4056],[-4.14993,50.40573],[-4.14951,50.40578],[-4.14961,50.40606],[-4.15061,50.4059],[-4.15135,50.40571],[-4.15124,50.40542],[-4.15116,50.40485],[-4.15106,50.40483],[-4.15083,50.40485],[-4.15069,50.40492],[-4.15073,50.40509],[-4.15064,50.4051],[-4.15068,50.40525],[-4.15059,50.40526]]]}},
{"type":"Feature","properties":{"types":"Playing Field","area_m2":7497.8},"geometry":{"type":"Polygon","coordinates":[[[-4.15034,50.40685],[-4.14857,50.40703],[-4.14874,50.40752],[-4.15045,50.40742],[-4.15034,50.40685]]]}},
{"type":"Feature","properties":{"types":"Other Sports Facility","area_m2":17416.9},"geometry":{"type":"Polygon","coordinates":[[[-4.17562,50.40786],[-4.17568,50.40739],[-4.1756,50.40733],[-4.17406,50.40734],[-4.17402,50.40878],[-4.17447,50.40878],[-4.17492,50.40867],[-4.17599,50.40825],[-4.17575,50.40806],[-4.17562,50.40786]]]}},
{"type":"Feature","properties":{"types":"Playing Field","area_m2":11798.9},"geometry":{"type":"Polygon","coordinates":[[[-4.15357,50.41022],[-4.15342,50.4096],[-4.15317,50.40893],[-4.15221,50.40888],[-4.15198,50.40899],[-4.15232,50.41011],[-4.15282,50.41009],[-4.15322,50.41013],[-4.15357,50.41022]]]}},
{"type":"Feature","properties":{"types":"Other Sports Facility; Play Space; Playing Field","area_m2":8437.7},"geometry":{"type":"Polygon","coordinates":[[[-4.15698,50.41062],[-4.15695,50.41067],[-4.15703,50.41098],[-4.15697,50.41111],[-4.15732,50.41124],[-4.15733,50.41134],[-4.15855,50.41122],[-4.15863,50.41102],[-4.15858,50.41095],[-4.15863,50.4107],[-4.15853,50.41065],[-4.15718,50.41054],[-4.15698,50.41062]]]}},
{"type":"Feature","properties":{"types":"Allotments Or Community Growing Spaces","area_m2":6474.5},"geometry":{"type":"Polygon","coordinates":[[[-4.16605,50.41069],[-4.16586,50.41152],[-4.16626,50.41166],[-4.16664,50.41166],[-4.16695,50.41134],[-4.16705,50.41111],[-4.16698,50.4111],[-4.16708,50.41101],[-4.16702,50.41096],[-4.16656,50.41081],[-4.16605,50.41069]]]}},
{"type":"Feature","properties":{"types":"Play Space; Playing Field; Public Park Or Garden","area_m2":31459.7},"geometry":{"type":"Polygon","coordinates":[[[-4.17016,50.41187],[-4.16959,50.41232],[-4.16967,50.41249],[-4.16948,50.41259],[-4.16926,50.41256],[-4.16881,50.41284],[-4.16925,50.41291],[-4.1693,50.41274],[-4.16946,50.41271],[-4.16959,50.41276],[-4.16967,50.4126],[-4.16991,50.4126],[-4.16979,50.41298],[-4.17141,50.41318],[-4.17182,50.41319],[-4.17182,50.41316],[-4.17195,50.41317],[-4.17226,50.41311],[-4.1727,50.41295],[-4.17265,50.41284],[-4.17258,50.41284],[-4.17258,50.4128],[-4.17267,50.4128],[-4.1726,50.41267],[-4.1722,50.41244],[-4.17195,50.41223],[-4.17169,50.41219],[-4.17197,50.41221],[-4.17212,50.41231],[-4.17232,50.41231],[-4.17231,50.41172],[-4.17056,50.41152],[-4.17057,50.41148],[-4.17008,50.41143],[-4.16993,50.41148],[-4.1702,50.41168],[-4.17023,50.41177],[-4.17016,50.41187]]]}},
{"type":"Feature","properties":{"types":"Play Space; Playing Field","area_m2":60144.4},"geometry":{"type":"Polygon","coordinates":[[[-4.16364,50.41562],[-4.16396,50.4156],[-4.16447,50.41569],[-4.16449,50.41562],[-4.16475,50.41566],[-4.16472,50.41573],[-4.16479,50.41574],[-4.16508,50.41548],[-4.16524,50.41546],[-4.16562,50.41549],[-4.16571,50.41547],[-4.16573,50.41553],[-4.16577,50.41552],[-4.16602,50.41521],[-4.16611,50.41493],[-4.16615,50.41423],[-4.16611,50.41417],[-4.16611,50.41424],[-4.16584,50.41424],[-4.16563,50.41409],[-4.16561,50.41393],[-4.16498,50.41392],[-4.16498,50.41413],[-4.16382,50.41412],[-4.16319,50.414],[-4.1632,50.41389],[-4.16273,50.41388],[-4.16271,50.41377],[-4.16236,50.41377],[-4.16233,50.41414],[-4.16213,50.41451],[-4.162,50.41487],[-4.16156,50.41495],[-4.16135,50.41511],[-4.16196,50.41542],[-4.16328,50.41639],[-4.16415,50.4166],[-4.16455,50.41664],[-4.16587,50.41655],[-4.16582,50.41626],[-4.16577,50.41627],[-4.1658,50.41632],[-4.16571,50.41634],[-4.16455,50.41648],[-4.16375,50.41626],[-4.16364,50.41562]]]}},
{"type":"Feature","properties":{"types":"Other Sports Facility; Play Space; Public Park Or Garden","area_m2":119758.4},"geometry":{"type":"Polygon","coordinates":[[[-4.1542,50.41703],[-4.15459,50.41727],[-4.155,50.41742],[-4.15581,50.41603],[-4.15614,50.41612],[-4.15598,50.41603],[-4.15576,50.41601],[-4.15597,50.41601],[-4.156,50.41598],[-4.15579,50.41584],[-4.15553,50.41593],[-4.15482,50.41595],[-4.15367,50.41589],[-4.15357,50.41582],[-4.15341,50.41584],[-4.15289,50.41577],[-4.15258,50.41562],[-4.15211,50.41552],[-4.15194,50.41544],[-4.1518,50.41602],[-4.15175,50.41601],[-4.1519,50.41542],[-4.15173,50.41531],[-4.15149,50.41525],[-4.1511,50.41502],[-4.15102,50.41504],[-4.15082,50.41486],[-4.15059,50.41483],[-4.1501,50.41455],[-4.14977,50.41453],[-4.14779,50.41411],[-4.14749,50.41429],[-4.14724,50.41431],[-4.14636,50.41413],[-4.14615,50.41394],[-4.14508,50.41386],[-4.14441,50.41364],[-4.14456,50.41355],[-4.14254,50.41329],[-4.14157,50.41308],[-4.14035,50.41306],[-4.13988,50.41299],[-4.13972,50.41292],[-4.13946,50.41294],[-4.13931,50.41302],[-4.13933,50.41257],[-4.13857,50.41265],[-4.1382,50.41278],[-4.13807,50.41286],[-4.13793,50.41302],[-4.13795,50.41393],[-4.13785,50.41421],[-4.13753,50.41443],[-4.13733,50.41449],[-4.13715,50.41448],[-4.13698,50.41444],[-4.13682,50.41434],[-4.13655,50.41395],[-4.13646,50.41391],[-4.13638,50.41394],[-4.1363,50.41415],[-4.1363,50.41436],[-4.13643,50.41485],[-4.13627,50.415],[-4.13643,50.41512],[-4.13668,50.41523],[-4.13712,50.41555],[-4.1374,50.41567],[-4.13725,50.41545],[-4.13729,50.41524],[-4.13743,50.41515],[-4.13787,50.41507],[-4.13776,50.41501],[-4.13785,50.41496],[-4.13828,50.41501],[-4.13827,50.41505],[-4.13855,50.41507],[-4.13837,50.41477],[-4.13835,50.41449],[-4.13854,50.41409],[-4.1387,50.41394],[-4.13899,50.41376],[-4.13932,50.41363],[-4.13976,50.41355],[-4.14033,50.41355],[-4.14075,50.41359],[-4.14123,50.41369],[-4.14402,50.41452],[-4.14466,50.41463],[-4.14486,50.41443],[-4.14594,50.41437],[-4.14666,50.41441],[-4.14665,50.41468],[-4.14624,50.41468],[-4.14735,50.41473],[-4.14813,50.41484],[-4.14897,50.41508],[-4.1499,50.41547],[-4.15019,50.41517],[-4.15134,50.41579],[-4.15109,50.41605],[-4.15187,50.41634],[-4.15242,50.41643],[-4.15238,50.41622],[-4.15258,50.41612],[-4.1532,50.41618],[-4.15417,50.41642],[-4.15428,50.41655],[-4.15435,50.41673],[-4.15432,50.41693],[-4.1542,50.41703]]]}},
{"type":"Feature","properties":{"types":"Public Park Or Garden","area_m2":15737.6},"geometry":{"type":"Polygon","coordinates":[[[-4.17486,50.41745],[-4.17543,50.41756],[-4.17578,50.41749],[-4.17596,50.41762],[-4.17612,50.41768],[-4.17609,50.41772],[-4.1762,50.41784],[-4.1762,50.41793],[-4.17602,50.41832],[-4.17632,50.4182],[-4.17691,50.41813],[-4.17679,50.41799],[-4.17652,50.4179],[-4.17639,50.41762],[-4.17599,50.41761],[-4.17586,50.41748],[-4.17586,50.41724],[-4.17608,50.417],[-4.1769,50.41703],[-4.17747,50.41671],[-4.17679,50.41635],[-4.17636,50.41644],[-4.17534,50.41654],[-4.17517,50.41664],[-4.17499,50.41668],[-4.17478,50.41667],[-4.1746,50.41661],[-4.17446,50.41645],[-4.1733,50.41596],[-4.17444,50.41645],[-4.17455,50.4166],[-4.17481,50.41668],[-4.17503,50.41669],[-4.17486,50.41745]]]}},
{"type":"Feature","properties":{"types":"Other Sports Facility; Play Space; Playing Field","area_m2":22203.9},"geometry":{"type":"Polygon","coordinates":[[[-4.17878,50.41966],[-4.17849,50.41941],[-4.17837,50.41934],[-4.17798,50.41922],[-4.17758,50.41918],[-4.17705,50.41921],[-4.17671,50.41928],[-4.17642,50.41942],[-4.17622,50.4196],[-4.1761,50.41986],[-4.17611,50.4201],[-4.17622,50.42029],[-4.17682,50.4202],[-4.17701,50.42021],[-4.17715,50.42027],[-4.17721,50.42025],[-4.17772,50.42035],[-4.17802,50.42051],[-4.17819,50.42069],[-4.17835,50.42065],[-4.17863,50.42047],[-4.17885,50.4202],[-4.17889,50.41992],[-4.17878,50.41966]]]}},
{"type":"Feature","properties":{"types":"Public Park Or Garden","area_m2":22883.5},"geometry":{"type":"Polygon","coordinates":[[[-4.16891,50.42294],[-4.16904,50.42285],[-4.16925,50.42241],[-4.1692,50.42223],[-4.1687,50.42172],[-4.16776,50.42122],[-4.16719,50.42102],[-4.16633,50.4206],[-4.1663,50.42062],[-4.1666,50.42084],[-4.16708,50.42105],[-4.16711,50.42111],[-4.16697,50.42137],[-4.16703,50.42133],[-4.16722,50.42141],[-4.16714,50.42148],[-4.16724,50.42153],[-4.16722,50.42155],[-4.16762,50.42175],[-4.16773,50.42165],[-4.16793,50.42174],[-4.16783,50.42182],[-4.1681,50.42196],[-4.16798,50.42217],[-4.16749,50.42205],[-4.16797,50.42218],[-4.16766,50.42262],[-4.16762,50.42261],[-4.16709,50.42305],[-4.16667,50.42331],[-4.16721,50.42345],[-4.16729,50.4234],[-4.16742,50.42339],[-4.16768,50.42349],[-4.16815,50.42323],[-4.16891,50.42294]]]}},
{"type":"Feature","properties":{"types":"Playing Field","area_m2":69365.4},"geometry":{"type":"Polygon","coordinates":[[[-4.15732,50.42391],[-4.1575,50.42381],[-4.15712,50.42393],[-4.15519,50.42207],[-4.15279,50.42119],[-4.15157,50.42079],[-4.15168,50.42053],[-4.15164,50.42052],[-4.15117,50.42123],[-4.15111,50.42138],[-4.15151,50.42143],[-4.15148,50.42188],[-4.15153,50.42212],[-4.15168,50.42249],[-4.15207,50.42317],[-4.15246,50.42357],[-4.15293,50.42383],[-4.15307,50.42374],[-4.15303,50.42366],[-4.15316,50.42358],[-4.15338,50.42353],[-4.15363,50.42353],[-4.15361,50.42302],[-4.15423,50.42315],[-4.15498,50.4235],[-4.15536,50.42362],[-4.15696,50.42397],[-4.15715,50.42403],[-4.15715,50.42407],[-4.15734,50.42411],[-4.15751,50.42423],[-4.15771,50.42424],[-4.15774,50.4242],[-4.15731,50.42403],[-4.15732,50.42391]]]}},
{"type":"Feature","properties":{"types":"Allotments Or Community Growing Spaces","area_m2":9081.8},"geometry":{"type":"Polygon","coordinates":[[[-4.14865,50.4284],[-4.14951,50.42802],[-4.15032,50.42776],[-4.15017,50.42746],[-4.14924,50.4275],[-4.14815,50.42762],[-4.14835,50.42803],[-4.14865,50.4284]]]}},
{"type":"Feature","properties":{"types":"Play Space; Playing Field","area_m2":15887.3},"geometry":{"type":"Polygon","coordinates":[[[-4.16751,50.45334],[-4.16756,50.4534],[-4.16867,50.45389],[-4.16939,50.45437],[-4.17015,50.45412],[-4.16993,50.4539],[-4.17021,50.45373],[-4.16965,50.45339],[-4.16825,50.45273],[-4.16751,50.45334]],[[-4.16939,50.45422],[-4.16929,50.45409],[-4.16974,50.45395],[-4.16984,50.45408],[-4.16939,50.45422]]]}},
{"type":"Feature","properties":{"types":"Allotments Or Community Growing Spaces; Other Sports Facility; Public Park Or Garden","area_m2":22843.5},"geometry":{"type":"Polygon","coordinates":[[[-4.1555,50.54008],[-4.15569,50.54013],[-4.15564,50.54019],[-4.1561,50.54067],[-4.15607,50.54088],[-4.15598,50.54092],[-4.15581,50.54113],[-4.15573,50.54132],[-4.15578,50.54135],[-4.15572,50.54135],[-4.1554,50.54196],[-4.15545,50.54198],[-4.15394,50.54349],[-4.15486,50.54386],[-4.15585,50.5421],[-4.15551,50.542],[-4.1557,50.54178],[-4.15579,50.54174],[-4.15585,50.54175],[-4.15583,50.54172],[-4.15608,50.54154],[-4.15611,50.54156],[-4.15648,50.54121],[-4.1565,50.54112],[-4.15668,50.54116],[-4.15668,50.54089],[-4.15696,50.54089],[-4.15695,50.54084],[-4.15668,50.54082],[-4.15668,50.54063],[-4.15697,50.54062],[-4.15683,50.54056],[-4.15649,50.54014],[-4.15648,50.54002],[-4.15635,50.53973],[-4.15533,50.53991],[-4.1555,50.54008]]]}},
{"type":"Feature","properties":{"types":"Play Space; Playing Field","area_m2":10494.2},"geometry":{"type":"Polygon","coordinates":[[[-4.17851,50.70675],[-4.17946,50.70666],[-4.17894,50.70578],[-4.17851,50.70534],[-4.17801,50.70561],[-4.17811,50.70579],[-4.17772,50.70591],[-4.17784,50.7061],[-4.17776,50.70637],[-4.17862,50.70654],[-4.17861,50.70663],[-4.17885,50.70654],[-4.17886,50.70657],[-4.17849,50.70668],[-4.17851,50.70675]]]}},
{"type":"Feature","properties":{"types":"Other Sports Facility; Play Space; Playing Field","area_m2":9884.3},"geometry":{"type":"Polygon","coordinates":[[[-4.18061,50.82971],[-4.18052,50.8297],[-4.18045,50.82974],[-4.18017,50.82971],[-4.17995,50.82938],[-4.17897,50.82961],[-4.17948,50.83026],[-4.17965,50.83042],[-4.17961,50.83044],[-4.17964,50.83048],[-4.17944,50.83054],[-4.1795,50.83064],[-4.17983,50.83055],[-4.18089,50.8301],[-4.18095,50.82997],[-4.18092,50.82989],[-4.18066,50.82985],[-4.18061,50.82971]]]}},
{"type":"Feature","properties":{"types":"Play Space; Playing Field","area_m2":7879.9},"geometry":{"type":"Polygon","coordinates":[[[-4.20059,50.94521],[-4.20162,50.94471],[-4.20087,50.94414],[-4.19974,50.94458],[-4.20059,50.94521]]]}},
{"type":"Feature","properties":{"types":"Playing Field","area_m2":5535.2},"geometry":{"type":"Polygon","coordinates":[[[-4.17585,50.96475],[-4.17575,50.9642],[-4.17569,50.96414],[-4.1745,50.96447],[-4.17488,50.96498],[-4.1746,50.96504],[-4.1753,50.9649],[-4.17585,50.96475]]]}},
{"type":"Feature","properties":{"types":"Public Park Or Garden","area_m2":51396.7},"geometry":{"type":"Polygon","coordinates":[[[-4.1961,50.98094],[-4.19675,50.98189],[-4.19751,50.98263],[-4.19775,50.98275],[-4.19828,50.98237],[-4.19791,50.98177],[-4.19775,50.98142],[-4.19758,50.98134],[-4.19745,50.98121],[-4.19722,50.97988],[-4.19764,50.97977],[-4.19853,50.97964],[-4.19894,50.97974],[-4.19895,50.97972],[-4.1986,50.97961],[-4.19862,50.97959],[-4.19792,50.97939],[-4.19767,50.97924],[-4.19648,50.97873],[-4.19672,50.97862],[-4.19675,50.97848],[-4.19712,50.97824],[-4.19666,50.97844],[-4.19639,50.97861],[-4.19578,50.97877],[-4.19504,50.97912],[-4.19493,50.97923],[-4.19483,50.97922],[-4.19482,50.97931],[-4.1949,50.97943],[-4.1961,50.98094]]]}},
{"type":"Feature","properties":{"types":"Allotments Or Community Growing Spaces; Other Sports Facility; Play Space; Playing Field","area_m2":48477.9},"geometry":{"type":"Polygon","coordinates":[[[-4.19954,51.01353],[-4.20045,51.0136],[-4.20042,51.01312],[-4.20058,51.01315],[-4.20033,51.01276],[-4.2004,51.01254],[-4.20035,51.01251],[-4.20004,51.01239],[-4.19947,51.01236],[-4.19864,51.01211],[-4.1984,51.0128],[-4.19823,51.01279],[-4.19809,51.01265],[-4.19813,51.01274],[-4.19744,51.01262],[-4.19685,51.01211],[-4.19659,51.01178],[-4.19651,51.0118],[-4.19646,51.01177],[-4.19493,51.01179],[-4.19502,51.0121],[-4.19557,51.0134],[-4.19555,51.01329],[-4.19561,51.01328],[-4.19554,51.0131],[-4.19564,51.01309],[-4.19566,51.01316],[-4.19573,51.01315],[-4.19571,51.01309],[-4.19644,51.01309],[-4.19645,51.01318],[-4.19665,51.01318],[-4.19665,51.01325],[-4.19694,51.01321],[-4.19694,51.01325],[-4.19702,51.01325],[-4.19703,51.01334],[-4.19671,51.01335],[-4.19672,51.01342],[-4.19667,51.01343],[-4.19619,51.01344],[-4.1961,51.01354],[-4.19664,51.01353],[-4.19664,51.0135],[-4.19674,51.0135],[-4.19676,51.01353],[-4.19687,51.01354],[-4.19954,51.01353]]]}},
{"type":"Feature","properties":{"types":"Other Sports Facility; Play Space; Public Park Or Garden","area_m2":5804.7},"geometry":{"type":"Polygon","coordinates":[[[-4.18845,51.0131],[-4.1885,51.01354],[-4.18958,51.01372],[-4.18958,51.0137],[-4.19015,51.01378],[-4.1901,51.01336],[-4.18971,51.01338],[-4.18967,51.01332],[-4.18918,51.01322],[-4.18917,51.01306],[-4.18845,51.0131]]]}},
{"type":"Feature","properties":{"types":"Public Park Or Garden","area_m2":9305.8},"geometry":{"type":"Polygon","coordinates":[[[-4.19926,51.01544],[-4.19765,51.01593],[-4.1976,51.01592],[-4.19762,51.01595],[-4.19752,51.01598],[-4.19841,51.01652],[-4.1987,51.01616],[-4.19885,51.01606],[-4.19941,51.01606],[-4.19972,51.01617],[-4.19984,51.01581],[-4.19983,51.01568],[-4.19976,51.0156],[-4.19957,51.01551],[-4.19926,51.01544]]]}},
{"type":"Feature","properties":{"types":"Play Space; Playing Field","area_m2":65300.6},"geometry":{"type":"Polygon","coordinates":[[[-4.20411,51.02107],[-4.20389,51.02117],[-4.20402,51.02127],[-4.20398,51.02133],[-4.20392,51.02134],[-4.20376,51.02127],[-4.20363,51.02141],[-4.20322,51.0223],[-4.20284,51.02342],[-4.2043,51.02346],[-4.20418,51.02518],[-4.20502,51.02519],[-4.20592,51.02524],[-4.20604,51.02521],[-4.20643,51.02497],[-4.2072,51.0248],[-4.20722,51.02476],[-4.20673,51.02421],[-4.20663,51.02417],[-4.20653,51.02398],[-4.20644,51.02392],[-4.20518,51.02253],[-4.2056,51.02105],[-4.20554,51.021],[-4.20527,51.02125],[-4.20529,51.02147],[-4.20496,51.02148],[-4.20492,51.0212],[-4.20501,51.02107],[-4.20496,51.02101],[-4.20411,51.02107]],[[-4.20636,51.02394],[-4.20639,51.02393],[-4.20638,51.02394],[-4.20636,51.02394]],[[-4.20625,51.02408],[-4.20474,51.02371],[-4.20485,51.0235],[-4.20546,51.02363],[-4.20574,51.02358],[-4.20588,51.02372],[-4.20608,51.0238],[-4.20606,51.02386],[-4.20635,51.02393],[-4.20625,51.02408]],[[-4.20487,51.02293],[-4.20541,51.02295],[-4.20579,51.02337],[-4.20562,51.0235],[-4.20484,51.02346],[-4.20487,51.02293]]]}},
{"type":"Feature","properties":{"types":"Playing Field","area_m2":10100.1},"geometry":{"type":"Polygon","coordinates":[[[-4.17944,51.03674],[-4.17935,51.03673],[-4.17945,51.03652],[-4.17802,51.03627],[-4.17773,51.03677],[-4.17787,51.03715],[-4.1787,51.03734],[-4.17894,51.03727],[-4.17948,51.03687],[-4.17944,51.03674]]]}},
{"type":"Feature","properties":{"types":"Allotments Or Community Growing Spaces","area_m2":6420.5},"geometry":{"type":"Polygon","coordinates":[[[-4.20665,51.03898],[-4.20662,51.03889],[-4.20572,51.03892],[-4.20584,51.0397],[-4.20691,51.03966],[-4.20682,51.03897],[-4.20665,51.03898]]]}},
{"type":"Feature","properties":{"types":"Allotments Or Community Growing Spaces","area_m2":9629.2},"geometry":{"type":"Polygon","coordinates":[[[-4.20669,51.04321],[-4.2066,51.04326],[-4.20642,51.04328],[-4.20512,51.04328],[-4.20487,51.04378],[-4.20598,51.04383],[-4.20612,51.04389],[-4.20718,51.0439],[-4.20701,51.04318],[-4.20669,51.04321]]]}},
{"type":"Feature","properties":{"types":"Playing Field","area_m2":11529.3},"geometry":{"type":"Polygon","coordinates":[[[-4.19989,51.04814],[-4.20112,51.04832],[-4.20144,51.04834],[-4.2014,51.04737],[-4.20024,51.04717],[-4.20009,51.04717],[-4.20007,51.04713],[-4.19999,51.04715],[-4.19989,51.04814]]]}},
{"type":"Feature","properties":{"types":"Play Space; Playing Field","area_m2":6936.9},"geometry":{"type":"Polygon","coordinates":[[[-4.19796,51.05221],[-4.19776,51.052],[-4.19806,51.05176],[-4.19814,51.05163],[-4.19813,51.05156],[-4.19666,51.05191],[-4.19608,51.05195],[-4.19605,51.05199],[-4.19592,51.05196],[-4.19607,51.05201],[-4.19584,51.05199],[-4.19652,51.05253],[-4.19727,51.05219],[-4.19739,51.05219],[-4.19774,51.05201],[-4.19796,51.05221]]]}},
{"type":"Feature","properties":{"types":"Other Sports Facility","area_m2":28291.5},"geometry":{"type":"Polygon","coordinates":[[[-4.20473,51.05338],[-4.20483,51.05315],[-4.20476,51.05315],[-4.20476,51.05309],[-4.20487,51.0527],[-4.20504,51.05257],[-4.20344,51.05235],[-4.20201,51.05209],[-4.2016,51.05277],[-4.20154,51.05277],[-4.20147,51.05316],[-4.20297,51.05349],[-4.2042,51.05365],[-4.20473,51.05338]]]}},
{"type":"Feature","properties":{"types":"Playing Field","area_m2":22182.4},"geometry":{"type":"Polygon","coordinates":[[[-4.17908,51.0616],[-4.17909,51.06173],[-4.17916,51.06178],[-4.17972,51.06136],[-4.17875,51.06062],[-4.17866,51.0605],[-4.17865,51.06018],[-4.17836,51.0602],[-4.17784,51.0605],[-4.17758,51.06044],[-4.17741,51.06044],[-4.17715,51.06071],[-4.17719,51.06077],[-4.17694,51.06107],[-4.17697,51.06114],[-4.17792,51.06196],[-4.17821,51.0619],[-4.17837,51.06193],[-4.17908,51.0616]]]}},
{"type":"Feature","properties":{"types":"Playing Field","area_m2":31445.5},"geometry":{"type":"Polygon","coordinates":[[[-4.18324,51.1134],[-4.1828,51.11445],[-4.18434,51.11476],[-4.1856,51.11511],[-4.18588,51.11462],[-4.18613,51.11402],[-4.18502,51.11374],[-4.18437,51.11328],[-4.18397,51.11314],[-4.18359,51.11281],[-4.18336,51.11265],[-4.18324,51.1134]]]}},
{"type":"Feature","properties":{"types":"Other Sports Facility; Play Space; Playing Field","area_m2":11275.3},"geometry":{"type":"Polygon","coordinates":[[[-4.19331,51.13582],[-4.19266,51.1375],[-4.19335,51.13762],[-4.19332,51.13778],[-4.19347,51.13778],[-4.19398,51.13652],[-4.19379,51.13649],[-4.19397,51.13606],[-4.19404,51.13605],[-4.19331,51.13582]]]}},
{"type":"Feature","properties":{"types":"Other Sports Facility","area_m2":5023.0},"geometry":{"type":"Polygon","coordinates":[[[-4.19522,51.1383],[-4.19551,51.13832],[-4.19546,51.13835],[-4.19549,51.1384],[-4.19552,51.13835],[-4.19584,51.1382],[-4.19629,51.1383],[-4.1964,51.13806],[-4.19588,51.13794],[-4.19585,51.13781],[-4.19579,51.13777],[-4.19564,51.13778],[-4.19526,51.13767],[-4.19497,51.13789],[-4.19463,51.13834],[-4.19523,51.13817],[-4.19522,51.1383]]]}},
{"type":"Feature","properties":{"types":"Allotments Or Community Growing Spaces","area_m2":11562.2},"geometry":{"type":"Polygon","coordinates":[[[-4.20328,51.1693],[-4.20101,51.16948],[-4.20135,51.17006],[-4.2018,51.17019],[-4.20215,51.17021],[-4.20231,51.17031],[-4.2028,51.17036],[-4.20277,51.17019],[-4.20328,51.1693]]]}},
{"type":"Feature","properties":{"types":"Playing Field","area_m2":16095.9},"geometry":{"type":"Polygon","coordinates":[[[-4.20254,51.17123],[-4.20273,51.17107],[-4.20281,51.17093],[-4.20273,51.17072],[-4.2015,51.17048],[-4.20006,51.17027],[-4.19989,51.17027],[-4.19961,51.17094],[-4.20125,51.1712],[-4.20139,51.17129],[-4.20147,51.1713],[-4.20147,51.17125],[-4.20161,51.17108],[-4.20174,51.1711],[-4.20172,51.17116],[-4.202,51.17121],[-4.20197,51.17126],[-4.2021,51.17128],[-4.20254,51.17123]]]}},
{"type":"Feature","properties":{"types":"Other Sports Facility","area_m2":20713.6},"geometry":{"type":"Polygon","coordinates":[[[-4.20653,51.17098],[-4.20672,51.17091],[-4.20679,51.17076],[-4.20762,51.17067],[-4.20751,51.17055],[-4.20714,51.17064],[-4.20695,51.17059],[-4.20685,51.17049],[-4.20659,51.17042],[-4.20604,51.17041],[-4.20611,51.17044],[-4.20613,51.17144],[-4.20656,51.17144],[-4.20659,51.17181],[-4.20692,51.17221],[-4.20692,51.1723],[-4.20765,51.17222],[-4.20782,51.17212],[-4.20807,51.17186],[-4.20814,51.17169],[-4.20795,51.17105],[-4.20769,51.17068],[-4.20685,51.17077],[-4.20679,51.17079],[-4.20676,51.17088],[-4.20662,51.17099],[-4.20653,51.17098]]]}},
{"type":"Feature","properties":{"types":"Public Park Or Garden","area_m2":18851.1},"geometry":{"type":"Polygon","coordinates":[[[-4.21283,51.17601],[-4.21311,51.17595],[-4.21318,51.17578],[-4.21309,51.17562],[-4.21289,51.17546],[-4.21276,51.17544],[-4.21267,51.17531],[-4.21238,51.17515],[-4.21232,51.17494],[-4.21251,51.17484],[-4.21214,51.17454],[-4.21181,51.17417],[-4.21169,51.17417],[-4.21156,51.17428],[-4.21219,51.175],[-4.21236,51.17542],[-4.21246,51.17605],[-4.21245,51.17658],[-4.21239,51.17684],[-4.21215,51.17724],[-4.21191,51.17746],[-4.21052,51.17789],[-4.20992,51.17819],[-4.20969,51.17847],[-4.20964,51.17864],[-4.20974,51.17876],[-4.20996,51.17887],[-4.21086,51.17831],[-4.21082,51.17818],[-4.21104,51.17793],[-4.21122,51.17795],[-4.21119,51.17792],[-4.21128,51.1778],[-4.21139,51.17775],[-4.21149,51.17776],[-4.21152,51.17781],[-4.21171,51.17777],[-4.21209,51.17744],[-4.21204,51.17741],[-4.21207,51.17739],[-4.21238,51.17731],[-4.21262,51.17716],[-4.21263,51.17709],[-4.21257,51.17708],[-4.21252,51.17696],[-4.21265,51.17683],[-4.21281,51.17683],[-4.21338,51.17708],[-4.21338,51.17704],[-4.21287,51.17681],[-4.21294,51.17671],[-4.21315,51.17668],[-4.21346,51.17688],[-4.21366,51.17692],[-4.21328,51.17667],[-4.21335,51.1766],[-4.21342,51.1766],[-4.2134,51.17655],[-4.21318,51.17639],[-4.21301,51.17636],[-4.21296,51.17628],[-4.21278,51.17618],[-4.21276,51.1761],[-4.21283,51.17601]]]}},
{"type":"Feature","properties":{"types":"Playing Field","area_m2":6795.1},"geometry":{"type":"Polygon","coordinates":[[[-4.1195,50.35214],[-4.11944,50.35214],[-4.11937,50.35172],[-4.11843,50.35178],[-4.11857,50.35265],[-4.11951,50.3526],[-4.11956,50.3523],[-4.1195,50.35214]]]}},
{"type":"Feature","properties":{"types":"Play Space; Playing Field","area_m2":8595.8},"geometry":{"type":"Polygon","coordinates":[[[-4.11222,50.35346],[-4.11225,50.35356],[-4.11219,50.35357],[-4.1121,50.3535],[-4.11201,50.35353],[-4.11197,50.35372],[-4.11203,50.35373],[-4.11202,50.35403],[-4.11195,50.35404],[-4.112,50.35421],[-4.11361,50.35416],[-4.11333,50.35372],[-4.1132,50.35335],[-4.11307,50.3533],[-4.113,50.35331],[-4.113,50.3534],[-4.11277,50.35335],[-4.11222,50.35346]],[[-4.11219,50.35365],[-4.11215,50.35359],[-4.11226,50.35356],[-4.1123,50.35362],[-4.11219,50.35365]]]}},
{"type":"Feature","properties":{"types":"Allotments Or Community Growing Spaces","area_m2":8276.0},"geometry":{"type":"Polygon","coordinates":[[[-4.11722,50.35497],[-4.11675,50.35517],[-4.11601,50.35557],[-4.11632,50.35568],[-4.11615,50.35577],[-4.11634,50.35573],[-4.11644,50.35576],[-4.11697,50.35621],[-4.11723,50.35636],[-4.11736,50.35638],[-4.11748,50.35611],[-4.11766,50.356],[-4.11728,50.35559],[-4.11729,50.35514],[-4.11722,50.35497]]]}},
{"type":"Feature","properties":{"types":"Play Space; Playing Field","area_m2":9525.3},"geometry":{"type":"Polygon","coordinates":[[[-4.12174,50.3567],[-4.12184,50.35668],[-4.12172,50.35652],[-4.12159,50.35647],[-4.12156,50.35627],[-4.12152,50.35628],[-4.12137,50.35596],[-4.12058,50.35612],[-4.12068,50.3563],[-4.12076,50.35633],[-4.12069,50.35642],[-4.12073,50.35656],[-4.12065,50.35676],[-4.12041,50.35705],[-4.12088,50.35722],[-4.12129,50.35722],[-4.12187,50.35701],[-4.12174,50.3567]]]}},
{"type":"Feature","properties":{"types":"Other Sports Facility; Play Space; Public Park Or Garden","area_m2":109658.9},"geometry":{"type":"Polygon","coordinates":[[[-4.14164,50.36675],[-4.1427,50.36667],[-4.14278,50.36669],[-4.14278,50.36671],[-4.14328,50.36666],[-4.14346,50.36656],[-4.14304,50.36646],[-4.14274,50.36633],[-4.14274,50.36587],[-4.14312,50.36583],[-4.14322,50.36587],[-4.14354,50.36588],[-4.14357,50.36544],[-4.14466,50.36547],[-4.14567,50.36541],[-4.14567,50.36531],[-4.14639,50.36519],[-4.14636,50.36509],[-4.1465,50.36505],[-4.14662,50.36514],[-4.14746,50.36485],[-4.14782,50.36481],[-4.14786,50.36475],[-4.14861,50.365],[-4.14886,50.36475],[-4.14827,50.36453],[-4.14812,50.36461],[-4.14763,50.36464],[-4.14666,50.36404],[-4.14613,50.36435],[-4.14591,50.36442],[-4.14514,50.3645],[-4.14444,50.36438],[-4.14362,50.3642],[-4.14324,50.36406],[-4.14271,50.36374],[-4.14265,50.36383],[-4.14269,50.36388],[-4.14252,50.36387],[-4.14246,50.36398],[-4.14219,50.36401],[-4.14201,50.36399],[-4.14196,50.36391],[-4.14179,50.36389],[-4.14184,50.36392],[-4.14166,50.36407],[-4.14106,50.36429],[-4.14075,50.3646],[-4.14013,50.36505],[-4.14012,50.36519],[-4.13991,50.36523],[-4.13977,50.36533],[-4.13947,50.3661],[-4.1393,50.36616],[-4.13872,50.36605],[-4.13851,50.36607],[-4.13812,50.36631],[-4.13813,50.36643],[-4.1383,50.36649],[-4.1399,50.36686],[-4.1403,50.36689],[-4.14169,50.36677],[-4.14164,50.36675]]]}},
{"type":"Feature","properties":{"types":"Other Sports Facility; Play Space; Public Park Or Garden","area_m2":13866.8},"geometry":{"type":"Polygon","coordinates":[[[-4.12278,50.3689],[-4.1225,50.36909],[-4.12237,50.36903],[-4.12189,50.36911],[-4.12242,50.37031],[-4.12333,50.37011],[-4.12375,50.37008],[-4.12363,50.36978],[-4.12412,50.3697],[-4.12418,50.36972],[-4.12278,50.3689]]]}},
{"type":"Feature","properties":{"types":"Other Sports Facility; Play Space; Public Park Or Garden","area_m2":34613.2},"geometry":{"type":"Polygon","coordinates":[[[-4.12862,50.37313],[-4.12868,50.37316],[-4.12848,50.37314],[-4.12877,50.37333],[-4.12904,50.37365],[-4.12995,50.37449],[-4.13001,50.37446],[-4.13015,50.37467],[-4.13023,50.37467],[-4.13069,50.37419],[-4.13123,50.37371],[-4.13178,50.37336],[-4.13182,50.37329],[-4.13176,50.37321],[-4.13176,50.37305],[-4.13182,50.37305],[-4.13172,50.37266],[-4.13091,50.37272],[-4.13083,50.37234],[-4.13011,50.37242],[-4.12872,50.37283],[-4.12845,50.37293],[-4.1284,50.373],[-4.12845,50.37312],[-4.1285,50.37305],[-4.12862,50.37304],[-4.12862,50.37313]]]}},
{"type":"Feature","properties":{"types":"Other Sports Facility; Play Space; Playing Field; Public Park Or Garden","area_m2":40673.1},"geometry":{"type":"Polygon","coordinates":[[[-4.11897,50.37342],[-4.11891,50.37326],[-4.1194,50.37317],[-4.11573,50.37368],[-4.11496,50.37382],[-4.11566,50.37447],[-4.11627,50.37432],[-4.11687,50.37423],[-4.11753,50.37422],[-4.11946,50.37441],[-4.11995,50.37442],[-4.12056,50.37436],[-4.12114,50.37422],[-4.12278,50.3738],[-4.12291,50.37365],[-4.12288,50.37353],[-4.12254,50.37324],[-4.12236,50.3732],[-4.12209,50.37329],[-4.12192,50.3735],[-4.11961,50.3738],[-4.11959,50.37375],[-4.11949,50.37375],[-4.11943,50.3737],[-4.11915,50.37374],[-4.11912,50.37365],[-4.11899,50.37368],[-4.11894,50.37364],[-4.11892,50.37347],[-4.11902,50.37346],[-4.11902,50.37339],[-4.11897,50.37342]],[[-4.12115,50.37397],[-4.12106,50.37368],[-4.12129,50.37365],[-4.12138,50.37394],[-4.12115,50.37397]],[[-4.12018,50.37379],[-4.12083,50.3737],[-4.12089,50.37385],[-4.12093,50.37384],[-4.12097,50.37399],[-4.12086,50.37408],[-4.12032,50.37415],[-4.12018,50.37379]]]}},
{"type":"Feature","properties":{"types":"Public Park Or Garden","area_m2":8359.1},"geometry":{"type":"Polygon","coordinates":[[[-4.1428,50.37421],[-4.14279,50.37395],[-4.14271,50.37391],[-4.14279,50.3739],[-4.14277,50.37343],[-4.14208,50.37345],[-4.14209,50.37375],[-4.14215,50.37378],[-4.1421,50.37382],[-4.14209,50.37435],[-4.1419,50.37438],[-4.1421,50.37438],[-4.14212,50.37487],[-4.14252,50.37487],[-4.14258,50.37492],[-4.14264,50.37486],[-4.14303,50.37485],[-4.14312,50.37477],[-4.14299,50.3747],[-4.14294,50.37472],[-4.14293,50.37436],[-4.14253,50.37437],[-4.14246,50.37435],[-4.14246,50.37431],[-4.14273,50.37431],[-4.1428,50.37421]]]}},
{"type":"Feature","properties":{"types":"Public Park Or Garden","area_m2":5378.9},"geometry":{"type":"Polygon","coordinates":[[[-4.14262,50.37583],[-4.14286,50.37579],[-4.14303,50.3757],[-4.14315,50.37558],[-4.14317,50.37542],[-4.14313,50.37529],[-4.14299,50.37517],[-4.14283,50.3751],[-4.14258,50.37507],[-4.14237,50.3751],[-4.14216,50.37519],[-4.14203,50.37534],[-4.142,50.37546],[-4.14204,50.37559],[-4.1422,50.37573],[-4.14237,50.3758],[-4.14262,50.37583]]]}},
{"type":"Feature","properties":{"types":"Other Sports Facility; Public Park Or Garden","area_m2":10564.2},"geometry":{"type":"Polygon","coordinates":[[[-4.13788,50.37628],[-4.13788,50.37634],[-4.1378,50.37633],[-4.13782,50.37628],[-4.13778,50.37626],[-4.13783,50.37625],[-4.13777,50.37597],[-4.137,50.3758],[-4.13641,50.37668],[-4.13769,50.37703],[-4.13775,50.37683],[-4.13814,50.37685],[-4.13819,50.3763],[-4.13788,50.37628]]]}},
{"type":"Feature","properties":{"types":"Other Sports Facility; Play Space; Public Park Or Garden","area_m2":30304.2},"geometry":{"type":"Polygon","coordinates":[[[-4.12555,50.37775],[-4.12562,50.37778],[-4.12557,50.37782],[-4.1255,50.37779],[-4.12489,50.37832],[-4.1276,50.37887],[-4.12763,50.37803],[-4.12803,50.37792],[-4.12722,50.3764],[-4.12555,50.37775]]]}},
{"type":"Feature","properties":{"types":"Play Space; Public Park Or Garden","area_m2":63724.8},"geometry":{"type":"Polygon","coordinates":[[[-4.11681,50.38508],[-4.11687,50.38508],[-4.11688,50.38512],[-4.11695,50.38514],[-4.1172,50.38539],[-4.11733,50.38567],[-4.11751,50.38646],[-4.1175,50.38653],[-4.11729,50.38657],[-4.11826,50.38657],[-4.11826,50.38652],[-4.1188,50.38659],[-4.11905,50.38611],[-4.11946,50.3856],[-4.11966,50.38527],[-4.1197,50.38479],[-4.11983,50.38435],[-4.12008,50.38407],[-4.12027,50.38393],[-4.12025,50.38387],[-4.12002,50.38374],[-4.12062,50.38329],[-4.12087,50.38342],[-4.12064,50.38328],[-4.12121,50.38283],[-4.12095,50.38269],[-4.12109,50.3826],[-4.12109,50.38255],[-4.12238,50.38261],[-4.12238,50.38254],[-4.12072,50.38247],[-4.12073,50.38242],[-4.12061,50.38242],[-4.12062,50.38247],[-4.12042,50.38255],[-4.12036,50.38262],[-4.11876,50.38266],[-4.11852,50.3829],[-4.11859,50.383],[-4.11851,50.38366],[-4.11854,50.38406],[-4.11863,50.38432],[-4.11859,50.38452],[-4.11791,50.38462],[-4.11676,50.38466],[-4.11681,50.38508]]]}},
{"type":"Feature","properties":{"types":"Allotments Or Community Growing Spaces","area_m2":14765.1},"geometry":{"type":"Polygon","coordinates":[[[-4.12425,50.3839],[-4.12412,50.3843],[-4.12455,50.38464],[-4.12499,50.38489],[-4.12555,50.38506],[-4.1261,50.38515],[-4.12647,50.38455],[-4.12642,50.3845],[-4.12653,50.38424],[-4.1258,50.3841],[-4.12425,50.3839]]]}},
{"type":"Feature","properties":{"types":"Play Space; Public Park Or Garden","area_m2":15152.3},"geometry":{"type":"Polygon","coordinates":[[[-4.13597,50.38715],[-4.13536,50.38708],[-4.13463,50.38694],[-4.13384,50.38693],[-4.13382,50.38709],[-4.13399,50.38721],[-4.13389,50.38766],[-4.13357,50.38765],[-4.13391,50.38813],[-4.13397,50.38814],[-4.13423,50.38866],[-4.13475,50.38856],[-4.13442,50.38786],[-4.13448,50.38781],[-4.13468,50.38781],[-4.13544,50.38765],[-4.13569,50.38767],[-4.13595,50.388],[-4.13612,50.38809],[-4.13632,50.38814],[-4.13637,50.38811],[-4.13639,50.38807],[-4.13613,50.38805],[-4.13603,50.388],[-4.13569,50.38757],[-4.13541,50.38743],[-4.13597,50.38715]]]}},
{"type":"Feature","properties":{"types":"Public Park Or Garden","area_m2":8224.8},"geometry":{"type":"Polygon","coordinates":[[[-4.13376,50.38818],[-4.13339,50.38768],[-4.13238,50.38751],[-4.13213,50.38804],[-4.13205,50.38848],[-4.13264,50.38838],[-4.13376,50.38818]]]}},
{"type":"Feature","properties":{"types":"Allotments Or Community Growing Spaces","area_m2":9058.0},"geometry":{"type":"Polygon","coordinates":[[[-4.12298,50.38854],[-4.12456,50.38854],[-4.12519,50.38849],[-4.12518,50.38825],[-4.12513,50.3881],[-4.12517,50.38777],[-4.1241,50.38783],[-4.12415,50.38817],[-4.12296,50.38824],[-4.12298,50.38854]]]}},
{"type":"Feature","properties":{"types":"Playing Field","area_m2":21219.2},"geometry":{"type":"Polygon","coordinates":[[[-4.12182,50.39052],[-4.12219,50.39216],[-4.12213,50.39256],[-4.12214,50.3925],[-4.12225,50.3925],[-4.12225,50.39257],[-4.12294,50.3925],[-4.12386,50.39229],[-4.12384,50.39172],[-4.12394,50.39099],[-4.12387,50.39099],[-4.12386,50.39124],[-4.12268,50.39119],[-4.12251,50.39053],[-4.12182,50.39052]]]}},
{"type":"Feature","properties":{"types":"Other Sports Facility; Play Space","area_m2":24253.7},"geometry":{"type":"Polygon","coordinates":[[[-4.13015,50.39222],[-4.12985,50.39214],[-4.12703,50.392],[-4.1273,50.39273],[-4.12745,50.39284],[-4.12884,50.39314],[-4.12954,50.39322],[-4.13035,50.39324],[-4.1303,50.39238],[-4.13093,50.39231],[-4.13089,50.39226],[-4.13087,50.3923],[-4.13053,50.39232],[-4.13053,50.39224],[-4.13015,50.39222]],[[-4.12995,50.39245],[-4.13022,50.39243],[-4.13025,50.39274],[-4.12998,50.39275],[-4.12995,50.39245]]]}},
{"type":"Feature","properties":{"types":"Allotments Or Community Growing Spaces","area_m2":7898.0},"geometry":{"type":"Polygon","coordinates":[[[-4.14508,50.39708],[-4.1455,50.39673],[-4.14546,50.39669],[-4.1448,50.39676],[-4.14421,50.39688],[-4.14288,50.39681],[-4.14228,50.39711],[-4.14201,50.3972],[-4.14203,50.39723],[-4.14268,50.39723],[-4.14408,50.39717],[-4.14508,50.39708]]]}},
{"type":"Feature","properties":{"types":"Play Space; Public Park Or Garden","area_m2":75592.2},"geometry":{"type":"Polygon","coordinates":[[[-4.11954,50.39851],[-4.11946,50.39849],[-4.1194,50.3984],[-4.11947,50.3983],[-4.11838,50.39836],[-4.11752,50.39845],[-4.11546,50.39877],[-4.11542,50.39873],[-4.11534,50.39874],[-4.11456,50.39787],[-4.1146,50.39775],[-4.11358,50.39761],[-4.11339,50.39774],[-4.11315,50.39807],[-4.113,50.39855],[-4.11305,50.39875],[-4.11345,50.3994],[-4.11401,50.39944],[-4.1142,50.40001],[-4.1144,50.40001],[-4.11442,50.40004],[-4.11503,50.40003],[-4.11501,50.39944],[-4.11577,50.39949],[-4.11612,50.39945],[-4.11645,50.39986],[-4.11665,50.39986],[-4.1169,50.39977],[-4.1167,50.39994],[-4.11665,50.40008],[-4.11668,50.40016],[-4.11684,50.40026],[-4.11703,50.40028],[-4.11725,50.40037],[-4.11761,50.40063],[-4.11798,50.40106],[-4.11818,50.40098],[-4.11765,50.40039],[-4.1177,50.4],[-4.11784,50.39966],[-4.11906,50.39955],[-4.11987,50.39952],[-4.11964,50.39846],[-4.11954,50.39851]]]}},
{"type":"Feature","properties":{"types":"Playing Field","area_m2":34036.2},"geometry":{"type":"Polygon","coordinates":[[[-4.14116,50.40119],[-4.14144,50.40115],[-4.14146,50.40106],[-4.1417,50.40079],[-4.1417,50.4007],[-4.14181,50.4006],[-4.14191,50.40028],[-4.14199,50.40019],[-4.14194,50.39989],[-4.14198,50.39981],[-4.14188,50.39978],[-4.1421,50.39951],[-4.142,50.39952],[-4.14192,50.39945],[-4.14169,50.39972],[-4.14135,50.39953],[-4.14122,50.39952],[-4.14115,50.39959],[-4.14106,50.39959],[-4.14105,50.39947],[-4.14092,50.39956],[-4.14075,50.39958],[-4.13995,50.39983],[-4.13933,50.39987],[-4.13935,50.40027],[-4.13929,50.40046],[-4.13924,50.40049],[-4.1392,50.40047],[-4.13918,50.40018],[-4.13922,50.40009],[-4.13915,50.39987],[-4.13854,50.39971],[-4.13794,50.39965],[-4.13728,50.40004],[-4.13727,50.4002],[-4.13839,50.40036],[-4.13927,50.40059],[-4.1393,50.40057],[-4.14116,50.40119]]]}},
{"type":"Feature","properties":{"types":"Play Space; Public Park Or Garden","area_m2":21015.4},"geometry":{"type":"Polygon","coordinates":[[[-4.1345,50.40737],[-4.13469,50.40749],[-4.13475,50.4075],[-4.13477,50.40747],[-4.1353,50.40758],[-4.13543,50.40764],[-4.13548,50.40764],[-4.13557,50.40743],[-4.13701,50.40758],[-4.13699,50.40765],[-4.13744,50.40772],[-4.1376,50.40765],[-4.13814,50.40787],[-4.13863,50.40799],[-4.13833,50.40719],[-4.13821,50.40703],[-4.13804,50.40699],[-4.13693,50.40693],[-4.13641,50.40708],[-4.13627,50.40705],[-4.1361,50.40693],[-4.13589,50.40688],[-4.13449,50.40687],[-4.13432,50.40696],[-4.13428,50.40714],[-4.1345,50.40737]]]}},
{"type":"Feature","properties":{"types":"Other Sports Facility","area_m2":69557.7},"geometry":{"type":"Polygon","coordinates":[[[-4.14436,50.40869],[-4.14447,50.4089],[-4.14332,50.40896],[-4.14331,50.40892],[-4.14277,50.40895],[-4.14283,50.40961],[-4.14297,50.40982],[-4.14395,50.40984],[-4.14466,50.4098],[-4.14515,50.40958],[-4.14564,50.40946],[-4.14571,50.40936],[-4.14587,50.40933],[-4.14599,50.40941],[-4.14673,50.40934],[-4.14714,50.40924],[-4.14754,50.40906],[-4.14775,50.40891],[-4.14851,50.40814],[-4.14861,50.40788],[-4.14856,50.40761],[-4.1472,50.4072],[-4.14699,50.40746],[-4.14685,50.40744],[-4.14608,50.40756],[-4.14563,50.40754],[-4.1456,50.40763],[-4.14459,50.40791],[-4.14422,50.40797],[-4.14421,50.40794],[-4.14468,50.40787],[-4.14461,50.40776],[-4.14387,50.40776],[-4.14385,50.40792],[-4.1439,50.40792],[-4.14394,50.40798],[-4.14405,50.40798],[-4.14406,50.40803],[-4.14388,50.40808],[-4.14413,50.40849],[-4.14436,50.40869]]]}},
{"type":"Feature","properties":{"types":"Other Sports Facility","area_m2":28234.4},"geometry":{"type":"Polygon","coordinates":[[[-4.1171,50.4197],[-4.11715,50.4196],[-4.11716,50.41967],[-4.1171,50.41971],[-4.11725,50.4197],[-4.11833,50.41945],[-4.11812,50.41918],[-4.11774,50.41897],[-4.11763,50.419],[-4.1174,50.41895],[-4.11718,50.41886],[-4.11702,50.41872],[-4.11683,50.41862],[-4.11653,50.41855],[-4.11626,50.41858],[-4.11622,50.4187],[-4.11587,50.41882],[-4.11496,50.41889],[-4.11374,50.41911],[-4.11357,50.41917],[-4.11456,50.41985],[-4.11629,50.4198],[-4.1171,50.4197]],[[-4.11653,50.41871],[-4.11702,50.41872],[-4.11701,50.41906],[-4.11651,50.41905],[-4.11653,50.41871]]]}},
{"type":"Feature","properties":{"types":"Playing Field","area_m2":20810.8},"geometry":{"type":"Polygon","coordinates":[[[-4.14706,50.42008],[-4.14822,50.42021],[-4.14862,50.42015],[-4.14877,50.42002],[-4.14885,50.41983],[-4.14878,50.41959],[-4.14746,50.41887],[-4.14654,50.41874],[-4.1465,50.41917],[-4.14634,50.4193],[-4.14608,50.41984],[-4.14706,50.42008]]]}},
{"type":"Feature","properties":{"types":"Other Sports Facility","area_m2":27904.6},"geometry":{"type":"Polygon","coordinates":[[[-4.1229,50.42136],[-4.12298,50.42127],[-4.12143,50.42067],[-4.12138,50.42075],[-4.12107,50.42094],[-4.12028,50.42155],[-4.12054,50.42168],[-4.1203,50.42191],[-4.12024,50.42188],[-4.11999,50.42212],[-4.12248,50.42269],[-4.1229,50.42136]]]}},
{"type":"Feature","properties":{"types":"Public Park Or Garden","area_m2":5296.8},"geometry":{"type":"Polygon","coordinates":[[[-4.12378,50.42334],[-4.12377,50.42305],[-4.1237,50.42299],[-4.12237,50.42306],[-4.12222,50.42347],[-4.12286,50.4235],[-4.12373,50.42346],[-4.12378,50.42334]]]}},
{"type":"Feature","properties":{"types":"Allotments Or Community Growing Spaces; Play Space; Playing Field; Public Park Or Garden","area_m2":341221.5},"geometry":{"type":"Polygon","coordinates":[[[-4.12528,50.42703],[-4.12536,50.42702],[-4.12571,50.42684],[-4.12601,50.42678],[-4.12642,50.42687],[-4.12673,50.42705],[-4.127,50.42728],[-4.12764,50.42712],[-4.12814,50.42716],[-4.12863,50.42727],[-4.12863,50.42749],[-4.12889,50.42758],[-4.1292,50.42761],[-4.12931,50.42784],[-4.13063,50.42735],[-4.132,50.42691],[-4.13372,50.42612],[-4.13385,50.4261],[-4.13381,50.42609],[-4.13386,50.42605],[-4.13426,50.42579],[-4.13458,50.42567],[-4.13489,50.42565],[-4.13507,50.42549],[-4.13535,50.42561],[-4.13547,50.42551],[-4.13566,50.42509],[-4.13591,50.42477],[-4.13618,50.42461],[-4.13657,50.42451],[-4.13697,50.42446],[-4.13703,50.4244],[-4.13697,50.42433],[-4.13702,50.42408],[-4.13874,50.42388],[-4.13873,50.42416],[-4.13881,50.42415],[-4.13882,50.42387],[-4.14059,50.42357],[-4.14097,50.42356],[-4.14101,50.4238],[-4.1412,50.4238],[-4.14186,50.42355],[-4.14169,50.42339],[-4.1417,50.42346],[-4.14144,50.42348],[-4.14145,50.4235],[-4.14116,50.4235],[-4.14109,50.42335],[-4.14061,50.42347],[-4.13998,50.42353],[-4.13999,50.42311],[-4.13992,50.4231],[-4.13989,50.42303],[-4.13975,50.42327],[-4.13903,50.42306],[-4.13908,50.42301],[-4.13905,50.42294],[-4.13853,50.4228],[-4.13801,50.4227],[-4.13751,50.42267],[-4.13752,50.42242],[-4.13688,50.42242],[-4.13685,50.42222],[-4.13644,50.42222],[-4.13644,50.42217],[-4.13622,50.42217],[-4.13615,50.42222],[-4.13626,50.42248],[-4.13627,50.42274],[-4.13521,50.423],[-4.13502,50.4231],[-4.135,50.42314],[-4.13488,50.42314],[-4.13424,50.4233],[-4.13427,50.42336],[-4.13409,50.42339],[-4.13395,50.42318],[-4.13375,50.42301],[-4.13363,50.4231],[-4.13368,50.42314],[-4.13332,50.42322],[-4.13303,50.42303],[-4.13321,50.42292],[-4.13315,50.42285],[-4.13311,50.42288],[-4.13293,50.42279],[-4.13296,50.42277],[-4.13278,50.4227],[-4.13264,50.42257],[-4.13269,50.42253],[-4.13252,50.4224],[-4.13207,50.4223],[-4.13198,50.4223],[-4.13176,50.42243],[-4.13204,50.42256],[-4.13216,50.4227],[-4.13215,50.42278],[-4.13187,50.42305],[-4.1331,50.42336],[-4.13303,50.42344],[-4.13306,50.42391],[-4.13175,50.42468],[-4.13103,50.425],[-4.13095,50.42485],[-4.12926,50.42503],[-4.12926,50.42506],[-4.12904,50.42514],[-4.12863,50.42504],[-4.12863,50.42508],[-4.12827,50.42512],[-4.12824,50.42505],[-4.12803,50.42505],[-4.12799,50.4246],[-4.12769,50.42464],[-4.12722,50.42482],[-4.12736,50.42522],[-4.12661,50.42533],[-4.12616,50.42533],[-4.12473,50.4255],[-4.12474,50.42553],[-4.12454,50.42555],[-4.12454,50.42553],[-4.12414,50.42557],[-4.12398,50.42562],[-4.12196,50.42588],[-4.11801,50.42486],[-4.11778,50.42477],[-4.11763,50.42462],[-4.1175,50.42436],[-4.1179,50.42443],[-4.11702,50.42422],[-4.11696,50.42394],[-4.11697,50.42425],[-4.11638,50.4241],[-4.1164,50.42405],[-4.11613,50.42398],[-4.11609,50.42403],[-4.11638,50.42411],[-4.11629,50.42426],[-4.11689,50.4245],[-4.11685,50.42455],[-4.11717,50.42501],[-4.11676,50.4251],[-4.1172,50.42508],[-4.1172,50.42522],[-4.11697,50.42561],[-4.11701,50.42563],[-4.11717,50.42549],[-4.11732,50.42554],[-4.11743,50.42553],[-4.1178,50.4254],[-4.11786,50.42544],[-4.11832,50.42542],[-4.11864,50.42546],[-4.11877,50.42537],[-4.11914,50.42549],[-4.11993,50.42599],[-4.11996,50.42636],[-4.11997,50.42601],[-4.12041,50.42617],[-4.12066,50.42638],[-4.1211,50.42626],[-4.12151,50.42645],[-4.12246,50.42667],[-4.12268,50.42675],[-4.12153,50.42696],[-4.12065,50.42734],[-4.12044,50.42747],[-4.1205,50.42749],[-4.12017,50.42771],[-4.12,50.42788],[-4.11985,50.42795],[-4.11967,50.42788],[-4.11946,50.42806],[-4.11911,50.42853],[-4.11873,50.4287],[-4.1179,50.42893],[-4.11794,50.42905],[-4.11776,50.42932],[-4.11777,50.42936],[-4.11817,50.42946],[-4.11841,50.4294],[-4.11856,50.4294],[-4.11851,50.42931],[-4.11859,50.4292],[-4.11864,50.42922],[-4.11862,50.42926],[-4.1187,50.42924],[-4.11872,50.42913],[-4.11926,50.42885],[-4.11969,50.42854],[-4.12114,50.42835],[-4.12094,50.42805],[-4.12112,50.42801],[-4.12113,50.4278],[-4.12201,50.4277],[-4.12202,50.42775],[-4.12227,50.42772],[-4.12226,50.42769],[-4.12263,50.42759],[-4.1235,50.42741],[-4.12444,50.42707],[-4.12509,50.42672],[-4.12526,50.42671],[-4.12528,50.42703]]]}},
{"type":"Feature","properties":{"types":"Play Space; Public Park Or Garden","area_m2":7576.7},"geometry":{"type":"Polygon","coordinates":[[[-4.12832,50.4276],[-4.12816,50.42764],[-4.12812,50.42759],[-4.12735,50.42762],[-4.12729,50.42767],[-4.12787,50.42857],[-4.12793,50.42859],[-4.12832,50.42847],[-4.12815,50.42822],[-4.12836,50.42819],[-4.12931,50.42784],[-4.12899,50.42788],[-4.12892,50.42777],[-4.12849,50.42768],[-4.12831,50.42754],[-4.12832,50.4276]]]}},
{"type":"Feature","properties":{"types":"Play Space; Playing Field","area_m2":40043.2},"geometry":{"type":"Polygon","coordinates":[[[-4.14045,50.42888],[-4.14128,50.42894],[-4.14171,50.42893],[-4.14192,50.4289],[-4.14214,50.42882],[-4.14221,50.42864],[-4.14226,50.42817],[-4.1421,50.42772],[-4.14104,50.42769],[-4.13941,50.42753],[-4.13827,50.42756],[-4.13721,50.42767],[-4.13725,50.428],[-4.13733,50.42816],[-4.13748,50.42827],[-4.13781,50.42832],[-4.13895,50.42839],[-4.13951,50.42869],[-4.14045,50.42888]]]}},
{"type":"Feature","properties":{"types":"Allotments Or Community Growing Spaces","area_m2":14999.5},"geometry":{"type":"Polygon","coordinates":[[[-4.13351,50.48334],[-4.13194,50.48348],[-4.13162,50.48379],[-4.13183,50.48452],[-4.13384,50.48422],[-4.13351,50.48334]]]}},
{"type":"Feature","properties":{"types":"Public Park Or Garden","area_m2":9786.2},"geometry":{"type":"Polygon","coordinates":[[[-4.14576,50.53659],[-4.14558,50.53651],[-4.14531,50.53654],[-4.14481,50.53649],[-4.14416,50.53627],[-4.14333,50.53589],[-4.14328,50.53593],[-4.14318,50.53589],[-4.14322,50.53584],[-4.143,50.53584],[-4.14284,50.53593],[-4.14286,50.53603],[-4.14387,50.53663],[-4.14425,50.53679],[-4.14439,50.53675],[-4.14432,50.53669],[-4.14444,50.53664],[-4.14453,50.53674],[-4.1448,50.53674],[-4.14482,50.53677],[-4.14541,50.5369],[-4.14596,50.53699],[-4.14641,50.53677],[-4.14617,50.53668],[-4.14608,50.53672],[-4.14605,50.53665],[-4.14576,50.53659]]]}},
{"type":"Feature","properties":{"types":"Playing Field","area_m2":8870.1},"geometry":{"type":"Polygon","coordinates":[[[-4.12589,50.53737],[-4.1257,50.53748],[-4.12537,50.53783],[-4.12492,50.53847],[-4.12515,50.53854],[-4.12537,50.53827],[-4.12563,50.53839],[-4.12616,50.53848],[-4.12654,50.53828],[-4.12669,50.53809],[-4.12668,50.53796],[-4.12657,50.53784],[-4.12589,50.53737]]]}},
{"type":"Feature","properties":{"types":"Playing Field","area_m2":67636.9},"geometry":{"type":"Polygon","coordinates":[[[-4.15041,50.53678],[-4.15003,50.53728],[-4.15004,50.53745],[-4.14997,50.5376],[-4.1499,50.53807],[-4.14997,50.53824],[-4.14986,50.53826],[-4.15072,50.53967],[-4.15116,50.54025],[-4.1515,50.54018],[-4.15169,50.53985],[-4.15162,50.53977],[-4.1518,50.53967],[-4.15288,50.53794],[-4.15337,50.53675],[-4.15074,50.53612],[-4.15041,50.53678]]]}},
{"type":"Feature","properties":{"types":"Playing Field; Public Park Or Garden","area_m2":590679.1},"geometry":{"type":"Polygon","coordinates":[[[-4.12902,50.53924],[-4.12733,50.53918],[-4.12656,50.53905],[-4.12618,50.53906],[-4.12465,50.53928],[-4.12456,50.53927],[-4.12439,50.53911],[-4.12431,50.53934],[-4.124,50.53955],[-4.12273,50.54],[-4.12283,50.54018],[-4.12275,50.54023],[-4.12241,50.5401],[-4.12165,50.5403],[-4.11932,50.54075],[-4.1161,50.54159],[-4.11589,50.54168],[-4.11634,50.54181],[-4.12112,50.54296],[-4.12234,50.54323],[-4.1252,50.54377],[-4.12621,50.54406],[-4.12822,50.54477],[-4.12868,50.54478],[-4.12887,50.54471],[-4.12895,50.5446],[-4.12922,50.54387],[-4.12939,50.54353],[-4.12986,50.54328],[-4.12997,50.54333],[-4.13012,50.54323],[-4.13062,50.54304],[-4.1311,50.54294],[-4.13192,50.54267],[-4.13344,50.54307],[-4.13408,50.54329],[-4.13462,50.54353],[-4.13659,50.54398],[-4.13721,50.54419],[-4.13888,50.54365],[-4.13979,50.54327],[-4.1401,50.54307],[-4.14031,50.54278],[-4.1406,50.54266],[-4.1408,50.54261],[-4.14107,50.54234],[-4.14109,50.5423],[-4.14066,50.54198],[-4.1399,50.5415],[-4.13838,50.54104],[-4.13685,50.54075],[-4.13567,50.54028],[-4.13388,50.54164],[-4.13282,50.54126],[-4.13362,50.54047],[-4.13382,50.54014],[-4.13375,50.53999],[-4.13385,50.53996],[-4.13388,50.53989],[-4.13372,50.53996],[-4.13161,50.5398],[-4.12902,50.53924]]]}},
{"type":"Feature","properties":{"types":"Other Sports Facility","area_m2":15115.4},"geometry":{"type":"Polygon","coordinates":[[[-4.15322,50.54022],[-4.1531,50.54023],[-4.15305,50.5401],[-4.15277,50.54],[-4.15241,50.53996],[-4.15206,50.54004],[-4.15189,50.54021],[-4.15184,50.54037],[-4.15218,50.54127],[-4.15238,50.54143],[-4.15269,50.54153],[-4.15311,50.54148],[-4.15336,50.5413],[-4.15352,50.54127],[-4.15339,50.54096],[-4.1535,50.54094],[-4.15322,50.54022]]]}},
{"type":"Feature","properties":{"types":"Other Sports Facility; Play Space; Public Park Or Garden","area_m2":57610.3},"geometry":{"type":"Polygon","coordinates":[[[-4.15048,50.54637],[-4.15043,50.54635],[-4.15017,50.54647],[-4.15042,50.54634],[-4.15008,50.54606],[-4.15052,50.54584],[-4.15073,50.54601],[-4.15093,50.54592],[-4.15104,50.54602],[-4.15108,50.546],[-4.15114,50.54604],[-4.1524,50.54537],[-4.15256,50.54522],[-4.15261,50.54494],[-4.15194,50.54432],[-4.15158,50.54407],[-4.15135,50.54381],[-4.15125,50.54376],[-4.15093,50.54412],[-4.14978,50.54513],[-4.14897,50.54566],[-4.1479,50.54623],[-4.14709,50.54649],[-4.14656,50.54682],[-4.14633,50.54703],[-4.146,50.54721],[-4.14611,50.54732],[-4.1463,50.54721],[-4.14642,50.54737],[-4.14648,50.54735],[-4.14659,50.54748],[-4.14665,50.54735],[-4.14724,50.54706],[-4.14735,50.54706],[-4.14756,50.54723],[-4.14806,50.54697],[-4.14847,50.5473],[-4.14862,50.54734],[-4.15048,50.54637]],[[-4.14971,50.54626],[-4.15003,50.54651],[-4.14854,50.54727],[-4.14823,50.54702],[-4.14971,50.54626]]]}},
{"type":"Feature","properties":{"types":"Play Space; Public Park Or Garden","area_m2":6738.0},"geometry":{"type":"Polygon","coordinates":[[[-4.15396,50.55259],[-4.1539,50.55258],[-4.15396,50.55264],[-4.15446,50.55245],[-4.15448,50.55254],[-4.15489,50.55259],[-4.15509,50.55259],[-4.15517,50.5525],[-4.15508,50.55211],[-4.15473,50.55164],[-4.15459,50.55155],[-4.15438,50.55149],[-4.15422,50.5515],[-4.15416,50.55162],[-4.15405,50.55173],[-4.15406,50.55208],[-4.15414,50.55219],[-4.15438,50.55239],[-4.15445,50.55241],[-4.15396,50.55259]]]}},
{"type":"Feature","properties":{"types":"Play Space; Public Park Or Garden","area_m2":6955.5},"geometry":{"type":"Polygon","coordinates":[[[-4.14715,50.55503],[-4.14722,50.55492],[-4.14798,50.55443],[-4.14779,50.55414],[-4.14783,50.55394],[-4.14797,50.55381],[-4.14838,50.55366],[-4.14773,50.55345],[-4.1475,50.5538],[-4.14732,50.55374],[-4.14729,50.55397],[-4.1471,50.55427],[-4.14739,50.55434],[-4.14717,50.55452],[-4.14712,50.55477],[-4.14693,50.55498],[-4.14685,50.55519],[-4.14715,50.55524],[-4.14722,50.55513],[-4.14715,50.55503]]]}},
{"type":"Feature","properties":{"types":"Other Sports Facility","area_m2":46015.4},"geometry":{"type":"Polygon","coordinates":[[[-4.13407,50.55597],[-4.13402,50.55591],[-4.13407,50.55589],[-4.13405,50.55584],[-4.13516,50.55543],[-4.13557,50.55506],[-4.13567,50.5546],[-4.13593,50.55436],[-4.13474,50.55345],[-4.13479,50.55343],[-4.13458,50.55318],[-4.13377,50.55394],[-4.13285,50.55493],[-4.13246,50.55525],[-4.13199,50.55556],[-4.13199,50.55561],[-4.13259,50.55626],[-4.13323,50.55627],[-4.13407,50.55597]],[[-4.1347,50.55513],[-4.13504,50.55494],[-4.13537,50.55519],[-4.13503,50.55537],[-4.1347,50.55513]]]}},
{"type":"Feature","properties":{"types":"Playing Field","area_m2":38354.5},"geometry":{"type":"Polygon","coordinates":[[[-4.13251,50.55384],[-4.13176,50.55448],[-4.13132,50.55479],[-4.13075,50.55537],[-4.13067,50.55541],[-4.13075,50.55547],[-4.13064,50.55542],[-4.12956,50.55629],[-4.12947,50.55647],[-4.12953,50.55709],[-4.12948,50.55738],[-4.12976,50.55743],[-4.13019,50.55675],[-4.13158,50.55569],[-4.13269,50.55493],[-4.13367,50.55385],[-4.13429,50.55326],[-4.1343,50.5532],[-4.13438,50.55317],[-4.1339,50.55284],[-4.13251,50.55384]]]}},
{"type":"Feature","properties":{"types":"Allotments Or Community Growing Spaces","area_m2":11966.4},"geometry":{"type":"Polygon","coordinates":[[[-4.15153,50.55654],[-4.15215,50.55659],[-4.15189,50.55607],[-4.15156,50.55524],[-4.15149,50.55519],[-4.15115,50.55516],[-4.15082,50.55525],[-4.15022,50.55533],[-4.15099,50.55635],[-4.15153,50.55654]]]}},
{"type":"Feature","properties":{"types":"Playing Field","area_m2":29679.6},"geometry":{"type":"Polygon","coordinates":[[[-4.12915,50.55687],[-4.12866,50.55688],[-4.12847,50.55701],[-4.12822,50.55704],[-4.12814,50.55712],[-4.12789,50.5572],[-4.12749,50.55757],[-4.12734,50.55759],[-4.12685,50.558],[-4.12689,50.55807],[-4.12648,50.55859],[-4.12652,50.55887],[-4.12858,50.55905],[-4.12882,50.55837],[-4.12893,50.55819],[-4.12904,50.55776],[-4.12922,50.55744],[-4.12923,50.55713],[-4.12915,50.55687]]]}},
{"type":"Feature","properties":{"types":"Playing Field","area_m2":66979.1},"geometry":{"type":"Polygon","coordinates":[[[-4.1448,50.56131],[-4.14508,50.56046],[-4.14251,50.56114],[-4.14231,50.56063],[-4.14225,50.56064],[-4.1405,50.56121],[-4.14118,50.56242],[-4.14091,50.5625],[-4.1409,50.56276],[-4.14104,50.56321],[-4.14479,50.56279],[-4.14464,50.56195],[-4.14473,50.56191],[-4.1448,50.56131]]]}},
{"type":"Feature","properties":{"types":"Playing Field","area_m2":18256.1},"geometry":{"type":"Polygon","coordinates":[[[-4.14453,50.61704],[-4.14416,50.61758],[-4.14349,50.61799],[-4.14347,50.61804],[-4.14486,50.6185],[-4.14516,50.61862],[-4.1459,50.61785],[-4.14619,50.61738],[-4.14453,50.61704]]]}},
{"type":"Feature","properties":{"types":"Play Space; Playing Field","area_m2":12638.7},"geometry":{"type":"Polygon","coordinates":[[[-4.14397,50.95334],[-4.14358,50.95338],[-4.14351,50.95335],[-4.14287,50.95342],[-4.14276,50.9532],[-4.14279,50.95318],[-4.14269,50.95306],[-4.14243,50.95314],[-4.1424,50.95318],[-4.14228,50.95319],[-4.1423,50.95323],[-4.14217,50.95326],[-4.14232,50.95348],[-4.14233,50.95359],[-4.14212,50.95364],[-4.14221,50.95415],[-4.14248,50.95415],[-4.1425,50.95422],[-4.14258,50.95422],[-4.14259,50.95416],[-4.1441,50.95422],[-4.14397,50.95334]]]}},
{"type":"Feature","properties":{"types":"Play Space; Public Park Or Garden","area_m2":68039.0},"geometry":{"type":"Polygon","coordinates":[[[-4.15822,50.9537],[-4.15822,50.95381],[-4.15884,50.95395],[-4.15875,50.95403],[-4.1582,50.95393],[-4.15804,50.95385],[-4.15785,50.95389],[-4.15767,50.95387],[-4.1575,50.95414],[-4.15742,50.95412],[-4.15718,50.95439],[-4.15731,50.95445],[-4.15743,50.95445],[-4.15761,50.95431],[-4.15771,50.95431],[-4.15769,50.95427],[-4.15788,50.95438],[-4.15787,50.95449],[-4.15761,50.95456],[-4.15745,50.95454],[-4.15715,50.95441],[-4.1571,50.95443],[-4.15625,50.95518],[-4.1565,50.95517],[-4.15724,50.95504],[-4.15816,50.95508],[-4.15896,50.95542],[-4.15957,50.95577],[-4.16024,50.95595],[-4.16099,50.9561],[-4.16209,50.9565],[-4.163,50.95678],[-4.1635,50.95699],[-4.16396,50.95709],[-4.16415,50.95706],[-4.16423,50.95701],[-4.16429,50.95686],[-4.16424,50.9568],[-4.16398,50.95667],[-4.16333,50.95624],[-4.16215,50.95533],[-4.16089,50.95472],[-4.15935,50.95416],[-4.15964,50.9537],[-4.15936,50.95366],[-4.15934,50.95361],[-4.15803,50.95353],[-4.158,50.95359],[-4.15812,50.95366],[-4.15895,50.95375],[-4.15886,50.95381],[-4.15858,50.95379],[-4.15822,50.9537]]]}},
{"type":"Feature","properties":{"types":"Allotments Or Community Growing Spaces","area_m2":14044.1},"geometry":{"type":"Polygon","coordinates":[[[-4.15721,50.9576],[-4.15552,50.95769],[-4.15401,50.95749],[-4.15376,50.95797],[-4.15506,50.95825],[-4.15648,50.95815],[-4.15707,50.95817],[-4.15721,50.9576]]]}},
{"type":"Feature","properties":{"types":"Allotments Or Community Growing Spaces","area_m2":12781.1},"geometry":{"type":"Polygon","coordinates":[[[-4.16561,51.10106],[-4.16576,51.10191],[-4.16591,51.10243],[-4.16619,51.10303],[-4.16701,51.10284],[-4.1666,51.10185],[-4.16634,51.10099],[-4.16561,51.10106]]]}},
{"type":"Feature","properties":{"types":"Other Sports Facility","area_m2":32469.2},"geometry":{"type":"Polygon","coordinates":[[[-4.15484,51.1016],[-4.15065,51.1029],[-4.15116,51.1038],[-4.15176,51.10372],[-4.15254,51.10346],[-4.15293,51.10336],[-4.15347,51.10307],[-4.15374,51.10277],[-4.15461,51.10263],[-4.15549,51.10232],[-4.15484,51.1016]],[[-4.15333,51.10214],[-4.15373,51.102],[-4.1542,51.10256],[-4.1538,51.10269],[-4.15333,51.10214]]]}},
{"type":"Feature","properties":{"types":"Playing Field","area_m2":21654.0},"geometry":{"type":"Polygon","coordinates":[[[-4.15486,51.10439],[-4.15503,51.10567],[-4.15654,51.10564],[-4.15726,51.10554],[-4.15624,51.104],[-4.15486,51.10439]]]}},
{"type":"Feature","properties":{"types":"Playing Field","area_m2":14824.4},"geometry":{"type":"Polygon","coordinates":[[[-4.15891,51.10698],[-4.15902,51.10708],[-4.15926,51.10706],[-4.1592,51.10652],[-4.15962,51.10651],[-4.1598,51.10655],[-4.15982,51.10652],[-4.15944,51.10594],[-4.15909,51.10503],[-4.15786,51.10542],[-4.15891,51.10698]]]}},
{"type":"Feature","properties":{"types":"Playing Field","area_m2":15735.9},"geometry":{"type":"Polygon","coordinates":[[[-4.16683,51.1066],[-4.16717,51.10657],[-4.16724,51.10679],[-4.16929,51.10657],[-4.16913,51.10574],[-4.169,51.10568],[-4.16684,51.10594],[-4.16684,51.10609],[-4.16704,51.10608],[-4.16706,51.10631],[-4.16685,51.10631],[-4.16683,51.1066]]]}},
{"type":"Feature","properties":{"types":"Play Space; Playing Field; Public Park Or Garden","area_m2":15987.5},"geometry":{"type":"Polygon","coordinates":[[[-4.163,51.10884],[-4.1627,51.10998],[-4.16244,51.10998],[-4.16226,51.11002],[-4.16189,51.10994],[-4.16187,51.10996],[-4.16188,51.10987],[-4.16168,51.10985],[-4.16156,51.11027],[-4.16173,51.1103],[-4.16177,51.11025],[-4.16184,51.11026],[-4.16188,51.11037],[-4.16169,51.11048],[-4.16164,51.11045],[-4.16164,51.11034],[-4.16154,51.11034],[-4.16143,51.11067],[-4.16158,51.11068],[-4.16156,51.11076],[-4.16141,51.11074],[-4.16136,51.11094],[-4.16138,51.11151],[-4.16146,51.11184],[-4.1618,51.11133],[-4.16237,51.11142],[-4.16223,51.11189],[-4.16205,51.11286],[-4.162,51.11286],[-4.16199,51.11325],[-4.16214,51.11326],[-4.16219,51.11314],[-4.1629,51.11007],[-4.16273,51.11005],[-4.16274,51.10998],[-4.16303,51.10997],[-4.16311,51.10981],[-4.16309,51.10968],[-4.16303,51.10964],[-4.16301,51.10946],[-4.1632,51.10884],[-4.163,51.10884]],[[-4.16178,51.11107],[-4.16165,51.11075],[-4.16172,51.11056],[-4.16191,51.11042],[-4.16191,51.11058],[-4.1627,51.11064],[-4.16257,51.11118],[-4.16178,51.11107]]]}},
{"type":"Feature","properties":{"types":"Play Space; Playing Field","area_m2":6791.1},"geometry":{"type":"Polygon","coordinates":[[[-4.10266,50.32894],[-4.10271,50.32895],[-4.10286,50.32859],[-4.103,50.32861],[-4.10297,50.32866],[-4.10325,50.32875],[-4.1031,50.32894],[-4.10343,50.32862],[-4.10265,50.32851],[-4.10232,50.32849],[-4.10165,50.32851],[-4.10127,50.32859],[-4.10128,50.32905],[-4.10219,50.32903],[-4.10289,50.32909],[-4.1029,50.32906],[-4.10263,50.32901],[-4.10266,50.32894]]]}},
{"type":"Feature","properties":{"types":"Playing Field","area_m2":199816.1},"geometry":{"type":"Polygon","coordinates":[[[-4.08098,50.34751],[-4.08221,50.34659],[-4.08283,50.34642],[-4.08331,50.34601],[-4.08462,50.34523],[-4.08563,50.34454],[-4.08612,50.34429],[-4.08542,50.3443],[-4.08533,50.34366],[-4.08577,50.34346],[-4.08579,50.34342],[-4.08519,50.34341],[-4.08387,50.34366],[-4.08148,50.34417],[-4.08189,50.34468],[-4.07851,50.34465],[-4.07611,50.34452],[-4.07644,50.34528],[-4.07714,50.34604],[-4.07732,50.3463],[-4.0777,50.34728],[-4.07793,50.34846],[-4.07981,50.34945],[-4.08098,50.34751]]]}},
{"type":"Feature","properties":{"types":"Public Park Or Garden","area_m2":31095.0},"geometry":{"type":"Polygon","coordinates":[[[-4.08306,50.34959],[-4.08329,50.34996],[-4.08228,50.35036],[-4.08183,50.35058],[-4.08168,50.35077],[-4.08177,50.3508],[-4.08293,50.35047],[-4.08317,50.35038],[-4.08318,50.3504],[-4.08363,50.35027],[-4.08449,50.34988],[-4.0845,50.34982],[-4.08436,50.34959],[-4.08429,50.34916],[-4.08405,50.34872],[-4.08349,50.34805],[-4.0828,50.34702],[-4.08249,50.34675],[-4.0825,50.34672],[-4.08238,50.34671],[-4.08217,50.34682],[-4.08137,50.34739],[-4.08163,50.34772],[-4.08215,50.34817],[-4.08243,50.34833],[-4.08256,50.34828],[-4.08266,50.34833],[-4.08268,50.34831],[-4.08303,50.34833],[-4.08343,50.34849],[-4.08376,50.3488],[-4.08372,50.34885],[-4.08381,50.34887],[-4.0839,50.34897],[-4.08377,50.34931],[-4.08306,50.34959]]]}},
{"type":"Feature","properties":{"types":"Public Park Or Garden","area_m2":69115.9},"geometry":{"type":"Polygon","coordinates":[[[-4.10405,50.3571],[-4.10393,50.35709],[-4.10342,50.35691],[-4.10283,50.35683],[-4.10234,50.35663],[-4.10222,50.35648],[-4.10221,50.35626],[-4.10099,50.35549],[-4.10091,50.3554],[-4.1009,50.35527],[-4.10098,50.35509],[-4.10117,50.35488],[-4.10114,50.35486],[-4.10166,50.35464],[-4.10133,50.35431],[-4.10102,50.35379],[-4.10097,50.35362],[-4.10042,50.35367],[-4.09995,50.35378],[-4.10021,50.35405],[-4.09985,50.3542],[-4.09994,50.35429],[-4.09976,50.35436],[-4.09998,50.35459],[-4.10013,50.35527],[-4.10024,50.3561],[-4.10016,50.35676],[-4.09989,50.35675],[-4.09986,50.35689],[-4.0992,50.35689],[-4.09892,50.35732],[-4.09894,50.35737],[-4.09919,50.35734],[-4.09932,50.35745],[-4.10033,50.3573],[-4.10049,50.35733],[-4.1005,50.35747],[-4.10032,50.35763],[-4.10073,50.35855],[-4.10092,50.35855],[-4.1013,50.35799],[-4.10164,50.35783],[-4.10182,50.35781],[-4.10197,50.35773],[-4.10234,50.35764],[-4.10348,50.35765],[-4.10392,50.3577],[-4.10423,50.35723],[-4.10442,50.35736],[-4.10448,50.35736],[-4.10405,50.3571]]]}},
{"type":"Feature","properties":{"types":"Play Space; Playing Field","area_m2":40988.7},"geometry":{"type":"Polygon","coordinates":[[[-4.0935,50.36072],[-4.09329,50.36089],[-4.09304,50.36122],[-4.09286,50.3612],[-4.09272,50.36124],[-4.09254,50.36095],[-4.09127,50.36128],[-4.09175,50.36198],[-4.0922,50.36205],[-4.09248,50.36221],[-4.09291,50.36254],[-4.09469,50.36259],[-4.09475,50.36188],[-4.0953,50.36191],[-4.09534,50.3618],[-4.09591,50.36183],[-4.09638,50.36178],[-4.09633,50.36125],[-4.09425,50.36088],[-4.09361,50.36068],[-4.0935,50.36072]],[[-4.09261,50.36127],[-4.09288,50.36164],[-4.09229,50.36182],[-4.09202,50.36144],[-4.09261,50.36127]],[[-4.09157,50.36162],[-4.09197,50.3615],[-4.09217,50.36178],[-4.09177,50.36189],[-4.09157,50.36162]],[[-4.09234,50.36188],[-4.09273,50.36176],[-4.09294,50.36204],[-4.09254,50.36216],[-4.09234,50.36188]]]}},
{"type":"Feature","properties":{"types":"Play Space; Playing Field","area_m2":14913.6},"geometry":{"type":"Polygon","coordinates":[[[-4.10532,50.36198],[-4.10572,50.36196],[-4.10586,50.36192],[-4.10639,50.36202],[-4.10642,50.36196],[-4.10561,50.36182],[-4.1052,50.36133],[-4.10477,50.36129],[-4.10478,50.36112],[-4.10451,50.36125],[-4.10438,50.36115],[-4.10426,50.36122],[-4.104,50.36129],[-4.10396,50.36125],[-4.103,50.3616],[-4.10299,50.36164],[-4.10313,50.3616],[-4.10296,50.36166],[-4.10302,50.36175],[-4.10314,50.36172],[-4.10316,50.36221],[-4.10532,50.36198]]]}},
{"type":"Feature","properties":{"types":"Other Sports Facility","area_m2":57597.6},"geometry":{"type":"Polygon","coordinates":[[[-4.09006,50.36334],[-4.0914,50.36331],[-4.09147,50.36302],[-4.09146,50.36272],[-4.09121,50.36266],[-4.09102,50.36249],[-4.09107,50.36222],[-4.09023,50.36213],[-4.08989,50.36217],[-4.08982,50.3621],[-4.08957,50.36263],[-4.08945,50.36268],[-4.08895,50.36266],[-4.08867,50.36269],[-4.08866,50.36307],[-4.08814,50.36307],[-4.08814,50.36321],[-4.08772,50.36319],[-4.08768,50.36352],[-4.0875,50.36352],[-4.08753,50.36469],[-4.08799,50.36479],[-4.08808,50.36491],[-4.08823,50.36497],[-4.08826,50.36524],[-4.08831,50.36526],[-4.08858,50.3653],[-4.08933,50.36531],[-4.09,50.36544],[-4.08998,50.36447],[-4.09006,50.36334]]]}},
{"type":"Feature","properties":{"types":"Playing Field","area_m2":12866.9},"geometry":{"type":"Polygon","coordinates":[[[-4.1117,50.37166],[-4.11098,50.37174],[-4.11103,50.37253],[-4.11114,50.37282],[-4.1113,50.373],[-4.11178,50.37326],[-4.11187,50.37322],[-4.11252,50.37264],[-4.11253,50.37255],[-4.1117,50.37166]]]}},
{"type":"Feature","properties":{"types":"Other Sports Facility; Play Space; Playing Field","area_m2":23687.0},"geometry":{"type":"Polygon","coordinates":[[[-4.11543,50.37453],[-4.11493,50.37395],[-4.11488,50.37383],[-4.11426,50.37399],[-4.11339,50.37427],[-4.11263,50.37459],[-4.1115,50.37523],[-4.11096,50.3756],[-4.11025,50.37618],[-4.11035,50.37622],[-4.11055,50.37619],[-4.1118,50.37554],[-4.11241,50.37531],[-4.11543,50.37453]]]}},
{"type":"Feature","properties":{"types":"Public Park Or Garden","area_m2":35263.1},"geometry":{"type":"Polygon","coordinates":[[[-4.10633,50.3777],[-4.10626,50.37788],[-4.10631,50.37808],[-4.10635,50.3781],[-4.10714,50.37736],[-4.10778,50.37685],[-4.10772,50.37682],[-4.10781,50.37674],[-4.10788,50.37677],[-4.10957,50.37532],[-4.1095,50.37529],[-4.10923,50.37552],[-4.10903,50.37542],[-4.10952,50.375],[-4.11006,50.37477],[-4.11025,50.37458],[-4.10927,50.37392],[-4.10933,50.37388],[-4.10927,50.37384],[-4.10921,50.37388],[-4.10884,50.37364],[-4.1089,50.37352],[-4.10873,50.37382],[-4.10855,50.374],[-4.10843,50.37431],[-4.10819,50.37458],[-4.108,50.37491],[-4.10774,50.37555],[-4.10758,50.37612],[-4.10725,50.37674],[-4.10633,50.3777]],[[-4.11021,50.37458],[-4.11018,50.37456],[-4.11023,50.37457],[-4.11021,50.37458]]]}},
{"type":"Feature","properties":{"types":"Allotments Or Community Growing Spaces","area_m2":9709.7},"geometry":{"type":"Polygon","coordinates":[[[-4.10864,50.37658],[-4.10783,50.37714],[-4.10705,50.3778],[-4.10735,50.37809],[-4.10806,50.37764],[-4.10913,50.37681],[-4.10946,50.3765],[-4.10951,50.37636],[-4.10985,50.37609],[-4.10965,50.37603],[-4.10952,50.37606],[-4.10934,50.37648],[-4.10909,50.3766],[-4.10874,50.37656],[-4.10864,50.37658]]]}},
{"type":"Feature","properties":{"types":"Play Space; Playing Field","area_m2":21054.8},"geometry":{"type":"Polygon","coordinates":[[[-4.10896,50.37886],[-4.10908,50.37864],[-4.10811,50.37807],[-4.10832,50.37798],[-4.10826,50.37798],[-4.10824,50.3779],[-4.10787,50.37815],[-4.10782,50.37815],[-4.10707,50.37971],[-4.10743,50.37984],[-4.10952,50.37993],[-4.10949,50.37984],[-4.10915,50.37951],[-4.10867,50.37934],[-4.10884,50.37914],[-4.10892,50.37911],[-4.109,50.37913],[-4.10896,50.37886]]]}},
{"type":"Feature","properties":{"types":"Allotments Or Community Growing Spaces; Play Space; Public Park Or Garden","area_m2":1243982.9},"geometry":{"type":"Polygon","coordinates":[[[-4.07711,50.38389],[-4.07715,50.38412],[-4.07683,50.38444],[-4.07672,50.38449],[-4.07655,50.38465],[-4.07653,50.38478],[-4.07659,50.38483],[-4.07649,50.3851],[-4.07702,50.38523],[-4.07729,50.3852],[-4.0778,50.38581],[-4.0794,50.38539],[-4.07911,50.38497],[-4.07857,50.38452],[-4.07821,50.38406],[-4.07767,50.38365],[-4.07844,50.3833],[-4.07885,50.38386],[-4.07944,50.38413],[-4.07967,50.38433],[-4.07985,50.38462],[-4.07997,50.38498],[-4.08092,50.38575],[-4.0815,50.38647],[-4.08143,50.38652],[-4.08261,50.38775],[-4.08301,50.38766],[-4.083,50.38748],[-4.08304,50.38748],[-4.08309,50.38765],[-4.08305,50.38688],[-4.08309,50.38669],[-4.08381,50.38642],[-4.08394,50.3862],[-4.08415,50.38607],[-4.08444,50.38598],[-4.08479,50.38597],[-4.08543,50.38603],[-4.08579,50.386],[-4.08637,50.3858],[-4.08689,50.3855],[-4.08711,50.38532],[-4.08755,50.38475],[-4.08855,50.3832],[-4.08897,50.38308],[-4.08934,50.38282],[-4.08992,50.38274],[-4.09089,50.3824],[-4.09196,50.38223],[-4.09268,50.38225],[-4.09279,50.3822],[-4.09297,50.38201],[-4.09315,50.38189],[-4.09387,50.3817],[-4.095,50.38125],[-4.09561,50.38105],[-4.09674,50.38052],[-4.09713,50.38041],[-4.0978,50.38031],[-4.09919,50.37979],[-4.09968,50.37935],[-4.09979,50.37918],[-4.09949,50.37923],[-4.09922,50.37931],[-4.09923,50.37937],[-4.09909,50.3794],[-4.09905,50.37873],[-4.09922,50.3786],[-4.09936,50.37874],[-4.09921,50.37849],[-4.09917,50.3783],[-4.09948,50.37823],[-4.09986,50.3782],[-4.09982,50.37811],[-4.09976,50.37815],[-4.09953,50.3782],[-4.09972,50.37812],[-4.09979,50.378],[-4.09968,50.37811],[-4.09906,50.37825],[-4.09889,50.37832],[-4.09887,50.37819],[-4.09809,50.37807],[-4.09805,50.37791],[-4.09855,50.37789],[-4.09867,50.37774],[-4.0975,50.37774],[-4.09694,50.37767],[-4.09681,50.37778],[-4.09649,50.37772],[-4.09626,50.37777],[-4.09621,50.37768],[-4.09461,50.37793],[-4.09407,50.37797],[-4.09304,50.37829],[-4.092,50.37844],[-4.09143,50.37848],[-4.09062,50.37872],[-4.09033,50.37877],[-4.08973,50.37859],[-4.08857,50.37802],[-4.08833,50.37786],[-4.08808,50.37743],[-4.08809,50.37736],[-4.08838,50.37716],[-4.08831,50.37711],[-4.08773,50.37744],[-4.08767,50.37731],[-4.08863,50.37681],[-4.08899,50.37645],[-4.0889,50.37615],[-4.08858,50.37586],[-4.0884,50.376],[-4.08836,50.37593],[-4.08851,50.37582],[-4.0879,50.37565],[-4.08741,50.37555],[-4.08724,50.37573],[-4.08715,50.37571],[-4.08731,50.37553],[-4.08624,50.37536],[-4.08528,50.37528],[-4.08467,50.37543],[-4.08227,50.3758],[-4.08113,50.37582],[-4.08021,50.376],[-4.08019,50.37597],[-4.07934,50.37618],[-4.07925,50.37611],[-4.07827,50.37631],[-4.07737,50.37656],[-4.07691,50.37676],[-4.07668,50.37666],[-4.0764,50.37659],[-4.07626,50.37681],[-4.07536,50.37722],[-4.07395,50.3777],[-4.07268,50.37796],[-4.07201,50.3774],[-4.07157,50.37682],[-4.07058,50.37618],[-4.07044,50.37582],[-4.07049,50.37482],[-4.07036,50.3746],[-4.06957,50.3752],[-4.0696,50.37539],[-4.06966,50.37543],[-4.06978,50.37535],[-4.06996,50.37567],[-4.07003,50.37572],[-4.07009,50.37569],[-4.07012,50.37571],[-4.0701,50.37576],[-4.06999,50.37581],[-4.06955,50.37544],[-4.06934,50.37534],[-4.06949,50.37549],[-4.06929,50.3755],[-4.06917,50.37554],[-4.06885,50.37593],[-4.06891,50.37614],[-4.06913,50.37627],[-4.06881,50.37613],[-4.06877,50.37617],[-4.07062,50.37702],[-4.07105,50.37741],[-4.07124,50.37751],[-4.07196,50.37856],[-4.0717,50.37878],[-4.07165,50.3789],[-4.07162,50.37888],[-4.07152,50.37897],[-4.07387,50.37999],[-4.07502,50.38062],[-4.07652,50.38162],[-4.07836,50.38322],[-4.0783,50.38328],[-4.07736,50.38369],[-4.07718,50.38381],[-4.07715,50.3838],[-4.07711,50.38389]],[[-4.07004,50.37489],[-4.07008,50.37491],[-4.07001,50.37495],[-4.06998,50.37492],[-4.07004,50.37489]],[[-4.08221,50.38207],[-4.08186,50.38211],[-4.0817,50.38206],[-4.08137,50.38184],[-4.08124,50.38168],[-4.08121,50.38155],[-4.08123,50.38144],[-4.08131,50.3814],[-4.08127,50.3813],[-4.08077,50.38116],[-4.08066,50.3811],[-4.08065,50.38104],[-4.08081,50.38096],[-4.08084,50.38106],[-4.08103,50.38115],[-4.08105,50.38087],[-4.08121,50.38088],[-4.08119,50.38072],[-4.08134,50.38069],[-4.08132,50.38063],[-4.08143,50.38061],[-4.08151,50.38081],[-4.08136,50.38083],[-4.08175,50.38086],[-4.08178,50.38111],[-4.08236,50.38107],[-4.08277,50.38111],[-4.08307,50.38126],[-4.08314,50.38137],[-4.08314,50.38151],[-4.08359,50.3816],[-4.0856,50.38145],[-4.08606,50.38167],[-4.08685,50.3819],[-4.08818,50.3822],[-4.08897,50.38218],[-4.08943,50.38211],[-4.08956,50.38238],[-4.0887,50.38264],[-4.08729,50.38316],[-4.08668,50.38325],[-4.08566,50.38327],[-4.08535,50.38332],[-4.0838,50.38327],[-4.08305,50.3831],[-4.08268,50.38292],[-4.08247,50.38265],[-4.08241,50.3825],[-4.08245,50.38197],[-4.08238,50.38196],[-4.08233,50.38203],[-4.08221,50.38207]]]}},
{"type":"Feature","properties":{"types":"Other Sports Facility","area_m2":7812.3},"geometry":{"type":"Polygon","coordinates":[[[-4.11126,50.38139],[-4.11129,50.38164],[-4.11139,50.38164],[-4.11139,50.38174],[-4.11126,50.38174],[-4.11124,50.38185],[-4.11096,50.38185],[-4.11086,50.38179],[-4.11082,50.38179],[-4.11082,50.38185],[-4.11063,50.38185],[-4.11063,50.38175],[-4.11044,50.38162],[-4.11044,50.38137],[-4.11035,50.38137],[-4.11035,50.38128],[-4.11072,50.38127],[-4.11072,50.38101],[-4.1104,50.381],[-4.11038,50.38094],[-4.11029,50.38096],[-4.11029,50.381],[-4.11007,50.381],[-4.11007,50.38127],[-4.11027,50.38128],[-4.11027,50.38137],[-4.10986,50.38137],[-4.10986,50.38146],[-4.11011,50.38146],[-4.11011,50.38162],[-4.11001,50.38162],[-4.11,50.38168],[-4.11007,50.38173],[-4.11015,50.38169],[-4.1105,50.38197],[-4.1116,50.38198],[-4.1116,50.38164],[-4.11165,50.38164],[-4.11163,50.38134],[-4.11189,50.38133],[-4.11189,50.38122],[-4.11168,50.38122],[-4.11174,50.38115],[-4.11167,50.38114],[-4.11173,50.38111],[-4.11173,50.38103],[-4.11098,50.381],[-4.11096,50.38115],[-4.11104,50.38117],[-4.11098,50.38121],[-4.11098,50.3814],[-4.11126,50.38139]]]}},
{"type":"Feature","properties":{"types":"Allotments Or Community Growing Spaces","area_m2":11648.4},"geometry":{"type":"Polygon","coordinates":[[[-4.11195,50.38562],[-4.11203,50.38561],[-4.11232,50.38541],[-4.11223,50.3853],[-4.11193,50.38532],[-4.11193,50.38535],[-4.11178,50.38537],[-4.11178,50.38532],[-4.11162,50.38533],[-4.11118,50.38523],[-4.11025,50.38533],[-4.11011,50.38471],[-4.10858,50.38481],[-4.10878,50.38538],[-4.10876,50.38551],[-4.10973,50.38542],[-4.11058,50.38543],[-4.11115,50.38548],[-4.11195,50.38562]]]}},
{"type":"Feature","properties":{"types":"Allotments Or Community Growing Spaces; Public Park Or Garden","area_m2":85363.9},"geometry":{"type":"Polygon","coordinates":[[[-4.10367,50.3874],[-4.1032,50.38718],[-4.10318,50.38722],[-4.10337,50.3875],[-4.10333,50.38778],[-4.10353,50.3879],[-4.10382,50.38778],[-4.10404,50.38783],[-4.10402,50.38796],[-4.10347,50.38809],[-4.10345,50.38824],[-4.1032,50.38831],[-4.10305,50.38843],[-4.10264,50.3885],[-4.10209,50.38853],[-4.10188,50.38867],[-4.10198,50.38871],[-4.10198,50.38881],[-4.10194,50.3888],[-4.10198,50.38895],[-4.1019,50.38896],[-4.102,50.38901],[-4.10211,50.38921],[-4.1019,50.38935],[-4.10172,50.3893],[-4.10171,50.38924],[-4.10169,50.38955],[-4.10163,50.38966],[-4.10156,50.38965],[-4.1018,50.38973],[-4.1021,50.38968],[-4.10201,50.38944],[-4.10394,50.38913],[-4.10402,50.3894],[-4.10449,50.38932],[-4.10491,50.38931],[-4.10516,50.38934],[-4.10515,50.38908],[-4.10726,50.38897],[-4.10734,50.38906],[-4.10725,50.38887],[-4.107,50.3889],[-4.10629,50.38869],[-4.10605,50.3887],[-4.10663,50.38863],[-4.10667,50.38857],[-4.10699,50.38854],[-4.10838,50.38857],[-4.10847,50.38849],[-4.1088,50.38836],[-4.10952,50.38831],[-4.10956,50.38834],[-4.10952,50.38827],[-4.10953,50.38811],[-4.10936,50.38812],[-4.10937,50.38819],[-4.10897,50.38821],[-4.10894,50.38804],[-4.1085,50.3881],[-4.1084,50.38789],[-4.10804,50.3876],[-4.108,50.38761],[-4.10786,50.38733],[-4.10778,50.38735],[-4.10777,50.38732],[-4.10721,50.38747],[-4.10673,50.38754],[-4.10618,50.38747],[-4.10569,50.38726],[-4.10536,50.38691],[-4.1047,50.38688],[-4.10454,50.38675],[-4.1042,50.38676],[-4.10363,50.38652],[-4.10397,50.38618],[-4.10389,50.38617],[-4.10337,50.38645],[-4.10335,50.38627],[-4.10295,50.38627],[-4.10289,50.38624],[-4.10293,50.38619],[-4.10277,50.38635],[-4.10275,50.38642],[-4.10282,50.38653],[-4.10276,50.38656],[-4.10283,50.38655],[-4.10305,50.38677],[-4.10391,50.38718],[-4.10367,50.3874]]]}},
{"type":"Feature","properties":{"types":"Other Sports Facility; Play Space; Public Park Or Garden","area_m2":6015.3},"geometry":{"type":"Polygon","coordinates":[[[-4.1123,50.38845],[-4.11287,50.38838],[-4.11286,50.38807],[-4.11306,50.38803],[-4.11286,50.38805],[-4.11286,50.38796],[-4.11263,50.38798],[-4.11235,50.38787],[-4.11228,50.38763],[-4.11212,50.38766],[-4.11236,50.38816],[-4.11203,50.3882],[-4.11198,50.38811],[-4.11199,50.38821],[-4.11138,50.38828],[-4.11151,50.38874],[-4.11158,50.38878],[-4.11237,50.38869],[-4.1123,50.38845]]]}},
{"type":"Feature","properties":{"types":"Playing Field","area_m2":16566.3},"geometry":{"type":"Polygon","coordinates":[[[-4.10806,50.39079],[-4.10981,50.39078],[-4.1097,50.39067],[-4.10952,50.39032],[-4.10948,50.38949],[-4.10939,50.38947],[-4.10865,50.38955],[-4.10811,50.38955],[-4.10812,50.3898],[-4.10762,50.38984],[-4.10806,50.39079]]]}},
{"type":"Feature","properties":{"types":"Playing Field","area_m2":8552.6},"geometry":{"type":"Polygon","coordinates":[[[-4.0834,50.39103],[-4.08319,50.39123],[-4.083,50.39128],[-4.08263,50.39118],[-4.08256,50.39112],[-4.08256,50.39098],[-4.0824,50.39094],[-4.08241,50.39088],[-4.08228,50.3909],[-4.08228,50.39107],[-4.08218,50.39107],[-4.08218,50.39111],[-4.08204,50.39115],[-4.08204,50.39119],[-4.08223,50.39126],[-4.08324,50.39131],[-4.08334,50.39132],[-4.08333,50.39137],[-4.08399,50.39145],[-4.08461,50.39079],[-4.08466,50.39065],[-4.08402,50.39025],[-4.08378,50.39044],[-4.08376,50.39059],[-4.08343,50.39104],[-4.0834,50.39103]]]}},
{"type":"Feature","properties":{"types":"Playing Field","area_m2":8310.7},"geometry":{"type":"Polygon","coordinates":[[[-4.10234,50.39047],[-4.10246,50.39089],[-4.1023,50.39092],[-4.10228,50.39086],[-4.10229,50.3909],[-4.10216,50.39092],[-4.10377,50.39103],[-4.10421,50.391],[-4.10414,50.39035],[-4.10234,50.39047]]]}},
{"type":"Feature","properties":{"types":"Other Sports Facility","area_m2":41597.1},"geometry":{"type":"Polygon","coordinates":[[[-4.09133,50.39814],[-4.09223,50.39792],[-4.09329,50.39777],[-4.09327,50.39745],[-4.09208,50.39753],[-4.09214,50.39746],[-4.09306,50.39728],[-4.09321,50.39697],[-4.09419,50.39602],[-4.09407,50.39588],[-4.09327,50.39665],[-4.09014,50.39681],[-4.08987,50.39685],[-4.08989,50.39688],[-4.08979,50.39692],[-4.08975,50.3969],[-4.08969,50.39694],[-4.08973,50.39696],[-4.0894,50.39721],[-4.08935,50.3973],[-4.08913,50.39743],[-4.08922,50.39772],[-4.08938,50.39783],[-4.08937,50.3979],[-4.08923,50.39797],[-4.08952,50.39815],[-4.08963,50.39813],[-4.09022,50.39824],[-4.09053,50.39839],[-4.09094,50.39842],[-4.09133,50.39814]]]}},
{"type":"Feature","properties":{"types":"Public Park Or Garden","area_m2":14325.5},"geometry":{"type":"Polygon","coordinates":[[[-4.10939,50.4001],[-4.1101,50.40031],[-4.10994,50.4006],[-4.11012,50.40032],[-4.11038,50.40043],[-4.11131,50.40058],[-4.1113,50.40076],[-4.11223,50.40028],[-4.11265,50.40031],[-4.11343,50.39994],[-4.11342,50.39985],[-4.11329,50.39979],[-4.11309,50.3995],[-4.11283,50.39974],[-4.11227,50.39998],[-4.11221,50.39994],[-4.11221,50.40001],[-4.11202,50.40012],[-4.11144,50.40016],[-4.10922,50.39981],[-4.10956,50.39955],[-4.1092,50.39979],[-4.10858,50.39983],[-4.10865,50.40001],[-4.10939,50.4001]]]}},
{"type":"Feature","properties":{"types":"Play Space; Playing Field","area_m2":11520.5},"geometry":{"type":"Polygon","coordinates":[[[-4.0951,50.40274],[-4.09533,50.40296],[-4.09598,50.40292],[-4.09674,50.40266],[-4.09571,50.40169],[-4.09481,50.40205],[-4.09479,50.40211],[-4.09505,50.40255],[-4.0951,50.40274]]]}},
{"type":"Feature","properties":{"types":"Playing Field","area_m2":26858.0},"geometry":{"type":"Polygon","coordinates":[[[-4.08692,50.40326],[-4.08687,50.40345],[-4.08681,50.4035],[-4.08877,50.40349],[-4.08899,50.40288],[-4.08895,50.40271],[-4.08911,50.40263],[-4.08924,50.40246],[-4.08968,50.40255],[-4.08984,50.40251],[-4.08999,50.40233],[-4.09,50.40221],[-4.0899,50.40212],[-4.08992,50.40205],[-4.08965,50.40184],[-4.08868,50.40169],[-4.08824,50.40194],[-4.0877,50.40205],[-4.08739,50.40239],[-4.08692,50.40326]]]}},
{"type":"Feature","properties":{"types":"Public Park Or Garden","area_m2":10308.3},"geometry":{"type":"Polygon","coordinates":[[[-4.09227,50.41103],[-4.09221,50.41078],[-4.09236,50.41065],[-4.09228,50.41064],[-4.09208,50.41085],[-4.0915,50.41088],[-4.09122,50.41109],[-4.09082,50.4111],[-4.09054,50.41119],[-4.09114,50.41164],[-4.09111,50.41173],[-4.0913,50.41176],[-4.09203,50.41152],[-4.0924,50.41156],[-4.09361,50.41242],[-4.09377,50.41259],[-4.09393,50.41254],[-4.09327,50.41202],[-4.09242,50.41145],[-4.09242,50.41135],[-4.09251,50.41132],[-4.09227,50.41103]]]}},
{"type":"Feature","properties":{"types":"Play Space; Public Park Or Garden","area_m2":39522.8},"geometry":{"type":"Polygon","coordinates":[[[-4.10067,50.41464],[-4.10171,50.41438],[-4.10202,50.41457],[-4.10173,50.41432],[-4.101,50.41395],[-4.1002,50.41364],[-4.10058,50.41313],[-4.10018,50.41293],[-4.09894,50.41371],[-4.09744,50.41443],[-4.09717,50.41462],[-4.09701,50.41485],[-4.09698,50.4151],[-4.09708,50.41534],[-4.09727,50.41553],[-4.09771,50.41574],[-4.09793,50.41579],[-4.09811,50.41575],[-4.09808,50.41566],[-4.09787,50.41571],[-4.0978,50.4157],[-4.09759,50.41542],[-4.09797,50.41519],[-4.0982,50.41499],[-4.09847,50.41493],[-4.09868,50.41482],[-4.09873,50.41491],[-4.09899,50.41485],[-4.09908,50.41502],[-4.09915,50.415],[-4.09912,50.41496],[-4.0996,50.41486],[-4.09967,50.41481],[-4.10028,50.41472],[-4.10033,50.41475],[-4.10063,50.41467],[-4.10061,50.41456],[-4.10067,50.41464]]]}},
{"type":"Feature","properties":{"types":"Allotments Or Community Growing Spaces","area_m2":15329.3},"geometry":{"type":"Polygon","coordinates":[[[-4.10721,50.41474],[-4.10909,50.41471],[-4.10909,50.41389],[-4.10723,50.41349],[-4.10721,50.41474]]]}},
{"type":"Feature","properties":{"types":"Other Sports Facility","area_m2":78130.3},"geometry":{"type":"Polygon","coordinates":[[[-4.11116,50.4207],[-4.11144,50.42096],[-4.11181,50.42082],[-4.11186,50.42087],[-4.11371,50.42012],[-4.11391,50.41999],[-4.11401,50.41997],[-4.11406,50.41983],[-4.11394,50.41983],[-4.11402,50.41979],[-4.11399,50.41972],[-4.11349,50.4194],[-4.11333,50.41926],[-4.11327,50.41912],[-4.11357,50.4184],[-4.11356,50.41816],[-4.11348,50.41804],[-4.11332,50.41804],[-4.11346,50.4181],[-4.11333,50.41826],[-4.11057,50.41843],[-4.10935,50.41846],[-4.1092,50.41843],[-4.10902,50.41849],[-4.1087,50.41853],[-4.10816,50.41872],[-4.1072,50.41933],[-4.10717,50.41953],[-4.10745,50.42],[-4.10733,50.42005],[-4.10752,50.42017],[-4.10781,50.42024],[-4.10806,50.42023],[-4.10809,50.42008],[-4.10975,50.4194],[-4.10986,50.41939],[-4.11035,50.41989],[-4.11078,50.41972],[-4.11122,50.41981],[-4.11156,50.42014],[-4.11143,50.4202],[-4.1113,50.42014],[-4.11146,50.42025],[-4.11216,50.41998],[-4.11223,50.41999],[-4.11238,50.42017],[-4.11116,50.4207]]]}},
{"type":"Feature","properties":{"types":"Play Space; Public Park Or Garden","area_m2":8309.6},"geometry":{"type":"Polygon","coordinates":[[[-4.10332,50.42815],[-4.10374,50.42788],[-4.1038,50.42794],[-4.10384,50.42791],[-4.10361,50.42766],[-4.10354,50.42771],[-4.10317,50.42745],[-4.10312,50.42729],[-4.10187,50.42811],[-4.10261,50.42846],[-4.10332,50.42815]]]}},
{"type":"Feature","properties":{"types":"Other Sports Facility; Play Space; Public Park Or Garden","area_m2":6696.3},"geometry":{"type":"Polygon","coordinates":[[[-4.09565,50.43219],[-4.09557,50.43249],[-4.0956,50.43282],[-4.09553,50.43315],[-4.09564,50.43323],[-4.09568,50.43345],[-4.09599,50.43361],[-4.0958,50.43343],[-4.09584,50.43282],[-4.09603,50.43283],[-4.09587,50.43261],[-4.09657,50.43234],[-4.0967,50.4325],[-4.09659,50.43234],[-4.09689,50.43223],[-4.0961,50.43174],[-4.0956,50.43216],[-4.09565,50.43219]]]}},
{"type":"Feature","properties":{"types":"Other Sports Facility; Play Space; Public Park Or Garden","area_m2":10076.5},"geometry":{"type":"Polygon","coordinates":[[[-4.10145,50.43486],[-4.10122,50.43487],[-4.10119,50.43482],[-4.1011,50.43484],[-4.10112,50.43499],[-4.10134,50.43522],[-4.10144,50.43522],[-4.10167,50.43547],[-4.10151,50.43554],[-4.10157,50.4356],[-4.10126,50.43572],[-4.10133,50.43582],[-4.10143,50.43576],[-4.10171,50.43595],[-4.10251,50.4355],[-4.10277,50.43569],[-4.10294,50.43564],[-4.10269,50.43543],[-4.10351,50.43502],[-4.10324,50.43514],[-4.10292,50.43481],[-4.10159,50.43508],[-4.10133,50.43457],[-4.10107,50.4345],[-4.1013,50.43458],[-4.10145,50.43486]]]}},
{"type":"Feature","properties":{"types":"Playing Field","area_m2":42778.2},"geometry":{"type":"Polygon","coordinates":[[[-4.10238,50.43685],[-4.10145,50.43601],[-4.0986,50.43753],[-4.09785,50.43804],[-4.09932,50.43888],[-4.10238,50.43685]]]}},
{"type":"Feature","properties":{"types":"Other Sports Facility; Play Space; Public Park Or Garden","area_m2":7680.1},"geometry":{"type":"Polygon","coordinates":[[[-4.11089,50.44023],[-4.11113,50.44024],[-4.11115,50.44046],[-4.11123,50.44054],[-4.11118,50.44075],[-4.11146,50.44079],[-4.11158,50.44089],[-4.11188,50.44073],[-4.1116,50.44094],[-4.11193,50.44114],[-4.11227,50.44103],[-4.1133,50.44201],[-4.1134,50.44204],[-4.11179,50.44045],[-4.1117,50.44025],[-4.11175,50.43975],[-4.11198,50.4395],[-4.1121,50.43949],[-4.11198,50.43949],[-4.11187,50.4394],[-4.11178,50.43946],[-4.11146,50.43947],[-4.11151,50.43978],[-4.11143,50.43988],[-4.11092,50.43987],[-4.11125,50.4399],[-4.11127,50.44023],[-4.11089,50.44023]]]}},
{"type":"Feature","properties":{"types":"Playing Field","area_m2":23089.1},"geometry":{"type":"Polygon","coordinates":[[[-4.11217,50.44322],[-4.11209,50.44319],[-4.11031,50.44554],[-4.111,50.44572],[-4.11136,50.44532],[-4.11226,50.44485],[-4.11288,50.44437],[-4.11291,50.44411],[-4.11305,50.44399],[-4.11311,50.44387],[-4.11265,50.44346],[-4.1123,50.44328],[-4.1122,50.44329],[-4.11217,50.44322]]]}},
{"type":"Feature","properties":{"types":"Playing Field","area_m2":16478.7},"geometry":{"type":"Polygon","coordinates":[[[-4.08799,50.48861],[-4.08863,50.48868],[-4.08974,50.48906],[-4.0901,50.48862],[-4.09002,50.48814],[-4.09014,50.48779],[-4.08909,50.48744],[-4.08859,50.48789],[-4.08798,50.48854],[-4.08799,50.48861]]]}},
{"type":"Feature","properties":{"types":"Playing Field","area_m2":16459.7},"geometry":{"type":"Polygon","coordinates":[[[-4.08174,50.48824],[-4.08179,50.48833],[-4.08216,50.48857],[-4.08266,50.48883],[-4.08349,50.48916],[-4.08377,50.48931],[-4.0845,50.4889],[-4.08385,50.48828],[-4.08282,50.48751],[-4.08161,50.48811],[-4.0816,50.48815],[-4.08174,50.48824]],[[-4.08219,50.48807],[-4.08205,50.48794],[-4.08281,50.48759],[-4.08295,50.48771],[-4.08219,50.48807]],[[-4.08225,50.48823],[-4.08206,50.48831],[-4.08178,50.48807],[-4.08196,50.48798],[-4.08225,50.48823]],[[-4.08387,50.4886],[-4.0842,50.48883],[-4.08377,50.48909],[-4.08342,50.48885],[-4.08387,50.4886]]]}},
{"type":"Feature","properties":{"types":"Playing Field","area_m2":17763.1},"geometry":{"type":"Polygon","coordinates":[[[-4.117,50.49089],[-4.11704,50.49095],[-4.11732,50.4909],[-4.11783,50.49186],[-4.1179,50.49185],[-4.11812,50.49214],[-4.11949,50.49178],[-4.1191,50.49114],[-4.11877,50.49049],[-4.11869,50.49044],[-4.117,50.49089]]]}},
{"type":"Feature","properties":{"types":"Play Space; Public Park Or Garden","area_m2":31411.2},"geometry":{"type":"Polygon","coordinates":[[[-4.08772,50.49228],[-4.08999,50.49282],[-4.08998,50.4929],[-4.09003,50.49282],[-4.08983,50.49255],[-4.08984,50.49249],[-4.09017,50.49251],[-4.09023,50.49259],[-4.09025,50.4925],[-4.09074,50.49256],[-4.09081,50.49254],[-4.09082,50.49257],[-4.09126,50.4926],[-4.09117,50.49241],[-4.09124,50.49203],[-4.0912,50.49199],[-4.09067,50.49193],[-4.08984,50.49177],[-4.08815,50.491],[-4.08804,50.49099],[-4.08689,50.49182],[-4.08704,50.49204],[-4.08768,50.49227],[-4.08768,50.49231],[-4.08772,50.49228]]]}},
{"type":"Feature","properties":{"types":"Playing Field","area_m2":22673.8},"geometry":{"type":"Polygon","coordinates":[[[-4.0965,50.50931],[-4.09665,50.50917],[-4.09715,50.50897],[-4.09686,50.50865],[-4.09691,50.50842],[-4.09666,50.50803],[-4.09667,50.50795],[-4.09671,50.50796],[-4.09668,50.50767],[-4.09644,50.50761],[-4.0963,50.50752],[-4.09611,50.50759],[-4.09548,50.50769],[-4.09539,50.50796],[-4.09519,50.50825],[-4.09519,50.50834],[-4.0951,50.50839],[-4.09491,50.50841],[-4.09509,50.5095],[-4.09604,50.50925],[-4.09613,50.50925],[-4.09624,50.5093],[-4.0965,50.50931]]]}},
{"type":"Feature","properties":{"types":"Public Park Or Garden","area_m2":392278.6},"geometry":{"type":"Polygon","coordinates":[[[-4.12796,50.54521],[-4.12848,50.54535],[-4.1288,50.54539],[-4.12893,50.54534],[-4.12853,50.54503],[-4.12817,50.54482],[-4.12621,50.54411],[-4.12489,50.54374],[-4.12218,50.54325],[-4.11694,50.542],[-4.11576,50.54175],[-4.11561,50.54192],[-4.11337,50.54547],[-4.11313,50.54576],[-4.11272,50.54608],[-4.11215,50.54638],[-4.11141,50.54671],[-4.11037,50.54706],[-4.10892,50.54743],[-4.10807,50.54761],[-4.10653,50.54781],[-4.10616,50.54798],[-4.10628,50.54796],[-4.10645,50.548],[-4.1066,50.54797],[-4.10671,50.5481],[-4.10687,50.54814],[-4.10731,50.54806],[-4.10792,50.54815],[-4.10811,50.54825],[-4.10825,50.5482],[-4.10892,50.5484],[-4.10916,50.54835],[-4.10943,50.54839],[-4.1098,50.54831],[-4.11042,50.54835],[-4.11058,50.54832],[-4.11085,50.54836],[-4.11107,50.54828],[-4.11136,50.54829],[-4.11151,50.54823],[-4.11209,50.54824],[-4.11241,50.54807],[-4.11265,50.54804],[-4.11286,50.54785],[-4.1147,50.54737],[-4.11584,50.54722],[-4.11689,50.54727],[-4.11725,50.54732],[-4.1175,50.54741],[-4.11777,50.54736],[-4.11803,50.54739],[-4.11802,50.54732],[-4.11863,50.54682],[-4.1194,50.54672],[-4.11981,50.54653],[-4.12011,50.54646],[-4.12012,50.54632],[-4.12064,50.54611],[-4.12082,50.546],[-4.12132,50.54596],[-4.12151,50.54588],[-4.12199,50.5456],[-4.12275,50.54504],[-4.12386,50.54462],[-4.12392,50.54446],[-4.12445,50.54441],[-4.12546,50.54449],[-4.12679,50.54483],[-4.12719,50.54506],[-4.12772,50.54528],[-4.12796,50.54521]]]}},
{"type":"Feature","properties":{"types":"Public Park Or Garden","area_m2":620801.7},"geometry":{"type":"Polygon","coordinates":[[[-4.10211,50.54704],[-4.10248,50.54728],[-4.1028,50.5474],[-4.10341,50.54751],[-4.10398,50.5477],[-4.1048,50.54779],[-4.10534,50.54797],[-4.1056,50.54793],[-4.10576,50.54797],[-4.10609,50.54798],[-4.10639,50.54781],[-4.10832,50.54753],[-4.11027,50.54704],[-4.11159,50.5466],[-4.11283,50.54594],[-4.11327,50.54553],[-4.11564,50.54175],[-4.11339,50.5422],[-4.11255,50.54234],[-4.11096,50.54253],[-4.1096,50.54259],[-4.1052,50.54234],[-4.10351,50.54229],[-4.10221,50.54201],[-4.0999,50.5414],[-4.09887,50.54117],[-4.09892,50.54187],[-4.09868,50.54308],[-4.09851,50.54365],[-4.09819,50.54407],[-4.09775,50.54484],[-4.09773,50.54528],[-4.09795,50.54592],[-4.09846,50.54659],[-4.0985,50.54677],[-4.09862,50.54674],[-4.09936,50.54677],[-4.09944,50.54682],[-4.09948,50.54692],[-4.0994,50.54693],[-4.0994,50.54697],[-4.09928,50.54697],[-4.09866,50.54713],[-4.09843,50.54725],[-4.09831,50.54725],[-4.09823,50.5472],[-4.09816,50.54729],[-4.09841,50.54731],[-4.09889,50.54716],[-4.09957,50.54711],[-4.09982,50.54704],[-4.10003,50.54715],[-4.10062,50.54702],[-4.10076,50.54688],[-4.10095,50.54697],[-4.10122,50.54698],[-4.10143,50.54705],[-4.10158,50.54697],[-4.10174,50.54697],[-4.10211,50.54704]]]}},
{"type":"Feature","properties":{"types":"Public Park Or Garden","area_m2":25238.3},"geometry":{"type":"Polygon","coordinates":[[[-4.10858,50.54836],[-4.10827,50.54822],[-4.10808,50.54827],[-4.10792,50.54817],[-4.1073,50.54808],[-4.10713,50.5481],[-4.10692,50.54819],[-4.10668,50.54812],[-4.10659,50.54802],[-4.1063,50.54805],[-4.10612,50.548],[-4.10588,50.54822],[-4.10532,50.54861],[-4.10538,50.54869],[-4.10651,50.5487],[-4.10687,50.54867],[-4.10772,50.54887],[-4.10809,50.54901],[-4.10836,50.549],[-4.10895,50.54897],[-4.11063,50.5487],[-4.11194,50.54835],[-4.11165,50.54835],[-4.11152,50.54825],[-4.11138,50.54832],[-4.11106,50.5483],[-4.1109,50.54837],[-4.11059,50.54834],[-4.11044,50.54836],[-4.10985,50.54834],[-4.1094,50.54841],[-4.10916,50.54838],[-4.10887,50.54842],[-4.10858,50.54836]]]}},
{"type":"Feature","properties":{"types":"Allotments Or Community Growing Spaces; Play Space; Playing Field","area_m2":26136.8},"geometry":{"type":"Polygon","coordinates":[[[-4.11475,50.5933],[-4.11468,50.59354],[-4.11476,50.59391],[-4.11475,50.59423],[-4.11492,50.59435],[-4.11489,50.59441],[-4.11501,50.59446],[-4.11527,50.59449],[-4.11535,50.59423],[-4.11578,50.59431],[-4.11571,50.59451],[-4.11676,50.59465],[-4.11685,50.5946],[-4.11633,50.59402],[-4.11632,50.59374],[-4.11638,50.59374],[-4.11558,50.59202],[-4.11444,50.59242],[-4.11454,50.59259],[-4.11452,50.59283],[-4.11475,50.5933]],[[-4.11572,50.5945],[-4.11582,50.5942],[-4.11623,50.59426],[-4.11613,50.59455],[-4.11572,50.5945]]]}},
{"type":"Feature","properties":{"types":"Playing Field","area_m2":8832.1},"geometry":{"type":"Polygon","coordinates":[[[-4.09684,50.59929],[-4.09627,50.59994],[-4.09621,50.60008],[-4.09715,50.60042],[-4.0981,50.59981],[-4.09751,50.5996],[-4.09684,50.59929]]]}},
{"type":"Feature","properties":{"types":"Playing Field","area_m2":11480.1},"geometry":{"type":"Polygon","coordinates":[[[-4.10529,50.64952],[-4.10502,50.64907],[-4.10475,50.64837],[-4.10414,50.64856],[-4.10365,50.64879],[-4.10386,50.64944],[-4.10411,50.64969],[-4.10432,50.64983],[-4.10529,50.64952]]]}},
{"type":"Feature","properties":{"types":"Playing Field","area_m2":16366.5},"geometry":{"type":"Polygon","coordinates":[[[-4.10859,50.6839],[-4.10953,50.68467],[-4.11006,50.68488],[-4.11108,50.68425],[-4.11063,50.68359],[-4.11072,50.68348],[-4.11072,50.68338],[-4.11042,50.6834],[-4.10859,50.6839]]]}},
{"type":"Feature","properties":{"types":"Play Space; Playing Field","area_m2":9118.2},"geometry":{"type":"Polygon","coordinates":[[[-4.12546,50.77332],[-4.12537,50.77331],[-4.12558,50.77363],[-4.1257,50.77393],[-4.12606,50.77451],[-4.12705,50.77428],[-4.12654,50.77331],[-4.12562,50.77347],[-4.12546,50.77332]]]}},
{"type":"Feature","properties":{"types":"Playing Field","area_m2":32298.8},"geometry":{"type":"Polygon","coordinates":[[[-4.11227,50.87304],[-4.11167,50.87304],[-4.11097,50.87349],[-4.11063,50.87401],[-4.1101,50.87464],[-4.10996,50.87491],[-4.10993,50.87516],[-4.11009,50.8755],[-4.11158,50.87514],[-4.11258,50.87481],[-4.11263,50.87438],[-4.11252,50.87418],[-4.11227,50.87304]]]}},
{"type":"Feature","properties":{"types":"Other Sports Facility","area_m2":21146.9},"geometry":{"type":"Polygon","coordinates":[[[-4.11506,50.91236],[-4.115,50.91238],[-4.11524,50.91264],[-4.11528,50.91287],[-4.11471,50.91312],[-4.11544,50.91361],[-4.11565,50.91389],[-4.11688,50.91352],[-4.11692,50.91318],[-4.11602,50.91204],[-4.11588,50.91206],[-4.11565,50.91177],[-4.11506,50.91195],[-4.11472,50.91211],[-4.11495,50.91233],[-4.11501,50.91231],[-4.11506,50.91236]]]}},
{"type":"Feature","properties":{"types":"Public Park Or Garden","area_m2":147140.9},"geometry":{"type":"Polygon","coordinates":[[[-4.1383,50.93639],[-4.13809,50.93627],[-4.13783,50.93622],[-4.13791,50.93598],[-4.13595,50.93587],[-4.13591,50.93601],[-4.13558,50.93657],[-4.13558,50.93676],[-4.13569,50.9371],[-4.13566,50.93738],[-4.13537,50.93775],[-4.13525,50.93775],[-4.13581,50.93817],[-4.13605,50.9382],[-4.13607,50.93824],[-4.13604,50.93846],[-4.13626,50.93889],[-4.13641,50.93938],[-4.13689,50.94295],[-4.13683,50.94295],[-4.13684,50.94306],[-4.13727,50.94297],[-4.13759,50.94276],[-4.13777,50.94283],[-4.13859,50.9419],[-4.13867,50.94193],[-4.1387,50.94189],[-4.13862,50.94186],[-4.13882,50.94162],[-4.13908,50.94112],[-4.13928,50.94083],[-4.13959,50.9405],[-4.13983,50.94012],[-4.13931,50.9401],[-4.13844,50.93985],[-4.13816,50.93982],[-4.13825,50.93961],[-4.13857,50.93975],[-4.13866,50.93974],[-4.1392,50.93896],[-4.13932,50.93869],[-4.13947,50.93796],[-4.13938,50.93775],[-4.13966,50.93724],[-4.13962,50.93686],[-4.1395,50.93679],[-4.13935,50.9368],[-4.13933,50.93677],[-4.13854,50.93674],[-4.1385,50.93687],[-4.13845,50.93687],[-4.13846,50.93671],[-4.13827,50.93672],[-4.1383,50.93639]]]}},
{"type":"Feature","properties":{"types":"Public Park Or Garden","area_m2":77483.1},"geometry":{"type":"Polygon","coordinates":[[[-4.13518,50.94064],[-4.13501,50.94124],[-4.13492,50.94126],[-4.13454,50.94123],[-4.13443,50.94182],[-4.13443,50.94251],[-4.13469,50.94302],[-4.13522,50.94345],[-4.13551,50.94375],[-4.13576,50.94391],[-4.1365,50.94406],[-4.13668,50.94386],[-4.13677,50.94357],[-4.13655,50.94151],[-4.13639,50.94148],[-4.13654,50.94142],[-4.13641,50.94054],[-4.13635,50.93971],[-4.13613,50.93885],[-4.13582,50.93832],[-4.13556,50.93807],[-4.13528,50.93789],[-4.13496,50.9382],[-4.13405,50.93924],[-4.1351,50.94015],[-4.13505,50.94017],[-4.13518,50.94037],[-4.13518,50.94064]]]}},
{"type":"Feature","properties":{"types":"Playing Field","area_m2":50679.1},"geometry":{"type":"Polygon","coordinates":[[[-4.12277,50.95315],[-4.12316,50.95358],[-4.12442,50.95435],[-4.12474,50.95474],[-4.12475,50.95468],[-4.12483,50.95465],[-4.1257,50.95466],[-4.12675,50.95457],[-4.12741,50.95448],[-4.12724,50.95422],[-4.12634,50.95372],[-4.12608,50.95349],[-4.12544,50.9523],[-4.12528,50.95169],[-4.12505,50.95164],[-4.12418,50.95176],[-4.12456,50.95274],[-4.12359,50.95284],[-4.12277,50.95315]]]}},
{"type":"Feature","properties":{"types":"Playing Field","area_m2":13007.0},"geometry":{"type":"Polygon","coordinates":[[[-4.12448,50.95602],[-4.12433,50.95538],[-4.12237,50.95529],[-4.1224,50.95621],[-4.12446,50.9561],[-4.12448,50.95602]]]}},
{"type":"Feature","properties":{"types":"Other Sports Facility","area_m2":30348.1},"geometry":{"type":"Polygon","coordinates":[[[-4.13078,50.955],[-4.13044,50.95514],[-4.13047,50.95525],[-4.1298,50.9556],[-4.12987,50.95589],[-4.13006,50.95588],[-4.13094,50.9565],[-4.13156,50.95684],[-4.1321,50.95665],[-4.13342,50.95597],[-4.13339,50.9559],[-4.13286,50.95549],[-4.13211,50.95558],[-4.13179,50.95505],[-4.1317,50.95478],[-4.13116,50.95488],[-4.13078,50.955]]]}},
{"type":"Feature","properties":{"types":"Playing Field","area_m2":10272.3},"geometry":{"type":"Polygon","coordinates":[[[-4.11061,51.02885],[-4.11056,51.02831],[-4.11061,51.02734],[-4.11047,51.02734],[-4.11043,51.02779],[-4.10932,51.02778],[-4.10934,51.02816],[-4.10953,51.02883],[-4.11061,51.02885]]]}},
{"type":"Feature","properties":{"types":"Public Park Or Garden","area_m2":48472.3},"geometry":{"type":"Polygon","coordinates":[[[-4.12795,51.06609],[-4.12722,51.06607],[-4.12729,51.06621],[-4.12743,51.06724],[-4.1274,51.06779],[-4.12718,51.06802],[-4.12686,51.06822],[-4.12713,51.06807],[-4.12735,51.06801],[-4.12798,51.06806],[-4.12855,51.06805],[-4.12921,51.06818],[-4.12962,51.0681],[-4.1299,51.06744],[-4.13027,51.06699],[-4.13017,51.06697],[-4.13025,51.06612],[-4.13038,51.06567],[-4.12965,51.06565],[-4.12876,51.0657],[-4.12863,51.06577],[-4.12838,51.06577],[-4.12813,51.06581],[-4.12804,51.06605],[-4.12795,51.06609]]]}},
{"type":"Feature","properties":{"types":"Play Space; Playing Field","area_m2":9853.9},"geometry":{"type":"Polygon","coordinates":[[[-4.12623,51.07159],[-4.12638,51.07192],[-4.12746,51.07184],[-4.12712,51.07129],[-4.1269,51.07054],[-4.12647,51.07058],[-4.12602,51.07058],[-4.12623,51.07159]],[[-4.12683,51.07072],[-4.12686,51.07082],[-4.12652,51.07085],[-4.12649,51.07074],[-4.12683,51.07072]]]}},
{"type":"Feature","properties":{"types":"Allotments Or Community Growing Spaces","area_m2":7051.4},"geometry":{"type":"Polygon","coordinates":[[[-4.11254,51.07273],[-4.11263,51.07268],[-4.11396,51.07269],[-4.11385,51.07207],[-4.11331,51.07214],[-4.11326,51.07248],[-4.11317,51.07255],[-4.11296,51.0726],[-4.1128,51.0726],[-4.11264,51.07255],[-4.11249,51.07225],[-4.11104,51.07269],[-4.11111,51.07277],[-4.11139,51.07279],[-4.11254,51.07273]]]}},
{"type":"Feature","properties":{"types":"Public Park Or Garden","area_m2":9479.6},"geometry":{"type":"Polygon","coordinates":[[[-4.12262,51.07222],[-4.12165,51.0719],[-4.12091,51.07206],[-4.1206,51.07209],[-4.12081,51.07226],[-4.12098,51.07219],[-4.12114,51.07219],[-4.12133,51.07225],[-4.12157,51.07224],[-4.12175,51.07257],[-4.12164,51.07277],[-4.12152,51.07287],[-4.12175,51.07269],[-4.12228,51.07283],[-4.12253,51.07254],[-4.12273,51.07247],[-4.12305,51.0725],[-4.12312,51.07242],[-4.1232,51.07245],[-4.12359,51.07211],[-4.12292,51.07191],[-4.12274,51.07201],[-4.12262,51.07222]]]}},
{"type":"Feature","properties":{"types":"Allotments Or Community Growing Spaces; Play Space; Playing Field","area_m2":20000.7},"geometry":{"type":"Polygon","coordinates":[[[-4.12016,51.16046],[-4.12057,51.16052],[-4.1211,51.16045],[-4.12163,51.16048],[-4.12169,51.16051],[-4.12163,51.16084],[-4.12284,51.16097],[-4.12289,51.16094],[-4.12301,51.161],[-4.12338,51.16001],[-4.12293,51.15991],[-4.1229,51.15997],[-4.1223,51.15989],[-4.12229,51.15986],[-4.12113,51.15973],[-4.12014,51.15984],[-4.12031,51.16],[-4.12035,51.16],[-4.12038,51.16012],[-4.12036,51.16022],[-4.12016,51.16046]]]}},
{"type":"Feature","properties":{"types":"Public Park Or Garden","area_m2":13307.8},"geometry":{"type":"Polygon","coordinates":[[[-4.1416,51.16558],[-4.1417,51.16582],[-4.14177,51.16624],[-4.14177,51.16673],[-4.14167,51.16704],[-4.14146,51.16745],[-4.14123,51.16775],[-4.14201,51.16714],[-4.1425,51.16659],[-4.14263,51.16627],[-4.14264,51.166],[-4.14253,51.16569],[-4.14229,51.16542],[-4.14124,51.16478],[-4.14108,51.16483],[-4.1416,51.16558]]]}},
{"type":"Feature","properties":{"types":"Play Space; Public Park Or Garden","area_m2":23190.8},"geometry":{"type":"Polygon","coordinates":[[[-4.12062,51.19758],[-4.12072,51.19792],[-4.12064,51.19794],[-4.1214,51.19868],[-4.1216,51.1987],[-4.12167,51.19879],[-4.12176,51.19882],[-4.12185,51.19875],[-4.12218,51.19883],[-4.12244,51.19877],[-4.12246,51.19872],[-4.12275,51.1989],[-4.12291,51.19886],[-4.12328,51.19863],[-4.12332,51.19855],[-4.12293,51.19819],[-4.12291,51.19811],[-4.12186,51.19703],[-4.12167,51.19687],[-4.12125,51.19686],[-4.12069,51.19697],[-4.12047,51.19705],[-4.12043,51.19714],[-4.12048,51.19726],[-4.12044,51.19727],[-4.12055,51.19742],[-4.12049,51.19744],[-4.12055,51.19758],[-4.12062,51.19758]],[[-4.12212,51.19751],[-4.12239,51.19775],[-4.12176,51.19803],[-4.12149,51.19778],[-4.12212,51.19751]],[[-4.12215,51.19836],[-4.12186,51.19811],[-4.12248,51.19784],[-4.12275,51.1981],[-4.12215,51.19836]]]}},
{"type":"Feature","properties":{"types":"Playing Field","area_m2":26696.1},"geometry":{"type":"Polygon","coordinates":[[[-4.11174,51.20078],[-4.11155,51.20046],[-4.11082,51.19976],[-4.11002,51.19918],[-4.10998,51.19922],[-4.10937,51.19937],[-4.10857,51.19952],[-4.10849,51.19967],[-4.10939,51.20095],[-4.1106,51.20083],[-4.11174,51.20078]]]}},
{"type":"Feature","properties":{"types":"Playing Field","area_m2":12214.1},"geometry":{"type":"Polygon","coordinates":[[[-4.1164,51.20254],[-4.11613,51.20251],[-4.11619,51.20232],[-4.11633,51.20215],[-4.11625,51.2021],[-4.11517,51.20191],[-4.11523,51.20199],[-4.11483,51.2032],[-4.11519,51.20329],[-4.11576,51.20322],[-4.11592,51.20313],[-4.11672,51.20281],[-4.1164,51.20254]]]}},
{"type":"Feature","properties":{"types":"Public Park Or Garden","area_m2":10767.6},"geometry":{"type":"Polygon","coordinates":[[[-4.12221,51.21012],[-4.12208,51.21018],[-4.12214,51.21029],[-4.12234,51.21053],[-4.1225,51.21059],[-4.12353,51.21059],[-4.12398,51.21054],[-4.12445,51.2106],[-4.12436,51.21056],[-4.1245,51.2105],[-4.12461,51.21053],[-4.12486,51.21049],[-4.1247,51.21014],[-4.12446,51.20984],[-4.12451,51.20999],[-4.1237,51.21006],[-4.12377,51.21016],[-4.12361,51.21022],[-4.12342,51.21002],[-4.12329,51.21005],[-4.12321,51.21003],[-4.1231,51.20986],[-4.12301,51.20988],[-4.12303,51.20993],[-4.12297,51.20995],[-4.12282,51.20994],[-4.12258,51.20999],[-4.12228,51.21014],[-4.12221,51.21012]]]}},
{"type":"Feature","properties":{"types":"Play Space; Playing Field","area_m2":9530.2},"geometry":{"type":"MultiPolygon","coordinates":[[[[-4.04106,50.30813],[-4.04042,50.30855],[-4.04097,50.30912],[-4.04168,50.30878],[-4.04168,50.30873],[-4.04162,50.30877],[-4.04132,50.30853],[-4.04145,50.30846],[-4.04179,50.30866],[-4.04178,50.3087],[-4.04216,50.30842],[-4.04235,50.30828],[-4.04264,50.30795],[-4.04289,50.30753],[-4.04252,50.30741],[-4.04188,50.30809],[-4.04182,50.30808],[-4.04137,50.30835],[-4.04112,50.30822],[-4.04106,50.30813]],[[-4.04181,50.3082],[-4.04216,50.30842],[-4.04184,50.30863],[-4.04149,50.3084],[-4.04181,50.3082]]]]}},
{"type":"Feature","properties":{"types":"Play Space; Playing Field","area_m2":23232.5},"geometry":{"type":"Polygon","coordinates":[[[-4.02765,50.32292],[-4.02919,50.32406],[-4.02973,50.32437],[-4.03035,50.32398],[-4.03035,50.32392],[-4.03045,50.32391],[-4.03069,50.32376],[-4.03017,50.32342],[-4.03088,50.32285],[-4.03069,50.32269],[-4.02949,50.32291],[-4.02912,50.32258],[-4.02847,50.32277],[-4.02765,50.32292]]]}},
{"type":"Feature","properties":{"types":"Allotments Or Community Growing Spaces; Play Space; Playing Field","area_m2":53144.6},"geometry":{"type":"Polygon","coordinates":[[[-4.06814,50.32715],[-4.06821,50.3273],[-4.06963,50.32683],[-4.06909,50.32619],[-4.06954,50.3261],[-4.06934,50.32555],[-4.0669,50.32597],[-4.06546,50.32613],[-4.06451,50.3256],[-4.06349,50.32628],[-4.06333,50.32644],[-4.06317,50.32742],[-4.0644,50.32717],[-4.06574,50.32673],[-4.06587,50.32688],[-4.06767,50.32679],[-4.06814,50.32715]],[[-4.06854,50.32681],[-4.06892,50.32667],[-4.06915,50.32694],[-4.06877,50.32708],[-4.06854,50.32681]]]}},
{"type":"Feature","properties":{"types":"Playing Field","area_m2":22378.7},"geometry":{"type":"Polygon","coordinates":[[[-4.01019,50.34624],[-4.01015,50.34617],[-4.01031,50.34613],[-4.01064,50.34658],[-4.01068,50.34658],[-4.0103,50.34603],[-4.01024,50.34605],[-4.00889,50.34443],[-4.00729,50.34482],[-4.00883,50.34616],[-4.00946,50.34598],[-4.00967,50.34629],[-4.00915,50.34643],[-4.00933,50.34663],[-4.00966,50.34657],[-4.00966,50.34647],[-4.00978,50.34634],[-4.01019,50.34624]]]}},
{"type":"Feature","properties":{"types":"Playing Field","area_m2":9166.8},"geometry":{"type":"Polygon","coordinates":[[[-4.03918,50.34738],[-4.0393,50.34827],[-4.04091,50.3475],[-4.04031,50.34701],[-4.03918,50.34738]]]}},
{"type":"Feature","properties":{"types":"Allotments Or Community Growing Spaces","area_m2":8741.9},"geometry":{"type":"Polygon","coordinates":[[[-4.0077,50.34837],[-4.00663,50.34868],[-4.00656,50.34861],[-4.00617,50.34871],[-4.00621,50.34876],[-4.00637,50.3488],[-4.00673,50.34874],[-4.00716,50.34921],[-4.00817,50.34888],[-4.00872,50.34955],[-4.00901,50.34947],[-4.00841,50.34873],[-4.00795,50.34835],[-4.00789,50.34838],[-4.00802,50.34847],[-4.00797,50.3485],[-4.00808,50.3485],[-4.00812,50.34855],[-4.008,50.34857],[-4.0077,50.34837]]]}},
{"type":"Feature","properties":{"types":"Playing Field","area_m2":92618.3},"geometry":{"type":"Polygon","coordinates":[[[-4.0756,50.351],[-4.0754,50.351],[-4.07215,50.35195],[-4.06884,50.35264],[-4.0673,50.35321],[-4.06637,50.35347],[-4.06652,50.35451],[-4.06666,50.35487],[-4.06721,50.3548],[-4.06797,50.35463],[-4.07142,50.3536],[-4.07187,50.35342],[-4.0723,50.35322],[-4.07207,50.35289],[-4.07233,50.35277],[-4.07506,50.35193],[-4.07526,50.35146],[-4.0756,50.351]]]}},
{"type":"Feature","properties":{"types":"Allotments Or Community Growing Spaces","area_m2":10355.2},"geometry":{"type":"Polygon","coordinates":[[[-4.0337,50.35499],[-4.03413,50.35484],[-4.03461,50.35476],[-4.03636,50.35466],[-4.03611,50.3541],[-4.03358,50.35446],[-4.03355,50.35448],[-4.0337,50.35499]]]}},
{"type":"Feature","properties":{"types":"Playing Field","area_m2":5009.9},"geometry":{"type":"Polygon","coordinates":[[[-4.0684,50.35687],[-4.06674,50.35743],[-4.06692,50.35772],[-4.06776,50.35742],[-4.06803,50.35776],[-4.06838,50.35709],[-4.0684,50.35687]]]}},
{"type":"Feature","properties":{"types":"Playing Field","area_m2":39862.9},"geometry":{"type":"Polygon","coordinates":[[[-4.06789,50.3627],[-4.06779,50.36259],[-4.06775,50.36263],[-4.06758,50.36256],[-4.06741,50.36255],[-4.0672,50.36243],[-4.06718,50.36246],[-4.06675,50.36232],[-4.06658,50.36231],[-4.06625,50.36223],[-4.06608,50.36226],[-4.06575,50.36221],[-4.06549,50.36278],[-4.06655,50.36305],[-4.06646,50.36338],[-4.06691,50.36348],[-4.06688,50.3636],[-4.06929,50.36452],[-4.07002,50.36486],[-4.07015,50.36485],[-4.07046,50.36466],[-4.07086,50.36453],[-4.07097,50.3643],[-4.07026,50.36405],[-4.0695,50.36385],[-4.06921,50.36373],[-4.06884,50.36343],[-4.06884,50.36337],[-4.06869,50.36319],[-4.06874,50.36283],[-4.06789,50.3627]]]}},
{"type":"Feature","properties":{"types":"Play Space; Playing Field","area_m2":74148.0},"geometry":{"type":"Polygon","coordinates":[[[-4.05917,50.365],[-4.05886,50.36545],[-4.05879,50.36549],[-4.05883,50.36556],[-4.05928,50.36558],[-4.0605,50.36553],[-4.06199,50.36537],[-4.06319,50.3653],[-4.06566,50.36527],[-4.06528,50.36363],[-4.06376,50.3632],[-4.06268,50.36325],[-4.06259,50.36431],[-4.05937,50.36442],[-4.05917,50.365]]]}},
{"type":"Feature","properties":{"types":"Play Space; Public Park Or Garden","area_m2":23463.8},"geometry":{"type":"Polygon","coordinates":[[[-4.03545,50.38016],[-4.03479,50.38015],[-4.03458,50.38009],[-4.0342,50.37988],[-4.03404,50.37971],[-4.03375,50.37987],[-4.0338,50.38041],[-4.03365,50.38083],[-4.03346,50.38116],[-4.0334,50.38115],[-4.03338,50.38119],[-4.03345,50.3812],[-4.03345,50.38123],[-4.03434,50.38139],[-4.03497,50.38153],[-4.03508,50.38156],[-4.03507,50.38159],[-4.03538,50.38165],[-4.03599,50.38043],[-4.03608,50.38013],[-4.03573,50.38022],[-4.03545,50.38016]]]}},
{"type":"Feature","properties":{"types":"Play Space; Public Park Or Garden","area_m2":8245.2},"geometry":{"type":"Polygon","coordinates":[[[-4.02665,50.38488],[-4.02656,50.38486],[-4.02623,50.3844],[-4.02586,50.3845],[-4.02597,50.38459],[-4.02591,50.38461],[-4.02597,50.38485],[-4.02646,50.38507],[-4.02655,50.38527],[-4.02653,50.38534],[-4.02647,50.38536],[-4.02656,50.38543],[-4.02648,50.38558],[-4.02659,50.38581],[-4.02634,50.38589],[-4.02641,50.38596],[-4.02651,50.38592],[-4.02654,50.38599],[-4.02669,50.3859],[-4.02722,50.38579],[-4.02784,50.38584],[-4.02848,50.38597],[-4.0285,50.38587],[-4.02829,50.38576],[-4.02816,50.38578],[-4.02784,50.3857],[-4.02759,50.3856],[-4.02742,50.38543],[-4.02731,50.38546],[-4.02728,50.38541],[-4.02713,50.38545],[-4.02665,50.38488]],[[-4.02695,50.38545],[-4.02694,50.38543],[-4.02695,50.38544],[-4.02695,50.38545]]]}},
{"type":"Feature","properties":{"types":"Public Park Or Garden","area_m2":13036.0},"geometry":{"type":"Polygon","coordinates":[[[-4.03292,50.38543],[-4.03319,50.38544],[-4.03325,50.38532],[-4.03355,50.38533],[-4.03357,50.38489],[-4.03352,50.38493],[-4.03339,50.38492],[-4.03338,50.38486],[-4.03329,50.38485],[-4.03328,50.38467],[-4.03318,50.3846],[-4.03283,50.38465],[-4.03275,50.38551],[-4.03254,50.38582],[-4.0326,50.38602],[-4.03253,50.38607],[-4.03259,50.38624],[-4.03248,50.38626],[-4.03252,50.38642],[-4.03264,50.38641],[-4.03269,50.38653],[-4.03281,50.38658],[-4.03283,50.38666],[-4.03299,50.38674],[-4.03308,50.3864],[-4.0348,50.38657],[-4.03503,50.38623],[-4.03398,50.38613],[-4.03377,50.38607],[-4.03295,50.38605],[-4.03296,50.38583],[-4.03289,50.38582],[-4.03292,50.38543]]]}},
{"type":"Feature","properties":{"types":"Public Park Or Garden","area_m2":62929.1},"geometry":{"type":"Polygon","coordinates":[[[-4.04991,50.38683],[-4.05045,50.38655],[-4.05014,50.38632],[-4.05046,50.38631],[-4.0507,50.38552],[-4.05087,50.38531],[-4.05119,50.38513],[-4.05125,50.38481],[-4.05139,50.38466],[-4.05134,50.38458],[-4.05079,50.38449],[-4.05038,50.38464],[-4.05029,50.38455],[-4.04919,50.38442],[-4.04833,50.38422],[-4.04815,50.38439],[-4.04775,50.38425],[-4.04721,50.38415],[-4.04714,50.3844],[-4.04726,50.38527],[-4.04722,50.38614],[-4.04692,50.3861],[-4.04692,50.38626],[-4.04733,50.38625],[-4.04898,50.38674],[-4.04909,50.38662],[-4.04913,50.38663],[-4.04943,50.38677],[-4.04977,50.38685],[-4.04991,50.38683]]]}},
{"type":"Feature","properties":{"types":"Other Sports Facility; Play Space; Playing Field","area_m2":19380.2},"geometry":{"type":"Polygon","coordinates":[[[-4.02495,50.38661],[-4.02487,50.38686],[-4.02514,50.38709],[-4.02558,50.38727],[-4.0257,50.38746],[-4.02569,50.3877],[-4.02575,50.38776],[-4.02627,50.3875],[-4.02761,50.38668],[-4.02801,50.38622],[-4.02737,50.38617],[-4.02688,50.38621],[-4.02495,50.38661]]]}},
{"type":"Feature","properties":{"types":"Play Space; Playing Field","area_m2":55202.1},"geometry":{"type":"Polygon","coordinates":[[[-4.06392,50.38895],[-4.06399,50.38892],[-4.06402,50.38898],[-4.06487,50.38853],[-4.06493,50.38834],[-4.06487,50.38824],[-4.06487,50.38821],[-4.06493,50.38819],[-4.065,50.38744],[-4.06437,50.3875],[-4.06424,50.38746],[-4.06407,50.38746],[-4.06382,50.38731],[-4.06351,50.38726],[-4.06313,50.38728],[-4.06278,50.38721],[-4.06224,50.38718],[-4.06189,50.38723],[-4.06157,50.38715],[-4.0615,50.38725],[-4.06128,50.38828],[-4.06104,50.38827],[-4.06085,50.38883],[-4.05961,50.38859],[-4.05931,50.3892],[-4.0595,50.38914],[-4.05988,50.38913],[-4.05998,50.38928],[-4.0606,50.38922],[-4.0612,50.38911],[-4.06392,50.38895]]]}},
{"type":"Feature","properties":{"types":"Other Sports Facility","area_m2":8254.8},"geometry":{"type":"Polygon","coordinates":[[[-4.05106,50.38974],[-4.05141,50.38976],[-4.05159,50.3893],[-4.05092,50.3892],[-4.05105,50.38887],[-4.05058,50.38879],[-4.05054,50.38888],[-4.05044,50.38887],[-4.05048,50.38876],[-4.05028,50.38873],[-4.05018,50.38882],[-4.05004,50.3888],[-4.04996,50.38885],[-4.04975,50.38919],[-4.05034,50.3893],[-4.05026,50.38961],[-4.05106,50.38974]]]}},
{"type":"Feature","properties":{"types":"Other Sports Facility; Playing Field","area_m2":26599.5},"geometry":{"type":"Polygon","coordinates":[[[-4.05784,50.39017],[-4.05865,50.38959],[-4.05851,50.3894],[-4.05828,50.38933],[-4.05827,50.38928],[-4.05785,50.3891],[-4.05689,50.38886],[-4.05675,50.38915],[-4.05658,50.38912],[-4.05642,50.38939],[-4.05626,50.38933],[-4.05611,50.38962],[-4.05593,50.3896],[-4.05591,50.38965],[-4.0558,50.38965],[-4.0558,50.38968],[-4.05547,50.38963],[-4.05547,50.38973],[-4.0553,50.38968],[-4.05528,50.39005],[-4.0554,50.39028],[-4.05562,50.39031],[-4.05563,50.39027],[-4.05577,50.39029],[-4.0558,50.39021],[-4.05587,50.39022],[-4.05591,50.39009],[-4.05596,50.3901],[-4.05607,50.39015],[-4.05604,50.39024],[-4.05615,50.39021],[-4.05624,50.39026],[-4.0564,50.39063],[-4.05652,50.39071],[-4.0567,50.39073],[-4.0571,50.3906],[-4.05784,50.39017]]]}},
{"type":"Feature","properties":{"types":"Allotments Or Community Growing Spaces","area_m2":6709.2},"geometry":{"type":"Polygon","coordinates":[[[-4.03811,50.39346],[-4.04131,50.39319],[-4.04131,50.39282],[-4.04017,50.39305],[-4.03708,50.39342],[-4.03709,50.39347],[-4.03811,50.39346]]]}},
{"type":"Feature","properties":{"types":"Play Space; Public Park Or Garden","area_m2":37284.5},"geometry":{"type":"Polygon","coordinates":[[[-4.03514,50.39515],[-4.03513,50.39518],[-4.03689,50.39535],[-4.03685,50.39517],[-4.03665,50.39494],[-4.03655,50.39464],[-4.0364,50.39368],[-4.0344,50.39371],[-4.03366,50.39368],[-4.03366,50.39363],[-4.03341,50.3939],[-4.0328,50.39415],[-4.03235,50.39427],[-4.03255,50.39432],[-4.03307,50.39454],[-4.0331,50.39451],[-4.03387,50.39483],[-4.03475,50.39504],[-4.03463,50.39531],[-4.03477,50.3951],[-4.03514,50.39515]]]}},
{"type":"Feature","properties":{"types":"Play Space; Playing Field","area_m2":16424.7},"geometry":{"type":"Polygon","coordinates":[[[-4.04738,50.39704],[-4.04662,50.39685],[-4.04663,50.3968],[-4.04717,50.39692],[-4.04719,50.39689],[-4.04744,50.39694],[-4.04751,50.39684],[-4.04747,50.39628],[-4.04754,50.39614],[-4.04772,50.39602],[-4.04823,50.39582],[-4.0482,50.39577],[-4.04727,50.39584],[-4.04629,50.39608],[-4.04619,50.39647],[-4.04587,50.39642],[-4.04596,50.39624],[-4.04623,50.3961],[-4.04597,50.39618],[-4.04544,50.39721],[-4.04573,50.39716],[-4.04588,50.39695],[-4.0462,50.39671],[-4.04662,50.39669],[-4.04658,50.39693],[-4.0463,50.39715],[-4.04608,50.39755],[-4.04607,50.39766],[-4.04656,50.39754],[-4.04727,50.39744],[-4.04698,50.39708],[-4.04738,50.39704]]]}},
{"type":"Feature","properties":{"types":"Allotments Or Community Growing Spaces","area_m2":10029.3},"geometry":{"type":"Polygon","coordinates":[[[-4.03941,50.39648],[-4.039,50.39726],[-4.04028,50.39735],[-4.04178,50.39728],[-4.04177,50.39722],[-4.03941,50.39648]]]}},
{"type":"Feature","properties":{"types":"Other Sports Facility","area_m2":15740.6},"geometry":{"type":"Polygon","coordinates":[[[-4.05678,50.40186],[-4.05658,50.40182],[-4.05651,50.40186],[-4.05648,50.40184],[-4.05601,50.40214],[-4.05594,50.4021],[-4.05584,50.40216],[-4.05667,50.40254],[-4.05675,50.40248],[-4.05684,50.40249],[-4.05795,50.40206],[-4.05873,50.40172],[-4.05728,50.40082],[-4.05692,50.40107],[-4.05704,50.40114],[-4.05699,50.40117],[-4.05718,50.40132],[-4.05704,50.40145],[-4.05716,50.4016],[-4.05678,50.40186]]]}},
{"type":"Feature","properties":{"types":"Playing Field","area_m2":31376.9},"geometry":{"type":"Polygon","coordinates":[[[-4.0073,50.43838],[-4.00751,50.43847],[-4.00787,50.4385],[-4.00806,50.43847],[-4.00825,50.43834],[-4.00836,50.43835],[-4.00863,50.43851],[-4.00922,50.4391],[-4.00936,50.43913],[-4.00947,50.4391],[-4.00984,50.43823],[-4.01005,50.43788],[-4.01025,50.43773],[-4.01018,50.43771],[-4.01058,50.43721],[-4.01035,50.43713],[-4.01014,50.43695],[-4.00987,50.43687],[-4.00969,50.43677],[-4.00794,50.43699],[-4.00794,50.43717],[-4.00782,50.43749],[-4.00749,50.43798],[-4.0073,50.43838]],[[-4.00901,50.43728],[-4.00932,50.43686],[-4.00962,50.43681],[-4.01,50.43696],[-4.01001,50.43701],[-4.00963,50.43746],[-4.00901,50.43728]]]}},
{"type":"Feature","properties":{"types":"Play Space; Playing Field","area_m2":21468.1},"geometry":{"type":"Polygon","coordinates":[[[-4.06701,50.5077],[-4.06735,50.50786],[-4.06813,50.50792],[-4.0687,50.50788],[-4.06912,50.50761],[-4.06907,50.50757],[-4.06911,50.50752],[-4.06897,50.50729],[-4.06808,50.50604],[-4.06767,50.50631],[-4.06668,50.50733],[-4.06701,50.5077]]]}},
{"type":"Feature","properties":{"types":"Other Sports Facility","area_m2":16328.5},"geometry":{"type":"Polygon","coordinates":[[[-4.07302,50.73469],[-4.07349,50.73461],[-4.07349,50.73435],[-4.07331,50.73408],[-4.07193,50.73423],[-4.0716,50.73419],[-4.07147,50.73427],[-4.07147,50.73437],[-4.07176,50.73441],[-4.07176,50.7343],[-4.07186,50.7343],[-4.07189,50.73454],[-4.07204,50.73479],[-4.07133,50.73489],[-4.0715,50.73553],[-4.07319,50.73535],[-4.07302,50.73469]]]}},
{"type":"Feature","properties":{"types":"Playing Field","area_m2":9205.5},"geometry":{"type":"Polygon","coordinates":[[[-4.06876,50.81237],[-4.06875,50.81233],[-4.06868,50.81233],[-4.06885,50.81303],[-4.07055,50.81298],[-4.07031,50.81256],[-4.07041,50.81223],[-4.06876,50.81237]]]}},
{"type":"Feature","properties":{"types":"Playing Field","area_m2":16332.3},"geometry":{"type":"Polygon","coordinates":[[[-4.06968,50.81436],[-4.06987,50.81475],[-4.07025,50.8153],[-4.07047,50.81552],[-4.07096,50.81582],[-4.07109,50.81563],[-4.07112,50.81545],[-4.07112,50.81458],[-4.07103,50.81383],[-4.06935,50.8138],[-4.06967,50.81432],[-4.06956,50.81432],[-4.06959,50.8144],[-4.06968,50.81436]],[[-4.07101,50.81537],[-4.07059,50.81536],[-4.0706,50.81506],[-4.07103,50.81506],[-4.07101,50.81537]]]}},
{"type":"Feature","properties":{"types":"Playing Field","area_m2":18894.5},"geometry":{"type":"Polygon","coordinates":[[[-4.07652,50.81794],[-4.07619,50.81781],[-4.0757,50.81744],[-4.07556,50.81749],[-4.07545,50.8174],[-4.07537,50.81744],[-4.07524,50.81732],[-4.07498,50.81768],[-4.07461,50.81806],[-4.07542,50.8186],[-4.07514,50.8188],[-4.07524,50.81885],[-4.07539,50.81885],[-4.07536,50.81889],[-4.07546,50.81896],[-4.07576,50.81907],[-4.07608,50.81914],[-4.07656,50.81918],[-4.07681,50.81918],[-4.07708,50.81877],[-4.07621,50.81814],[-4.07652,50.81794]]]}},
{"type":"Feature","properties":{"types":"Allotments Or Community Growing Spaces","area_m2":8246.8},"geometry":{"type":"Polygon","coordinates":[[[-4.07604,50.83276],[-4.07597,50.83278],[-4.07603,50.83282],[-4.07591,50.83286],[-4.07564,50.83265],[-4.0754,50.83273],[-4.07523,50.83275],[-4.07515,50.83257],[-4.07471,50.83236],[-4.07463,50.83255],[-4.07464,50.8328],[-4.07495,50.83338],[-4.0767,50.83319],[-4.07659,50.83293],[-4.07608,50.83304],[-4.07601,50.83292],[-4.07616,50.83289],[-4.07604,50.83276]]]}},
{"type":"Feature","properties":{"types":"Playing Field","area_m2":9629.0},"geometry":{"type":"Polygon","coordinates":[[[-4.0366,50.8894],[-4.03619,50.88871],[-4.03475,50.88902],[-4.03481,50.88923],[-4.03507,50.88942],[-4.03449,50.88951],[-4.03417,50.8895],[-4.03417,50.88955],[-4.03449,50.88955],[-4.03509,50.88946],[-4.03527,50.88961],[-4.0354,50.88982],[-4.0366,50.8894]]]}},
{"type":"Feature","properties":{"types":"Playing Field","area_m2":10068.7},"geometry":{"type":"Polygon","coordinates":[[[-4.09399,50.88852],[-4.09446,50.88925],[-4.09497,50.88912],[-4.09582,50.88897],[-4.09581,50.88845],[-4.09565,50.88826],[-4.09532,50.88825],[-4.09499,50.88829],[-4.09482,50.88827],[-4.09477,50.88827],[-4.09475,50.88833],[-4.09462,50.88828],[-4.09458,50.88837],[-4.09399,50.88852]]]}},
{"type":"Feature","properties":{"types":"Playing Field","area_m2":16487.1},"geometry":{"type":"Polygon","coordinates":[[[-4.05643,50.91513],[-4.055,50.91445],[-4.05374,50.91515],[-4.05406,50.91541],[-4.05439,50.91559],[-4.05506,50.91583],[-4.05522,50.91581],[-4.05608,50.91551],[-4.05643,50.91524],[-4.05634,50.91521],[-4.05643,50.91513]]]}},
{"type":"Feature","properties":{"types":"Play Space; Playing Field","area_m2":12837.0},"geometry":{"type":"Polygon","coordinates":[[[-4.09259,50.95083],[-4.09086,50.95047],[-4.09055,50.95134],[-4.09097,50.95142],[-4.091,50.95146],[-4.09228,50.95171],[-4.09259,50.95083]]]}},
{"type":"Feature","properties":{"types":"Playing Field","area_m2":14743.8},"geometry":{"type":"Polygon","coordinates":[[[-4.07484,50.97092],[-4.07351,50.96993],[-4.07344,50.96993],[-4.07332,50.96989],[-4.0727,50.97015],[-4.07276,50.97021],[-4.07255,50.97044],[-4.07263,50.97046],[-4.07258,50.9707],[-4.07294,50.97115],[-4.07298,50.9713],[-4.07344,50.97125],[-4.07484,50.97092]]]}},
{"type":"Feature","properties":{"types":"Playing Field","area_m2":6062.0},"geometry":{"type":"Polygon","coordinates":[[[-4.04972,50.99452],[-4.04974,50.99466],[-4.05028,50.9954],[-4.05088,50.99532],[-4.05104,50.9948],[-4.05055,50.99467],[-4.05038,50.99446],[-4.04972,50.99452]]]}},
{"type":"Feature","properties":{"types":"Playing Field","area_m2":13063.3},"geometry":{"type":"Polygon","coordinates":[[[-4.0989,51.02708],[-4.09972,51.02712],[-4.09974,51.02696],[-4.09998,51.02696],[-4.10021,51.02683],[-4.10058,51.02682],[-4.10077,51.02647],[-4.10003,51.02615],[-4.09993,51.02597],[-4.0988,51.02601],[-4.09875,51.02635],[-4.09882,51.02686],[-4.0989,51.02708]]]}},
{"type":"Feature","properties":{"types":"Allotments Or Community Growing Spaces","area_m2":9578.3},"geometry":{"type":"Polygon","coordinates":[[[-4.04265,51.05212],[-4.04287,51.05256],[-4.04429,51.05235],[-4.04422,51.05217],[-4.044,51.05184],[-4.04373,51.0516],[-4.04378,51.05156],[-4.04298,51.05167],[-4.04249,51.05167],[-4.04248,51.05189],[-4.04265,51.05212]]]}},
{"type":"Feature","properties":{"types":"Play Space; Playing Field","area_m2":29423.9},"geometry":{"type":"Polygon","coordinates":[[[-4.09572,51.06564],[-4.09579,51.06626],[-4.09597,51.06675],[-4.09606,51.06673],[-4.09639,51.06673],[-4.09641,51.06688],[-4.09603,51.06691],[-4.09605,51.06698],[-4.09693,51.06697],[-4.09874,51.06685],[-4.09872,51.06562],[-4.09742,51.06559],[-4.09572,51.06564]]]}},
{"type":"Feature","properties":{"types":"Playing Field","area_m2":10535.5},"geometry":{"type":"Polygon","coordinates":[[[-4.05542,51.0676],[-4.05547,51.06793],[-4.05532,51.06819],[-4.05589,51.0683],[-4.05602,51.06843],[-4.05601,51.06849],[-4.05656,51.0686],[-4.0565,51.06836],[-4.0563,51.068],[-4.05533,51.06692],[-4.05428,51.06603],[-4.05389,51.06564],[-4.0536,51.06574],[-4.05496,51.06688],[-4.0553,51.06733],[-4.05542,51.0676]]]}},
{"type":"Feature","properties":{"types":"Play Space; Public Park Or Garden","area_m2":5136.1},"geometry":{"type":"Polygon","coordinates":[[[-4.09394,51.06646],[-4.09391,51.06642],[-4.09382,51.06645],[-4.09378,51.0664],[-4.09356,51.06645],[-4.09337,51.06626],[-4.09354,51.06619],[-4.0935,51.06615],[-4.09293,51.06624],[-4.09292,51.06677],[-4.0927,51.06678],[-4.09252,51.06682],[-4.09246,51.06688],[-4.09274,51.0668],[-4.09293,51.06679],[-4.09293,51.06682],[-4.09302,51.0668],[-4.09304,51.06715],[-4.09338,51.06716],[-4.09342,51.06699],[-4.09362,51.067],[-4.09365,51.06697],[-4.09365,51.06683],[-4.09372,51.06671],[-4.09367,51.06664],[-4.09377,51.0666],[-4.09368,51.06659],[-4.09387,51.0665],[-4.09417,51.0665],[-4.0945,51.06644],[-4.09453,51.0664],[-4.09443,51.06643],[-4.09422,51.0664],[-4.09406,51.06645],[-4.09394,51.06646]]]}},
{"type":"Feature","properties":{"types":"Playing Field","area_m2":13188.5},"geometry":{"type":"Polygon","coordinates":[[[-4.04133,51.06764],[-4.04134,51.06794],[-4.04142,51.06808],[-4.04158,51.06825],[-4.04175,51.06828],[-4.04172,51.06836],[-4.04196,51.06841],[-4.04209,51.06862],[-4.04205,51.0688],[-4.04179,51.06902],[-4.04183,51.06905],[-4.04174,51.06914],[-4.04183,51.06916],[-4.04193,51.06906],[-4.04214,51.06914],[-4.04296,51.06763],[-4.04252,51.06738],[-4.04231,51.06715],[-4.04144,51.06744],[-4.04133,51.06764]]]}},
{"type":"Feature","properties":{"types":"Playing Field","area_m2":5920.3},"geometry":{"type":"Polygon","coordinates":[[[-4.09093,51.06903],[-4.09104,51.06903],[-4.09117,51.06819],[-4.09106,51.06819],[-4.09105,51.06814],[-4.09043,51.06821],[-4.09022,51.06827],[-4.09006,51.06843],[-4.08985,51.06846],[-4.08981,51.06877],[-4.09018,51.06876],[-4.0904,51.06884],[-4.09068,51.06883],[-4.09093,51.06903]]]}},
{"type":"Feature","properties":{"types":"Other Sports Facility","area_m2":6555.2},"geometry":{"type":"Polygon","coordinates":[[[-4.05268,51.06991],[-4.05261,51.06899],[-4.05215,51.06898],[-4.05171,51.06903],[-4.05178,51.06994],[-4.05214,51.06992],[-4.05215,51.06995],[-4.05268,51.06991]]]}},
{"type":"Feature","properties":{"types":"Play Space; Playing Field","area_m2":8223.4},"geometry":{"type":"Polygon","coordinates":[[[-4.0722,51.06855],[-4.07229,51.0688],[-4.07161,51.06942],[-4.07228,51.06966],[-4.07252,51.06964],[-4.07319,51.06968],[-4.0732,51.06905],[-4.0722,51.06855]]]}},
{"type":"Feature","properties":{"types":"Other Sports Facility","area_m2":25567.4},"geometry":{"type":"Polygon","coordinates":[[[-4.05801,51.07047],[-4.05781,51.07032],[-4.05722,51.0697],[-4.0562,51.07055],[-4.05594,51.07086],[-4.05609,51.07086],[-4.05633,51.07163],[-4.05644,51.07168],[-4.05791,51.07149],[-4.05798,51.07187],[-4.05803,51.07193],[-4.05808,51.07192],[-4.05815,51.07214],[-4.05827,51.07203],[-4.05879,51.07185],[-4.05877,51.07176],[-4.05822,51.07105],[-4.05801,51.07047]]]}},
{"type":"Feature","properties":{"types":"Other Sports Facility; Play Space; Playing Field","area_m2":22476.3},"geometry":{"type":"Polygon","coordinates":[[[-4.05178,51.071],[-4.0517,51.07123],[-4.05166,51.07165],[-4.05227,51.07164],[-4.05226,51.07199],[-4.05251,51.07213],[-4.05253,51.07173],[-4.05305,51.07173],[-4.05318,51.07168],[-4.05318,51.07161],[-4.05366,51.07161],[-4.05348,51.07147],[-4.05357,51.07138],[-4.05373,51.07135],[-4.05376,51.07131],[-4.05377,51.07075],[-4.05366,51.07031],[-4.05158,51.07031],[-4.05159,51.07084],[-4.05176,51.07091],[-4.05178,51.071]]]}},
{"type":"Feature","properties":{"types":"Play Space; Playing Field","area_m2":85842.8},"geometry":{"type":"Polygon","coordinates":[[[-4.05354,51.0727],[-4.05313,51.07304],[-4.05297,51.07325],[-4.05286,51.07363],[-4.05296,51.07388],[-4.05318,51.07417],[-4.05336,51.07432],[-4.05337,51.07484],[-4.05595,51.07573],[-4.05599,51.0757],[-4.05585,51.07563],[-4.05522,51.07499],[-4.05483,51.07436],[-4.05465,51.07389],[-4.05475,51.07381],[-4.05478,51.07368],[-4.05462,51.0731],[-4.05408,51.0722],[-4.05403,51.07167],[-4.05427,51.07114],[-4.05474,51.07059],[-4.05505,51.07042],[-4.05566,51.06998],[-4.05624,51.06947],[-4.05651,51.06904],[-4.05655,51.06865],[-4.056,51.06853],[-4.05465,51.06838],[-4.05289,51.06802],[-4.05299,51.06806],[-4.05293,51.06809],[-4.05302,51.06808],[-4.05308,51.06861],[-4.05305,51.06879],[-4.0533,51.06952],[-4.05374,51.07031],[-4.05388,51.07036],[-4.0538,51.07049],[-4.05388,51.07114],[-4.05381,51.07132],[-4.05385,51.07133],[-4.05379,51.07168],[-4.05381,51.07212],[-4.05373,51.07241],[-4.05354,51.0727]]]}},
{"type":"Feature","properties":{"types":"Playing Field","area_m2":5252.2},"geometry":{"type":"Polygon","coordinates":[[[-4.04095,51.07285],[-4.04112,51.07278],[-4.04102,51.07259],[-4.03961,51.07224],[-4.03958,51.07268],[-4.03983,51.07278],[-4.04001,51.07292],[-4.04051,51.07298],[-4.04082,51.07284],[-4.04095,51.07285]]]}},
{"type":"Feature","properties":{"types":"Play Space; Playing Field","area_m2":7700.2},"geometry":{"type":"Polygon","coordinates":[[[-4.08637,51.07248],[-4.08631,51.07352],[-4.08728,51.0735],[-4.08732,51.07292],[-4.08773,51.07294],[-4.08773,51.07287],[-4.08732,51.07284],[-4.08735,51.07257],[-4.08637,51.07248]]]}},
{"type":"Feature","properties":{"types":"Public Park Or Garden","area_m2":7040.4},"geometry":{"type":"Polygon","coordinates":[[[-4.04906,51.075],[-4.04997,51.07522],[-4.0509,51.07551],[-4.05095,51.07549],[-4.0509,51.07544],[-4.05106,51.07538],[-4.05111,51.07543],[-4.0516,51.07522],[-4.05128,51.07492],[-4.05108,51.07499],[-4.05059,51.075],[-4.04894,51.0747],[-4.04906,51.075]]]}},
{"type":"Feature","properties":{"types":"Allotments Or Community Growing Spaces; Play Space; Playing Field","area_m2":9596.1},"geometry":{"type":"Polygon","coordinates":[[[-4.09873,51.07454],[-4.09894,51.07499],[-4.09899,51.07565],[-4.09968,51.07569],[-4.10018,51.07568],[-4.10014,51.07523],[-4.09999,51.07485],[-4.0995,51.0747],[-4.09954,51.07465],[-4.09906,51.07442],[-4.09873,51.07454]]]}},
{"type":"Feature","properties":{"types":"Allotments Or Community Growing Spaces","area_m2":12583.3},"geometry":{"type":"Polygon","coordinates":[[[-4.04701,51.07748],[-4.04712,51.07784],[-4.04709,51.07825],[-4.04737,51.07851],[-4.04775,51.07871],[-4.04796,51.07837],[-4.04887,51.07824],[-4.04934,51.07761],[-4.049,51.07756],[-4.0486,51.07744],[-4.04846,51.07776],[-4.04701,51.07748]]]}},
{"type":"Feature","properties":{"types":"Allotments Or Community Growing Spaces; Play Space; Public Park Or Garden","area_m2":16778.3},"geometry":{"type":"Polygon","coordinates":[[[-4.05104,51.08223],[-4.05095,51.08189],[-4.05069,51.08192],[-4.05054,51.08141],[-4.05046,51.08141],[-4.05044,51.08112],[-4.04925,51.08114],[-4.04867,51.08119],[-4.04884,51.08214],[-4.04897,51.08239],[-4.04944,51.08223],[-4.04942,51.08218],[-4.04984,51.08215],[-4.05,51.08232],[-4.05104,51.08223]]]}},
{"type":"Feature","properties":{"types":"Play Space; Public Park Or Garden","area_m2":14142.1},"geometry":{"type":"Polygon","coordinates":[[[-4.04639,51.0821],[-4.04647,51.08238],[-4.04552,51.0824],[-4.04479,51.08233],[-4.04476,51.08221],[-4.04399,51.08221],[-4.04397,51.08233],[-4.04404,51.08241],[-4.04442,51.08256],[-4.04422,51.08285],[-4.04467,51.08305],[-4.04474,51.08304],[-4.04485,51.08281],[-4.04582,51.0829],[-4.04574,51.08307],[-4.04586,51.08308],[-4.04595,51.08291],[-4.04641,51.08296],[-4.04692,51.08306],[-4.04685,51.08323],[-4.04692,51.08323],[-4.04695,51.08318],[-4.04726,51.08322],[-4.04669,51.08207],[-4.04639,51.0821]]]}},
{"type":"Feature","properties":{"types":"Other Sports Facility; Playing Field","area_m2":72751.7},"geometry":{"type":"Polygon","coordinates":[[[-4.07195,51.08165],[-4.07157,51.08119],[-4.07157,51.08106],[-4.07117,51.08115],[-4.07105,51.08122],[-4.07102,51.0813],[-4.07067,51.08135],[-4.07014,51.0815],[-4.06815,51.08215],[-4.06784,51.08237],[-4.06785,51.08241],[-4.06774,51.08241],[-4.06757,51.08253],[-4.06756,51.08262],[-4.06742,51.08263],[-4.06708,51.08285],[-4.06711,51.08287],[-4.06736,51.0827],[-4.06755,51.08285],[-4.06762,51.08283],[-4.06802,51.08334],[-4.06753,51.0835],[-4.0675,51.08373],[-4.06904,51.08381],[-4.0696,51.08374],[-4.07,51.08363],[-4.07012,51.08356],[-4.06992,51.08307],[-4.07032,51.08355],[-4.07116,51.08329],[-4.07119,51.08335],[-4.07115,51.08344],[-4.07145,51.08339],[-4.07156,51.0834],[-4.07158,51.08344],[-4.07173,51.0834],[-4.07193,51.08333],[-4.0719,51.08316],[-4.07201,51.0831],[-4.07275,51.08301],[-4.07334,51.08301],[-4.07303,51.08263],[-4.07195,51.08165]]]}},
{"type":"Feature","properties":{"types":"Play Space; Public Park Or Garden","area_m2":18334.2},"geometry":{"type":"Polygon","coordinates":[[[-4.06152,51.08498],[-4.06194,51.0849],[-4.06239,51.08493],[-4.06315,51.08503],[-4.06344,51.08485],[-4.06355,51.08468],[-4.06357,51.08452],[-4.06348,51.08435],[-4.06325,51.08414],[-4.06305,51.08404],[-4.06263,51.08403],[-4.0626,51.08409],[-4.06259,51.08404],[-4.06151,51.08396],[-4.06103,51.08388],[-4.06102,51.08394],[-4.06116,51.08397],[-4.06115,51.08407],[-4.06106,51.08407],[-4.06099,51.0842],[-4.06096,51.08458],[-4.06106,51.08498],[-4.0611,51.08504],[-4.06116,51.08505],[-4.06111,51.08506],[-4.06116,51.08511],[-4.06152,51.08498]]]}},
{"type":"Feature","properties":{"types":"Allotments Or Community Growing Spaces","area_m2":6355.2},"geometry":{"type":"Polygon","coordinates":[[[-4.06559,51.08541],[-4.06614,51.08566],[-4.06649,51.08501],[-4.06716,51.08517],[-4.06734,51.08481],[-4.06702,51.08473],[-4.06566,51.0851],[-4.06612,51.0845],[-4.06592,51.08446],[-4.0656,51.08481],[-4.06542,51.08512],[-4.06572,51.08525],[-4.06559,51.08541]]]}},
{"type":"Feature","properties":{"types":"Public Park Or Garden","area_m2":113238.4},"geometry":{"type":"Polygon","coordinates":[[[-4.042,51.08428],[-4.04126,51.08434],[-4.03965,51.08442],[-4.03794,51.08479],[-4.03371,51.08539],[-4.03443,51.08684],[-4.03555,51.08678],[-4.03764,51.0866],[-4.0376,51.08644],[-4.03961,51.08641],[-4.04235,51.08624],[-4.04212,51.0853],[-4.04223,51.08522],[-4.042,51.08428]]]}},
{"type":"Feature","properties":{"types":"Other Sports Facility","area_m2":14327.2},"geometry":{"type":"Polygon","coordinates":[[[-4.05493,51.08489],[-4.05446,51.08445],[-4.05261,51.08527],[-4.0533,51.08613],[-4.05267,51.08623],[-4.05305,51.08635],[-4.05394,51.08615],[-4.05399,51.08607],[-4.05393,51.08593],[-4.05363,51.08561],[-4.05493,51.08489]]]}},
{"type":"Feature","properties":{"types":"Playing Field","area_m2":10851.6},"geometry":{"type":"Polygon","coordinates":[[[-4.06551,51.08631],[-4.06676,51.0864],[-4.0669,51.08632],[-4.06714,51.08591],[-4.06609,51.08567],[-4.06557,51.08543],[-4.06522,51.08568],[-4.0647,51.08593],[-4.06536,51.08639],[-4.06551,51.08631]]]}},
{"type":"Feature","properties":{"types":"Public Park Or Garden","area_m2":8170.6},"geometry":{"type":"Polygon","coordinates":[[[-4.0612,51.08733],[-4.06117,51.08695],[-4.06104,51.08647],[-4.06102,51.08605],[-4.06094,51.08608],[-4.06089,51.08629],[-4.0602,51.08685],[-4.0594,51.08723],[-4.05951,51.08737],[-4.06017,51.08738],[-4.06038,51.08732],[-4.0612,51.08733]]]}},
{"type":"Feature","properties":{"types":"Allotments Or Community Growing Spaces","area_m2":8020.0},"geometry":{"type":"Polygon","coordinates":[[[-4.05747,51.08851],[-4.05802,51.08839],[-4.05846,51.08838],[-4.05803,51.08821],[-4.05768,51.08812],[-4.05735,51.08811],[-4.05665,51.08814],[-4.05476,51.08875],[-4.05478,51.08883],[-4.05596,51.08865],[-4.05747,51.08851]]]}},
{"type":"Feature","properties":{"types":"Other Sports Facility; Playing Field","area_m2":37881.5},"geometry":{"type":"Polygon","coordinates":[[[-4.04623,51.08978],[-4.04612,51.08954],[-4.04614,51.08966],[-4.04608,51.08976],[-4.04591,51.08984],[-4.04581,51.08984],[-4.04603,51.08975],[-4.04608,51.08966],[-4.04589,51.08911],[-4.04592,51.08897],[-4.04605,51.08887],[-4.04682,51.08856],[-4.04627,51.08788],[-4.04529,51.08821],[-4.04453,51.08836],[-4.04391,51.08842],[-4.04329,51.08855],[-4.04444,51.09048],[-4.04552,51.09008],[-4.04557,51.09014],[-4.04623,51.08978]]]}},
{"type":"Feature","properties":{"types":"Allotments Or Community Growing Spaces","area_m2":11597.8},"geometry":{"type":"Polygon","coordinates":[[[-4.10406,51.20342],[-4.10435,51.20396],[-4.10472,51.20395],[-4.10504,51.20399],[-4.10471,51.20401],[-4.10466,51.20409],[-4.10486,51.20424],[-4.10514,51.20427],[-4.10512,51.20432],[-4.10525,51.20433],[-4.10526,51.20428],[-4.10545,51.20432],[-4.10545,51.20429],[-4.10555,51.20427],[-4.10552,51.20377],[-4.10456,51.20281],[-4.10407,51.20278],[-4.10382,51.20287],[-4.10386,51.20322],[-4.10392,51.20334],[-4.10404,51.20328],[-4.10406,51.20342]]]}},
{"type":"Feature","properties":{"types":"Other Sports Facility; Play Space; Playing Field","area_m2":87643.6},"geometry":{"type":"Polygon","coordinates":[[[-4.10623,51.20667],[-4.10515,51.20678],[-4.10367,51.20676],[-4.10301,51.20684],[-4.10255,51.20776],[-4.10262,51.20784],[-4.10339,51.20802],[-4.1046,51.20847],[-4.1051,51.2086],[-4.10573,51.20883],[-4.10584,51.2089],[-4.10663,51.20913],[-4.10696,51.20915],[-4.10702,51.20926],[-4.10832,51.20925],[-4.10859,51.20933],[-4.10875,51.20947],[-4.10878,51.20962],[-4.10904,51.20973],[-4.10954,51.20975],[-4.10991,51.20949],[-4.11,51.20901],[-4.11005,51.20902],[-4.11007,51.20899],[-4.10998,51.20887],[-4.10997,51.20874],[-4.10993,51.20883],[-4.10881,51.2087],[-4.1089,51.2084],[-4.10889,51.20822],[-4.10696,51.20815],[-4.10702,51.20787],[-4.10774,51.20644],[-4.10734,51.20645],[-4.10623,51.20667]]]}},
{"type":"Feature","properties":{"types":"Allotments Or Community Growing Spaces; Play Space; Playing Field","area_m2":11637.1},"geometry":{"type":"Polygon","coordinates":[[[-3.91859,50.31355],[-3.91885,50.31367],[-3.91986,50.31297],[-3.91983,50.31295],[-3.92048,50.31207],[-3.92015,50.31193],[-3.92017,50.31173],[-3.91969,50.3117],[-3.91949,50.31203],[-3.91926,50.31224],[-3.91846,50.31277],[-3.91946,50.31277],[-3.91961,50.31283],[-3.91859,50.31355]]]}},
{"type":"Feature","properties":{"types":"Playing Field","area_m2":11597.0},"geometry":{"type":"Polygon","coordinates":[[[-3.96785,50.31882],[-3.96778,50.31903],[-3.9679,50.31911],[-3.96879,50.31851],[-3.96904,50.31808],[-3.96865,50.31763],[-3.96754,50.31789],[-3.96736,50.31848],[-3.96785,50.31882]]]}},
{"type":"Feature","properties":{"types":"Play Space; Public Park Or Garden","area_m2":11329.0},"geometry":{"type":"Polygon","coordinates":[[[-4.00166,50.34602],[-4.00117,50.34612],[-4.00124,50.34637],[-4.00113,50.34666],[-4.00046,50.34703],[-4.00055,50.34709],[-4.00043,50.34716],[-4.00058,50.34741],[-4.00066,50.34744],[-4.001,50.34741],[-4.00107,50.34734],[-4.00192,50.34724],[-4.00203,50.34656],[-4.00228,50.34646],[-4.00225,50.34643],[-4.00208,50.34639],[-4.00199,50.34618],[-4.002,50.34595],[-4.00194,50.34596],[-4.00192,50.34603],[-4.00166,50.34602]]]}},
{"type":"Feature","properties":{"types":"Playing Field","area_m2":9556.3},"geometry":{"type":"Polygon","coordinates":[[[-3.94241,50.34831],[-3.94376,50.34852],[-3.94403,50.34776],[-3.94383,50.34768],[-3.94265,50.34754],[-3.94247,50.34778],[-3.94232,50.34821],[-3.94241,50.34831]]]}},
{"type":"Feature","properties":{"types":"Play Space; Public Park Or Garden","area_m2":26423.9},"geometry":{"type":"Polygon","coordinates":[[[-3.89118,50.35366],[-3.89171,50.35381],[-3.89197,50.35394],[-3.89278,50.354],[-3.8931,50.35333],[-3.89291,50.35322],[-3.89334,50.35294],[-3.89325,50.35283],[-3.89315,50.35241],[-3.89276,50.35216],[-3.8939,50.3511],[-3.89354,50.35109],[-3.89355,50.35125],[-3.89351,50.35129],[-3.89316,50.35163],[-3.89297,50.35167],[-3.89289,50.35174],[-3.89275,50.35196],[-3.89255,50.35202],[-3.89233,50.35169],[-3.89226,50.35149],[-3.8919,50.35158],[-3.89196,50.35164],[-3.89166,50.3518],[-3.89159,50.35194],[-3.89187,50.35221],[-3.89182,50.35223],[-3.89172,50.35217],[-3.89165,50.3522],[-3.89179,50.35253],[-3.89174,50.35279],[-3.89164,50.35274],[-3.89164,50.35262],[-3.89159,50.35261],[-3.89149,50.35278],[-3.8917,50.35286],[-3.89147,50.35331],[-3.89118,50.35366]]]}},
{"type":"Feature","properties":{"types":"Allotments Or Community Growing Spaces","area_m2":8203.8},"geometry":{"type":"Polygon","coordinates":[[[-3.99241,50.35046],[-3.99256,50.3506],[-3.99349,50.35138],[-3.9924,50.35047],[-3.99223,50.35069],[-3.99346,50.35172],[-3.99369,50.35165],[-3.9941,50.35159],[-3.99402,50.35141],[-3.99274,50.35039],[-3.99258,50.35029],[-3.99241,50.35046]]]}},
{"type":"Feature","properties":{"types":"Other Sports Facility; Play Space","area_m2":18650.3},"geometry":{"type":"Polygon","coordinates":[[[-3.88781,50.35526],[-3.88666,50.35496],[-3.88652,50.35511],[-3.88621,50.35499],[-3.88592,50.35521],[-3.88584,50.3554],[-3.88562,50.35561],[-3.88593,50.35575],[-3.88602,50.35586],[-3.88662,50.35619],[-3.88744,50.35659],[-3.88795,50.35621],[-3.88814,50.35599],[-3.88811,50.35592],[-3.88818,50.3559],[-3.88818,50.35583],[-3.88781,50.35526]],[[-3.88768,50.35543],[-3.88736,50.35562],[-3.88703,50.3554],[-3.88734,50.35521],[-3.88768,50.35543]]]}},
{"type":"Feature","properties":{"types":"Play Space; Playing Field","area_m2":14797.3},"geometry":{"type":"Polygon","coordinates":[[[-3.91449,50.36142],[-3.91433,50.36135],[-3.9139,50.3615],[-3.91323,50.36154],[-3.91296,50.36171],[-3.91241,50.36222],[-3.91322,50.36279],[-3.91396,50.36242],[-3.9143,50.36218],[-3.91483,50.36168],[-3.91449,50.36142]]]}},
{"type":"Feature","properties":{"types":"Playing Field","area_m2":115697.3},"geometry":{"type":"Polygon","coordinates":[[[-3.90512,50.38359],[-3.90514,50.38304],[-3.90474,50.38294],[-3.90541,50.38286],[-3.90569,50.38276],[-3.90599,50.3825],[-3.90606,50.38224],[-3.90668,50.38193],[-3.9068,50.38203],[-3.90774,50.38154],[-3.90857,50.38085],[-3.90861,50.3808],[-3.90855,50.38079],[-3.90864,50.38069],[-3.90868,50.38072],[-3.9093,50.37963],[-3.90845,50.37951],[-3.90736,50.37945],[-3.90706,50.37939],[-3.90682,50.37958],[-3.90642,50.37964],[-3.90582,50.37997],[-3.90526,50.38055],[-3.90471,50.38065],[-3.90431,50.38051],[-3.90414,50.38096],[-3.90379,50.38126],[-3.90366,50.38159],[-3.90324,50.38206],[-3.903,50.38242],[-3.90309,50.3826],[-3.90265,50.38291],[-3.90202,50.38397],[-3.90226,50.38415],[-3.90512,50.38359]]]}},
{"type":"Feature","properties":{"types":"Allotments Or Community Growing Spaces","area_m2":12062.4},"geometry":{"type":"Polygon","coordinates":[[[-3.90935,50.38143],[-3.90914,50.38161],[-3.90906,50.38163],[-3.90859,50.38194],[-3.90932,50.38281],[-3.90955,50.38293],[-3.91033,50.38223],[-3.9102,50.38185],[-3.90989,50.38154],[-3.90977,50.38148],[-3.90958,50.38154],[-3.90935,50.38143]]]}},
{"type":"Feature","properties":{"types":"Other Sports Facility; Playing Field","area_m2":42193.9},"geometry":{"type":"Polygon","coordinates":[[[-3.9263,50.38387],[-3.92641,50.38374],[-3.92632,50.38364],[-3.92605,50.38352],[-3.92588,50.38335],[-3.9251,50.38224],[-3.92433,50.38175],[-3.92372,50.38147],[-3.92356,50.38134],[-3.92322,50.38118],[-3.92237,50.38158],[-3.923,50.3822],[-3.92397,50.38356],[-3.9244,50.38403],[-3.92484,50.38442],[-3.92478,50.38446],[-3.92528,50.38434],[-3.9263,50.38387]],[[-3.92601,50.38385],[-3.92562,50.38396],[-3.9252,50.3834],[-3.9256,50.38328],[-3.92601,50.38385]]]}},
{"type":"Feature","properties":{"types":"Other Sports Facility","area_m2":5309.1},"geometry":{"type":"Polygon","coordinates":[[[-3.9366,50.38481],[-3.93626,50.38525],[-3.93613,50.3855],[-3.93608,50.38573],[-3.9362,50.38574],[-3.9362,50.38552],[-3.9363,50.38529],[-3.93658,50.3849],[-3.93721,50.38487],[-3.93698,50.38525],[-3.93701,50.38573],[-3.9377,50.3857],[-3.93771,50.38556],[-3.93779,50.38555],[-3.93781,50.38563],[-3.93788,50.38565],[-3.93772,50.38532],[-3.93767,50.38478],[-3.93683,50.38483],[-3.9366,50.38481]],[[-3.93741,50.38552],[-3.93741,50.38536],[-3.93764,50.38535],[-3.93765,50.38552],[-3.93741,50.38552]]]}},
{"type":"Feature","properties":{"types":"Play Space; Public Park Or Garden","area_m2":6706.5},"geometry":{"type":"Polygon","coordinates":[[[-3.91376,50.38667],[-3.91372,50.38661],[-3.91387,50.38656],[-3.91388,50.38646],[-3.91404,50.38633],[-3.91368,50.38622],[-3.91354,50.38635],[-3.91291,50.38752],[-3.91337,50.38773],[-3.91402,50.3875],[-3.91374,50.38733],[-3.91383,50.38724],[-3.91377,50.38717],[-3.91399,50.38698],[-3.91386,50.38695],[-3.91385,50.38698],[-3.91363,50.3869],[-3.91376,50.38667]]]}},
{"type":"Feature","properties":{"types":"Other Sports Facility; Play Space; Public Park Or Garden","area_m2":5094.2},"geometry":{"type":"Polygon","coordinates":[[[-3.97314,50.3859],[-3.97316,50.38608],[-3.97322,50.38598],[-3.9733,50.38595],[-3.97417,50.38595],[-3.9742,50.38581],[-3.9743,50.38568],[-3.97431,50.38536],[-3.97344,50.38536],[-3.97319,50.38559],[-3.973,50.38588],[-3.97314,50.3859]]]}},
{"type":"Feature","properties":{"types":"Other Sports Facility; Play Space","area_m2":5301.9},"geometry":{"type":"Polygon","coordinates":[[[-3.92165,50.38776],[-3.92165,50.38757],[-3.92152,50.38749],[-3.92107,50.38752],[-3.921,50.38758],[-3.9207,50.38757],[-3.9205,50.38764],[-3.92048,50.38784],[-3.92051,50.38791],[-3.92061,50.38799],[-3.92053,50.38807],[-3.92056,50.3881],[-3.92044,50.38813],[-3.92042,50.38819],[-3.92063,50.38824],[-3.92083,50.38821],[-3.92106,50.38811],[-3.92125,50.38818],[-3.9214,50.38818],[-3.92151,50.38812],[-3.92148,50.388],[-3.92153,50.38797],[-3.92153,50.38783],[-3.92165,50.38776]]]}},
{"type":"Feature","properties":{"types":"Playing Field","area_m2":33353.3},"geometry":{"type":"Polygon","coordinates":[[[-3.903,50.38735],[-3.90245,50.38761],[-3.90244,50.38806],[-3.90174,50.38839],[-3.90165,50.38847],[-3.90164,50.38879],[-3.90155,50.38907],[-3.90186,50.38929],[-3.90228,50.38946],[-3.90263,50.3895],[-3.90334,50.38947],[-3.90388,50.38965],[-3.90407,50.38958],[-3.90423,50.38905],[-3.90451,50.38858],[-3.90362,50.38777],[-3.903,50.38735]]]}},
{"type":"Feature","properties":{"types":"Playing Field","area_m2":10472.8},"geometry":{"type":"Polygon","coordinates":[[[-3.87073,50.38984],[-3.86983,50.38918],[-3.86928,50.38951],[-3.86894,50.3898],[-3.86858,50.39033],[-3.86843,50.39065],[-3.86929,50.39029],[-3.87073,50.38984]]]}},
{"type":"Feature","properties":{"types":"Play Space; Playing Field; Public Park Or Garden","area_m2":22489.3},"geometry":{"type":"Polygon","coordinates":[[[-3.90293,50.39153],[-3.90281,50.39151],[-3.90274,50.39113],[-3.90244,50.39037],[-3.90228,50.39034],[-3.90117,50.39051],[-3.90027,50.39072],[-3.90014,50.39078],[-3.90007,50.39093],[-3.90018,50.39145],[-3.90118,50.39148],[-3.9012,50.39152],[-3.9018,50.39154],[-3.90184,50.39182],[-3.90191,50.39195],[-3.90233,50.39192],[-3.90238,50.39182],[-3.90265,50.39173],[-3.90293,50.39153]]]}},
{"type":"Feature","properties":{"types":"Play Space; Public Park Or Garden","area_m2":31491.6},"geometry":{"type":"Polygon","coordinates":[[[-3.93979,50.39121],[-3.93961,50.39093],[-3.93969,50.39089],[-3.93958,50.39091],[-3.93935,50.39076],[-3.93955,50.39062],[-3.93864,50.39017],[-3.93799,50.38959],[-3.93784,50.38934],[-3.93709,50.38937],[-3.93682,50.38979],[-3.93634,50.39038],[-3.9363,50.3905],[-3.93596,50.39083],[-3.93581,50.39088],[-3.93599,50.39107],[-3.93676,50.39117],[-3.93679,50.39123],[-3.93692,50.39125],[-3.937,50.39098],[-3.93832,50.39105],[-3.9387,50.39088],[-3.93918,50.39079],[-3.93933,50.39091],[-3.93938,50.39103],[-3.93904,50.39108],[-3.93938,50.39104],[-3.93956,50.39145],[-3.93987,50.3919],[-3.94009,50.39166],[-3.93996,50.39168],[-3.93996,50.39161],[-3.93981,50.39148],[-3.93979,50.39121]]]}},
{"type":"Feature","properties":{"types":"Play Space; Playing Field","area_m2":15818.6},"geometry":{"type":"Polygon","coordinates":[[[-3.90954,50.39062],[-3.90907,50.39056],[-3.90915,50.39165],[-3.91106,50.39178],[-3.91108,50.39083],[-3.90966,50.39063],[-3.9096,50.39067],[-3.90954,50.39062]]]}},
{"type":"Feature","properties":{"types":"Play Space; Public Park Or Garden","area_m2":15449.6},"geometry":{"type":"Polygon","coordinates":[[[-3.92056,50.39291],[-3.92063,50.3933],[-3.92078,50.39342],[-3.92113,50.39359],[-3.9216,50.39348],[-3.92177,50.39282],[-3.92165,50.39259],[-3.92187,50.39209],[-3.92189,50.3919],[-3.92208,50.39184],[-3.92227,50.39184],[-3.92253,50.39208],[-3.92227,50.39181],[-3.92216,50.39183],[-3.92209,50.39163],[-3.9215,50.39154],[-3.92133,50.39163],[-3.92109,50.39164],[-3.92122,50.39199],[-3.92103,50.39198],[-3.92097,50.39241],[-3.92037,50.39239],[-3.92056,50.39291]]]}},
{"type":"Feature","properties":{"types":"Other Sports Facility","area_m2":15214.2},"geometry":{"type":"Polygon","coordinates":[[[-3.87651,50.39915],[-3.87596,50.39936],[-3.87592,50.39966],[-3.87595,50.39985],[-3.87606,50.39998],[-3.87624,50.40009],[-3.87679,50.40028],[-3.87697,50.4004],[-3.87709,50.40057],[-3.87739,50.40044],[-3.87777,50.40035],[-3.87794,50.40026],[-3.87791,50.40009],[-3.87759,50.39951],[-3.87724,50.39902],[-3.877,50.3988],[-3.87651,50.39915]],[[-3.8775,50.40002],[-3.87767,50.40031],[-3.87722,50.40042],[-3.87705,50.40013],[-3.8775,50.40002]]]}},
{"type":"Feature","properties":{"types":"Playing Field","area_m2":42472.5},"geometry":{"type":"Polygon","coordinates":[[[-3.97202,50.41987],[-3.97413,50.42193],[-3.97507,50.42157],[-3.97552,50.42135],[-3.97575,50.42113],[-3.9758,50.42094],[-3.97555,50.42059],[-3.97407,50.41932],[-3.97214,50.41971],[-3.97202,50.41978],[-3.97202,50.41987]]]}},
{"type":"Feature","properties":{"types":"Playing Field","area_m2":16895.0},"geometry":{"type":"Polygon","coordinates":[[[-3.9925,50.54567],[-3.99237,50.54556],[-3.99219,50.54584],[-3.99219,50.54581],[-3.99204,50.54597],[-3.99159,50.54627],[-3.99228,50.54729],[-3.99319,50.54702],[-3.99327,50.54708],[-3.99364,50.54698],[-3.99362,50.54694],[-3.99427,50.54675],[-3.99415,50.54658],[-3.9942,50.54653],[-3.99327,50.54606],[-3.99313,50.54619],[-3.99307,50.54616],[-3.99296,50.54626],[-3.99244,50.54606],[-3.99249,50.54602],[-3.99243,50.54599],[-3.99235,50.54576],[-3.99242,50.54568],[-3.9925,50.54567]]]}},
{"type":"Feature","properties":{"types":"Play Space; Playing Field","area_m2":14579.1},"geometry":{"type":"Polygon","coordinates":[[[-3.91147,50.72513],[-3.91164,50.725],[-3.91179,50.7247],[-3.91171,50.72496],[-3.91184,50.72503],[-3.91177,50.72514],[-3.91184,50.72524],[-3.91167,50.72538],[-3.91172,50.7254],[-3.91168,50.72543],[-3.91178,50.72547],[-3.91188,50.72541],[-3.91213,50.72554],[-3.91227,50.72548],[-3.91309,50.72442],[-3.91342,50.7241],[-3.91292,50.72388],[-3.91242,50.72395],[-3.91223,50.72421],[-3.91193,50.72446],[-3.9118,50.72468],[-3.9119,50.72445],[-3.91208,50.7243],[-3.91177,50.72415],[-3.91118,50.72473],[-3.91097,50.72463],[-3.91094,50.72456],[-3.91077,50.72473],[-3.91092,50.7247],[-3.91113,50.72477],[-3.91095,50.72494],[-3.91139,50.72513],[-3.91141,50.72511],[-3.91147,50.72513]],[[-3.91174,50.72419],[-3.91195,50.72427],[-3.91167,50.72455],[-3.91146,50.72446],[-3.91174,50.72419]]]}},
{"type":"Feature","properties":{"types":"Playing Field","area_m2":15757.1},"geometry":{"type":"Polygon","coordinates":[[[-3.95535,50.72998],[-3.95457,50.73008],[-3.95407,50.7301],[-3.95409,50.73027],[-3.95338,50.73037],[-3.95356,50.73145],[-3.9541,50.73142],[-3.95481,50.73122],[-3.95488,50.73131],[-3.95498,50.73116],[-3.95511,50.73063],[-3.95526,50.73043],[-3.9552,50.73035],[-3.95531,50.73031],[-3.95535,50.72998]]]}},
{"type":"Feature","properties":{"types":"Other Sports Facility; Play Space","area_m2":116628.5},"geometry":{"type":"Polygon","coordinates":[[[-3.99368,50.73511],[-3.9939,50.73529],[-3.99424,50.7354],[-3.99449,50.73553],[-3.99459,50.7357],[-3.99495,50.73582],[-3.99552,50.73608],[-3.99628,50.73632],[-3.99642,50.73638],[-3.99644,50.73645],[-3.99663,50.73652],[-3.99657,50.73625],[-3.99637,50.73588],[-3.99643,50.73585],[-3.99658,50.73609],[-3.99673,50.73649],[-3.99713,50.73663],[-3.99724,50.73663],[-3.99753,50.73633],[-3.99754,50.73621],[-3.99769,50.73599],[-3.9978,50.73601],[-3.99784,50.73595],[-3.99813,50.73602],[-3.99809,50.73609],[-3.99812,50.73609],[-3.99825,50.73601],[-3.99839,50.73579],[-3.99837,50.73576],[-3.99846,50.73579],[-3.99849,50.73585],[-3.9987,50.7358],[-3.99882,50.73587],[-3.9994,50.73592],[-3.9995,50.73587],[-3.99968,50.7357],[-4.00042,50.73589],[-4.00039,50.73594],[-4.00043,50.73594],[-4.00043,50.73586],[-4.00064,50.73585],[-4.00069,50.73572],[-4.00067,50.7356],[-4.00076,50.73544],[-4.00075,50.73521],[-4.00055,50.73487],[-4.00029,50.73461],[-3.99963,50.7344],[-3.99906,50.73434],[-3.99866,50.73422],[-3.99814,50.73394],[-3.99809,50.73388],[-3.99782,50.73376],[-3.99779,50.73379],[-3.99781,50.73376],[-3.99757,50.73366],[-3.99723,50.7336],[-3.99657,50.73354],[-3.99533,50.73361],[-3.99466,50.73385],[-3.99436,50.73392],[-3.99327,50.73375],[-3.99223,50.73375],[-3.99232,50.73467],[-3.99269,50.7346],[-3.99327,50.73474],[-3.99331,50.73497],[-3.99368,50.73511]],[[-3.99958,50.73536],[-3.99944,50.73579],[-3.99939,50.73581],[-3.99872,50.73568],[-3.9989,50.73529],[-3.99915,50.73526],[-3.99958,50.73536]],[[-3.99595,50.73545],[-3.9963,50.73563],[-3.99567,50.73611],[-3.99533,50.73592],[-3.99595,50.73545]]]}},
{"type":"Feature","properties":{"types":"Public Park Or Garden","area_m2":28595.3},"geometry":{"type":"Polygon","coordinates":[[[-4.00183,50.7371],[-4.00179,50.73688],[-4.00156,50.73673],[-4.00109,50.73626],[-4.00118,50.73602],[-4.00148,50.73571],[-4.00135,50.73503],[-4.00109,50.73475],[-4.00099,50.73451],[-4.00094,50.73452],[-4.00092,50.73444],[-4.00059,50.73416],[-4.00008,50.73381],[-3.99815,50.73319],[-3.99884,50.73269],[-3.99845,50.73288],[-3.99808,50.73319],[-3.99796,50.7333],[-3.99775,50.73369],[-3.99818,50.73384],[-3.99882,50.73421],[-3.99965,50.73433],[-4.00032,50.73455],[-4.00072,50.73496],[-4.00082,50.73516],[-4.00087,50.73543],[-4.00074,50.73587],[-4.00081,50.73589],[-4.00073,50.7359],[-4.00068,50.73611],[-4.00074,50.73647],[-4.0007,50.73699],[-4.00087,50.73701],[-4.00165,50.73724],[-4.00169,50.73722],[-4.00188,50.7374],[-4.00198,50.73735],[-4.00183,50.7371]]]}},
{"type":"Feature","properties":{"types":"Allotments Or Community Growing Spaces","area_m2":6923.9},"geometry":{"type":"Polygon","coordinates":[[[-4.00354,50.73614],[-4.0034,50.73611],[-4.00333,50.73627],[-4.00345,50.73629],[-4.00341,50.73639],[-4.00388,50.73647],[-4.00427,50.73613],[-4.00465,50.73563],[-4.00463,50.73554],[-4.00447,50.73538],[-4.00382,50.73529],[-4.00361,50.73576],[-4.00362,50.73592],[-4.00354,50.73614]]]}},
{"type":"Feature","properties":{"types":"Allotments Or Community Growing Spaces; Play Space; Public Park Or Garden","area_m2":33787.1},"geometry":{"type":"Polygon","coordinates":[[[-3.98675,50.73873],[-3.98694,50.73863],[-3.98668,50.7384],[-3.98735,50.7381],[-3.98649,50.73734],[-3.98486,50.73776],[-3.98488,50.73781],[-3.9848,50.73783],[-3.98484,50.73798],[-3.98474,50.73811],[-3.98535,50.7386],[-3.98654,50.7394],[-3.9872,50.73967],[-3.98723,50.73957],[-3.98764,50.73929],[-3.988,50.7392],[-3.98804,50.73911],[-3.98817,50.73919],[-3.98885,50.73909],[-3.98914,50.73912],[-3.98922,50.73891],[-3.98954,50.73878],[-3.98985,50.73882],[-3.99004,50.73875],[-3.99008,50.73868],[-3.99041,50.73857],[-3.99124,50.73848],[-3.99123,50.73819],[-3.98906,50.73866],[-3.98719,50.73917],[-3.98675,50.73873]]]}},
{"type":"Feature","properties":{"types":"Playing Field","area_m2":13759.3},"geometry":{"type":"Polygon","coordinates":[[[-4.00885,50.74149],[-4.00866,50.74141],[-4.00862,50.74146],[-4.00756,50.74095],[-4.00736,50.7409],[-4.00709,50.74091],[-4.00586,50.74132],[-4.00607,50.74158],[-4.00615,50.74155],[-4.00622,50.7417],[-4.00644,50.74186],[-4.00688,50.74188],[-4.00733,50.74178],[-4.00807,50.74177],[-4.00806,50.74175],[-4.0087,50.74158],[-4.00885,50.74149]]]}},
{"type":"Feature","properties":{"types":"Playing Field","area_m2":9411.8},"geometry":{"type":"Polygon","coordinates":[[[-4.0076,50.74187],[-4.00754,50.74184],[-4.00677,50.74202],[-4.00654,50.74211],[-4.00636,50.7421],[-4.00638,50.74215],[-4.00594,50.7423],[-4.00638,50.74291],[-4.00787,50.74249],[-4.00776,50.74238],[-4.0077,50.74187],[-4.00764,50.74184],[-4.0076,50.74187]]]}},
{"type":"Feature","properties":{"types":"Play Space; Public Park Or Garden","area_m2":11052.4},"geometry":{"type":"Polygon","coordinates":[[[-3.97994,50.74386],[-3.97996,50.74382],[-3.98005,50.74381],[-3.98007,50.7437],[-3.97976,50.74369],[-3.97896,50.74378],[-3.97896,50.74375],[-3.97775,50.74401],[-3.97759,50.74408],[-3.97842,50.74443],[-3.97934,50.74468],[-3.9794,50.74467],[-3.97952,50.74451],[-3.9797,50.74446],[-3.97965,50.74437],[-3.97987,50.74425],[-3.97998,50.74425],[-3.98,50.74401],[-3.97974,50.74408],[-3.97972,50.74403],[-3.97989,50.74398],[-3.97985,50.74389],[-3.97994,50.74386]]]}},
{"type":"Feature","properties":{"types":"Other Sports Facility; Play Space; Playing Field","area_m2":11702.5},"geometry":{"type":"Polygon","coordinates":[[[-3.89707,50.79815],[-3.89738,50.79817],[-3.89743,50.79812],[-3.89751,50.79816],[-3.89761,50.79798],[-3.89787,50.79767],[-3.89802,50.79701],[-3.89798,50.797],[-3.89727,50.79704],[-3.89604,50.79714],[-3.89617,50.79763],[-3.89623,50.79762],[-3.89641,50.79744],[-3.89653,50.79763],[-3.89664,50.79769],[-3.89707,50.79815]]]}},
{"type":"Feature","properties":{"types":"Playing Field","area_m2":20587.8},"geometry":{"type":"Polygon","coordinates":[[[-3.87624,50.79863],[-3.87675,50.80022],[-3.87728,50.80024],[-3.87743,50.80023],[-3.87753,50.80018],[-3.87761,50.80022],[-3.87828,50.80019],[-3.87769,50.79838],[-3.87624,50.79863]]]}},
{"type":"Feature","properties":{"types":"Playing Field","area_m2":11951.0},"geometry":{"type":"Polygon","coordinates":[[[-3.98931,50.79776],[-3.98845,50.79733],[-3.98729,50.79777],[-3.98699,50.79793],[-3.98813,50.79853],[-3.98891,50.79818],[-3.98943,50.79788],[-3.98931,50.79776]]]}},
{"type":"Feature","properties":{"types":"Playing Field","area_m2":8709.9},"geometry":{"type":"Polygon","coordinates":[[[-3.9099,50.80004],[-3.91022,50.80006],[-3.91105,50.79988],[-3.91132,50.79991],[-3.91147,50.79999],[-3.91183,50.7999],[-3.91158,50.79974],[-3.91134,50.79944],[-3.91107,50.79934],[-3.91082,50.79932],[-3.91066,50.79936],[-3.91021,50.79936],[-3.90967,50.79948],[-3.90973,50.8],[-3.9099,50.80004]]]}},
{"type":"Feature","properties":{"types":"Playing Field","area_m2":30304.4},"geometry":{"type":"Polygon","coordinates":[[[-3.90886,50.80133],[-3.91023,50.80019],[-3.90989,50.80016],[-3.90937,50.80001],[-3.90896,50.79977],[-3.90838,50.79934],[-3.90801,50.79919],[-3.90796,50.79912],[-3.90775,50.79919],[-3.90741,50.79941],[-3.9074,50.79936],[-3.90747,50.79931],[-3.90721,50.79939],[-3.90737,50.79949],[-3.90731,50.79952],[-3.9075,50.79974],[-3.90706,50.79986],[-3.90768,50.80087],[-3.9082,50.80158],[-3.90886,50.80133]]]}},
{"type":"Feature","properties":{"types":"Allotments Or Community Growing Spaces; Play Space; Playing Field","area_m2":25696.0},"geometry":{"type":"Polygon","coordinates":[[[-3.94448,50.86022],[-3.9444,50.86028],[-3.94427,50.85993],[-3.94292,50.86024],[-3.94193,50.86037],[-3.94232,50.86078],[-3.94248,50.86085],[-3.94342,50.86072],[-3.94354,50.86107],[-3.94357,50.86165],[-3.94184,50.86208],[-3.94238,50.86239],[-3.94283,50.8623],[-3.94378,50.86202],[-3.94366,50.86181],[-3.94378,50.86177],[-3.944,50.86187],[-3.94416,50.86188],[-3.94486,50.86175],[-3.94474,50.86107],[-3.94442,50.86032],[-3.94453,50.86036],[-3.94448,50.86022]],[[-3.94283,50.86036],[-3.94333,50.86027],[-3.94347,50.8606],[-3.94296,50.86068],[-3.94283,50.86036]]]}},
{"type":"Feature","properties":{"types":"Play Space; Playing Field","area_m2":23461.4},"geometry":{"type":"Polygon","coordinates":[[[-3.87879,50.91355],[-3.88108,50.91304],[-3.88074,50.91269],[-3.88043,50.91246],[-3.87983,50.91213],[-3.87954,50.91216],[-3.87934,50.91203],[-3.87919,50.91198],[-3.87776,50.91244],[-3.87866,50.91344],[-3.8787,50.91355],[-3.87879,50.91355]]]}},
{"type":"Feature","properties":{"types":"Other Sports Facility","area_m2":11601.2},"geometry":{"type":"Polygon","coordinates":[[[-3.86754,50.91799],[-3.86791,50.918],[-3.86847,50.91779],[-3.8686,50.91769],[-3.86872,50.91749],[-3.86876,50.91728],[-3.8686,50.91685],[-3.86849,50.91681],[-3.86821,50.91682],[-3.86786,50.91691],[-3.86772,50.91684],[-3.8672,50.91697],[-3.86717,50.91695],[-3.86717,50.91698],[-3.8666,50.91717],[-3.86695,50.91738],[-3.86725,50.91767],[-3.86726,50.91789],[-3.86754,50.91799]],[[-3.86693,50.91713],[-3.86755,50.91694],[-3.86778,50.91724],[-3.86716,50.91743],[-3.86693,50.91713]]]}},
{"type":"Feature","properties":{"types":"Playing Field","area_m2":7181.0},"geometry":{"type":"Polygon","coordinates":[[[-3.93989,50.93554],[-3.94015,50.93544],[-3.94061,50.93511],[-3.93981,50.93463],[-3.93935,50.935],[-3.9391,50.93527],[-3.9389,50.93563],[-3.93957,50.93561],[-3.93989,50.93554]]]}},
{"type":"Feature","properties":{"types":"Playing Field","area_m2":5460.8},"geometry":{"type":"Polygon","coordinates":[[[-4.02324,50.93553],[-4.02323,50.93602],[-4.02371,50.93611],[-4.02423,50.93613],[-4.02445,50.93611],[-4.02447,50.93573],[-4.02423,50.93572],[-4.02418,50.93568],[-4.02427,50.93547],[-4.02375,50.93546],[-4.02324,50.93553]]]}},
{"type":"Feature","properties":{"types":"Play Space; Playing Field","area_m2":16972.9},"geometry":{"type":"Polygon","coordinates":[[[-3.99253,50.96358],[-3.99371,50.96312],[-3.99342,50.9627],[-3.99306,50.96235],[-3.99221,50.96264],[-3.99144,50.96285],[-3.99109,50.96269],[-3.99069,50.96261],[-3.9905,50.9626],[-3.99024,50.96266],[-3.99081,50.96283],[-3.9911,50.96299],[-3.99138,50.96323],[-3.99192,50.96379],[-3.9923,50.96366],[-3.99238,50.9636],[-3.99253,50.96358]]]}},
{"type":"Feature","properties":{"types":"Play Space; Playing Field","area_m2":12868.0},"geometry":{"type":"Polygon","coordinates":[[[-3.92538,50.97028],[-3.9247,50.96938],[-3.92314,50.96984],[-3.92376,50.97066],[-3.92538,50.97028]]]}},
{"type":"Feature","properties":{"types":"Play Space; Playing Field","area_m2":7243.7},"geometry":{"type":"Polygon","coordinates":[[[-4.00554,50.989],[-4.0059,50.9895],[-4.00623,50.9897],[-4.00714,50.98921],[-4.00671,50.98855],[-4.00554,50.989]],[[-4.00666,50.9894],[-4.00624,50.98957],[-4.0061,50.98943],[-4.00652,50.98926],[-4.00666,50.9894]]]}},
{"type":"Feature","properties":{"types":"Play Space; Playing Field","area_m2":11606.7},"geometry":{"type":"Polygon","coordinates":[[[-3.94881,51.0119],[-3.94867,51.01157],[-3.94914,51.01149],[-3.94925,51.01152],[-3.94956,51.01113],[-3.94918,51.01071],[-3.94904,51.01071],[-3.94736,51.01132],[-3.94773,51.01156],[-3.948,51.01186],[-3.94804,51.01202],[-3.94881,51.0119]]]}},
{"type":"Feature","properties":{"types":"Playing Field","area_m2":21956.6},"geometry":{"type":"Polygon","coordinates":[[[-3.94745,51.01307],[-3.94726,51.01311],[-3.94755,51.01357],[-3.94772,51.01416],[-3.94999,51.0139],[-3.94998,51.01383],[-3.94979,51.01358],[-3.94907,51.0128],[-3.94889,51.01246],[-3.94772,51.01281],[-3.94748,51.01292],[-3.94745,51.01307]]]}},
{"type":"Feature","properties":{"types":"Playing Field","area_m2":12494.2},"geometry":{"type":"Polygon","coordinates":[[[-3.88343,51.04107],[-3.88333,51.04121],[-3.88306,51.0414],[-3.88257,51.04152],[-3.88316,51.04233],[-3.88449,51.04195],[-3.88453,51.04166],[-3.88445,51.04156],[-3.88427,51.04153],[-3.88357,51.04069],[-3.88342,51.04076],[-3.88339,51.04082],[-3.88336,51.04093],[-3.88343,51.04107]]]}},
{"type":"Feature","properties":{"types":"Play Space; Playing Field","area_m2":23959.6},"geometry":{"type":"Polygon","coordinates":[[[-3.97495,51.0524],[-3.97458,51.05239],[-3.97446,51.05229],[-3.97409,51.05223],[-3.974,51.05181],[-3.97341,51.05182],[-3.97299,51.05175],[-3.97293,51.0518],[-3.97259,51.05181],[-3.97269,51.0521],[-3.97261,51.05235],[-3.97252,51.0524],[-3.97265,51.05276],[-3.97313,51.05279],[-3.97319,51.05283],[-3.973,51.05352],[-3.97312,51.05354],[-3.97312,51.05349],[-3.97349,51.05355],[-3.97449,51.05379],[-3.9748,51.05259],[-3.97495,51.0524]]]}},
{"type":"Feature","properties":{"types":"Playing Field; Public Park Or Garden","area_m2":36933.7},"geometry":{"type":"Polygon","coordinates":[[[-4.00214,51.06291],[-4.00216,51.06299],[-4.00159,51.06309],[-4.00143,51.06264],[-4.00197,51.06247],[-4.00203,51.06239],[-4.00236,51.06231],[-4.00218,51.06197],[-4.00168,51.06209],[-4.00194,51.06241],[-4.00142,51.06258],[-4.00116,51.0623],[-4.00061,51.06251],[-4.00043,51.06253],[-4.00041,51.06238],[-3.99976,51.06244],[-3.99974,51.06249],[-3.99958,51.06246],[-3.9992,51.06247],[-3.9993,51.06272],[-3.99913,51.06273],[-3.99895,51.06261],[-3.99901,51.06266],[-3.99899,51.06272],[-3.99817,51.0634],[-3.99822,51.06343],[-3.99821,51.06338],[-3.99866,51.06304],[-3.99901,51.06272],[-3.99903,51.06268],[-3.99915,51.06275],[-3.9992,51.06275],[-3.99953,51.06319],[-4.00016,51.06387],[-4.00011,51.06391],[-4.00059,51.06457],[-4.00104,51.06446],[-4.00097,51.06426],[-4.00133,51.0642],[-4.00136,51.06428],[-4.00174,51.06423],[-4.00176,51.06427],[-4.00265,51.06405],[-4.00217,51.06291],[-4.00252,51.06281],[-4.00214,51.06291]]]}},
{"type":"Feature","properties":{"types":"Play Space; Playing Field","area_m2":12189.9},"geometry":{"type":"Polygon","coordinates":[[[-3.99752,51.06238],[-3.99741,51.06256],[-3.99725,51.06306],[-3.99802,51.06313],[-3.99807,51.06308],[-3.99838,51.06302],[-3.99852,51.06285],[-3.99877,51.06276],[-3.99886,51.06261],[-3.99909,51.06255],[-3.99929,51.06233],[-3.99945,51.0621],[-3.99929,51.06181],[-3.99912,51.06183],[-3.99752,51.06238]]]}},
{"type":"Feature","properties":{"types":"Other Sports Facility","area_m2":258593.5},"geometry":{"type":"Polygon","coordinates":[[[-3.89667,51.06944],[-3.89872,51.0704],[-3.89997,51.07003],[-3.90124,51.07058],[-3.90185,51.07038],[-3.9027,51.07001],[-3.90374,51.07005],[-3.90491,51.06995],[-3.90439,51.06839],[-3.90388,51.06848],[-3.9039,51.06855],[-3.90331,51.06865],[-3.90322,51.06875],[-3.90346,51.06906],[-3.90332,51.0692],[-3.90327,51.0692],[-3.90331,51.06904],[-3.9032,51.06897],[-3.90248,51.06899],[-3.90226,51.06893],[-3.9022,51.06896],[-3.90209,51.06888],[-3.90214,51.06885],[-3.90207,51.06877],[-3.90206,51.06863],[-3.90251,51.06799],[-3.90269,51.06737],[-3.90279,51.0672],[-3.90261,51.06713],[-3.90236,51.06675],[-3.90199,51.0664],[-3.90198,51.06627],[-3.90186,51.06622],[-3.90072,51.06612],[-3.89894,51.06606],[-3.89764,51.06619],[-3.89612,51.06598],[-3.89525,51.06594],[-3.89407,51.06596],[-3.89332,51.06608],[-3.89334,51.06634],[-3.89429,51.06765],[-3.89466,51.06802],[-3.89667,51.06944]]]}},
{"type":"Feature","properties":{"types":"Play Space; Playing Field","area_m2":10141.3},"geometry":{"type":"Polygon","coordinates":[[[-4.02107,51.07442],[-4.02277,51.07497],[-4.02307,51.0744],[-4.02292,51.07429],[-4.02221,51.07406],[-4.02247,51.07378],[-4.02219,51.07405],[-4.02135,51.07378],[-4.02102,51.07416],[-4.02107,51.07442]]]}},
{"type":"Feature","properties":{"types":"Playing Field","area_m2":5114.9},"geometry":{"type":"Polygon","coordinates":[[[-3.99742,51.09314],[-3.99865,51.09295],[-3.99843,51.09245],[-3.99788,51.09258],[-3.99778,51.09246],[-3.99733,51.09256],[-3.99734,51.09292],[-3.99742,51.09314]]]}},
{"type":"Feature","properties":{"types":"Other Sports Facility","area_m2":29006.4},"geometry":{"type":"Polygon","coordinates":[[[-3.94924,51.11798],[-3.94927,51.118],[-3.94836,51.11845],[-3.94858,51.11879],[-3.94877,51.11942],[-3.95073,51.1191],[-3.95125,51.11897],[-3.95082,51.11796],[-3.95055,51.11764],[-3.95107,51.11731],[-3.95059,51.11707],[-3.95038,51.11706],[-3.94944,51.11781],[-3.94945,51.11788],[-3.94924,51.11798]],[[-3.95023,51.11734],[-3.95055,51.11714],[-3.95091,51.11735],[-3.95059,51.11756],[-3.95023,51.11734]]]}},
{"type":"Feature","properties":{"types":"Play Space; Playing Field; Public Park Or Garden","area_m2":14586.1},"geometry":{"type":"Polygon","coordinates":[[[-3.93911,51.12195],[-3.93935,51.12185],[-3.93948,51.12198],[-3.94093,51.12137],[-3.94042,51.12107],[-3.9399,51.12101],[-3.93722,51.12145],[-3.93747,51.12166],[-3.93788,51.12156],[-3.93825,51.12157],[-3.93834,51.12176],[-3.93842,51.12182],[-3.93856,51.12184],[-3.93892,51.12181],[-3.93891,51.12187],[-3.93911,51.12195]]]}},
{"type":"Feature","properties":{"types":"Playing Field","area_m2":12119.7},"geometry":{"type":"Polygon","coordinates":[[[-3.93387,51.124],[-3.93323,51.12352],[-3.93218,51.12388],[-3.93255,51.1246],[-3.93341,51.12444],[-3.93413,51.12436],[-3.93451,51.1242],[-3.93504,51.12409],[-3.93497,51.12385],[-3.93387,51.124]]]}},
{"type":"Feature","properties":{"types":"Other Sports Facility; Play Space","area_m2":79165.0},"geometry":{"type":"Polygon","coordinates":[[[-3.94155,51.16247],[-3.9408,51.16222],[-3.94033,51.16214],[-3.93868,51.16211],[-3.9387,51.16218],[-3.93651,51.16248],[-3.93639,51.16244],[-3.9364,51.16249],[-3.93617,51.16252],[-3.93755,51.16529],[-3.93826,51.16486],[-3.93971,51.16431],[-3.93983,51.16431],[-3.94055,51.16407],[-3.94083,51.16384],[-3.94066,51.16364],[-3.94074,51.16316],[-3.9414,51.16295],[-3.94164,51.16257],[-3.94155,51.16247]]]}},
{"type":"Feature","properties":{"types":"Play Space; Playing Field","area_m2":9339.3},"geometry":{"type":"Polygon","coordinates":[[[-3.90458,51.18874],[-3.90505,51.1884],[-3.90488,51.18825],[-3.9045,51.18807],[-3.90409,51.18794],[-3.90382,51.18798],[-3.90327,51.18857],[-3.90307,51.18861],[-3.9031,51.1887],[-3.90369,51.18882],[-3.90407,51.18901],[-3.90424,51.18914],[-3.9043,51.189],[-3.90439,51.18897],[-3.90458,51.18874]]]}},
{"type":"Feature","properties":{"types":"Play Space; Playing Field","area_m2":25762.3},"geometry":{"type":"Polygon","coordinates":[[[-4.02555,51.20322],[-4.02661,51.20331],[-4.02694,51.2034],[-4.02705,51.20354],[-4.02732,51.20353],[-4.0273,51.20273],[-4.02703,51.20262],[-4.02702,51.20248],[-4.02712,51.20247],[-4.02691,51.20211],[-4.02677,51.20204],[-4.02624,51.20195],[-4.02607,51.20196],[-4.02601,51.20191],[-4.02543,51.20191],[-4.02507,51.20196],[-4.02457,51.20208],[-4.02467,51.20207],[-4.02478,51.20223],[-4.02489,51.20354],[-4.02549,51.20347],[-4.02555,51.20322]]]}},
{"type":"Feature","properties":{"types":"Public Park Or Garden","area_m2":13266.5},"geometry":{"type":"Polygon","coordinates":[[[-4.03767,51.20697],[-4.03768,51.20675],[-4.03778,51.2066],[-4.03767,51.20656],[-4.0375,51.20673],[-4.03732,51.20675],[-4.03731,51.2067],[-4.03741,51.20659],[-4.03714,51.2065],[-4.03699,51.20701],[-4.03733,51.2072],[-4.03748,51.20745],[-4.03752,51.20775],[-4.0381,51.2081],[-4.03849,51.20841],[-4.03909,51.20921],[-4.03946,51.2092],[-4.03939,51.20909],[-4.03951,51.2086],[-4.03925,51.20846],[-4.03926,51.20831],[-4.03943,51.20815],[-4.03904,51.208],[-4.03898,51.20801],[-4.03868,51.20791],[-4.03857,51.20791],[-4.03857,51.2078],[-4.03865,51.20774],[-4.03848,51.20774],[-4.03834,51.20767],[-4.03807,51.20762],[-4.0379,51.20764],[-4.03775,51.20758],[-4.03764,51.20743],[-4.03759,51.20722],[-4.0376,51.207],[-4.03767,51.20697]]]}},
{"type":"Feature","properties":{"types":"Playing Field","area_m2":6801.9},"geometry":{"type":"Polygon","coordinates":[[[-3.7775,50.23387],[-3.77757,50.23398],[-3.77781,50.2339],[-3.77883,50.23432],[-3.77897,50.23431],[-3.77889,50.23429],[-3.77912,50.23416],[-3.77924,50.23392],[-3.77853,50.23357],[-3.77806,50.23339],[-3.77812,50.23344],[-3.77767,50.23353],[-3.77749,50.23371],[-3.7775,50.23387]]]}},
{"type":"Feature","properties":{"types":"Playing Field","area_m2":6182.4},"geometry":{"type":"Polygon","coordinates":[[[-3.77596,50.23499],[-3.77602,50.23513],[-3.77665,50.23503],[-3.77656,50.23443],[-3.77626,50.23393],[-3.77558,50.23415],[-3.77591,50.23466],[-3.77581,50.23468],[-3.776,50.23498],[-3.77596,50.23499]]]}},
{"type":"Feature","properties":{"types":"Playing Field","area_m2":9810.4},"geometry":{"type":"Polygon","coordinates":[[[-3.77601,50.23684],[-3.77578,50.23613],[-3.77435,50.23631],[-3.7741,50.23637],[-3.7742,50.23664],[-3.7743,50.23663],[-3.77431,50.23676],[-3.77426,50.23676],[-3.77438,50.23707],[-3.77601,50.23684]]]}},
{"type":"Feature","properties":{"types":"Allotments Or Community Growing Spaces","area_m2":5018.9},"geometry":{"type":"Polygon","coordinates":[[[-3.77573,50.23928],[-3.77515,50.23925],[-3.77519,50.23969],[-3.77503,50.24033],[-3.77579,50.24019],[-3.77577,50.23937],[-3.77573,50.23928]]]}},
{"type":"Feature","properties":{"types":"Play Space; Playing Field","area_m2":34117.9},"geometry":{"type":"Polygon","coordinates":[[[-3.80718,50.24386],[-3.80722,50.24377],[-3.808,50.24375],[-3.80809,50.24395],[-3.80846,50.24394],[-3.80862,50.24364],[-3.80936,50.24369],[-3.80932,50.244],[-3.81051,50.24406],[-3.81118,50.24405],[-3.81018,50.24322],[-3.81013,50.24324],[-3.81017,50.24321],[-3.81002,50.24307],[-3.80992,50.24318],[-3.8095,50.24302],[-3.80974,50.24276],[-3.80969,50.24273],[-3.80944,50.243],[-3.8092,50.2429],[-3.80932,50.24276],[-3.80792,50.24217],[-3.8076,50.2426],[-3.80744,50.24294],[-3.80734,50.24299],[-3.80651,50.243],[-3.80648,50.24373],[-3.80656,50.2438],[-3.80678,50.2438],[-3.80681,50.24388],[-3.80718,50.24386]],[[-3.80924,50.24304],[-3.80966,50.24319],[-3.80943,50.24344],[-3.80901,50.24329],[-3.80924,50.24304]]]}},
{"type":"Feature","properties":{"types":"Playing Field","area_m2":33541.0},"geometry":{"type":"Polygon","coordinates":[[[-3.76849,50.27842],[-3.76848,50.27833],[-3.76816,50.27787],[-3.76702,50.27834],[-3.7672,50.27865],[-3.76804,50.27943],[-3.76776,50.2794],[-3.76786,50.27953],[-3.76904,50.28073],[-3.77051,50.28069],[-3.77048,50.2805],[-3.77041,50.28047],[-3.76987,50.27967],[-3.76892,50.27885],[-3.76854,50.27843],[-3.76849,50.27842]]]}},
{"type":"Feature","properties":{"types":"Playing Field","area_m2":12496.6},"geometry":{"type":"Polygon","coordinates":[[[-3.79828,50.27914],[-3.79712,50.27951],[-3.79764,50.28004],[-3.79786,50.28039],[-3.79814,50.28036],[-3.79865,50.28018],[-3.79939,50.27971],[-3.79896,50.27951],[-3.79846,50.27914],[-3.79828,50.27914]]]}},
{"type":"Feature","properties":{"types":"Other Sports Facility","area_m2":7954.7},"geometry":{"type":"Polygon","coordinates":[[[-3.77603,50.27948],[-3.7758,50.27953],[-3.77575,50.27962],[-3.77583,50.27983],[-3.77578,50.27988],[-3.77588,50.2799],[-3.77599,50.28037],[-3.77594,50.28038],[-3.77589,50.28075],[-3.77601,50.2809],[-3.77618,50.281],[-3.77627,50.28102],[-3.77627,50.28094],[-3.77652,50.28092],[-3.77657,50.28087],[-3.77649,50.28014],[-3.77659,50.28005],[-3.77654,50.27952],[-3.77668,50.27956],[-3.77673,50.27949],[-3.77629,50.27935],[-3.77603,50.27948]]]}},
{"type":"Feature","properties":{"types":"Play Space; Playing Field","area_m2":8290.5},"geometry":{"type":"MultiPolygon","coordinates":[[[[-3.77354,50.28082],[-3.77274,50.28117],[-3.77272,50.28111],[-3.77249,50.28114],[-3.77259,50.28127],[-3.77229,50.28145],[-3.77227,50.28153],[-3.77227,50.28161],[-3.77255,50.28172],[-3.7731,50.28167],[-3.77287,50.28141],[-3.77326,50.28127],[-3.77349,50.28156],[-3.7739,50.28144],[-3.774,50.28137],[-3.77356,50.28153],[-3.77329,50.28122],[-3.77378,50.28105],[-3.77405,50.28134],[-3.77431,50.28125],[-3.77455,50.28122],[-3.77453,50.28096],[-3.77443,50.28063],[-3.77412,50.28064],[-3.77354,50.28082]]]]}},
{"type":"Feature","properties":{"types":"Playing Field","area_m2":8168.5},"geometry":{"type":"Polygon","coordinates":[[[-3.78754,50.28166],[-3.7874,50.28157],[-3.78658,50.28185],[-3.78734,50.28273],[-3.78824,50.28248],[-3.78813,50.28233],[-3.78816,50.28232],[-3.78812,50.28226],[-3.78807,50.28227],[-3.78757,50.28164],[-3.78754,50.28166]]]}},
{"type":"Feature","properties":{"types":"Play Space; Public Park Or Garden","area_m2":6314.3},"geometry":{"type":"Polygon","coordinates":[[[-3.77642,50.28615],[-3.7762,50.28615],[-3.77618,50.28625],[-3.77562,50.28624],[-3.77554,50.28619],[-3.77549,50.28628],[-3.77513,50.2862],[-3.77511,50.28628],[-3.77476,50.28623],[-3.77467,50.2865],[-3.77493,50.28653],[-3.7749,50.28663],[-3.77521,50.28667],[-3.77543,50.28701],[-3.77542,50.2868],[-3.77605,50.28681],[-3.77612,50.28668],[-3.77619,50.2867],[-3.77633,50.28652],[-3.77642,50.28615]]]}},
{"type":"Feature","properties":{"types":"Allotments Or Community Growing Spaces","area_m2":5112.8},"geometry":{"type":"Polygon","coordinates":[[[-3.78367,50.28692],[-3.78364,50.28691],[-3.78398,50.28653],[-3.78355,50.2865],[-3.78286,50.28713],[-3.78224,50.28781],[-3.78239,50.28788],[-3.78249,50.28786],[-3.78307,50.28744],[-3.78367,50.28692]]]}},
{"type":"Feature","properties":{"types":"Playing Field","area_m2":25589.6},"geometry":{"type":"Polygon","coordinates":[[[-3.76661,50.29569],[-3.76715,50.29366],[-3.76705,50.29362],[-3.76704,50.29358],[-3.76509,50.29385],[-3.76529,50.29463],[-3.76529,50.29563],[-3.76661,50.29569]]]}},
{"type":"Feature","properties":{"types":"Play Space; Playing Field","area_m2":9782.6},"geometry":{"type":"Polygon","coordinates":[[[-3.83738,50.3114],[-3.83721,50.3119],[-3.83724,50.3124],[-3.83734,50.31259],[-3.83726,50.31303],[-3.83723,50.31301],[-3.83702,50.31348],[-3.83697,50.31369],[-3.83727,50.31373],[-3.8374,50.3137],[-3.83751,50.31318],[-3.83785,50.3125],[-3.83787,50.31176],[-3.83792,50.31167],[-3.83766,50.31126],[-3.83771,50.31111],[-3.8376,50.31113],[-3.83716,50.31104],[-3.83709,50.31095],[-3.83694,50.31111],[-3.83734,50.3111],[-3.83754,50.31116],[-3.83738,50.3114]]]}},
{"type":"Feature","properties":{"types":"Allotments Or Community Growing Spaces","area_m2":7997.2},"geometry":{"type":"Polygon","coordinates":[[[-3.83358,50.31284],[-3.83416,50.31312],[-3.83479,50.31361],[-3.83515,50.3133],[-3.83507,50.31326],[-3.83501,50.31301],[-3.8348,50.31294],[-3.83495,50.31261],[-3.83459,50.3125],[-3.83466,50.31241],[-3.83455,50.31237],[-3.83436,50.31236],[-3.83407,50.31242],[-3.83357,50.3128],[-3.83358,50.31284]]]}},
{"type":"Feature","properties":{"types":"Playing Field","area_m2":16399.0},"geometry":{"type":"Polygon","coordinates":[[[-3.83984,50.31824],[-3.83995,50.31821],[-3.84001,50.31815],[-3.84017,50.31676],[-3.84018,50.31641],[-3.84011,50.31619],[-3.8393,50.3165],[-3.8384,50.31697],[-3.8386,50.31712],[-3.8394,50.31805],[-3.83955,50.31808],[-3.83984,50.31824]]]}},
{"type":"Feature","properties":{"types":"Allotments Or Community Growing Spaces","area_m2":12910.0},"geometry":{"type":"Polygon","coordinates":[[[-3.80582,50.32149],[-3.8061,50.32106],[-3.80506,50.32084],[-3.80443,50.32139],[-3.8041,50.32175],[-3.80391,50.32206],[-3.80468,50.3221],[-3.80561,50.32196],[-3.80582,50.32149]]]}},
{"type":"Feature","properties":{"types":"Play Space; Playing Field","area_m2":20218.7},"geometry":{"type":"Polygon","coordinates":[[[-3.80234,50.32439],[-3.8006,50.32451],[-3.80054,50.32531],[-3.80068,50.3256],[-3.80082,50.32666],[-3.80141,50.32673],[-3.80234,50.32439]],[[-3.80099,50.32633],[-3.80142,50.32637],[-3.80134,50.32668],[-3.80092,50.32663],[-3.80099,50.32633]]]}},
{"type":"Feature","properties":{"types":"Play Space; Playing Field","area_m2":5056.7},"geometry":{"type":"Polygon","coordinates":[[[-3.78876,50.39771],[-3.7891,50.39725],[-3.78784,50.39723],[-3.78781,50.39793],[-3.78848,50.39797],[-3.78876,50.39771]],[[-3.78869,50.39765],[-3.78846,50.39793],[-3.78826,50.39787],[-3.78848,50.39759],[-3.78869,50.39765]]]}},
{"type":"Feature","properties":{"types":"Play Space; Playing Field","area_m2":35658.6},"geometry":{"type":"Polygon","coordinates":[[[-3.82618,50.42781],[-3.82647,50.42788],[-3.82691,50.4279],[-3.82729,50.42785],[-3.82765,50.42776],[-3.82964,50.42696],[-3.82861,50.42651],[-3.82681,50.42587],[-3.82662,50.426],[-3.82624,50.42611],[-3.82543,50.42649],[-3.82623,50.42715],[-3.82632,50.42739],[-3.82618,50.42781]],[[-3.826,50.42631],[-3.82628,50.42657],[-3.82592,50.42673],[-3.82564,50.42648],[-3.826,50.42631]]]}},
{"type":"Feature","properties":{"types":"Allotments Or Community Growing Spaces","area_m2":9154.2},"geometry":{"type":"Polygon","coordinates":[[[-3.83452,50.4306],[-3.83509,50.43073],[-3.83525,50.42991],[-3.83553,50.4293],[-3.83497,50.42912],[-3.83481,50.42951],[-3.834,50.43041],[-3.83452,50.4306]]]}},
{"type":"Feature","properties":{"types":"Play Space; Playing Field","area_m2":23569.1},"geometry":{"type":"Polygon","coordinates":[[[-3.78418,50.47872],[-3.78445,50.47859],[-3.78452,50.47859],[-3.78475,50.47879],[-3.78568,50.47787],[-3.7857,50.47779],[-3.78551,50.47743],[-3.78414,50.47725],[-3.78408,50.47741],[-3.78406,50.47773],[-3.78395,50.47804],[-3.78381,50.47808],[-3.78368,50.47825],[-3.78357,50.4782],[-3.78338,50.47799],[-3.78276,50.47836],[-3.78252,50.47855],[-3.78287,50.47875],[-3.78257,50.47896],[-3.7822,50.47877],[-3.78178,50.47905],[-3.78174,50.47913],[-3.78197,50.4793],[-3.78202,50.47924],[-3.78198,50.47921],[-3.7824,50.47893],[-3.78258,50.47903],[-3.78264,50.479],[-3.78275,50.47907],[-3.7827,50.47912],[-3.78289,50.47924],[-3.78394,50.47849],[-3.78418,50.47872]]]}},
{"type":"Feature","properties":{"types":"Allotments Or Community Growing Spaces","area_m2":8321.1},"geometry":{"type":"Polygon","coordinates":[[[-3.77699,50.4822],[-3.77623,50.48219],[-3.77549,50.4821],[-3.77466,50.48186],[-3.77432,50.48191],[-3.77438,50.48211],[-3.77501,50.48237],[-3.776,50.48261],[-3.77666,50.48268],[-3.7769,50.48264],[-3.77699,50.4822]]]}},
{"type":"Feature","properties":{"types":"Playing Field","area_m2":14574.5},"geometry":{"type":"Polygon","coordinates":[[[-3.78953,50.48447],[-3.78933,50.48513],[-3.78945,50.48514],[-3.78996,50.48545],[-3.7902,50.48552],[-3.79021,50.48549],[-3.79101,50.48566],[-3.79111,50.48548],[-3.79139,50.48528],[-3.79206,50.48512],[-3.79195,50.48488],[-3.78967,50.4845],[-3.78966,50.48461],[-3.78953,50.48447]]]}},
{"type":"Feature","properties":{"types":"Playing Field","area_m2":33277.8},"geometry":{"type":"Polygon","coordinates":[[[-3.79001,50.48854],[-3.78913,50.48897],[-3.79019,50.48906],[-3.79105,50.48921],[-3.79212,50.48949],[-3.79279,50.48919],[-3.79309,50.48887],[-3.79304,50.48884],[-3.79333,50.48868],[-3.79185,50.48746],[-3.79176,50.48744],[-3.79049,50.4882],[-3.79001,50.48854]]]}},
{"type":"Feature","properties":{"types":"Playing Field","area_m2":7940.4},"geometry":{"type":"Polygon","coordinates":[[[-3.75372,50.5093],[-3.75359,50.50921],[-3.75279,50.51011],[-3.75369,50.51041],[-3.75448,50.50947],[-3.75405,50.50942],[-3.75372,50.5093]]]}},
{"type":"Feature","properties":{"types":"Play Space; Playing Field","area_m2":7341.4},"geometry":{"type":"Polygon","coordinates":[[[-3.75641,50.51388],[-3.75633,50.51362],[-3.75608,50.5132],[-3.75537,50.51279],[-3.75527,50.51297],[-3.75562,50.51417],[-3.75573,50.51418],[-3.75575,50.51414],[-3.75635,50.5141],[-3.75641,50.51388]]]}},
{"type":"Feature","properties":{"types":"Other Sports Facility; Public Park Or Garden","area_m2":263925.6},"geometry":{"type":"Polygon","coordinates":[[[-3.78761,50.51974],[-3.78789,50.52016],[-3.78895,50.52097],[-3.78966,50.52121],[-3.78984,50.52123],[-3.79011,50.52132],[-3.79053,50.52136],[-3.7914,50.52137],[-3.79259,50.5212],[-3.79245,50.5211],[-3.79165,50.52102],[-3.79138,50.52094],[-3.79145,50.52081],[-3.79138,50.52061],[-3.79145,50.51981],[-3.79125,50.51878],[-3.7909,50.51808],[-3.79098,50.51764],[-3.79085,50.51744],[-3.79073,50.51734],[-3.79046,50.51631],[-3.79061,50.51526],[-3.79069,50.51525],[-3.79052,50.51484],[-3.79045,50.51484],[-3.79036,50.5146],[-3.79024,50.51457],[-3.78969,50.51459],[-3.78819,50.51489],[-3.78754,50.51478],[-3.78739,50.51471],[-3.78734,50.5145],[-3.7867,50.51439],[-3.78662,50.51422],[-3.78658,50.51385],[-3.78667,50.51318],[-3.7867,50.51202],[-3.78681,50.51185],[-3.78665,50.5118],[-3.78588,50.51305],[-3.78568,50.51426],[-3.78548,50.5143],[-3.78547,50.51434],[-3.78572,50.51437],[-3.78536,50.51466],[-3.78538,50.51504],[-3.78525,50.51548],[-3.7852,50.51643],[-3.78494,50.51757],[-3.78512,50.51799],[-3.78541,50.51824],[-3.78686,50.51927],[-3.78705,50.51934],[-3.78749,50.51973],[-3.78761,50.51974]],[[-3.78937,50.51818],[-3.78945,50.51812],[-3.78947,50.51823],[-3.78902,50.51818],[-3.78828,50.51785],[-3.78764,50.51712],[-3.78771,50.51709],[-3.78815,50.51767],[-3.78835,50.51785],[-3.7891,50.51817],[-3.78937,50.51818]],[[-3.78923,50.51737],[-3.78889,50.51754],[-3.78858,50.5173],[-3.78891,50.51713],[-3.78923,50.51737]]]}},
{"type":"Feature","properties":{"types":"Other Sports Facility; Playing Field","area_m2":52322.1},"geometry":{"type":"Polygon","coordinates":[[[-3.74373,50.52424],[-3.74382,50.52427],[-3.74398,50.52412],[-3.74412,50.5239],[-3.74485,50.52318],[-3.74402,50.52271],[-3.74307,50.52307],[-3.74293,50.52317],[-3.74283,50.52314],[-3.74113,50.524],[-3.74105,50.52391],[-3.74068,50.52383],[-3.73999,50.52455],[-3.73973,50.52462],[-3.73931,50.52514],[-3.73968,50.52523],[-3.74046,50.52529],[-3.7431,50.52484],[-3.74353,50.52461],[-3.74364,50.52451],[-3.74372,50.52433],[-3.74362,50.52428],[-3.74373,50.52424]]]}},
{"type":"Feature","properties":{"types":"Playing Field","area_m2":15129.8},"geometry":{"type":"Polygon","coordinates":[[[-3.82342,50.53557],[-3.82314,50.53567],[-3.82279,50.53571],[-3.82159,50.53559],[-3.8213,50.53637],[-3.82166,50.5366],[-3.82206,50.53674],[-3.82249,50.53677],[-3.8228,50.53673],[-3.82315,50.53658],[-3.82323,50.53648],[-3.82342,50.53557]]]}},
{"type":"Feature","properties":{"types":"Other Sports Facility","area_m2":229965.6},"geometry":{"type":"Polygon","coordinates":[[[-3.798,50.61314],[-3.79797,50.61299],[-3.79807,50.61272],[-3.79792,50.61211],[-3.79908,50.61197],[-3.7991,50.61211],[-3.79875,50.61221],[-3.79874,50.61237],[-3.79903,50.6124],[-3.79899,50.61259],[-3.79912,50.61355],[-3.79975,50.61316],[-3.80062,50.61301],[-3.80066,50.61293],[-3.80062,50.61249],[-3.8007,50.61241],[-3.8008,50.61239],[-3.80162,50.61242],[-3.80163,50.61239],[-3.80206,50.6125],[-3.80267,50.61276],[-3.80328,50.61308],[-3.80312,50.61154],[-3.80288,50.61127],[-3.80298,50.61109],[-3.80295,50.61077],[-3.80276,50.61048],[-3.80259,50.60986],[-3.80241,50.60962],[-3.80212,50.60935],[-3.80159,50.60912],[-3.80154,50.6085],[-3.80114,50.60849],[-3.801,50.60837],[-3.80025,50.60848],[-3.80022,50.6084],[-3.7995,50.60854],[-3.79948,50.60869],[-3.79855,50.60866],[-3.79822,50.60869],[-3.7967,50.60861],[-3.79664,50.60864],[-3.79624,50.60864],[-3.79597,50.60854],[-3.79496,50.60867],[-3.79424,50.6083],[-3.79392,50.60843],[-3.7941,50.6086],[-3.79456,50.60881],[-3.79458,50.60889],[-3.79477,50.60904],[-3.79558,50.61004],[-3.79598,50.61075],[-3.79606,50.61099],[-3.796,50.61167],[-3.79603,50.6121],[-3.79613,50.61238],[-3.79628,50.61262],[-3.79627,50.61287],[-3.79633,50.61305],[-3.79643,50.6131],[-3.79654,50.61289],[-3.79681,50.61277],[-3.79704,50.6126],[-3.79747,50.61259],[-3.79753,50.61301],[-3.79769,50.61311],[-3.798,50.61314]]]}},
{"type":"Feature","properties":{"types":"Playing Field","area_m2":14383.1},"geometry":{"type":"Polygon","coordinates":[[[-3.76834,50.61684],[-3.76866,50.61755],[-3.76952,50.6174],[-3.76958,50.61759],[-3.77081,50.61767],[-3.77058,50.61676],[-3.76969,50.61671],[-3.7687,50.61671],[-3.7685,50.61675],[-3.76834,50.61684]]]}},
{"type":"Feature","properties":{"types":"Other Sports Facility","area_m2":25758.8},"geometry":{"type":"Polygon","coordinates":[[[-3.77278,50.6561],[-3.77267,50.65575],[-3.77259,50.65566],[-3.77133,50.65554],[-3.77052,50.65574],[-3.7699,50.65576],[-3.76989,50.65606],[-3.76996,50.65627],[-3.76994,50.6568],[-3.77119,50.65693],[-3.77125,50.65709],[-3.77122,50.65726],[-3.77192,50.65705],[-3.77193,50.65702],[-3.7721,50.65701],[-3.77246,50.65691],[-3.77279,50.65659],[-3.77278,50.6561]],[[-3.77148,50.6569],[-3.7702,50.6568],[-3.77027,50.65646],[-3.77084,50.65655],[-3.77152,50.6566],[-3.77148,50.6569]]]}},
{"type":"Feature","properties":{"types":"Play Space; Public Park Or Garden","area_m2":6859.2},"geometry":{"type":"Polygon","coordinates":[[[-3.76067,50.66038],[-3.76118,50.66138],[-3.76207,50.66108],[-3.76209,50.66087],[-3.762,50.66088],[-3.76204,50.66057],[-3.76067,50.66038]]]}},
{"type":"Feature","properties":{"types":"Allotments Or Community Growing Spaces","area_m2":13753.6},"geometry":{"type":"Polygon","coordinates":[[[-3.7659,50.66237],[-3.76491,50.66254],[-3.76408,50.66258],[-3.76462,50.66338],[-3.7653,50.66322],[-3.76528,50.6632],[-3.76636,50.66304],[-3.76637,50.66273],[-3.76676,50.66273],[-3.76677,50.6624],[-3.76713,50.66241],[-3.76713,50.66235],[-3.76706,50.66229],[-3.76687,50.66232],[-3.76643,50.66228],[-3.76607,50.66234],[-3.76604,50.6623],[-3.76591,50.66233],[-3.7659,50.66237]]]}},
{"type":"Feature","properties":{"types":"Allotments Or Community Growing Spaces","area_m2":16617.0},"geometry":{"type":"Polygon","coordinates":[[[-3.83648,50.66984],[-3.8371,50.67006],[-3.83816,50.67073],[-3.83819,50.67071],[-3.83851,50.66959],[-3.83817,50.66943],[-3.83812,50.66894],[-3.83774,50.66848],[-3.83735,50.66906],[-3.83648,50.66984]]]}},
{"type":"Feature","properties":{"types":"Playing Field","area_m2":42956.0},"geometry":{"type":"Polygon","coordinates":[[[-3.84605,50.67083],[-3.84659,50.67065],[-3.84673,50.67052],[-3.84685,50.67051],[-3.84714,50.67024],[-3.84717,50.67005],[-3.84742,50.66983],[-3.84748,50.66941],[-3.84795,50.66915],[-3.84554,50.66839],[-3.84528,50.66918],[-3.84533,50.66926],[-3.84418,50.67034],[-3.84493,50.67093],[-3.84526,50.67102],[-3.8453,50.67115],[-3.84545,50.67131],[-3.84539,50.67153],[-3.84545,50.67181],[-3.84547,50.67152],[-3.84579,50.67098],[-3.84605,50.67083]]]}},
{"type":"Feature","properties":{"types":"Play Space; Playing Field","area_m2":8479.4},"geometry":{"type":"Polygon","coordinates":[[[-3.83848,50.67213],[-3.83853,50.6722],[-3.83928,50.67165],[-3.83879,50.67136],[-3.83861,50.6712],[-3.83846,50.67104],[-3.83842,50.67083],[-3.83828,50.67073],[-3.83814,50.67093],[-3.83746,50.67145],[-3.83787,50.67182],[-3.83823,50.67202],[-3.83841,50.67207],[-3.83834,50.67209],[-3.83849,50.67218],[-3.83848,50.67213]],[[-3.83828,50.67103],[-3.83854,50.6713],[-3.83816,50.67145],[-3.8379,50.67117],[-3.83828,50.67103]]]}},
{"type":"Feature","properties":{"types":"Play Space; Playing Field","area_m2":10349.4},"geometry":{"type":"Polygon","coordinates":[[[-3.78604,50.70379],[-3.78652,50.70376],[-3.78731,50.70379],[-3.78708,50.70267],[-3.78617,50.7025],[-3.78611,50.70269],[-3.78604,50.70379]]]}},
{"type":"Feature","properties":{"types":"Play Space; Playing Field","area_m2":21676.2},"geometry":{"type":"Polygon","coordinates":[[[-3.84245,50.75362],[-3.84189,50.75378],[-3.84111,50.75381],[-3.84112,50.75384],[-3.84104,50.75386],[-3.83943,50.75406],[-3.83994,50.75471],[-3.84032,50.75477],[-3.84128,50.75506],[-3.84164,50.75507],[-3.84218,50.7546],[-3.84267,50.75445],[-3.84245,50.75362]],[[-3.84153,50.75457],[-3.84145,50.75427],[-3.84167,50.75425],[-3.84176,50.75454],[-3.84153,50.75457]]]}},
{"type":"Feature","properties":{"types":"Play Space; Playing Field","area_m2":11628.8},"geometry":{"type":"Polygon","coordinates":[[[-3.81696,50.79962],[-3.81527,50.7996],[-3.81532,50.79967],[-3.81581,50.79969],[-3.81579,50.80011],[-3.81587,50.80034],[-3.81647,50.80034],[-3.81647,50.80048],[-3.81575,50.80048],[-3.81607,50.80049],[-3.81608,50.80085],[-3.81631,50.80084],[-3.81632,50.80098],[-3.81663,50.80099],[-3.81665,50.80132],[-3.81669,50.80125],[-3.81659,50.80051],[-3.81731,50.80041],[-3.81733,50.79965],[-3.81696,50.79962]]]}},
{"type":"Feature","properties":{"types":"Playing Field","area_m2":46208.9},"geometry":{"type":"Polygon","coordinates":[[[-3.83046,50.80259],[-3.83012,50.80226],[-3.82996,50.80201],[-3.82966,50.80113],[-3.82858,50.80129],[-3.82689,50.80146],[-3.82604,50.8015],[-3.82578,50.8016],[-3.8257,50.80176],[-3.82611,50.80288],[-3.82619,50.80285],[-3.82632,50.80292],[-3.8265,50.80284],[-3.82666,50.80282],[-3.82704,50.80283],[-3.8277,50.80276],[-3.829,50.80271],[-3.82977,50.80276],[-3.83046,50.80259]]]}},
{"type":"Feature","properties":{"types":"Other Sports Facility; Play Space","area_m2":15018.0},"geometry":{"type":"Polygon","coordinates":[[[-3.81524,50.8207],[-3.81627,50.82032],[-3.81638,50.8205],[-3.81672,50.82039],[-3.81674,50.82031],[-3.81715,50.82021],[-3.81702,50.81998],[-3.81708,50.81997],[-3.81699,50.81978],[-3.81652,50.81981],[-3.81583,50.81979],[-3.81573,50.81967],[-3.81563,50.81974],[-3.81525,50.81972],[-3.81524,50.81965],[-3.81521,50.81979],[-3.8151,50.8198],[-3.81522,50.81954],[-3.81552,50.81955],[-3.81561,50.8195],[-3.81458,50.81941],[-3.81455,50.82016],[-3.8151,50.82064],[-3.81517,50.82062],[-3.81524,50.8207]]]}},
{"type":"Feature","properties":{"types":"Playing Field","area_m2":9496.2},"geometry":{"type":"Polygon","coordinates":[[[-3.81623,50.84659],[-3.81732,50.84564],[-3.81664,50.84531],[-3.81536,50.84647],[-3.81556,50.84681],[-3.81623,50.84659]]]}},
{"type":"Feature","properties":{"types":"Allotments Or Community Growing Spaces","area_m2":10431.6},"geometry":{"type":"Polygon","coordinates":[[[-3.81172,50.84733],[-3.81238,50.84748],[-3.81341,50.84625],[-3.8133,50.84628],[-3.81185,50.84618],[-3.81184,50.84665],[-3.81172,50.84733]]]}},
{"type":"Feature","properties":{"types":"Allotments Or Community Growing Spaces","area_m2":5704.3},"geometry":{"type":"Polygon","coordinates":[[[-3.75703,50.85656],[-3.7571,50.85745],[-3.75869,50.85696],[-3.75703,50.85656]]]}},
{"type":"Feature","properties":{"types":"Playing Field","area_m2":6555.4},"geometry":{"type":"Polygon","coordinates":[[[-3.83316,50.89788],[-3.83259,50.89783],[-3.83256,50.89781],[-3.83237,50.89787],[-3.83219,50.89798],[-3.83207,50.89811],[-3.8325,50.89844],[-3.83277,50.89838],[-3.83323,50.89847],[-3.83328,50.89851],[-3.83372,50.89843],[-3.83361,50.89812],[-3.83382,50.89793],[-3.83377,50.89796],[-3.83362,50.89789],[-3.83353,50.89791],[-3.83315,50.8978],[-3.83316,50.89788]]]}},
{"type":"Feature","properties":{"types":"Playing Field","area_m2":8914.9},"geometry":{"type":"Polygon","coordinates":[[[-3.86233,50.91129],[-3.86144,50.91135],[-3.86136,50.91175],[-3.8619,50.912],[-3.86267,50.91252],[-3.8629,50.91255],[-3.86293,50.9125],[-3.86271,50.91249],[-3.86279,50.91242],[-3.86253,50.91225],[-3.8626,50.91223],[-3.86258,50.91213],[-3.86287,50.91189],[-3.86295,50.91168],[-3.86289,50.91148],[-3.86272,50.91137],[-3.86233,50.91129]]]}},
{"type":"Feature","properties":{"types":"Playing Field","area_m2":6853.8},"geometry":{"type":"Polygon","coordinates":[[[-3.86591,50.91536],[-3.86531,50.91452],[-3.86442,50.91472],[-3.86519,50.91565],[-3.86591,50.91536]]]}},
{"type":"Feature","properties":{"types":"Playing Field","area_m2":16890.1},"geometry":{"type":"Polygon","coordinates":[[[-3.83463,51.0081],[-3.83468,51.00813],[-3.83464,51.0082],[-3.83474,51.0091],[-3.8348,51.00912],[-3.83474,51.00915],[-3.83478,51.00937],[-3.83608,51.0093],[-3.83591,51.0077],[-3.83567,51.00766],[-3.83456,51.00775],[-3.83463,51.0081]]]}},
{"type":"Feature","properties":{"types":"Public Park Or Garden","area_m2":10931.7},"geometry":{"type":"Polygon","coordinates":[[[-3.8319,51.01304],[-3.83214,51.01347],[-3.8318,51.01352],[-3.83241,51.01457],[-3.83324,51.01437],[-3.83242,51.01312],[-3.83249,51.01309],[-3.83244,51.01274],[-3.83225,51.01226],[-3.83205,51.01224],[-3.83182,51.0123],[-3.83221,51.01296],[-3.8319,51.01304]]]}},
{"type":"Feature","properties":{"types":"Other Sports Facility; Play Space; Playing Field","area_m2":10675.1},"geometry":{"type":"Polygon","coordinates":[[[-3.83147,51.01628],[-3.83148,51.01636],[-3.83248,51.01631],[-3.8323,51.0158],[-3.83221,51.01578],[-3.8322,51.01568],[-3.83226,51.01567],[-3.83225,51.01558],[-3.83142,51.01558],[-3.83138,51.01553],[-3.83138,51.01516],[-3.83034,51.01518],[-3.83089,51.01607],[-3.83111,51.01605],[-3.83113,51.0163],[-3.83147,51.01628]],[[-3.83056,51.01518],[-3.83083,51.01518],[-3.83083,51.01551],[-3.83055,51.01551],[-3.83056,51.01518]]]}},
{"type":"Feature","properties":{"types":"Other Sports Facility; Play Space; Public Park Or Garden","area_m2":11749.4},"geometry":{"type":"Polygon","coordinates":[[[-3.8404,51.01575],[-3.84063,51.01569],[-3.84132,51.01603],[-3.84137,51.01595],[-3.84147,51.01598],[-3.8415,51.01595],[-3.84278,51.01598],[-3.84281,51.01617],[-3.84391,51.01623],[-3.84389,51.01597],[-3.84349,51.01592],[-3.84326,51.01553],[-3.84238,51.01567],[-3.84239,51.0157],[-3.84221,51.01575],[-3.84219,51.01583],[-3.84199,51.01585],[-3.84201,51.0159],[-3.84155,51.01589],[-3.84123,51.01578],[-3.84125,51.01575],[-3.84096,51.01566],[-3.84065,51.01537],[-3.84057,51.01511],[-3.84032,51.0151],[-3.83962,51.01514],[-3.83959,51.0152],[-3.83981,51.01566],[-3.83987,51.01565],[-3.8399,51.0157],[-3.84015,51.01575],[-3.8404,51.01575]]]}},
{"type":"Feature","properties":{"types":"Allotments Or Community Growing Spaces","area_m2":7959.9},"geometry":{"type":"Polygon","coordinates":[[[-3.82771,51.01628],[-3.82783,51.01671],[-3.82815,51.01698],[-3.82839,51.01702],[-3.82958,51.01701],[-3.82929,51.01661],[-3.8292,51.01638],[-3.82901,51.0164],[-3.82899,51.01634],[-3.8288,51.01636],[-3.82877,51.01627],[-3.82871,51.01633],[-3.82823,51.0164],[-3.82818,51.01623],[-3.82771,51.01628]]]}},
{"type":"Feature","properties":{"types":"Other Sports Facility; Play Space; Public Park Or Garden","area_m2":31339.4},"geometry":{"type":"Polygon","coordinates":[[[-3.83232,51.02212],[-3.83228,51.02244],[-3.83116,51.02249],[-3.83113,51.02223],[-3.83148,51.02222],[-3.83147,51.02214],[-3.8314,51.02214],[-3.83141,51.02207],[-3.83129,51.02187],[-3.83128,51.02139],[-3.83146,51.02121],[-3.83141,51.02116],[-3.83101,51.02121],[-3.83068,51.0213],[-3.83011,51.02159],[-3.82995,51.02165],[-3.82992,51.02162],[-3.82947,51.02178],[-3.82926,51.02183],[-3.82915,51.02175],[-3.82822,51.02234],[-3.82821,51.02241],[-3.82841,51.02273],[-3.8296,51.02258],[-3.83095,51.02258],[-3.83403,51.02272],[-3.8348,51.02242],[-3.83487,51.02231],[-3.8345,51.02232],[-3.83433,51.02219],[-3.83401,51.02209],[-3.83398,51.02214],[-3.83405,51.02219],[-3.8339,51.02224],[-3.83348,51.02194],[-3.83326,51.02206],[-3.83317,51.02219],[-3.83322,51.02222],[-3.83324,51.02228],[-3.83312,51.02226],[-3.8331,51.02229],[-3.83319,51.02232],[-3.8331,51.02251],[-3.83304,51.0225],[-3.83302,51.02254],[-3.83265,51.0225],[-3.83264,51.02252],[-3.8323,51.02246],[-3.83232,51.02212]]]}},
{"type":"Feature","properties":{"types":"Playing Field","area_m2":20018.2},"geometry":{"type":"Polygon","coordinates":[[[-3.83588,51.02345],[-3.83505,51.02346],[-3.83496,51.02354],[-3.83542,51.02395],[-3.83564,51.02389],[-3.83637,51.02386],[-3.83679,51.02409],[-3.83702,51.02429],[-3.83808,51.02469],[-3.83843,51.02472],[-3.8385,51.02464],[-3.83858,51.02365],[-3.8385,51.02361],[-3.83671,51.02338],[-3.83638,51.02337],[-3.83588,51.02345]]]}},
{"type":"Feature","properties":{"types":"Playing Field","area_m2":15691.7},"geometry":{"type":"Polygon","coordinates":[[[-3.826,51.02519],[-3.82593,51.02533],[-3.82598,51.02547],[-3.82591,51.02565],[-3.82599,51.02596],[-3.82609,51.02604],[-3.82641,51.02611],[-3.82647,51.02616],[-3.82649,51.02632],[-3.82629,51.02667],[-3.82651,51.02679],[-3.82679,51.02661],[-3.82678,51.02655],[-3.8269,51.02653],[-3.82703,51.0264],[-3.82733,51.02599],[-3.82742,51.02569],[-3.82744,51.02536],[-3.82728,51.0249],[-3.8267,51.02484],[-3.82644,51.02492],[-3.82634,51.02488],[-3.826,51.02519]]]}},
{"type":"Feature","properties":{"types":"Playing Field","area_m2":9430.4},"geometry":{"type":"Polygon","coordinates":[[[-3.82778,51.02649],[-3.82792,51.02659],[-3.8281,51.0273],[-3.8296,51.02707],[-3.82939,51.02638],[-3.82968,51.0263],[-3.82853,51.02646],[-3.82777,51.02643],[-3.82778,51.02649]]]}},
{"type":"Feature","properties":{"types":"Other Sports Facility","area_m2":6152.9},"geometry":{"type":"Polygon","coordinates":[[[-3.82833,51.0295],[-3.82838,51.02948],[-3.82899,51.02973],[-3.82863,51.02946],[-3.82958,51.0292],[-3.82806,51.02887],[-3.82795,51.02893],[-3.8279,51.02905],[-3.82773,51.02909],[-3.82764,51.02921],[-3.82784,51.02929],[-3.82778,51.02942],[-3.82767,51.02942],[-3.82772,51.02946],[-3.82764,51.02955],[-3.82813,51.02958],[-3.82828,51.02956],[-3.82853,51.02961],[-3.82833,51.0295]]]}},
{"type":"Feature","properties":{"types":"Playing Field","area_m2":30452.5},"geometry":{"type":"Polygon","coordinates":[[[-3.80729,51.04684],[-3.80772,51.04759],[-3.80785,51.04808],[-3.8081,51.04797],[-3.81067,51.04784],[-3.81063,51.04741],[-3.81052,51.04706],[-3.81023,51.04645],[-3.80841,51.04665],[-3.80729,51.04684]]]}},
{"type":"Feature","properties":{"types":"Other Sports Facility","area_m2":40707.7},"geometry":{"type":"Polygon","coordinates":[[[-3.80446,51.04774],[-3.80446,51.04852],[-3.80457,51.04894],[-3.80482,51.04899],[-3.80495,51.04951],[-3.80515,51.04976],[-3.80558,51.04952],[-3.80601,51.04968],[-3.80662,51.04966],[-3.80666,51.04934],[-3.8077,51.04927],[-3.80769,51.04921],[-3.80783,51.04916],[-3.80765,51.04773],[-3.80612,51.04788],[-3.80463,51.04789],[-3.80458,51.04787],[-3.8046,51.04774],[-3.80446,51.04774]]]}},
{"type":"Feature","properties":{"types":"Allotments Or Community Growing Spaces; Public Park Or Garden","area_m2":174385.8},"geometry":{"type":"Polygon","coordinates":[[[-3.80319,51.05506],[-3.80305,51.05448],[-3.80275,51.0545],[-3.8027,51.05438],[-3.80243,51.05438],[-3.80158,51.05448],[-3.80155,51.05421],[-3.80106,51.05427],[-3.80108,51.0543],[-3.80027,51.05435],[-3.8003,51.05463],[-3.79967,51.05465],[-3.79885,51.05461],[-3.79794,51.05472],[-3.79761,51.05472],[-3.79843,51.05549],[-3.79843,51.05577],[-3.79872,51.05613],[-3.79823,51.05648],[-3.79869,51.05676],[-3.79891,51.05696],[-3.79904,51.05773],[-3.79903,51.05795],[-3.79928,51.05796],[-3.79996,51.05819],[-3.80021,51.05832],[-3.80051,51.05854],[-3.80051,51.05866],[-3.80064,51.05887],[-3.80064,51.05892],[-3.80047,51.05894],[-3.80046,51.059],[-3.80056,51.05902],[-3.80066,51.05899],[-3.80091,51.05928],[-3.80197,51.05981],[-3.80222,51.05964],[-3.80273,51.05914],[-3.80279,51.05883],[-3.80299,51.05862],[-3.80343,51.05839],[-3.80358,51.05833],[-3.8038,51.05832],[-3.80383,51.05828],[-3.80424,51.05815],[-3.80435,51.05762],[-3.80434,51.05736],[-3.80401,51.05675],[-3.80375,51.05612],[-3.8037,51.05613],[-3.80319,51.05506]],[[-3.80026,51.05481],[-3.80029,51.05513],[-3.80004,51.05514],[-3.8,51.05482],[-3.80026,51.05481]]]}},
{"type":"Feature","properties":{"types":"Other Sports Facility","area_m2":8815.3},"geometry":{"type":"Polygon","coordinates":[[[-3.86434,51.22853],[-3.8655,51.22813],[-3.86528,51.22784],[-3.86531,51.22771],[-3.86491,51.22763],[-3.86488,51.22758],[-3.86467,51.2275],[-3.86363,51.22813],[-3.86389,51.22846],[-3.86411,51.22854],[-3.86434,51.22853]]]}},
{"type":"Feature","properties":{"types":"Playing Field","area_m2":13898.1},"geometry":{"type":"Polygon","coordinates":[[[-3.84299,51.22923],[-3.84352,51.22938],[-3.8443,51.22978],[-3.8442,51.22942],[-3.84419,51.22819],[-3.84409,51.22783],[-3.84347,51.22788],[-3.84348,51.228],[-3.84313,51.22804],[-3.84296,51.22899],[-3.84299,51.22923]]]}},
{"type":"Feature","properties":{"types":"Other Sports Facility; Play Space; Public Park Or Garden","area_m2":10703.5},"geometry":{"type":"Polygon","coordinates":[[[-3.82985,51.23086],[-3.82982,51.23075],[-3.82902,51.23043],[-3.82868,51.23037],[-3.82845,51.23045],[-3.82776,51.23091],[-3.82775,51.23098],[-3.82785,51.2311],[-3.82795,51.23105],[-3.828,51.23108],[-3.82831,51.23139],[-3.82852,51.2313],[-3.82872,51.2315],[-3.82945,51.23129],[-3.82985,51.23086]],[[-3.82879,51.23074],[-3.82859,51.23084],[-3.82829,51.23061],[-3.82849,51.23051],[-3.82879,51.23074]]]}},
{"type":"Feature","properties":{"types":"Public Park Or Garden","area_m2":9310.9},"geometry":{"type":"Polygon","coordinates":[[[-3.84811,51.23205],[-3.8482,51.23181],[-3.84758,51.23158],[-3.84757,51.23148],[-3.8473,51.23127],[-3.84682,51.23103],[-3.84661,51.23097],[-3.84656,51.23116],[-3.84632,51.23133],[-3.84554,51.23133],[-3.84635,51.23172],[-3.84659,51.23177],[-3.84677,51.23186],[-3.84739,51.23201],[-3.84755,51.23192],[-3.84811,51.23205]]]}},
{"type":"Feature","properties":{"types":"Playing Field","area_m2":27567.8},"geometry":{"type":"Polygon","coordinates":[[[-3.85136,51.23285],[-3.85111,51.23243],[-3.84788,51.23217],[-3.84747,51.23263],[-3.84913,51.23358],[-3.8504,51.23342],[-3.85136,51.23285]]]}},
{"type":"Feature","properties":{"types":"Playing Field","area_m2":14321.5},"geometry":{"type":"Polygon","coordinates":[[[-3.71133,50.21839],[-3.71151,50.219],[-3.71132,50.21902],[-3.71147,50.21932],[-3.7123,50.21913],[-3.71231,50.21908],[-3.71292,50.21899],[-3.71304,50.21892],[-3.713,50.21871],[-3.71281,50.21836],[-3.71275,50.21793],[-3.71268,50.21787],[-3.71167,50.21789],[-3.71169,50.21803],[-3.71156,50.21806],[-3.71146,50.21826],[-3.71133,50.21839]]]}},
{"type":"Feature","properties":{"types":"Playing Field","area_m2":8882.1},"geometry":{"type":"Polygon","coordinates":[[[-3.65618,50.25879],[-3.65607,50.2587],[-3.65609,50.25852],[-3.6554,50.25841],[-3.655,50.25972],[-3.65546,50.2599],[-3.65588,50.25966],[-3.65618,50.25879]]]}},
{"type":"Feature","properties":{"types":"Play Space; Playing Field","area_m2":6883.9},"geometry":{"type":"Polygon","coordinates":[[[-3.69465,50.27143],[-3.69473,50.27148],[-3.69581,50.27153],[-3.69577,50.27125],[-3.69567,50.27108],[-3.69512,50.27058],[-3.69464,50.27078],[-3.69443,50.2711],[-3.69465,50.27143]]]}},
{"type":"Feature","properties":{"types":"Playing Field","area_m2":5919.3},"geometry":{"type":"Polygon","coordinates":[[[-3.64864,50.38602],[-3.64854,50.38554],[-3.64775,50.38559],[-3.647,50.3857],[-3.64703,50.38613],[-3.64864,50.38602]]]}},
{"type":"Feature","properties":{"types":"Allotments Or Community Growing Spaces","area_m2":8234.7},"geometry":{"type":"Polygon","coordinates":[[[-3.63553,50.38914],[-3.63514,50.38856],[-3.63504,50.38837],[-3.63509,50.38834],[-3.63378,50.38822],[-3.63395,50.38853],[-3.63464,50.38928],[-3.63553,50.38914]]]}},
{"type":"Feature","properties":{"types":"Playing Field","area_m2":10562.1},"geometry":{"type":"Polygon","coordinates":[[[-3.71519,50.3919],[-3.71431,50.39208],[-3.71442,50.3923],[-3.71362,50.39246],[-3.71368,50.39261],[-3.71356,50.39285],[-3.71401,50.39296],[-3.71469,50.39288],[-3.71526,50.39277],[-3.71568,50.39279],[-3.71519,50.3919]]]}},
{"type":"Feature","properties":{"types":"Playing Field","area_m2":15214.2},"geometry":{"type":"Polygon","coordinates":[[[-3.66146,50.40221],[-3.66134,50.40248],[-3.66065,50.40238],[-3.66037,50.40367],[-3.66149,50.40384],[-3.66181,50.40307],[-3.66232,50.40239],[-3.66146,50.40221]]]}},
{"type":"Feature","properties":{"types":"Playing Field","area_m2":19552.3},"geometry":{"type":"Polygon","coordinates":[[[-3.72709,50.40874],[-3.72709,50.40859],[-3.72655,50.40856],[-3.72626,50.40861],[-3.72605,50.40854],[-3.72557,50.40856],[-3.72547,50.40886],[-3.72539,50.40889],[-3.72538,50.40963],[-3.72533,50.40979],[-3.72533,50.40985],[-3.72546,50.40985],[-3.72563,50.40996],[-3.72564,50.41002],[-3.72694,50.40999],[-3.72702,50.41],[-3.72707,50.41012],[-3.72738,50.41011],[-3.72739,50.41002],[-3.72729,50.40997],[-3.72682,50.40991],[-3.72716,50.40967],[-3.72719,50.40897],[-3.72709,50.40874]]]}},
{"type":"Feature","properties":{"types":"Playing Field","area_m2":16738.9},"geometry":{"type":"Polygon","coordinates":[[[-3.63245,50.41561],[-3.63181,50.41533],[-3.63169,50.41534],[-3.63124,50.41556],[-3.63053,50.41531],[-3.62981,50.41563],[-3.62979,50.41576],[-3.62996,50.41612],[-3.63042,50.41662],[-3.63048,50.41663],[-3.63096,50.41644],[-3.6316,50.41627],[-3.63186,50.41613],[-3.63245,50.41561]]]}},
{"type":"Feature","properties":{"types":"Play Space; Playing Field","area_m2":12313.7},"geometry":{"type":"Polygon","coordinates":[[[-3.72249,50.41566],[-3.72238,50.41606],[-3.722,50.41605],[-3.722,50.41608],[-3.72354,50.4162],[-3.72412,50.41568],[-3.72344,50.41525],[-3.72304,50.41503],[-3.72284,50.41496],[-3.72246,50.41498],[-3.72221,50.41524],[-3.7225,50.41534],[-3.72229,50.41572],[-3.72211,50.4157],[-3.72203,50.41573],[-3.72202,50.41579],[-3.7223,50.41582],[-3.72249,50.41566]]]}},
{"type":"Feature","properties":{"types":"Allotments Or Community Growing Spaces","area_m2":5897.4},"geometry":{"type":"Polygon","coordinates":[[[-3.6906,50.42577],[-3.69104,50.4253],[-3.69071,50.42515],[-3.69086,50.42495],[-3.6906,50.42491],[-3.69006,50.42494],[-3.68995,50.42513],[-3.69008,50.42518],[-3.68972,50.42562],[-3.69036,50.42583],[-3.69046,50.42573],[-3.6906,50.42577]]]}},
{"type":"Feature","properties":{"types":"Playing Field","area_m2":8407.0},"geometry":{"type":"Polygon","coordinates":[[[-3.66968,50.42972],[-3.66953,50.42964],[-3.6697,50.4297],[-3.67,50.42944],[-3.67011,50.42926],[-3.67011,50.42903],[-3.66989,50.42879],[-3.66982,50.42859],[-3.66938,50.42852],[-3.66916,50.42841],[-3.66911,50.42845],[-3.66906,50.42842],[-3.669,50.42847],[-3.66906,50.42849],[-3.66902,50.42853],[-3.66916,50.42862],[-3.66912,50.42869],[-3.66918,50.42871],[-3.66917,50.4289],[-3.6688,50.4289],[-3.6688,50.42898],[-3.66916,50.42898],[-3.66918,50.42926],[-3.66927,50.42943],[-3.66915,50.42945],[-3.66909,50.42942],[-3.66886,50.4294],[-3.66881,50.42936],[-3.66874,50.42944],[-3.66894,50.42948],[-3.66899,50.42967],[-3.66957,50.42981],[-3.66968,50.42972]]]}},
{"type":"Feature","properties":{"types":"Public Park Or Garden","area_m2":10121.4},"geometry":{"type":"Polygon","coordinates":[[[-3.68202,50.43046],[-3.68246,50.4299],[-3.68266,50.42908],[-3.68268,50.42885],[-3.68258,50.42838],[-3.68245,50.42817],[-3.6823,50.42814],[-3.68219,50.42818],[-3.68212,50.42828],[-3.68198,50.42881],[-3.68182,50.43043],[-3.68202,50.43046]]]}},
{"type":"Feature","properties":{"types":"Allotments Or Community Growing Spaces","area_m2":6914.5},"geometry":{"type":"Polygon","coordinates":[[[-3.69475,50.43436],[-3.69647,50.43403],[-3.69718,50.43395],[-3.69707,50.43351],[-3.6959,50.4337],[-3.69534,50.43389],[-3.69533,50.43406],[-3.69499,50.43415],[-3.69472,50.43414],[-3.69475,50.43436]]]}},
{"type":"Feature","properties":{"types":"Other Sports Facility; Play Space","area_m2":34223.1},"geometry":{"type":"Polygon","coordinates":[[[-3.68939,50.43506],[-3.68968,50.43482],[-3.68788,50.4345],[-3.68588,50.43425],[-3.68575,50.43427],[-3.68565,50.43536],[-3.68574,50.43549],[-3.68581,50.43548],[-3.68607,50.43558],[-3.68653,50.43583],[-3.68678,50.43606],[-3.68699,50.43635],[-3.68724,50.43646],[-3.68939,50.43506]],[[-3.68743,50.43572],[-3.68779,50.43548],[-3.68787,50.43553],[-3.68825,50.43529],[-3.68861,50.43551],[-3.6879,50.43599],[-3.68743,50.43572]],[[-3.68744,50.4359],[-3.6875,50.43586],[-3.68782,50.43603],[-3.68734,50.43636],[-3.6869,50.4361],[-3.68731,50.43582],[-3.68744,50.4359]]]}},
{"type":"Feature","properties":{"types":"Allotments Or Community Growing Spaces","area_m2":19166.7},"geometry":{"type":"Polygon","coordinates":[[[-3.70622,50.43973],[-3.70663,50.4399],[-3.70722,50.43958],[-3.70577,50.439],[-3.70528,50.43884],[-3.70436,50.43845],[-3.70433,50.43847],[-3.70423,50.43843],[-3.70395,50.43832],[-3.70398,50.43829],[-3.70381,50.43831],[-3.70343,50.43848],[-3.7057,50.4401],[-3.70622,50.43973]]]}},
{"type":"Feature","properties":{"types":"Playing Field","area_m2":25297.5},"geometry":{"type":"Polygon","coordinates":[[[-3.71313,50.44675],[-3.71283,50.44661],[-3.71264,50.44646],[-3.71218,50.44583],[-3.71214,50.44584],[-3.71216,50.44588],[-3.71211,50.44589],[-3.71207,50.44586],[-3.71144,50.44605],[-3.71144,50.4461],[-3.71139,50.44612],[-3.71134,50.44608],[-3.71086,50.44626],[-3.71096,50.44675],[-3.71142,50.44709],[-3.71125,50.44719],[-3.71107,50.44717],[-3.71104,50.44723],[-3.71122,50.44724],[-3.7114,50.44718],[-3.71147,50.44712],[-3.71181,50.44723],[-3.71158,50.44726],[-3.71098,50.44725],[-3.71092,50.44729],[-3.71157,50.44728],[-3.71195,50.44723],[-3.71206,50.44724],[-3.71224,50.44746],[-3.71278,50.4475],[-3.71303,50.44748],[-3.71349,50.44727],[-3.71405,50.44732],[-3.71427,50.44744],[-3.71482,50.44736],[-3.71479,50.44706],[-3.71468,50.44704],[-3.71469,50.44698],[-3.71313,50.44675]]]}},
{"type":"Feature","properties":{"types":"Allotments Or Community Growing Spaces","area_m2":12425.3},"geometry":{"type":"Polygon","coordinates":[[[-3.70109,50.44774],[-3.70063,50.4482],[-3.70253,50.44954],[-3.70322,50.44927],[-3.70109,50.44774]]]}},
{"type":"Feature","properties":{"types":"Other Sports Facility; Playing Field","area_m2":42234.8},"geometry":{"type":"Polygon","coordinates":[[[-3.70719,50.44953],[-3.70722,50.4493],[-3.70758,50.44888],[-3.70778,50.4484],[-3.70771,50.44788],[-3.70744,50.44787],[-3.70731,50.44792],[-3.70562,50.4489],[-3.70454,50.44904],[-3.70378,50.44924],[-3.70282,50.44956],[-3.70278,50.44963],[-3.70282,50.44976],[-3.70353,50.45016],[-3.70381,50.45025],[-3.7043,50.45023],[-3.70472,50.45014],[-3.70507,50.45011],[-3.70592,50.4502],[-3.70596,50.45016],[-3.70577,50.44991],[-3.70574,50.44977],[-3.7061,50.44969],[-3.70682,50.44968],[-3.70719,50.44953]]]}},
{"type":"Feature","properties":{"types":"Allotments Or Community Growing Spaces","area_m2":11162.2},"geometry":{"type":"Polygon","coordinates":[[[-3.73185,50.46142],[-3.73226,50.46158],[-3.73212,50.46184],[-3.73232,50.46184],[-3.73233,50.46174],[-3.73239,50.46174],[-3.7324,50.46185],[-3.73251,50.46189],[-3.73244,50.46215],[-3.73266,50.46243],[-3.73264,50.46283],[-3.73333,50.46284],[-3.73431,50.46296],[-3.7346,50.4629],[-3.73453,50.46278],[-3.73375,50.46235],[-3.73354,50.46218],[-3.73228,50.46152],[-3.7323,50.4615],[-3.73185,50.46142]]]}},
{"type":"Feature","properties":{"types":"Play Space; Playing Field","area_m2":21077.9},"geometry":{"type":"Polygon","coordinates":[[[-3.70945,50.46393],[-3.71044,50.46346],[-3.71075,50.46335],[-3.7106,50.46308],[-3.70928,50.4631],[-3.70833,50.46285],[-3.70833,50.46289],[-3.70776,50.4629],[-3.70728,50.46298],[-3.70803,50.46408],[-3.70886,50.4641],[-3.70945,50.46393]]]}},
{"type":"Feature","properties":{"types":"Allotments Or Community Growing Spaces; Play Space; Playing Field","area_m2":21904.3},"geometry":{"type":"Polygon","coordinates":[[[-3.64642,50.48483],[-3.64699,50.4846],[-3.64637,50.48382],[-3.64598,50.48447],[-3.64525,50.48476],[-3.64559,50.48513],[-3.64553,50.48516],[-3.64558,50.48521],[-3.6456,50.48517],[-3.64562,50.48519],[-3.64568,50.48517],[-3.64589,50.48539],[-3.64501,50.48577],[-3.64522,50.486],[-3.64517,50.48602],[-3.64534,50.4862],[-3.64571,50.48612],[-3.64644,50.48606],[-3.64647,50.48613],[-3.64752,50.48606],[-3.64747,50.48585],[-3.6472,50.48539],[-3.64642,50.48483]],[[-3.64621,50.48498],[-3.64646,50.48522],[-3.64603,50.48541],[-3.64578,50.48517],[-3.64621,50.48498]]]}},
{"type":"Feature","properties":{"types":"Playing Field","area_m2":18318.5},"geometry":{"type":"Polygon","coordinates":[[[-3.68139,50.48791],[-3.68136,50.48815],[-3.68146,50.48822],[-3.68135,50.48827],[-3.68126,50.48891],[-3.68295,50.48814],[-3.68388,50.48756],[-3.68388,50.4875],[-3.68314,50.48679],[-3.68221,50.48745],[-3.68139,50.48791]],[[-3.68142,50.48832],[-3.68168,50.48834],[-3.68162,50.48865],[-3.68137,50.48863],[-3.68142,50.48832]]]}},
{"type":"Feature","properties":{"types":"Other Sports Facility","area_m2":40330.3},"geometry":{"type":"Polygon","coordinates":[[[-3.63938,50.49581],[-3.63982,50.49589],[-3.63996,50.49601],[-3.6403,50.49608],[-3.64056,50.4962],[-3.64061,50.49629],[-3.64084,50.49643],[-3.64096,50.49645],[-3.64125,50.49512],[-3.64135,50.49427],[-3.64002,50.49424],[-3.63868,50.49437],[-3.6386,50.49441],[-3.63846,50.49438],[-3.63805,50.49438],[-3.63852,50.49608],[-3.63896,50.49593],[-3.63916,50.4958],[-3.63938,50.49581]]]}},
{"type":"Feature","properties":{"types":"Allotments Or Community Growing Spaces; Other Sports Facility; Play Space; Playing Field","area_m2":43951.9},"geometry":{"type":"Polygon","coordinates":[[[-3.65643,50.51332],[-3.65597,50.51356],[-3.65599,50.51363],[-3.65687,50.51456],[-3.65905,50.51456],[-3.65883,50.5141],[-3.65889,50.51344],[-3.6587,50.51303],[-3.6586,50.51266],[-3.65866,50.51151],[-3.6586,50.51148],[-3.65786,50.51192],[-3.65758,50.51213],[-3.65659,50.513],[-3.65643,50.51332]]]}},
{"type":"Feature","properties":{"types":"Allotments Or Community Growing Spaces","area_m2":17493.2},"geometry":{"type":"Polygon","coordinates":[[[-3.65229,50.51609],[-3.65285,50.51608],[-3.65273,50.51582],[-3.65229,50.51562],[-3.65201,50.51573],[-3.6516,50.51578],[-3.64969,50.51576],[-3.65026,50.51653],[-3.6505,50.51677],[-3.6513,50.51696],[-3.65216,50.51613],[-3.65229,50.51609]]]}},
{"type":"Feature","properties":{"types":"Other Sports Facility","area_m2":43724.3},"geometry":{"type":"Polygon","coordinates":[[[-3.65947,50.53853],[-3.66152,50.53767],[-3.66193,50.53787],[-3.6621,50.538],[-3.66266,50.53768],[-3.66211,50.53736],[-3.66205,50.53722],[-3.66192,50.53723],[-3.66112,50.53636],[-3.65765,50.53722],[-3.6575,50.53733],[-3.65947,50.53853]]]}},
{"type":"Feature","properties":{"types":"Playing Field","area_m2":18589.3},"geometry":{"type":"Polygon","coordinates":[[[-3.65583,50.53784],[-3.65539,50.53787],[-3.65551,50.53848],[-3.65652,50.53883],[-3.65655,50.53879],[-3.65666,50.53882],[-3.65755,50.53812],[-3.65774,50.53791],[-3.65779,50.53775],[-3.65731,50.53733],[-3.65649,50.53735],[-3.65625,50.53738],[-3.65583,50.53784]]]}},
{"type":"Feature","properties":{"types":"Playing Field","area_m2":17303.4},"geometry":{"type":"Polygon","coordinates":[[[-3.67622,50.55784],[-3.67606,50.55789],[-3.67615,50.55828],[-3.67639,50.5589],[-3.67675,50.5589],[-3.67693,50.55885],[-3.67701,50.55889],[-3.67718,50.55889],[-3.67731,50.55881],[-3.67733,50.55874],[-3.67766,50.55867],[-3.67833,50.55883],[-3.67848,50.55866],[-3.67847,50.55863],[-3.67828,50.55862],[-3.67824,50.55771],[-3.67719,50.55775],[-3.67622,50.55784]]]}},
{"type":"Feature","properties":{"types":"Public Park Or Garden","area_m2":1039167.7},"geometry":{"type":"Polygon","coordinates":[[[-3.64647,50.56956],[-3.64707,50.56985],[-3.64731,50.56984],[-3.64772,50.56957],[-3.64793,50.56939],[-3.64795,50.56923],[-3.64823,50.56904],[-3.64849,50.56899],[-3.64959,50.56822],[-3.65126,50.56688],[-3.65278,50.56549],[-3.65288,50.56483],[-3.65283,50.56462],[-3.65145,50.56303],[-3.6505,50.56215],[-3.65038,50.56199],[-3.64922,50.56089],[-3.64905,50.56078],[-3.64889,50.56056],[-3.64847,50.56017],[-3.64809,50.55995],[-3.64778,50.55947],[-3.6473,50.55899],[-3.64715,50.55909],[-3.6469,50.55939],[-3.64591,50.55945],[-3.64595,50.55943],[-3.64691,50.55931],[-3.64695,50.55921],[-3.64726,50.55895],[-3.6469,50.55859],[-3.64675,50.55862],[-3.64687,50.55855],[-3.64658,50.55814],[-3.64589,50.55797],[-3.64489,50.55802],[-3.64279,50.55833],[-3.64242,50.55844],[-3.64239,50.55846],[-3.64259,50.55866],[-3.64209,50.55889],[-3.64124,50.55958],[-3.64037,50.56038],[-3.63999,50.56057],[-3.63965,50.56054],[-3.63932,50.56046],[-3.63808,50.55973],[-3.63704,50.55926],[-3.636,50.55891],[-3.63485,50.55864],[-3.63255,50.55827],[-3.63254,50.5583],[-3.6325,50.55825],[-3.6325,50.55832],[-3.63244,50.5583],[-3.63233,50.55837],[-3.63221,50.55856],[-3.63199,50.55877],[-3.63224,50.55897],[-3.63266,50.5596],[-3.63289,50.55975],[-3.63181,50.56032],[-3.63191,50.56046],[-3.6318,50.5605],[-3.63212,50.56102],[-3.63339,50.56102],[-3.63363,50.5611],[-3.6339,50.5611],[-3.63407,50.56117],[-3.63449,50.5612],[-3.63463,50.56119],[-3.63468,50.56112],[-3.63473,50.56112],[-3.63465,50.56123],[-3.63443,50.56124],[-3.63408,50.56121],[-3.63387,50.56113],[-3.63365,50.56114],[-3.63337,50.56106],[-3.63237,50.56106],[-3.63258,50.56112],[-3.63275,50.56123],[-3.63336,50.56122],[-3.63363,50.56138],[-3.63389,50.56135],[-3.63445,50.56147],[-3.63499,50.56176],[-3.63781,50.56237],[-3.63807,50.56251],[-3.63871,50.56254],[-3.63895,50.5625],[-3.63941,50.56257],[-3.63962,50.56255],[-3.63998,50.5626],[-3.64015,50.56258],[-3.64043,50.56261],[-3.64089,50.56274],[-3.64172,50.56279],[-3.64197,50.56272],[-3.64234,50.56272],[-3.64282,50.5628],[-3.64282,50.56284],[-3.64234,50.56275],[-3.642,50.56274],[-3.64175,50.56282],[-3.64128,50.5628],[-3.64086,50.56277],[-3.6404,50.56264],[-3.63936,50.5626],[-3.63902,50.56255],[-3.63805,50.56257],[-3.63792,50.56247],[-3.63785,50.56267],[-3.63786,50.56244],[-3.6377,50.56237],[-3.63491,50.56175],[-3.6347,50.5622],[-3.63429,50.56216],[-3.63459,50.56239],[-3.63832,50.56473],[-3.63841,50.56475],[-3.63829,50.56477],[-3.63842,50.56485],[-3.63848,50.56476],[-3.63849,50.56484],[-3.64148,50.56677],[-3.64504,50.56877],[-3.64511,50.56882],[-3.64499,50.5688],[-3.64526,50.56895],[-3.64522,50.56888],[-3.64647,50.56956]],[[-3.64577,50.55949],[-3.64591,50.55945],[-3.64571,50.5596],[-3.64577,50.55949]],[[-3.64561,50.55979],[-3.64571,50.5596],[-3.6457,50.55974],[-3.64561,50.55979]],[[-3.64543,50.5599],[-3.64556,50.55988],[-3.64538,50.56023],[-3.64507,50.56062],[-3.64413,50.56128],[-3.64398,50.56157],[-3.64394,50.56156],[-3.6441,50.56126],[-3.6446,50.56089],[-3.64461,50.56084],[-3.64492,50.56068],[-3.64503,50.56058],[-3.64532,50.56021],[-3.64541,50.56],[-3.64548,50.55999],[-3.64543,50.5599]],[[-3.64288,50.56282],[-3.64341,50.56268],[-3.6434,50.56255],[-3.64352,50.56243],[-3.64392,50.56158],[-3.64396,50.56159],[-3.64347,50.56257],[-3.64347,50.56272],[-3.64289,50.56285],[-3.64288,50.56282]],[[-3.63788,50.56269],[-3.63782,50.56349],[-3.63795,50.56369],[-3.63779,50.56377],[-3.63779,50.56386],[-3.63773,50.56386],[-3.63775,50.56376],[-3.63788,50.56367],[-3.63776,50.56353],[-3.63788,50.56269]],[[-3.6384,50.56472],[-3.63769,50.56423],[-3.63773,50.5639],[-3.63779,50.5639],[-3.63773,50.56422],[-3.63844,50.56469],[-3.6384,50.56472]],[[-3.64413,50.56448],[-3.64411,50.56451],[-3.64403,50.56452],[-3.64413,50.56448]],[[-3.63856,50.56476],[-3.63916,50.56512],[-3.63912,50.56515],[-3.63851,50.56479],[-3.63856,50.56476]],[[-3.63941,50.56516],[-3.63924,50.56519],[-3.63915,50.56516],[-3.63938,50.56512],[-3.63941,50.56516]]]}},
{"type":"Feature","properties":{"types":"Playing Field","area_m2":13182.3},"geometry":{"type":"Polygon","coordinates":[[[-3.72492,50.57154],[-3.72526,50.57067],[-3.72504,50.5705],[-3.72492,50.57017],[-3.72427,50.57033],[-3.72343,50.5706],[-3.72372,50.57094],[-3.72359,50.57097],[-3.72377,50.57114],[-3.72394,50.57151],[-3.72492,50.57154]]]}},
{"type":"Feature","properties":{"types":"Playing Field","area_m2":9896.0},"geometry":{"type":"Polygon","coordinates":[[[-3.63594,50.58587],[-3.63634,50.5859],[-3.63642,50.58593],[-3.63723,50.58595],[-3.63732,50.586],[-3.63788,50.58562],[-3.63702,50.58527],[-3.63598,50.58494],[-3.63598,50.58497],[-3.6359,50.58498],[-3.63594,50.58587]]]}},
{"type":"Feature","properties":{"types":"Other Sports Facility; Play Space; Playing Field","area_m2":28516.3},"geometry":{"type":"Polygon","coordinates":[[[-3.67795,50.58498],[-3.6776,50.58516],[-3.67718,50.58523],[-3.67697,50.58537],[-3.67681,50.58554],[-3.67658,50.58564],[-3.67655,50.58568],[-3.67673,50.58579],[-3.67675,50.58588],[-3.67751,50.58677],[-3.67755,50.58708],[-3.67886,50.58688],[-3.67949,50.58586],[-3.67899,50.58539],[-3.67887,50.58549],[-3.67898,50.58556],[-3.67885,50.58549],[-3.67874,50.58557],[-3.67831,50.58539],[-3.6786,50.58516],[-3.67806,50.58485],[-3.67795,50.58498]],[[-3.67841,50.58525],[-3.67812,50.58549],[-3.67779,50.58531],[-3.6781,50.58508],[-3.67841,50.58525]]]}},
{"type":"Feature","properties":{"types":"Play Space; Public Park Or Garden","area_m2":5935.8},"geometry":{"type":"Polygon","coordinates":[[[-3.65904,50.59052],[-3.65906,50.59042],[-3.65891,50.59034],[-3.65886,50.59036],[-3.65858,50.59013],[-3.65867,50.59012],[-3.65882,50.59001],[-3.6585,50.58982],[-3.65827,50.58983],[-3.65823,50.58986],[-3.65804,50.58985],[-3.65809,50.59008],[-3.6582,50.59019],[-3.65832,50.59088],[-3.65883,50.59083],[-3.6592,50.59088],[-3.65936,50.59075],[-3.65917,50.59062],[-3.6592,50.5906],[-3.65904,50.59052]]]}},
{"type":"Feature","properties":{"types":"Play Space; Playing Field; Public Park Or Garden","area_m2":60088.8},"geometry":{"type":"Polygon","coordinates":[[[-3.67848,50.59379],[-3.67876,50.59416],[-3.67905,50.59438],[-3.67923,50.59446],[-3.68057,50.59471],[-3.68096,50.59469],[-3.68125,50.59473],[-3.68113,50.59463],[-3.68111,50.5934],[-3.68063,50.59328],[-3.68015,50.59283],[-3.6799,50.59242],[-3.67962,50.59229],[-3.67921,50.59177],[-3.6791,50.59172],[-3.67882,50.59167],[-3.67811,50.59218],[-3.67768,50.59194],[-3.67751,50.59197],[-3.67727,50.59156],[-3.67703,50.59159],[-3.67695,50.5915],[-3.67723,50.59141],[-3.67631,50.59169],[-3.67639,50.5919],[-3.67667,50.59217],[-3.67694,50.59256],[-3.67713,50.59269],[-3.67742,50.59301],[-3.67765,50.59308],[-3.67795,50.59325],[-3.67848,50.59379]]]}},
{"type":"Feature","properties":{"types":"Other Sports Facility; Public Park Or Garden","area_m2":37852.1},"geometry":{"type":"Polygon","coordinates":[[[-3.67662,50.59226],[-3.67635,50.59207],[-3.67622,50.59188],[-3.67616,50.59185],[-3.67603,50.59188],[-3.67591,50.59195],[-3.67555,50.59234],[-3.67546,50.59253],[-3.67672,50.59334],[-3.67767,50.59383],[-3.6778,50.59394],[-3.67774,50.59397],[-3.67785,50.59402],[-3.67781,50.59411],[-3.67834,50.5944],[-3.67862,50.59477],[-3.67856,50.59483],[-3.67873,50.59478],[-3.6786,50.59486],[-3.67872,50.59481],[-3.67885,50.59493],[-3.67978,50.59547],[-3.68056,50.59625],[-3.6808,50.59625],[-3.68108,50.59632],[-3.68111,50.59526],[-3.68104,50.59524],[-3.68103,50.5952],[-3.68112,50.59517],[-3.68112,50.59507],[-3.68121,50.59502],[-3.68116,50.59496],[-3.68125,50.59481],[-3.68,50.59475],[-3.67898,50.59443],[-3.67872,50.59423],[-3.67791,50.59333],[-3.67727,50.59301],[-3.67704,50.59274],[-3.67664,50.59242],[-3.67668,50.59234],[-3.67662,50.59226]]]}},
{"type":"Feature","properties":{"types":"Allotments Or Community Growing Spaces","area_m2":16707.0},"geometry":{"type":"Polygon","coordinates":[[[-3.67622,50.59776],[-3.67569,50.59734],[-3.67593,50.59716],[-3.67537,50.59695],[-3.67512,50.59747],[-3.67439,50.59726],[-3.67401,50.59719],[-3.67397,50.59775],[-3.6739,50.59784],[-3.67458,50.59854],[-3.67497,50.59846],[-3.67575,50.59812],[-3.6762,50.59781],[-3.67622,50.59776]]]}},
{"type":"Feature","properties":{"types":"Playing Field","area_m2":14266.9},"geometry":{"type":"Polygon","coordinates":[[[-3.64432,50.61664],[-3.64453,50.61688],[-3.6446,50.6169],[-3.64534,50.6167],[-3.64632,50.61614],[-3.64616,50.616],[-3.64602,50.61574],[-3.64585,50.61558],[-3.64396,50.61596],[-3.6442,50.61629],[-3.64432,50.61664]]]}},
{"type":"Feature","properties":{"types":"Allotments Or Community Growing Spaces","area_m2":5600.7},"geometry":{"type":"Polygon","coordinates":[[[-3.65476,50.61692],[-3.65472,50.61716],[-3.65492,50.61734],[-3.65522,50.61755],[-3.65576,50.61771],[-3.6557,50.61665],[-3.65476,50.61692]]]}},
{"type":"Feature","properties":{"types":"Allotments Or Community Growing Spaces; Play Space","area_m2":17960.4},"geometry":{"type":"Polygon","coordinates":[[[-3.64483,50.61696],[-3.64477,50.61694],[-3.64457,50.61699],[-3.64472,50.61723],[-3.64411,50.6174],[-3.64222,50.61753],[-3.64216,50.61725],[-3.64166,50.61724],[-3.64183,50.61755],[-3.64214,50.61753],[-3.64226,50.61796],[-3.64212,50.61799],[-3.64233,50.61846],[-3.64366,50.61821],[-3.64407,50.61812],[-3.64439,50.61799],[-3.645,50.61741],[-3.64508,50.6173],[-3.64483,50.61696]]]}},
{"type":"Feature","properties":{"types":"Playing Field","area_m2":11236.6},"geometry":{"type":"Polygon","coordinates":[[[-3.71745,50.618],[-3.7171,50.61791],[-3.71648,50.61803],[-3.71645,50.6181],[-3.71655,50.61824],[-3.71626,50.61845],[-3.71628,50.61866],[-3.71622,50.61878],[-3.7163,50.6189],[-3.71623,50.61902],[-3.71609,50.61912],[-3.71697,50.61939],[-3.71761,50.61829],[-3.71769,50.61799],[-3.71745,50.618]]]}},
{"type":"Feature","properties":{"types":"Play Space; Playing Field","area_m2":21288.9},"geometry":{"type":"Polygon","coordinates":[[[-3.64231,50.65408],[-3.64177,50.65432],[-3.64201,50.65457],[-3.64292,50.65425],[-3.64428,50.65475],[-3.6445,50.65449],[-3.64491,50.65466],[-3.6452,50.65434],[-3.64537,50.65441],[-3.64541,50.65437],[-3.64545,50.65439],[-3.64565,50.65419],[-3.64566,50.65412],[-3.64576,50.6541],[-3.64563,50.65381],[-3.64576,50.65363],[-3.64528,50.65341],[-3.64494,50.65336],[-3.64445,50.65346],[-3.64231,50.65408]],[[-3.64303,50.65392],[-3.64329,50.65418],[-3.64308,50.65426],[-3.64282,50.654],[-3.64303,50.65392]],[[-3.64279,50.654],[-3.64292,50.65413],[-3.6425,50.65428],[-3.64238,50.65416],[-3.64279,50.654]],[[-3.6423,50.65419],[-3.64243,50.65432],[-3.642,50.65447],[-3.64189,50.65435],[-3.6423,50.65419]]]}},
{"type":"Feature","properties":{"types":"Allotments Or Community Growing Spaces","area_m2":5918.7},"geometry":{"type":"Polygon","coordinates":[[[-3.64394,50.6583],[-3.64338,50.65838],[-3.64344,50.65911],[-3.64365,50.6591],[-3.64367,50.65922],[-3.64346,50.65922],[-3.64356,50.65955],[-3.64373,50.65946],[-3.64427,50.65896],[-3.64437,50.65881],[-3.64394,50.6583]]]}},
{"type":"Feature","properties":{"types":"Public Park Or Garden","area_m2":17863.0},"geometry":{"type":"Polygon","coordinates":[[[-3.68189,50.66656],[-3.68186,50.66645],[-3.68138,50.66638],[-3.68035,50.66607],[-3.6791,50.66578],[-3.67921,50.66704],[-3.68168,50.66692],[-3.68189,50.66656]]]}},
{"type":"Feature","properties":{"types":"Play Space","area_m2":5014.8},"geometry":{"type":"Polygon","coordinates":[[[-3.67329,50.66692],[-3.67334,50.66665],[-3.67351,50.66667],[-3.67354,50.66649],[-3.67361,50.66649],[-3.6736,50.66624],[-3.67233,50.66619],[-3.67278,50.66691],[-3.67329,50.66692]]]}},
{"type":"Feature","properties":{"types":"Playing Field","area_m2":38682.7},"geometry":{"type":"Polygon","coordinates":[[[-3.64493,50.66866],[-3.64476,50.66864],[-3.64544,50.6696],[-3.64583,50.67051],[-3.64607,50.67075],[-3.64628,50.67106],[-3.6465,50.67117],[-3.64664,50.67119],[-3.64693,50.67113],[-3.6469,50.67099],[-3.6471,50.67095],[-3.64731,50.67098],[-3.64745,50.67107],[-3.64765,50.67102],[-3.64847,50.67057],[-3.64841,50.6704],[-3.64769,50.67002],[-3.64718,50.66962],[-3.64686,50.66918],[-3.64651,50.66845],[-3.64604,50.66847],[-3.64556,50.66862],[-3.64539,50.6686],[-3.64493,50.66866]]]}},
{"type":"Feature","properties":{"types":"Playing Field","area_m2":18405.5},"geometry":{"type":"Polygon","coordinates":[[[-3.68518,50.68525],[-3.68502,50.68498],[-3.68484,50.68493],[-3.68471,50.685],[-3.68354,50.68444],[-3.68319,50.6844],[-3.68279,50.68448],[-3.68209,50.68479],[-3.68281,50.68569],[-3.68377,50.68552],[-3.68384,50.68548],[-3.68389,50.6855],[-3.68503,50.68534],[-3.68516,50.68532],[-3.68514,50.68525],[-3.68518,50.68525]]]}},
{"type":"Feature","properties":{"types":"Allotments Or Community Growing Spaces","area_m2":5289.6},"geometry":{"type":"Polygon","coordinates":[[[-3.68943,50.6891],[-3.68888,50.68851],[-3.6883,50.68872],[-3.68831,50.68922],[-3.68845,50.6895],[-3.68943,50.6891]]]}},
{"type":"Feature","properties":{"types":"Other Sports Facility","area_m2":7397.4},"geometry":{"type":"Polygon","coordinates":[[[-3.64855,50.72729],[-3.64861,50.72721],[-3.64804,50.72714],[-3.64816,50.7274],[-3.64874,50.72823],[-3.6488,50.72822],[-3.64906,50.72853],[-3.64932,50.72841],[-3.6491,50.72811],[-3.64955,50.72799],[-3.64959,50.72794],[-3.64943,50.72789],[-3.64956,50.72761],[-3.64916,50.72753],[-3.64855,50.72729]]]}},
{"type":"Feature","properties":{"types":"Playing Field","area_m2":40745.2},"geometry":{"type":"Polygon","coordinates":[[[-3.65584,50.72951],[-3.65674,50.72877],[-3.65596,50.72843],[-3.65484,50.72805],[-3.65442,50.72786],[-3.65353,50.72764],[-3.65333,50.72763],[-3.65312,50.72785],[-3.65308,50.72781],[-3.6528,50.72794],[-3.65272,50.72802],[-3.65287,50.72822],[-3.65297,50.72867],[-3.65321,50.72897],[-3.65375,50.7294],[-3.65392,50.72964],[-3.65434,50.72988],[-3.65442,50.73003],[-3.65499,50.72972],[-3.65584,50.72951]],[[-3.654,50.72808],[-3.65393,50.72813],[-3.65398,50.72807],[-3.654,50.72808]]]}},
{"type":"Feature","properties":{"types":"Allotments Or Community Growing Spaces","area_m2":6478.2},"geometry":{"type":"Polygon","coordinates":[[[-3.68604,50.72855],[-3.68554,50.72854],[-3.68513,50.7284],[-3.68441,50.7292],[-3.68516,50.72944],[-3.68604,50.72855]]]}},
{"type":"Feature","properties":{"types":"Play Space; Playing Field","area_m2":15378.6},"geometry":{"type":"Polygon","coordinates":[[[-3.67584,50.73552],[-3.67587,50.73545],[-3.67572,50.73547],[-3.6758,50.73559],[-3.67583,50.73579],[-3.67586,50.73645],[-3.6758,50.73729],[-3.67586,50.73731],[-3.67584,50.73766],[-3.67775,50.73767],[-3.67793,50.73764],[-3.67807,50.73661],[-3.67686,50.73665],[-3.67651,50.7369],[-3.67593,50.73699],[-3.67592,50.73576],[-3.67587,50.73548],[-3.67584,50.73552]],[[-3.67599,50.73757],[-3.67596,50.73728],[-3.67641,50.73726],[-3.67645,50.73755],[-3.67599,50.73757]]]}},
{"type":"Feature","properties":{"types":"Play Space; Playing Field","area_m2":10425.1},"geometry":{"type":"Polygon","coordinates":[[[-3.7304,50.77407],[-3.7304,50.77392],[-3.73049,50.7739],[-3.73049,50.77387],[-3.72999,50.7739],[-3.73001,50.77397],[-3.72995,50.77398],[-3.72989,50.77424],[-3.72981,50.77426],[-3.73014,50.77496],[-3.73146,50.77452],[-3.73174,50.77435],[-3.73127,50.77381],[-3.7308,50.77385],[-3.73082,50.77405],[-3.7304,50.77407]]]}},
{"type":"Feature","properties":{"types":"Allotments Or Community Growing Spaces","area_m2":8383.3},"geometry":{"type":"Polygon","coordinates":[[[-3.65395,50.78783],[-3.65398,50.7881],[-3.65426,50.78809],[-3.65431,50.78826],[-3.65443,50.78842],[-3.65454,50.78848],[-3.65543,50.78846],[-3.65608,50.78777],[-3.65428,50.78779],[-3.65395,50.78783]]]}},
{"type":"Feature","properties":{"types":"Allotments Or Community Growing Spaces","area_m2":6040.5},"geometry":{"type":"Polygon","coordinates":[[[-3.64641,50.78915],[-3.64587,50.78941],[-3.64582,50.7895],[-3.64595,50.78961],[-3.6453,50.7897],[-3.64497,50.78982],[-3.64612,50.78961],[-3.64584,50.7895],[-3.64593,50.78942],[-3.6464,50.78928],[-3.6465,50.78922],[-3.64648,50.78919],[-3.64687,50.78915],[-3.64723,50.78901],[-3.64645,50.78824],[-3.64588,50.78835],[-3.64586,50.78839],[-3.64641,50.78905],[-3.64641,50.78915]]]}},
{"type":"Feature","properties":{"types":"Allotments Or Community Growing Spaces; Play Space; Public Park Or Garden","area_m2":23576.4},"geometry":{"type":"Polygon","coordinates":[[[-3.65521,50.79009],[-3.65523,50.79005],[-3.65517,50.79003],[-3.65526,50.7899],[-3.65455,50.78969],[-3.65445,50.78986],[-3.65444,50.7904],[-3.65287,50.79044],[-3.6529,50.79063],[-3.65299,50.79076],[-3.65307,50.79128],[-3.65312,50.7914],[-3.65437,50.79134],[-3.65438,50.79119],[-3.65447,50.79113],[-3.65584,50.79116],[-3.65581,50.79137],[-3.65586,50.79116],[-3.65618,50.79117],[-3.65623,50.79078],[-3.65654,50.79093],[-3.65672,50.79058],[-3.65639,50.7905],[-3.65622,50.79077],[-3.65565,50.79044],[-3.65547,50.79014],[-3.65521,50.79009]],[[-3.656,50.791],[-3.65542,50.79103],[-3.65537,50.79066],[-3.65594,50.79064],[-3.656,50.791]],[[-3.65604,50.79094],[-3.656,50.79073],[-3.65619,50.79079],[-3.65621,50.79093],[-3.65604,50.79094]]]}},
{"type":"Feature","properties":{"types":"Allotments Or Community Growing Spaces; Other Sports Facility; Play Space; Playing Field","area_m2":103470.1},"geometry":{"type":"Polygon","coordinates":[[[-3.64572,50.79263],[-3.64672,50.7916],[-3.64474,50.79153],[-3.64486,50.79121],[-3.645,50.791],[-3.64483,50.79098],[-3.64457,50.7908],[-3.64091,50.7916],[-3.6413,50.79229],[-3.64071,50.79251],[-3.63658,50.79376],[-3.63719,50.79439],[-3.63737,50.79441],[-3.63833,50.79415],[-3.63954,50.79389],[-3.64342,50.79267],[-3.64362,50.79274],[-3.64397,50.7927],[-3.64364,50.79296],[-3.64311,50.79318],[-3.64457,50.79361],[-3.64535,50.79307],[-3.64572,50.79263]],[[-3.64279,50.79252],[-3.64262,50.7922],[-3.64344,50.79203],[-3.64361,50.79234],[-3.64279,50.79252]]]}},
{"type":"Feature","properties":{"types":"Public Park Or Garden","area_m2":13312.4},"geometry":{"type":"Polygon","coordinates":[[[-3.65843,50.79317],[-3.65876,50.79316],[-3.65875,50.79346],[-3.65878,50.79316],[-3.66072,50.79315],[-3.66074,50.79348],[-3.66075,50.79316],[-3.66163,50.79317],[-3.66253,50.7933],[-3.66387,50.79342],[-3.66382,50.79336],[-3.66323,50.79314],[-3.65981,50.79274],[-3.65835,50.79266],[-3.65843,50.79317]]]}},
{"type":"Feature","properties":{"types":"Playing Field","area_m2":22526.2},"geometry":{"type":"Polygon","coordinates":[[[-3.64572,50.79296],[-3.64562,50.79308],[-3.64575,50.79318],[-3.64586,50.79312],[-3.64592,50.79322],[-3.64517,50.7936],[-3.64508,50.79373],[-3.64512,50.79386],[-3.64476,50.79382],[-3.64377,50.79449],[-3.6445,50.79477],[-3.6456,50.79407],[-3.64605,50.79427],[-3.64733,50.79354],[-3.64626,50.79236],[-3.64616,50.79244],[-3.64622,50.79257],[-3.64619,50.79269],[-3.64572,50.79296]]]}},
{"type":"Feature","properties":{"types":"Playing Field","area_m2":11094.8},"geometry":{"type":"Polygon","coordinates":[[[-3.66326,50.79469],[-3.66176,50.7949],[-3.66176,50.79481],[-3.6617,50.79479],[-3.66162,50.79548],[-3.66372,50.79561],[-3.66372,50.79552],[-3.66361,50.79547],[-3.66362,50.79531],[-3.66326,50.79469]]]}},
{"type":"Feature","properties":{"types":"Playing Field","area_m2":31420.0},"geometry":{"type":"Polygon","coordinates":[[[-3.65281,50.79488],[-3.65288,50.7956],[-3.65342,50.79569],[-3.65435,50.79574],[-3.65847,50.79563],[-3.65793,50.79526],[-3.65701,50.79489],[-3.65281,50.79488]]]}},
{"type":"Feature","properties":{"types":"Play Space; Playing Field","area_m2":7416.7},"geometry":{"type":"Polygon","coordinates":[[[-3.67054,50.79597],[-3.6706,50.79566],[-3.67027,50.7955],[-3.67006,50.79544],[-3.6697,50.79541],[-3.66932,50.79544],[-3.66894,50.79553],[-3.66907,50.79572],[-3.66939,50.79601],[-3.66958,50.79611],[-3.67034,50.79628],[-3.67054,50.79597]]]}},
{"type":"Feature","properties":{"types":"Playing Field","area_m2":29172.7},"geometry":{"type":"Polygon","coordinates":[[[-3.6619,50.7994],[-3.66116,50.79946],[-3.66093,50.79952],[-3.66073,50.79961],[-3.66061,50.79976],[-3.66056,50.79994],[-3.6607,50.80025],[-3.66133,50.8007],[-3.66174,50.80142],[-3.66323,50.80119],[-3.66383,50.80114],[-3.6639,50.80108],[-3.66401,50.80075],[-3.66385,50.80053],[-3.66352,50.8003],[-3.66296,50.8003],[-3.66296,50.80022],[-3.66204,50.80009],[-3.6619,50.7994]]]}},
{"type":"Feature","properties":{"types":"Public Park Or Garden","area_m2":23747.6},"geometry":{"type":"Polygon","coordinates":[[[-3.66371,50.80635],[-3.66463,50.80619],[-3.66453,50.80597],[-3.66454,50.80567],[-3.66477,50.80464],[-3.66484,50.80461],[-3.66537,50.80366],[-3.66551,50.80347],[-3.66565,50.80341],[-3.66564,50.80338],[-3.66549,50.80344],[-3.66533,50.80365],[-3.66477,50.80462],[-3.66436,50.80476],[-3.66433,50.80482],[-3.6643,50.80476],[-3.66423,50.80481],[-3.66418,50.8048],[-3.6651,50.80371],[-3.66533,50.80356],[-3.66545,50.80337],[-3.66507,50.80367],[-3.66392,50.80506],[-3.66335,50.80607],[-3.66326,50.80648],[-3.66323,50.80655],[-3.66315,50.80656],[-3.66279,50.80742],[-3.66375,50.80724],[-3.66415,50.80713],[-3.66441,50.80715],[-3.66461,50.80711],[-3.66459,50.80659],[-3.66469,50.80633],[-3.66462,50.80626],[-3.66452,50.80625],[-3.6637,50.80638],[-3.66358,50.80644],[-3.66356,50.8064],[-3.66371,50.80635]]]}},
{"type":"Feature","properties":{"types":"Play Space; Playing Field","area_m2":11391.4},"geometry":{"type":"Polygon","coordinates":[[[-3.66135,50.80743],[-3.66108,50.80736],[-3.66081,50.80736],[-3.66065,50.80743],[-3.66047,50.80764],[-3.66076,50.80829],[-3.66259,50.80803],[-3.66239,50.80768],[-3.66258,50.80753],[-3.6618,50.80725],[-3.66135,50.80743]],[[-3.66237,50.8077],[-3.66253,50.80801],[-3.66226,50.80807],[-3.66211,50.80775],[-3.66237,50.8077]]]}},
{"type":"Feature","properties":{"types":"Allotments Or Community Growing Spaces","area_m2":6119.1},"geometry":{"type":"Polygon","coordinates":[[[-3.66218,50.81054],[-3.6618,50.81053],[-3.66203,50.81174],[-3.66285,50.81166],[-3.6627,50.81091],[-3.66222,50.81096],[-3.66218,50.81054]]]}},
{"type":"Feature","properties":{"types":"Playing Field","area_m2":12426.2},"geometry":{"type":"Polygon","coordinates":[[[-3.74378,50.81228],[-3.74367,50.81236],[-3.74358,50.81235],[-3.7433,50.81248],[-3.74238,50.81297],[-3.74269,50.8133],[-3.74309,50.8135],[-3.74364,50.81346],[-3.74394,50.81339],[-3.7446,50.81311],[-3.74417,50.81261],[-3.74378,50.81228]]]}},
{"type":"Feature","properties":{"types":"Play Space; Playing Field","area_m2":23370.6},"geometry":{"type":"Polygon","coordinates":[[[-3.74632,50.85966],[-3.74636,50.85968],[-3.74633,50.85922],[-3.74713,50.85921],[-3.74711,50.85956],[-3.74725,50.85956],[-3.74739,50.85924],[-3.74801,50.85818],[-3.74795,50.85815],[-3.74809,50.85793],[-3.74852,50.85745],[-3.7486,50.85741],[-3.74845,50.85731],[-3.74785,50.85744],[-3.74609,50.85762],[-3.7462,50.85831],[-3.74632,50.85966]],[[-3.74782,50.85745],[-3.7479,50.85775],[-3.74767,50.85778],[-3.74759,50.85748],[-3.74782,50.85745]]]}},
{"type":"Feature","properties":{"types":"Playing Field","area_m2":20849.4},"geometry":{"type":"Polygon","coordinates":[[[-3.66064,50.91142],[-3.66044,50.91139],[-3.65949,50.91164],[-3.65945,50.91282],[-3.66144,50.91274],[-3.66188,50.91271],[-3.66212,50.91264],[-3.6619,50.91236],[-3.66093,50.91157],[-3.66064,50.91142]]]}},
{"type":"Feature","properties":{"types":"Play Space; Playing Field","area_m2":6179.0},"geometry":{"type":"Polygon","coordinates":[[[-3.69848,50.91258],[-3.6996,50.91264],[-3.69966,50.91224],[-3.69902,50.91221],[-3.69887,50.91211],[-3.69872,50.91182],[-3.69815,50.91191],[-3.69804,50.91196],[-3.69831,50.91253],[-3.69841,50.91255],[-3.69844,50.91262],[-3.69848,50.91258]]]}},
{"type":"Feature","properties":{"types":"Other Sports Facility","area_m2":21994.2},"geometry":{"type":"Polygon","coordinates":[[[-3.69904,50.91422],[-3.69888,50.9141],[-3.69739,50.91425],[-3.69702,50.9144],[-3.69684,50.91468],[-3.69642,50.91491],[-3.6971,50.91576],[-3.69872,50.91553],[-3.69843,50.91482],[-3.69885,50.91472],[-3.69874,50.91454],[-3.69919,50.91443],[-3.69904,50.91422]]]}},
{"type":"Feature","properties":{"types":"Playing Field","area_m2":54429.0},"geometry":{"type":"Polygon","coordinates":[[[-3.6624,50.93036],[-3.66249,50.93038],[-3.66256,50.9303],[-3.66115,50.92982],[-3.65961,50.92908],[-3.65916,50.92893],[-3.65864,50.92963],[-3.65823,50.93009],[-3.6579,50.93068],[-3.65769,50.93131],[-3.6602,50.93133],[-3.66136,50.93128],[-3.66151,50.93101],[-3.6624,50.93036]]]}},
{"type":"Feature","properties":{"types":"Public Park Or Garden","area_m2":22152.1},"geometry":{"type":"Polygon","coordinates":[[[-3.6704,50.9824],[-3.67062,50.9824],[-3.67077,50.98181],[-3.669,50.98131],[-3.66865,50.98128],[-3.66751,50.98147],[-3.66728,50.98224],[-3.66735,50.98229],[-3.66744,50.9823],[-3.66749,50.98224],[-3.66756,50.98224],[-3.66755,50.9823],[-3.66819,50.98229],[-3.66887,50.98237],[-3.66914,50.98228],[-3.66936,50.98226],[-3.66993,50.98234],[-3.67021,50.98232],[-3.6704,50.9824]]]}},
{"type":"Feature","properties":{"types":"Public Park Or Garden","area_m2":21858.0},"geometry":{"type":"Polygon","coordinates":[[[-3.66797,50.98331],[-3.66719,50.98362],[-3.66745,50.98372],[-3.66842,50.98394],[-3.6689,50.9841],[-3.669,50.98395],[-3.67061,50.984],[-3.67069,50.98308],[-3.67026,50.98306],[-3.66935,50.98294],[-3.66862,50.98292],[-3.66808,50.98313],[-3.66799,50.98324],[-3.66815,50.98329],[-3.66797,50.98331]]]}},
{"type":"Feature","properties":{"types":"Allotments Or Community Growing Spaces","area_m2":13944.7},"geometry":{"type":"Polygon","coordinates":[[[-3.69273,51.14886],[-3.69353,51.14908],[-3.69333,51.1485],[-3.69333,51.1481],[-3.69341,51.14806],[-3.69359,51.1482],[-3.69366,51.14819],[-3.69323,51.14788],[-3.6927,51.14774],[-3.69223,51.14786],[-3.69162,51.14767],[-3.69149,51.14801],[-3.69148,51.14843],[-3.69252,51.14875],[-3.69273,51.14886]]]}},
{"type":"Feature","properties":{"types":"Allotments Or Community Growing Spaces","area_m2":9810.7},"geometry":{"type":"Polygon","coordinates":[[[-3.61009,50.32747],[-3.61014,50.32745],[-3.60921,50.32606],[-3.6078,50.32649],[-3.60775,50.32654],[-3.60776,50.32659],[-3.60948,50.32714],[-3.60971,50.32724],[-3.61009,50.32747]]]}},
{"type":"Feature","properties":{"types":"Other Sports Facility; Play Space; Playing Field","area_m2":17853.9},"geometry":{"type":"Polygon","coordinates":[[[-3.59855,50.32674],[-3.59789,50.32684],[-3.59782,50.32691],[-3.59774,50.32693],[-3.59755,50.32738],[-3.59749,50.32736],[-3.59746,50.32743],[-3.59754,50.32742],[-3.59747,50.32791],[-3.59839,50.32773],[-3.599,50.32752],[-3.59907,50.32766],[-3.6001,50.32732],[-3.59991,50.32685],[-3.59964,50.32652],[-3.59958,50.32651],[-3.59855,50.32674]]]}},
{"type":"Feature","properties":{"types":"Allotments Or Community Growing Spaces; Playing Field","area_m2":20618.2},"geometry":{"type":"Polygon","coordinates":[[[-3.59966,50.33116],[-3.59971,50.33135],[-3.60005,50.33171],[-3.60165,50.33136],[-3.60199,50.33123],[-3.60139,50.3307],[-3.60049,50.32941],[-3.59966,50.33116]]]}},
{"type":"Feature","properties":{"types":"Other Sports Facility; Play Space","area_m2":71342.6},"geometry":{"type":"Polygon","coordinates":[[[-3.60042,50.34671],[-3.60099,50.34729],[-3.6011,50.34726],[-3.601,50.3473],[-3.60128,50.34758],[-3.6018,50.34736],[-3.60186,50.3473],[-3.60182,50.34721],[-3.60177,50.34721],[-3.60171,50.34717],[-3.60181,50.34711],[-3.60159,50.3469],[-3.60155,50.34682],[-3.60177,50.34683],[-3.60192,50.347],[-3.60257,50.34716],[-3.60393,50.34705],[-3.60429,50.34696],[-3.60313,50.34591],[-3.60264,50.3452],[-3.6024,50.34459],[-3.60202,50.34392],[-3.60143,50.34338],[-3.60106,50.3437],[-3.59955,50.3453],[-3.60083,50.3461],[-3.60082,50.3462],[-3.60042,50.34671]]]}},
{"type":"Feature","properties":{"types":"Playing Field","area_m2":11919.8},"geometry":{"type":"Polygon","coordinates":[[[-3.60009,50.34796],[-3.60017,50.34793],[-3.60006,50.34783],[-3.60044,50.34761],[-3.60003,50.34729],[-3.59961,50.34711],[-3.59919,50.34702],[-3.59859,50.34718],[-3.59822,50.34702],[-3.59808,50.34721],[-3.59789,50.34735],[-3.59794,50.34738],[-3.59816,50.3474],[-3.59868,50.3476],[-3.59963,50.34818],[-3.59981,50.34812],[-3.59984,50.34814],[-3.60011,50.34799],[-3.60009,50.34796]]]}},
{"type":"Feature","properties":{"types":"Public Park Or Garden","area_m2":11823.3},"geometry":{"type":"Polygon","coordinates":[[[-3.57759,50.35319],[-3.5782,50.35291],[-3.57861,50.35279],[-3.57886,50.35268],[-3.57897,50.35259],[-3.5789,50.35248],[-3.57829,50.35207],[-3.57816,50.35177],[-3.5774,50.35187],[-3.57713,50.35263],[-3.57732,50.35268],[-3.5773,50.35279],[-3.57759,50.35319]]]}},
{"type":"Feature","properties":{"types":"Other Sports Facility; Play Space; Playing Field","area_m2":13961.1},"geometry":{"type":"MultiPolygon","coordinates":[[[[-3.5779,50.35465],[-3.57762,50.35459],[-3.57733,50.35458],[-3.57733,50.35463],[-3.57718,50.35463],[-3.57718,50.35458],[-3.57709,50.35458],[-3.57691,50.35479],[-3.57691,50.355],[-3.57696,50.35504],[-3.57692,50.35529],[-3.57697,50.35529],[-3.57698,50.35537],[-3.57692,50.35537],[-3.57696,50.35586],[-3.57806,50.35581],[-3.57821,50.35591],[-3.57886,50.35524],[-3.57892,50.35508],[-3.57885,50.35491],[-3.57877,50.35485],[-3.57824,50.35475],[-3.57826,50.3547],[-3.57821,50.35474],[-3.57818,50.3547],[-3.57792,50.35461],[-3.5779,50.35465]],[[-3.57816,50.35545],[-3.5782,50.35484],[-3.57864,50.35484],[-3.57861,50.35546],[-3.57816,50.35545]],[[-3.57814,50.35476],[-3.5781,50.35481],[-3.57786,50.35474],[-3.5779,50.35468],[-3.57814,50.35476]]]]}},
{"type":"Feature","properties":{"types":"Playing Field","area_m2":14386.9},"geometry":{"type":"Polygon","coordinates":[[[-3.58914,50.35599],[-3.5891,50.35577],[-3.58924,50.35601],[-3.58997,50.35571],[-3.59075,50.35524],[-3.59024,50.35487],[-3.58991,50.3545],[-3.5898,50.35425],[-3.58947,50.35443],[-3.58921,50.3547],[-3.58893,50.35484],[-3.58887,50.35494],[-3.58889,50.35512],[-3.58884,50.35515],[-3.58895,50.35533],[-3.58896,50.35569],[-3.58914,50.35599]]]}},
{"type":"Feature","properties":{"types":"Play Space; Playing Field","area_m2":48365.9},"geometry":{"type":"Polygon","coordinates":[[[-3.58647,50.35567],[-3.58632,50.35561],[-3.58551,50.35581],[-3.58554,50.35603],[-3.58596,50.35681],[-3.5859,50.35681],[-3.58587,50.3569],[-3.58574,50.35698],[-3.58576,50.35701],[-3.58556,50.35708],[-3.5856,50.35723],[-3.58553,50.35724],[-3.58558,50.3574],[-3.5857,50.3574],[-3.58595,50.35732],[-3.58633,50.35771],[-3.58787,50.35735],[-3.58828,50.35701],[-3.58846,50.35695],[-3.58843,50.35691],[-3.58829,50.35697],[-3.58783,50.35731],[-3.58772,50.35733],[-3.58773,50.35713],[-3.58787,50.35699],[-3.58844,50.35681],[-3.58895,50.35659],[-3.58902,50.35649],[-3.5891,50.35647],[-3.58915,50.35614],[-3.58892,50.35571],[-3.58889,50.35529],[-3.58873,50.3551],[-3.58864,50.35508],[-3.58833,50.35512],[-3.58837,50.35517],[-3.58782,50.35534],[-3.58778,50.35531],[-3.58743,50.35535],[-3.58704,50.35549],[-3.58706,50.35552],[-3.58647,50.35567]]]}},
{"type":"Feature","properties":{"types":"Play Space","area_m2":7689.3},"geometry":{"type":"Polygon","coordinates":[[[-3.59846,50.38445],[-3.59839,50.38438],[-3.59821,50.38387],[-3.59807,50.38388],[-3.59746,50.38377],[-3.59667,50.38357],[-3.59664,50.38361],[-3.59687,50.38397],[-3.59743,50.38462],[-3.59745,50.38469],[-3.59752,50.38468],[-3.59749,50.38463],[-3.59832,50.3844],[-3.59817,50.38414],[-3.59814,50.38394],[-3.59818,50.38389],[-3.59821,50.38418],[-3.59839,50.38447],[-3.59846,50.38445]]]}},
{"type":"Feature","properties":{"types":"Other Sports Facility","area_m2":41369.8},"geometry":{"type":"Polygon","coordinates":[[[-3.58437,50.41281],[-3.58598,50.4123],[-3.58702,50.41221],[-3.58798,50.41201],[-3.58809,50.41192],[-3.58775,50.41117],[-3.58768,50.41065],[-3.58595,50.41071],[-3.58526,50.41064],[-3.58484,50.41142],[-3.58435,50.41204],[-3.58433,50.41212],[-3.58443,50.4123],[-3.58433,50.41238],[-3.58437,50.41281]]]}},
{"type":"Feature","properties":{"types":"Playing Field","area_m2":23823.0},"geometry":{"type":"Polygon","coordinates":[[[-3.57367,50.41249],[-3.5737,50.41253],[-3.57462,50.41249],[-3.57703,50.41222],[-3.57672,50.41135],[-3.57644,50.41138],[-3.57603,50.41136],[-3.57609,50.41157],[-3.57455,50.41144],[-3.57454,50.41147],[-3.57446,50.41144],[-3.5741,50.41144],[-3.57381,50.41131],[-3.57367,50.41249]]]}},
{"type":"Feature","properties":{"types":"Playing Field","area_m2":15024.4},"geometry":{"type":"Polygon","coordinates":[[[-3.61825,50.41398],[-3.61878,50.41376],[-3.6186,50.41362],[-3.61829,50.41379],[-3.61798,50.41346],[-3.61793,50.41347],[-3.61785,50.41338],[-3.61777,50.41341],[-3.61786,50.4135],[-3.6176,50.4135],[-3.61745,50.41353],[-3.61645,50.41396],[-3.61628,50.41408],[-3.61673,50.41452],[-3.61718,50.41486],[-3.61854,50.41427],[-3.61825,50.41398]]]}},
{"type":"Feature","properties":{"types":"Play Space; Public Park Or Garden","area_m2":11801.9},"geometry":{"type":"Polygon","coordinates":[[[-3.58965,50.4175],[-3.58953,50.41697],[-3.58829,50.41688],[-3.58825,50.4168],[-3.58769,50.4169],[-3.58699,50.41696],[-3.58696,50.41706],[-3.58705,50.4174],[-3.58669,50.41742],[-3.58676,50.41758],[-3.58712,50.41752],[-3.58714,50.41757],[-3.5877,50.41741],[-3.58824,50.41739],[-3.58833,50.41728],[-3.58841,50.4174],[-3.58909,50.41747],[-3.58924,50.41767],[-3.58957,50.41758],[-3.58954,50.41754],[-3.58965,50.4175]]]}},
{"type":"Feature","properties":{"types":"Play Space; Playing Field","area_m2":6598.1},"geometry":{"type":"Polygon","coordinates":[[[-3.58675,50.42469],[-3.58711,50.42464],[-3.58716,50.42461],[-3.5872,50.42429],[-3.58656,50.4242],[-3.58532,50.42441],[-3.58544,50.4249],[-3.58623,50.4247],[-3.58675,50.42469]]]}},
{"type":"Feature","properties":{"types":"Play Space; Playing Field","area_m2":23694.8},"geometry":{"type":"Polygon","coordinates":[[[-3.58427,50.43326],[-3.58509,50.43326],[-3.58576,50.43266],[-3.58512,50.43239],[-3.58519,50.43229],[-3.58409,50.43205],[-3.58332,50.43202],[-3.58176,50.43242],[-3.58175,50.43247],[-3.58206,50.43262],[-3.58234,50.43292],[-3.58339,50.43266],[-3.58394,50.43333],[-3.58427,50.43326]]]}},
{"type":"Feature","properties":{"types":"Allotments Or Community Growing Spaces; Play Space; Playing Field","area_m2":22312.0},"geometry":{"type":"Polygon","coordinates":[[[-3.58267,50.43857],[-3.58273,50.43838],[-3.58216,50.43828],[-3.58125,50.43805],[-3.58074,50.43847],[-3.58075,50.43851],[-3.58068,50.43852],[-3.58042,50.43873],[-3.58059,50.43878],[-3.58058,50.43882],[-3.58018,50.43897],[-3.57883,50.43933],[-3.57885,50.43936],[-3.57845,50.43947],[-3.57815,50.43963],[-3.57886,50.44],[-3.57883,50.43995],[-3.57915,50.43982],[-3.581,50.43926],[-3.58157,50.43905],[-3.58204,50.43896],[-3.58209,50.43884],[-3.58239,50.43867],[-3.58267,50.43857]]]}},
{"type":"Feature","properties":{"types":"Public Park Or Garden","area_m2":12416.9},"geometry":{"type":"Polygon","coordinates":[[[-3.58475,50.44999],[-3.58416,50.45004],[-3.58133,50.45016],[-3.58129,50.44986],[-3.5813,50.45016],[-3.58062,50.45019],[-3.57818,50.44991],[-3.57809,50.44997],[-3.5781,50.45001],[-3.57806,50.45003],[-3.57904,50.45019],[-3.5789,50.45056],[-3.57924,50.45062],[-3.57922,50.45023],[-3.58013,50.45038],[-3.58016,50.45077],[-3.58039,50.45076],[-3.58037,50.4504],[-3.58231,50.45029],[-3.58226,50.45055],[-3.58258,50.45053],[-3.58256,50.45028],[-3.58339,50.45024],[-3.5834,50.45051],[-3.5835,50.45051],[-3.58358,50.4505],[-3.58361,50.45023],[-3.58427,50.4502],[-3.58423,50.45047],[-3.58447,50.45049],[-3.58452,50.45023],[-3.58439,50.45018],[-3.58443,50.45012],[-3.58456,50.4501],[-3.58465,50.45015],[-3.58477,50.45015],[-3.58475,50.44999]]]}},
{"type":"Feature","properties":{"types":"Public Park Or Garden","area_m2":22291.7},"geometry":{"type":"Polygon","coordinates":[[[-3.5927,50.45076],[-3.59281,50.4507],[-3.59261,50.45056],[-3.59222,50.45046],[-3.592,50.45091],[-3.59198,50.45128],[-3.59214,50.45176],[-3.59257,50.45208],[-3.59297,50.45197],[-3.59301,50.45202],[-3.59404,50.45177],[-3.59474,50.45173],[-3.59487,50.45166],[-3.59485,50.45146],[-3.59533,50.45137],[-3.59608,50.45133],[-3.59617,50.45118],[-3.59567,50.4507],[-3.59345,50.45135],[-3.593,50.45158],[-3.59276,50.45166],[-3.59266,50.45143],[-3.5927,50.45076]]]}},
{"type":"Feature","properties":{"types":"Play Space; Public Park Or Garden","area_m2":10400.5},"geometry":{"type":"Polygon","coordinates":[[[-3.59783,50.45949],[-3.59767,50.45952],[-3.59738,50.45987],[-3.59757,50.45988],[-3.59752,50.46029],[-3.59762,50.46061],[-3.59773,50.46077],[-3.59788,50.46063],[-3.59825,50.4606],[-3.5986,50.46061],[-3.59884,50.46071],[-3.59865,50.4606],[-3.59844,50.46057],[-3.59887,50.46042],[-3.59907,50.46011],[-3.59905,50.46005],[-3.59841,50.46013],[-3.59839,50.45968],[-3.59847,50.45947],[-3.59859,50.45932],[-3.59844,50.45925],[-3.59833,50.45926],[-3.59783,50.45949]]]}},
{"type":"Feature","properties":{"types":"Playing Field","area_m2":7543.9},"geometry":{"type":"Polygon","coordinates":[[[-3.59768,50.46188],[-3.59804,50.46151],[-3.59813,50.46122],[-3.59801,50.46115],[-3.59771,50.46107],[-3.59696,50.46112],[-3.59689,50.4615],[-3.59708,50.46212],[-3.59752,50.46215],[-3.59768,50.46188]]]}},
{"type":"Feature","properties":{"types":"Other Sports Facility; Play Space; Playing Field","area_m2":27207.6},"geometry":{"type":"Polygon","coordinates":[[[-3.58202,50.49801],[-3.58201,50.49798],[-3.58238,50.498],[-3.58245,50.49746],[-3.58252,50.49741],[-3.58164,50.4966],[-3.58079,50.49558],[-3.57939,50.49599],[-3.57959,50.4965],[-3.57955,50.49663],[-3.57983,50.49667],[-3.58019,50.49694],[-3.58084,50.4973],[-3.58106,50.49736],[-3.58126,50.49757],[-3.58185,50.49796],[-3.58202,50.49801]]]}},
{"type":"Feature","properties":{"types":"Playing Field","area_m2":15934.0},"geometry":{"type":"Polygon","coordinates":[[[-3.62648,50.50355],[-3.6264,50.50353],[-3.62595,50.50387],[-3.62551,50.50413],[-3.62538,50.50428],[-3.62658,50.50505],[-3.62699,50.50503],[-3.62703,50.50485],[-3.62729,50.50451],[-3.62769,50.50419],[-3.62737,50.50397],[-3.62746,50.50391],[-3.62652,50.50343],[-3.62648,50.50355]]]}},
{"type":"Feature","properties":{"types":"Public Park Or Garden","area_m2":101603.7},"geometry":{"type":"Polygon","coordinates":[[[-3.58531,50.50377],[-3.58525,50.50377],[-3.58506,50.50362],[-3.58501,50.50365],[-3.58503,50.50373],[-3.58481,50.50389],[-3.58516,50.50403],[-3.5852,50.50408],[-3.58513,50.50455],[-3.58498,50.50488],[-3.58493,50.50493],[-3.58461,50.50481],[-3.58452,50.50473],[-3.58438,50.50488],[-3.58457,50.50489],[-3.58484,50.50498],[-3.58468,50.50513],[-3.5846,50.50533],[-3.5846,50.50547],[-3.58469,50.50558],[-3.58468,50.50565],[-3.58453,50.50582],[-3.58453,50.50589],[-3.58457,50.50589],[-3.58452,50.50635],[-3.58458,50.50647],[-3.58457,50.5065],[-3.58429,50.50654],[-3.58429,50.50663],[-3.58441,50.50687],[-3.5844,50.50695],[-3.5843,50.50703],[-3.58428,50.50716],[-3.58436,50.50716],[-3.58429,50.50761],[-3.58457,50.50786],[-3.58463,50.50866],[-3.58492,50.50891],[-3.58524,50.50932],[-3.58582,50.50917],[-3.58603,50.50915],[-3.58611,50.50915],[-3.58615,50.50936],[-3.5862,50.50927],[-3.58625,50.50929],[-3.58636,50.50892],[-3.58641,50.50893],[-3.5866,50.50874],[-3.5868,50.50866],[-3.58671,50.50817],[-3.5868,50.50492],[-3.58678,50.50351],[-3.58645,50.50216],[-3.58635,50.50222],[-3.58635,50.50245],[-3.58622,50.5025],[-3.58614,50.50244],[-3.58615,50.50233],[-3.58605,50.50227],[-3.58602,50.50191],[-3.58545,50.50155],[-3.5856,50.50201],[-3.58594,50.50272],[-3.58581,50.50277],[-3.58564,50.50341],[-3.58556,50.5035],[-3.5855,50.50349],[-3.58546,50.50369],[-3.58531,50.50377]]]}},
{"type":"Feature","properties":{"types":"Allotments Or Community Growing Spaces; Play Space; Playing Field","area_m2":13281.4},"geometry":{"type":"Polygon","coordinates":[[[-3.60968,50.50693],[-3.60969,50.50684],[-3.61059,50.50658],[-3.61042,50.50654],[-3.61002,50.50637],[-3.60996,50.50628],[-3.60892,50.50629],[-3.60815,50.50623],[-3.60774,50.50678],[-3.60788,50.50717],[-3.60839,50.50706],[-3.60895,50.50703],[-3.60913,50.50699],[-3.60942,50.50706],[-3.60974,50.50702],[-3.60968,50.50693]]]}},
{"type":"Feature","properties":{"types":"Playing Field","area_m2":24338.2},"geometry":{"type":"Polygon","coordinates":[[[-3.59675,50.51328],[-3.59688,50.5129],[-3.59706,50.51281],[-3.59663,50.51257],[-3.59645,50.5126],[-3.59563,50.51219],[-3.59521,50.51204],[-3.59433,50.51266],[-3.59481,50.51319],[-3.59551,50.51425],[-3.5958,50.51389],[-3.59584,50.5139],[-3.59552,50.51443],[-3.59573,50.51426],[-3.59594,50.51385],[-3.59656,50.51352],[-3.5967,50.51328],[-3.59675,50.51328]]]}},
{"type":"Feature","properties":{"types":"Allotments Or Community Growing Spaces","area_m2":30402.8},"geometry":{"type":"Polygon","coordinates":[[[-3.59699,50.51746],[-3.59644,50.51653],[-3.59542,50.51677],[-3.59482,50.51695],[-3.59497,50.51714],[-3.59502,50.51738],[-3.59555,50.51848],[-3.59685,50.51842],[-3.5969,50.51887],[-3.59713,50.51885],[-3.59715,50.51894],[-3.59733,50.51887],[-3.59732,50.51884],[-3.59787,50.51867],[-3.59782,50.51842],[-3.59767,50.51817],[-3.59699,50.51746]]]}},
{"type":"Feature","properties":{"types":"Allotments Or Community Growing Spaces; Play Space; Playing Field; Public Park Or Garden","area_m2":553765.6},"geometry":{"type":"Polygon","coordinates":[[[-3.60198,50.52251],[-3.6018,50.52267],[-3.60174,50.52266],[-3.60186,50.52272],[-3.60198,50.52273],[-3.60199,50.5228],[-3.60194,50.52283],[-3.60241,50.52315],[-3.60291,50.52361],[-3.60255,50.52372],[-3.60341,50.52431],[-3.60389,50.52424],[-3.60583,50.52297],[-3.60696,50.52239],[-3.60811,50.522],[-3.60776,50.52126],[-3.60737,50.52059],[-3.60726,50.52057],[-3.60863,50.52052],[-3.60971,50.52043],[-3.60957,50.52037],[-3.60902,50.52037],[-3.60846,50.52019],[-3.60786,50.52012],[-3.60731,50.51993],[-3.60713,50.51979],[-3.60715,50.51975],[-3.60732,50.51971],[-3.60736,50.51952],[-3.60728,50.51947],[-3.60709,50.51955],[-3.60702,50.51952],[-3.60705,50.51946],[-3.60729,50.5194],[-3.60726,50.51918],[-3.60732,50.51913],[-3.60823,50.51909],[-3.60884,50.51894],[-3.60897,50.51885],[-3.60914,50.51885],[-3.60937,50.51879],[-3.60945,50.51881],[-3.60959,50.51893],[-3.60964,50.51996],[-3.60998,50.52048],[-3.60998,50.52062],[-3.60962,50.52046],[-3.60839,50.52055],[-3.60902,50.52167],[-3.60921,50.52174],[-3.60996,50.52152],[-3.60997,50.52102],[-3.6101,50.52103],[-3.61007,50.52047],[-3.60982,50.52003],[-3.60968,50.51914],[-3.60977,50.5186],[-3.60995,50.51823],[-3.60988,50.51821],[-3.60878,50.5172],[-3.60957,50.51658],[-3.61032,50.5159],[-3.61174,50.51497],[-3.61173,50.51473],[-3.61105,50.51458],[-3.61021,50.51432],[-3.61021,50.51417],[-3.60926,50.51419],[-3.60831,50.5141],[-3.60747,50.51406],[-3.60684,50.51409],[-3.60645,50.51416],[-3.60654,50.51447],[-3.60654,50.5148],[-3.60645,50.5154],[-3.60623,50.51587],[-3.60617,50.51615],[-3.60605,50.51625],[-3.60473,50.51678],[-3.60425,50.51703],[-3.60411,50.51706],[-3.60395,50.51705],[-3.60294,50.51672],[-3.60213,50.51615],[-3.60157,50.51567],[-3.6013,50.51552],[-3.60122,50.51552],[-3.60118,50.51563],[-3.60076,50.51597],[-3.60017,50.5169],[-3.59939,50.51758],[-3.59934,50.51768],[-3.59866,50.51844],[-3.59847,50.51852],[-3.59852,50.51859],[-3.59858,50.51856],[-3.59872,50.51939],[-3.59873,50.51967],[-3.59886,50.52009],[-3.59916,50.52074],[-3.5991,50.52077],[-3.59993,50.52147],[-3.60016,50.52154],[-3.60091,50.52163],[-3.60143,50.52185],[-3.60171,50.52208],[-3.60209,50.52227],[-3.60206,50.52241],[-3.60211,50.52243],[-3.60202,50.52253],[-3.60198,50.52251]]]}},
{"type":"Feature","properties":{"types":"Allotments Or Community Growing Spaces","area_m2":6954.1},"geometry":{"type":"Polygon","coordinates":[[[-3.61689,50.52498],[-3.61663,50.52484],[-3.61539,50.52439],[-3.61489,50.52445],[-3.61594,50.52518],[-3.6162,50.52523],[-3.61648,50.52537],[-3.61685,50.52531],[-3.61698,50.52515],[-3.61689,50.52498]]]}},
{"type":"Feature","properties":{"types":"Allotments Or Community Growing Spaces","area_m2":5985.4},"geometry":{"type":"Polygon","coordinates":[[[-3.6126,50.52534],[-3.61291,50.52514],[-3.61232,50.52488],[-3.61195,50.525],[-3.61109,50.52512],[-3.61114,50.52558],[-3.61236,50.52542],[-3.6126,50.52534]]]}},
{"type":"Feature","properties":{"types":"Public Park Or Garden","area_m2":31923.6},"geometry":{"type":"Polygon","coordinates":[[[-3.60036,50.52445],[-3.59942,50.52439],[-3.59875,50.52442],[-3.59863,50.52446],[-3.59913,50.52567],[-3.59907,50.52569],[-3.59911,50.52573],[-3.59947,50.52575],[-3.60059,50.52615],[-3.60074,50.52625],[-3.60095,50.52655],[-3.60175,50.5257],[-3.60207,50.52531],[-3.60197,50.52521],[-3.60128,50.52476],[-3.60091,50.52461],[-3.60036,50.52445]],[[-3.6007,50.52555],[-3.60131,50.52576],[-3.60106,50.52605],[-3.60045,50.52584],[-3.6007,50.52555]]]}},
{"type":"Feature","properties":{"types":"Play Space; Playing Field","area_m2":39290.1},"geometry":{"type":"Polygon","coordinates":[[[-3.61916,50.52665],[-3.6191,50.52671],[-3.61972,50.52724],[-3.61981,50.5272],[-3.62022,50.52719],[-3.62118,50.52722],[-3.62138,50.52717],[-3.62176,50.52697],[-3.62231,50.52695],[-3.62257,50.52687],[-3.62276,50.52667],[-3.62267,50.52651],[-3.62236,50.52619],[-3.62107,50.52523],[-3.62031,50.52477],[-3.62003,50.52497],[-3.6199,50.5249],[-3.61981,50.52496],[-3.61971,50.52497],[-3.61962,50.52526],[-3.61973,50.52528],[-3.61979,50.52519],[-3.61984,50.52524],[-3.61989,50.52522],[-3.6199,50.52531],[-3.61984,50.52532],[-3.61998,50.52537],[-3.61992,50.5257],[-3.61979,50.52577],[-3.61961,50.52578],[-3.61955,50.52617],[-3.61914,50.52662],[-3.61916,50.52665]],[[-3.62017,50.52522],[-3.62,50.52512],[-3.62032,50.5249],[-3.62049,50.52501],[-3.62017,50.52522]],[[-3.62019,50.52523],[-3.62051,50.52502],[-3.62068,50.52512],[-3.62036,50.52534],[-3.62019,50.52523]],[[-3.62055,50.52545],[-3.62038,50.52535],[-3.6207,50.52513],[-3.62087,50.52523],[-3.62055,50.52545]],[[-3.62073,50.52556],[-3.62055,50.52545],[-3.62087,50.52524],[-3.62105,50.52535],[-3.62073,50.52556]],[[-3.61986,50.52608],[-3.61981,50.52609],[-3.61983,50.52607],[-3.61986,50.52608]]]}},
{"type":"Feature","properties":{"types":"Play Space; Playing Field","area_m2":40298.9},"geometry":{"type":"MultiPolygon","coordinates":[[[[-3.59166,50.5267],[-3.59124,50.52665],[-3.59167,50.5267],[-3.59166,50.5267]]],[[[-3.59052,50.52845],[-3.59044,50.52847],[-3.59054,50.52864],[-3.5905,50.52866],[-3.59072,50.52919],[-3.59077,50.52944],[-3.59062,50.52963],[-3.59038,50.52952],[-3.59062,50.52971],[-3.5906,50.52987],[-3.59065,50.52993],[-3.59088,50.52992],[-3.59087,50.52981],[-3.5909,50.52986],[-3.59109,50.52986],[-3.59112,50.52979],[-3.59132,50.52985],[-3.59123,50.53002],[-3.59132,50.53004],[-3.59118,50.53026],[-3.59229,50.52855],[-3.59263,50.52764],[-3.59275,50.52707],[-3.59262,50.52641],[-3.59268,50.52602],[-3.59265,50.52608],[-3.5925,50.52601],[-3.5924,50.52609],[-3.59237,50.52621],[-3.5923,50.52622],[-3.59196,50.52674],[-3.59167,50.5267],[-3.59182,50.52677],[-3.59166,50.52695],[-3.59148,50.52689],[-3.59105,50.52739],[-3.59071,50.52761],[-3.59075,50.52778],[-3.59023,50.5278],[-3.59036,50.52809],[-3.59039,50.52828],[-3.59043,50.52827],[-3.59052,50.52845]]]]}},
{"type":"Feature","properties":{"types":"Allotments Or Community Growing Spaces","area_m2":8176.8},"geometry":{"type":"Polygon","coordinates":[[[-3.62229,50.5287],[-3.62244,50.52868],[-3.62281,50.52872],[-3.62364,50.52888],[-3.62402,50.52906],[-3.62422,50.52923],[-3.62426,50.52921],[-3.62401,50.52899],[-3.62384,50.52891],[-3.62279,50.52814],[-3.6223,50.52761],[-3.62193,50.52774],[-3.62179,50.52775],[-3.62177,50.52784],[-3.62202,50.5283],[-3.62234,50.52861],[-3.62229,50.5287]]]}},
{"type":"Feature","properties":{"types":"Play Space; Public Park Or Garden","area_m2":31152.2},"geometry":{"type":"Polygon","coordinates":[[[-3.60069,50.52795],[-3.60041,50.52802],[-3.6002,50.5281],[-3.59998,50.52829],[-3.60005,50.52979],[-3.60021,50.53016],[-3.60047,50.53002],[-3.60066,50.5301],[-3.60071,50.53017],[-3.60127,50.52998],[-3.60174,50.5297],[-3.60222,50.52928],[-3.60246,50.5289],[-3.60246,50.52856],[-3.6023,50.52827],[-3.60158,50.528],[-3.60105,50.52793],[-3.60069,50.52795]],[[-3.60045,50.52856],[-3.60035,50.5285],[-3.60041,50.52849],[-3.60026,50.52845],[-3.60017,50.52832],[-3.60022,50.52827],[-3.60043,50.52818],[-3.60103,50.52814],[-3.60105,50.52856],[-3.60045,50.52856]]]}},
{"type":"Feature","properties":{"types":"Other Sports Facility; Play Space; Playing Field","area_m2":15132.2},"geometry":{"type":"Polygon","coordinates":[[[-3.60129,50.53276],[-3.60142,50.53273],[-3.60153,50.53233],[-3.60133,50.5323],[-3.60127,50.53226],[-3.60131,50.53189],[-3.59965,50.53174],[-3.59925,50.53267],[-3.60144,50.53293],[-3.60146,50.53286],[-3.60128,50.5328],[-3.60129,50.53276]]]}},
{"type":"Feature","properties":{"types":"Play Space; Playing Field","area_m2":5957.5},"geometry":{"type":"Polygon","coordinates":[[[-3.62862,50.5325],[-3.62817,50.53209],[-3.62753,50.53189],[-3.62665,50.5315],[-3.62649,50.53155],[-3.62657,50.53164],[-3.62672,50.53163],[-3.62691,50.53171],[-3.62677,50.53199],[-3.62706,50.53206],[-3.62692,50.5323],[-3.62862,50.5325]]]}},
{"type":"Feature","properties":{"types":"Play Space; Public Park Or Garden","area_m2":11935.6},"geometry":{"type":"Polygon","coordinates":[[[-3.58255,50.53413],[-3.58323,50.53382],[-3.58415,50.53351],[-3.58463,50.53318],[-3.58506,50.53275],[-3.58469,50.53294],[-3.58433,50.53324],[-3.58382,50.53343],[-3.5835,50.53343],[-3.5833,50.53336],[-3.58315,50.53322],[-3.58314,50.53307],[-3.58254,50.53257],[-3.58253,50.53221],[-3.58265,50.53185],[-3.58261,50.53184],[-3.58238,50.53227],[-3.5824,50.53303],[-3.58222,50.53393],[-3.58255,50.53413]]]}},
{"type":"Feature","properties":{"types":"Playing Field","area_m2":27411.9},"geometry":{"type":"Polygon","coordinates":[[[-3.6036,50.53321],[-3.60357,50.53324],[-3.60488,50.53378],[-3.60543,50.53333],[-3.6061,50.53307],[-3.60633,50.53289],[-3.60644,50.5329],[-3.60669,50.53271],[-3.60669,50.53265],[-3.60627,50.53215],[-3.60581,50.53196],[-3.60579,50.53178],[-3.60511,50.53182],[-3.60533,50.53207],[-3.60479,50.53227],[-3.6046,50.53206],[-3.60432,50.53224],[-3.60434,50.53229],[-3.60424,50.53233],[-3.60408,50.53232],[-3.60336,50.53315],[-3.60342,50.53314],[-3.6036,50.53321]],[[-3.60575,50.53193],[-3.60526,50.53196],[-3.60524,50.53182],[-3.60573,50.5318],[-3.60575,50.53193]]]}},
{"type":"Feature","properties":{"types":"Other Sports Facility","area_m2":12606.8},"geometry":{"type":"Polygon","coordinates":[[[-3.61738,50.53342],[-3.61733,50.53344],[-3.61753,50.53363],[-3.61745,50.53373],[-3.61716,50.53385],[-3.61724,50.53396],[-3.61699,50.53407],[-3.61728,50.53434],[-3.61737,50.53429],[-3.61726,50.53441],[-3.61775,50.53432],[-3.61832,50.53398],[-3.61832,50.5339],[-3.61846,50.5339],[-3.61832,50.5338],[-3.61852,50.53365],[-3.61848,50.53363],[-3.61861,50.53352],[-3.61821,50.53332],[-3.61851,50.53307],[-3.61769,50.53267],[-3.61741,50.53289],[-3.61742,50.53294],[-3.61722,50.53302],[-3.61716,50.53309],[-3.61719,50.5333],[-3.61733,50.53342],[-3.61738,50.53342]]]}},
{"type":"Feature","properties":{"types":"Public Park Or Garden","area_m2":89671.5},"geometry":{"type":"Polygon","coordinates":[[[-3.58964,50.53896],[-3.58961,50.539],[-3.58968,50.53903],[-3.58865,50.53961],[-3.58919,50.53996],[-3.58934,50.54011],[-3.58942,50.54035],[-3.58933,50.54058],[-3.58919,50.54068],[-3.58891,50.54079],[-3.58779,50.54094],[-3.58751,50.54104],[-3.58755,50.54109],[-3.58752,50.54113],[-3.58777,50.54117],[-3.58923,50.54122],[-3.58959,50.54121],[-3.58978,50.54111],[-3.58992,50.54125],[-3.59017,50.54124],[-3.59036,50.5413],[-3.59057,50.54142],[-3.59044,50.54156],[-3.5905,50.5416],[-3.59086,50.54167],[-3.59142,50.54203],[-3.59134,50.54209],[-3.59103,50.54214],[-3.59089,50.54224],[-3.5906,50.5426],[-3.59091,50.54266],[-3.59102,50.54252],[-3.59102,50.54244],[-3.59118,50.54228],[-3.59158,50.54248],[-3.59149,50.54252],[-3.59169,50.54268],[-3.59164,50.5427],[-3.59171,50.54276],[-3.59234,50.54259],[-3.59342,50.54242],[-3.59356,50.5423],[-3.59348,50.54211],[-3.59359,50.54214],[-3.59361,50.54205],[-3.59351,50.54205],[-3.59354,50.5417],[-3.59294,50.54061],[-3.59276,50.54042],[-3.59271,50.54042],[-3.59264,50.54027],[-3.59235,50.54005],[-3.59201,50.53972],[-3.59176,50.53937],[-3.5916,50.53904],[-3.59147,50.53895],[-3.59083,50.53894],[-3.59086,50.53886],[-3.5904,50.53884],[-3.58964,50.53896]]]}},
{"type":"Feature","properties":{"types":"Playing Field","area_m2":38475.2},"geometry":{"type":"Polygon","coordinates":[[[-3.60125,50.54399],[-3.60135,50.54373],[-3.60159,50.54362],[-3.60137,50.54315],[-3.60237,50.54261],[-3.60291,50.54221],[-3.60295,50.54211],[-3.60285,50.54192],[-3.60227,50.54153],[-3.60106,50.54226],[-3.60096,50.54222],[-3.60088,50.5423],[-3.60079,50.54225],[-3.60063,50.54249],[-3.6003,50.54266],[-3.59854,50.54313],[-3.59838,50.54336],[-3.59865,50.54328],[-3.59902,50.54325],[-3.59962,50.54391],[-3.59978,50.54414],[-3.59997,50.54421],[-3.60005,50.54428],[-3.6002,50.54427],[-3.60034,50.54431],[-3.60125,50.54399]]]}},
{"type":"Feature","properties":{"types":"Playing Field","area_m2":15666.8},"geometry":{"type":"Polygon","coordinates":[[[-3.60143,50.54501],[-3.60159,50.54507],[-3.60214,50.54507],[-3.60234,50.54506],[-3.60264,50.54496],[-3.60221,50.54367],[-3.60193,50.54362],[-3.60143,50.54376],[-3.60127,50.54401],[-3.60032,50.54434],[-3.60143,50.54501]]]}},
{"type":"Feature","properties":{"types":"Public Park Or Garden","area_m2":13219.7},"geometry":{"type":"Polygon","coordinates":[[[-3.59919,50.54703],[-3.59941,50.5464],[-3.59943,50.54621],[-3.59826,50.54598],[-3.59761,50.54589],[-3.59729,50.54627],[-3.59713,50.54621],[-3.59692,50.54645],[-3.59808,50.54677],[-3.59919,50.54703]]]}},
{"type":"Feature","properties":{"types":"Playing Field","area_m2":10335.2},"geometry":{"type":"Polygon","coordinates":[[[-3.60092,50.54737],[-3.60068,50.54772],[-3.60131,50.5479],[-3.60145,50.54789],[-3.60165,50.54773],[-3.60202,50.54723],[-3.60211,50.54692],[-3.60211,50.54664],[-3.60196,50.54652],[-3.60119,50.54632],[-3.60125,50.54654],[-3.60122,50.54677],[-3.60092,50.54737]]]}},
{"type":"Feature","properties":{"types":"Playing Field","area_m2":52432.5},"geometry":{"type":"Polygon","coordinates":[[[-3.63334,50.54733],[-3.63318,50.54714],[-3.63209,50.54635],[-3.63048,50.54669],[-3.62995,50.54676],[-3.62925,50.5486],[-3.62937,50.54866],[-3.62974,50.54869],[-3.63028,50.54863],[-3.6325,50.54822],[-3.63321,50.54803],[-3.63347,50.5479],[-3.63384,50.54777],[-3.63334,50.54733]]]}},
{"type":"Feature","properties":{"types":"Play Space; Playing Field","area_m2":7881.7},"geometry":{"type":"Polygon","coordinates":[[[-3.58688,50.55118],[-3.58662,50.55104],[-3.58667,50.55096],[-3.58663,50.55086],[-3.587,50.55044],[-3.58694,50.55039],[-3.58712,50.55026],[-3.58698,50.55019],[-3.58705,50.55003],[-3.58686,50.55024],[-3.58654,50.54996],[-3.58623,50.5501],[-3.58614,50.55003],[-3.58636,50.55024],[-3.5861,50.55037],[-3.58585,50.55074],[-3.58557,50.55046],[-3.58554,50.55047],[-3.58583,50.55077],[-3.58556,50.551],[-3.58646,50.5513],[-3.58661,50.55106],[-3.58685,50.5512],[-3.58705,50.5512],[-3.58688,50.55118]]]}},
{"type":"Feature","properties":{"types":"Other Sports Facility; Play Space; Playing Field","area_m2":12457.0},"geometry":{"type":"Polygon","coordinates":[[[-3.59621,50.55016],[-3.59541,50.54998],[-3.5948,50.55003],[-3.59485,50.55009],[-3.59464,50.55093],[-3.59519,50.55102],[-3.59515,50.55109],[-3.59535,50.55114],[-3.59526,50.55131],[-3.59537,50.55116],[-3.59605,50.55137],[-3.59621,50.55016]]]}},
{"type":"Feature","properties":{"types":"Public Park Or Garden","area_m2":9383.5},"geometry":{"type":"Polygon","coordinates":[[[-3.59187,50.55812],[-3.59183,50.55822],[-3.59188,50.55826],[-3.59197,50.5581],[-3.59232,50.55694],[-3.59113,50.55677],[-3.59084,50.55731],[-3.59187,50.55812]]]}},
{"type":"Feature","properties":{"types":"Playing Field","area_m2":15817.1},"geometry":{"type":"Polygon","coordinates":[[[-3.60548,50.55721],[-3.60443,50.55695],[-3.60408,50.55789],[-3.60433,50.55807],[-3.60436,50.55824],[-3.60432,50.55833],[-3.60442,50.55836],[-3.60432,50.55872],[-3.60524,50.55889],[-3.60561,50.55803],[-3.60554,50.5578],[-3.60528,50.55775],[-3.60548,50.55721]]]}},
{"type":"Feature","properties":{"types":"Other Sports Facility; Playing Field","area_m2":17077.2},"geometry":{"type":"Polygon","coordinates":[[[-3.60206,50.55833],[-3.60211,50.55836],[-3.60215,50.55833],[-3.60209,50.55831],[-3.60254,50.55789],[-3.60262,50.55775],[-3.60256,50.55774],[-3.602,50.55802],[-3.60191,50.55804],[-3.60186,50.55801],[-3.60043,50.55836],[-3.59944,50.55884],[-3.59881,50.55893],[-3.59883,50.55897],[-3.59876,50.55898],[-3.59904,50.55935],[-3.60144,50.55898],[-3.60206,50.55833]]]}},
{"type":"Feature","properties":{"types":"Allotments Or Community Growing Spaces","area_m2":13772.4},"geometry":{"type":"Polygon","coordinates":[[[-3.60442,50.56149],[-3.60445,50.56145],[-3.60447,50.56148],[-3.6051,50.56138],[-3.60552,50.56104],[-3.60513,50.56084],[-3.60517,50.56079],[-3.60524,50.56083],[-3.60528,50.56081],[-3.60483,50.56058],[-3.60475,50.56051],[-3.60478,50.56048],[-3.6047,50.56046],[-3.60443,50.56058],[-3.60437,50.56052],[-3.60429,50.56051],[-3.60424,50.56043],[-3.60428,50.56033],[-3.60411,50.56043],[-3.60396,50.56067],[-3.60363,50.56087],[-3.60336,50.56091],[-3.60323,50.56171],[-3.60387,50.56162],[-3.60442,50.56149]]]}},
{"type":"Feature","properties":{"types":"Allotments Or Community Growing Spaces","area_m2":16166.9},"geometry":{"type":"Polygon","coordinates":[[[-3.63033,50.58709],[-3.6303,50.58717],[-3.63018,50.58722],[-3.63064,50.58771],[-3.63097,50.58848],[-3.63189,50.58831],[-3.63192,50.58829],[-3.63186,50.58815],[-3.63225,50.58808],[-3.63173,50.58692],[-3.63139,50.58701],[-3.63117,50.58679],[-3.63033,50.58709]]]}},
{"type":"Feature","properties":{"types":"Allotments Or Community Growing Spaces","area_m2":6293.1},"geometry":{"type":"Polygon","coordinates":[[[-3.59247,50.60188],[-3.59183,50.60165],[-3.59174,50.60165],[-3.59107,50.60245],[-3.59142,50.60255],[-3.59145,50.60263],[-3.59183,50.60274],[-3.59247,50.60188]]]}},
{"type":"Feature","properties":{"types":"Play Space; Public Park Or Garden","area_m2":5478.4},"geometry":{"type":"Polygon","coordinates":[[[-3.59767,50.60458],[-3.59744,50.60468],[-3.59762,50.60479],[-3.59749,50.60494],[-3.59723,50.60491],[-3.59722,50.60494],[-3.59747,50.60497],[-3.59753,50.60514],[-3.5977,50.60525],[-3.59782,50.60517],[-3.59801,50.60525],[-3.5981,50.60522],[-3.59822,50.60524],[-3.59837,50.60534],[-3.59877,50.60523],[-3.5989,50.60526],[-3.59917,50.60543],[-3.59922,50.60541],[-3.59882,50.6051],[-3.59884,50.60507],[-3.59871,50.60493],[-3.59846,50.60473],[-3.5985,50.60471],[-3.59826,50.60461],[-3.59824,50.60469],[-3.59814,50.60476],[-3.59794,50.60472],[-3.59775,50.60474],[-3.59767,50.60458]]]}},
{"type":"Feature","properties":{"types":"Other Sports Facility","area_m2":26068.7},"geometry":{"type":"Polygon","coordinates":[[[-3.59174,50.60683],[-3.59216,50.60707],[-3.59191,50.60728],[-3.59294,50.60791],[-3.59394,50.60771],[-3.59416,50.6075],[-3.5944,50.60716],[-3.5946,50.60698],[-3.59442,50.60677],[-3.59434,50.60653],[-3.59403,50.60636],[-3.59334,50.60608],[-3.59333,50.60613],[-3.593,50.60636],[-3.5926,50.60619],[-3.59174,50.60683]]]}},
{"type":"Feature","properties":{"types":"Allotments Or Community Growing Spaces","area_m2":9866.3},"geometry":{"type":"Polygon","coordinates":[[[-3.59368,50.60913],[-3.59426,50.60937],[-3.59469,50.6096],[-3.59546,50.60873],[-3.59441,50.60824],[-3.59368,50.60913]]]}},
{"type":"Feature","properties":{"types":"Playing Field","area_m2":47491.8},"geometry":{"type":"Polygon","coordinates":[[[-3.63462,50.63875],[-3.63442,50.63924],[-3.63432,50.6393],[-3.63355,50.64025],[-3.63298,50.64124],[-3.63291,50.64143],[-3.63283,50.64224],[-3.63288,50.64227],[-3.63301,50.64273],[-3.63375,50.64258],[-3.63462,50.6423],[-3.63532,50.64201],[-3.63513,50.64074],[-3.63499,50.63896],[-3.63493,50.63879],[-3.63478,50.63861],[-3.63462,50.63875]]]}},
{"type":"Feature","properties":{"types":"Playing Field","area_m2":24690.2},"geometry":{"type":"Polygon","coordinates":[[[-3.58844,50.77822],[-3.58845,50.77804],[-3.58875,50.7776],[-3.58878,50.77721],[-3.58739,50.77697],[-3.58714,50.77753],[-3.5851,50.77685],[-3.58479,50.7774],[-3.58633,50.77792],[-3.58835,50.77852],[-3.5885,50.77831],[-3.58844,50.77822]],[[-3.58643,50.77793],[-3.58656,50.77765],[-3.587,50.77772],[-3.58687,50.77801],[-3.58643,50.77793]]]}},
{"type":"Feature","properties":{"types":"Playing Field","area_m2":15081.1},"geometry":{"type":"Polygon","coordinates":[[[-3.63213,50.79613],[-3.63197,50.7961],[-3.63145,50.79608],[-3.63031,50.79633],[-3.63074,50.79727],[-3.63192,50.79713],[-3.63241,50.79689],[-3.63258,50.79671],[-3.63232,50.79626],[-3.63213,50.79613]]]}},
{"type":"Feature","properties":{"types":"Playing Field","area_m2":27873.4},"geometry":{"type":"Polygon","coordinates":[[[-3.64042,50.79653],[-3.63773,50.79726],[-3.63789,50.79742],[-3.63814,50.79747],[-3.63818,50.79753],[-3.63813,50.79771],[-3.63826,50.79774],[-3.63867,50.79772],[-3.63886,50.79782],[-3.63887,50.79796],[-3.63863,50.7981],[-3.63874,50.79839],[-3.6398,50.79799],[-3.64109,50.79773],[-3.64138,50.7976],[-3.64155,50.79741],[-3.64042,50.79653]]]}},
{"type":"Feature","properties":{"types":"Playing Field","area_m2":10240.0},"geometry":{"type":"Polygon","coordinates":[[[-3.59636,50.84341],[-3.59796,50.84364],[-3.59807,50.84286],[-3.59628,50.84265],[-3.59632,50.84319],[-3.59644,50.84325],[-3.59634,50.84333],[-3.59636,50.84341]]]}},
{"type":"Feature","properties":{"types":"Public Park Or Garden","area_m2":13472.6},"geometry":{"type":"Polygon","coordinates":[[[-3.63878,50.95167],[-3.63871,50.95167],[-3.63837,50.95137],[-3.63827,50.95139],[-3.63795,50.95134],[-3.63781,50.95143],[-3.6378,50.9515],[-3.63799,50.95171],[-3.63826,50.95215],[-3.63849,50.95235],[-3.64032,50.95307],[-3.64058,50.95313],[-3.64084,50.95309],[-3.64095,50.95287],[-3.64052,50.95275],[-3.63987,50.95241],[-3.63921,50.95194],[-3.63878,50.95167]]]}},
{"type":"Feature","properties":{"types":"Play Space; Public Park Or Garden","area_m2":23181.0},"geometry":{"type":"Polygon","coordinates":[[[-3.63793,50.95221],[-3.6381,50.95277],[-3.63777,50.95305],[-3.63778,50.95311],[-3.63749,50.95339],[-3.63722,50.95343],[-3.6369,50.95339],[-3.63669,50.95341],[-3.63682,50.9539],[-3.6367,50.95435],[-3.63884,50.95361],[-3.64038,50.95319],[-3.64034,50.95312],[-3.63745,50.952],[-3.63793,50.95221]],[[-3.63851,50.95272],[-3.63826,50.95276],[-3.6381,50.95242],[-3.63835,50.95237],[-3.63851,50.95272]]]}},
{"type":"Feature","properties":{"types":"Play Space; Public Park Or Garden","area_m2":7041.7},"geometry":{"type":"Polygon","coordinates":[[[-3.64093,51.13308],[-3.64089,51.13333],[-3.6403,51.13334],[-3.6402,51.13325],[-3.64012,51.13343],[-3.64023,51.13359],[-3.64058,51.13376],[-3.64136,51.13426],[-3.6416,51.13402],[-3.64178,51.13362],[-3.64153,51.13344],[-3.641,51.13335],[-3.64107,51.13306],[-3.64093,51.13308]]]}},
{"type":"Feature","properties":{"types":"Playing Field","area_m2":10735.0},"geometry":{"type":"Polygon","coordinates":[[[-3.6331,51.13519],[-3.63307,51.1357],[-3.63478,51.13544],[-3.6346,51.13467],[-3.63418,51.13473],[-3.63379,51.13469],[-3.63333,51.1347],[-3.63325,51.13467],[-3.6331,51.13519]]]}},
{"type":"Feature","properties":{"types":"Public Park Or Garden","area_m2":17278.6},"geometry":{"type":"Polygon","coordinates":[[[-3.53387,50.38337],[-3.53398,50.38348],[-3.53354,50.38365],[-3.53366,50.38374],[-3.53375,50.38371],[-3.53431,50.38375],[-3.53518,50.38373],[-3.53606,50.38337],[-3.53614,50.38331],[-3.53599,50.3831],[-3.53557,50.3828],[-3.53559,50.38252],[-3.53419,50.3828],[-3.53327,50.38309],[-3.53387,50.38337]]]}},
{"type":"Feature","properties":{"types":"Other Sports Facility; Playing Field","area_m2":36658.0},"geometry":{"type":"Polygon","coordinates":[[[-3.55647,50.39388],[-3.55648,50.39396],[-3.55622,50.39415],[-3.5556,50.39443],[-3.55537,50.39461],[-3.55529,50.3946],[-3.55524,50.39487],[-3.5541,50.39511],[-3.55414,50.39518],[-3.55523,50.39495],[-3.55519,50.39522],[-3.55567,50.3959],[-3.55632,50.39618],[-3.55709,50.39559],[-3.55781,50.39514],[-3.55863,50.39475],[-3.55766,50.39392],[-3.55717,50.39415],[-3.55669,50.39376],[-3.55647,50.39388]]]}},
{"type":"Feature","properties":{"types":"Other Sports Facility","area_m2":26851.2},"geometry":{"type":"Polygon","coordinates":[[[-3.54752,50.39545],[-3.54739,50.39576],[-3.54734,50.39633],[-3.54739,50.39638],[-3.54735,50.39641],[-3.5477,50.39657],[-3.54918,50.39511],[-3.55035,50.39565],[-3.55073,50.39527],[-3.55093,50.39514],[-3.55054,50.39493],[-3.55057,50.39488],[-3.54879,50.39404],[-3.54857,50.39451],[-3.54842,50.39471],[-3.54752,50.39545]]]}},
{"type":"Feature","properties":{"types":"Playing Field","area_m2":14672.9},"geometry":{"type":"Polygon","coordinates":[[[-3.55684,50.39712],[-3.55785,50.39775],[-3.55951,50.39701],[-3.55908,50.39642],[-3.55866,50.39646],[-3.55733,50.39682],[-3.55683,50.39703],[-3.55684,50.39712]],[[-3.55895,50.39685],[-3.55919,50.39675],[-3.55945,50.397],[-3.55921,50.3971],[-3.55895,50.39685]]]}},
{"type":"Feature","properties":{"types":"Public Park Or Garden","area_m2":57024.6},"geometry":{"type":"Polygon","coordinates":[[[-3.56466,50.4003],[-3.5644,50.39996],[-3.56473,50.39984],[-3.56373,50.39867],[-3.56316,50.39825],[-3.56311,50.39829],[-3.56308,50.39821],[-3.56275,50.39861],[-3.56234,50.39891],[-3.56192,50.39911],[-3.56114,50.39932],[-3.56082,50.39948],[-3.56213,50.40005],[-3.56252,50.40027],[-3.56403,50.40122],[-3.56487,50.40186],[-3.56522,50.40204],[-3.56574,50.40163],[-3.56597,50.40139],[-3.56651,50.40057],[-3.56471,50.40097],[-3.56466,50.4003]]]}},
{"type":"Feature","properties":{"types":"Public Park Or Garden","area_m2":28008.4},"geometry":{"type":"Polygon","coordinates":[[[-3.55999,50.40209],[-3.55996,50.40215],[-3.56001,50.40209],[-3.56005,50.40212],[-3.5601,50.40202],[-3.55999,50.40196],[-3.56076,50.40151],[-3.5608,50.40146],[-3.56114,50.40146],[-3.56261,50.40163],[-3.56266,50.40157],[-3.5629,50.4016],[-3.56281,50.40139],[-3.56021,50.40105],[-3.55824,50.40072],[-3.55745,50.4005],[-3.55728,50.40076],[-3.55851,50.40173],[-3.5594,50.4021],[-3.55923,50.40213],[-3.55905,50.40224],[-3.55916,50.40232],[-3.55921,50.40229],[-3.55916,50.40224],[-3.55922,50.40222],[-3.55999,50.40209]]]}},
{"type":"Feature","properties":{"types":"Public Park Or Garden","area_m2":22456.5},"geometry":{"type":"Polygon","coordinates":[[[-3.56106,50.41572],[-3.56108,50.41569],[-3.56082,50.41563],[-3.56033,50.41539],[-3.56001,50.41533],[-3.55868,50.41492],[-3.55873,50.41449],[-3.55869,50.41464],[-3.55855,50.41467],[-3.55819,50.41468],[-3.55785,50.41477],[-3.55759,50.41487],[-3.55729,50.41508],[-3.55732,50.41518],[-3.55766,50.41541],[-3.55778,50.41558],[-3.55778,50.41593],[-3.55767,50.4162],[-3.55773,50.41623],[-3.55922,50.41593],[-3.5597,50.41588],[-3.5597,50.41585],[-3.56014,50.41583],[-3.56053,50.41576],[-3.56071,50.41566],[-3.56106,50.41572]]]}},
{"type":"Feature","properties":{"types":"Allotments Or Community Growing Spaces","area_m2":8849.7},"geometry":{"type":"Polygon","coordinates":[[[-3.56259,50.42139],[-3.56256,50.42126],[-3.56391,50.42112],[-3.56398,50.42106],[-3.56414,50.42089],[-3.56402,50.42068],[-3.56374,50.42042],[-3.56319,50.42059],[-3.56229,50.42062],[-3.56234,50.42121],[-3.56239,50.42141],[-3.56259,50.42139]]]}},
{"type":"Feature","properties":{"types":"Other Sports Facility","area_m2":232031.9},"geometry":{"type":"Polygon","coordinates":[[[-3.56265,50.42209],[-3.5628,50.42285],[-3.56272,50.42299],[-3.56306,50.42395],[-3.56316,50.42395],[-3.56325,50.42402],[-3.56352,50.42452],[-3.56367,50.42538],[-3.5638,50.42559],[-3.56413,50.4256],[-3.56499,50.42553],[-3.56491,50.42547],[-3.56492,50.42513],[-3.56541,50.42508],[-3.56644,50.42516],[-3.56696,50.42513],[-3.56749,50.42456],[-3.57228,50.42385],[-3.57232,50.42379],[-3.57278,50.42368],[-3.57299,50.42348],[-3.57299,50.42301],[-3.5732,50.42292],[-3.57329,50.42284],[-3.57351,50.4225],[-3.57348,50.42234],[-3.57364,50.42237],[-3.57376,50.42225],[-3.57371,50.42206],[-3.57377,50.4219],[-3.57365,50.42176],[-3.57361,50.42154],[-3.57355,50.42148],[-3.57308,50.42129],[-3.57293,50.42134],[-3.57261,50.42181],[-3.57257,50.4218],[-3.57284,50.42141],[-3.57286,50.42132],[-3.57282,50.42128],[-3.57166,50.42157],[-3.57093,50.42158],[-3.57066,50.42164],[-3.57039,50.42177],[-3.57041,50.42196],[-3.57031,50.4218],[-3.5702,50.4218],[-3.56939,50.42191],[-3.56873,50.42214],[-3.56842,50.4222],[-3.56803,50.42222],[-3.56728,50.42215],[-3.56712,50.42212],[-3.56712,50.42236],[-3.5671,50.42211],[-3.56624,50.42177],[-3.56609,50.42163],[-3.56592,50.42133],[-3.56571,50.42124],[-3.56533,50.42128],[-3.56492,50.42146],[-3.56459,50.42137],[-3.56437,50.42139],[-3.5637,50.42174],[-3.56279,50.42191],[-3.56265,50.42209]],[[-3.5656,50.42415],[-3.56565,50.4241],[-3.56543,50.42404],[-3.56501,50.42405],[-3.56538,50.424],[-3.56538,50.42391],[-3.56566,50.4238],[-3.56643,50.424],[-3.5662,50.42437],[-3.5656,50.42415]]]}},
{"type":"Feature","properties":{"types":"Allotments Or Community Growing Spaces","area_m2":13027.5},"geometry":{"type":"Polygon","coordinates":[[[-3.57087,50.42682],[-3.57185,50.42731],[-3.57204,50.42728],[-3.57206,50.4273],[-3.57275,50.42687],[-3.57265,50.42678],[-3.57165,50.42629],[-3.57168,50.42627],[-3.57133,50.42605],[-3.57099,50.42608],[-3.57013,50.42625],[-3.57087,50.42682]]]}},
{"type":"Feature","properties":{"types":"Play Space; Public Park Or Garden","area_m2":57464.1},"geometry":{"type":"Polygon","coordinates":[[[-3.56112,50.42542],[-3.56109,50.42544],[-3.56103,50.42538],[-3.5607,50.42521],[-3.56062,50.42558],[-3.55965,50.42543],[-3.55954,50.42545],[-3.55963,50.4258],[-3.55965,50.42635],[-3.55949,50.42704],[-3.55925,50.42758],[-3.55932,50.42768],[-3.56012,50.42764],[-3.56014,50.42762],[-3.56014,50.42764],[-3.56067,50.42762],[-3.56097,50.42756],[-3.5615,50.42764],[-3.563,50.42815],[-3.56355,50.42832],[-3.56369,50.42833],[-3.5638,50.42841],[-3.56275,50.42682],[-3.56208,50.42564],[-3.56183,50.42565],[-3.56153,50.42562],[-3.56112,50.42542]]]}},
{"type":"Feature","properties":{"types":"Public Park Or Garden","area_m2":34905.9},"geometry":{"type":"Polygon","coordinates":[[[-3.55651,50.42829],[-3.55633,50.42835],[-3.55615,50.42829],[-3.55566,50.42827],[-3.55502,50.42831],[-3.555,50.42843],[-3.55481,50.4284],[-3.55444,50.4284],[-3.5542,50.42851],[-3.55394,50.42856],[-3.55367,50.42883],[-3.55368,50.42894],[-3.55349,50.42918],[-3.55348,50.42942],[-3.55379,50.42973],[-3.55364,50.43014],[-3.55401,50.43048],[-3.55424,50.43058],[-3.5544,50.4306],[-3.5544,50.43043],[-3.55453,50.43033],[-3.55446,50.4302],[-3.55402,50.42994],[-3.55451,50.42966],[-3.55499,50.42983],[-3.55493,50.4301],[-3.5552,50.43013],[-3.55579,50.43012],[-3.55593,50.42952],[-3.55535,50.42939],[-3.55517,50.42908],[-3.55497,50.4291],[-3.55469,50.42862],[-3.55482,50.4286],[-3.55565,50.42874],[-3.55611,50.42875],[-3.55713,50.42868],[-3.55801,50.42876],[-3.55808,50.42875],[-3.55813,50.4286],[-3.55894,50.4284],[-3.55922,50.42808],[-3.55915,50.42799],[-3.55931,50.42777],[-3.55876,50.4281],[-3.55874,50.42817],[-3.5588,50.42826],[-3.55867,50.42833],[-3.55818,50.42839],[-3.55811,50.42824],[-3.55782,50.42817],[-3.55761,50.42826],[-3.55651,50.42829]]]}},
{"type":"Feature","properties":{"types":"Allotments Or Community Growing Spaces; Other Sports Facility; Play Space; Playing Field","area_m2":22740.0},"geometry":{"type":"Polygon","coordinates":[[[-3.57279,50.42892],[-3.5726,50.42894],[-3.57225,50.42884],[-3.57231,50.4288],[-3.57235,50.42849],[-3.57183,50.42833],[-3.5717,50.42833],[-3.57127,50.42881],[-3.57102,50.42924],[-3.57097,50.42941],[-3.57097,50.42983],[-3.57177,50.42981],[-3.57189,50.42974],[-3.57194,50.42975],[-3.57192,50.42981],[-3.57342,50.43009],[-3.57349,50.43002],[-3.57371,50.42955],[-3.57347,50.42923],[-3.57312,50.429],[-3.57293,50.429],[-3.57278,50.42897],[-3.57279,50.42892]]]}},
{"type":"Feature","properties":{"types":"Playing Field","area_m2":26262.3},"geometry":{"type":"Polygon","coordinates":[[[-3.56381,50.43262],[-3.56401,50.43319],[-3.56384,50.43323],[-3.56295,50.43327],[-3.56298,50.4337],[-3.5625,50.43373],[-3.56256,50.43454],[-3.56323,50.43456],[-3.56329,50.43492],[-3.56345,50.43493],[-3.56347,50.43457],[-3.56413,50.43458],[-3.56413,50.43462],[-3.56434,50.43466],[-3.56486,50.43305],[-3.56517,50.43254],[-3.56454,50.43259],[-3.56445,50.43241],[-3.56381,50.43262]]]}},
{"type":"Feature","properties":{"types":"Public Park Or Garden","area_m2":9410.3},"geometry":{"type":"Polygon","coordinates":[[[-3.56026,50.43436],[-3.56031,50.43489],[-3.56244,50.43494],[-3.5624,50.43435],[-3.56026,50.43436]]]}},
{"type":"Feature","properties":{"types":"Play Space; Public Park Or Garden","area_m2":13776.5},"geometry":{"type":"Polygon","coordinates":[[[-3.56012,50.43584],[-3.5594,50.43582],[-3.55943,50.43597],[-3.55938,50.43598],[-3.55916,50.43692],[-3.55923,50.43693],[-3.55921,50.43701],[-3.55914,50.437],[-3.55902,50.43743],[-3.55903,50.43754],[-3.55926,50.43758],[-3.55937,50.43756],[-3.55991,50.43766],[-3.56011,50.43766],[-3.56022,50.43733],[-3.56026,50.43703],[-3.56012,50.43584]]]}},
{"type":"Feature","properties":{"types":"Public Park Or Garden","area_m2":7359.0},"geometry":{"type":"Polygon","coordinates":[[[-3.56335,50.43811],[-3.56364,50.4374],[-3.56376,50.43742],[-3.56378,50.43738],[-3.56367,50.43735],[-3.56368,50.4373],[-3.56274,50.43703],[-3.56256,50.4371],[-3.5626,50.43791],[-3.56295,50.4382],[-3.56335,50.43811]]]}},
{"type":"Feature","properties":{"types":"Other Sports Facility; Play Space; Public Park Or Garden","area_m2":40183.8},"geometry":{"type":"Polygon","coordinates":[[[-3.56461,50.43609],[-3.56476,50.43609],[-3.56477,50.436],[-3.56454,50.43599],[-3.56452,50.43602],[-3.56403,50.43741],[-3.56389,50.4374],[-3.56387,50.43744],[-3.56401,50.43747],[-3.56368,50.4383],[-3.5639,50.43854],[-3.56402,50.43849],[-3.56406,50.43854],[-3.56426,50.43842],[-3.56461,50.43841],[-3.56486,50.43844],[-3.56521,50.43869],[-3.56549,50.43881],[-3.56578,50.43903],[-3.56542,50.43921],[-3.56565,50.43917],[-3.56606,50.43898],[-3.56626,50.439],[-3.56635,50.43906],[-3.56629,50.4391],[-3.56636,50.43929],[-3.56634,50.43943],[-3.56625,50.43952],[-3.56642,50.43953],[-3.56652,50.43917],[-3.5668,50.4392],[-3.5674,50.43915],[-3.56748,50.43808],[-3.56734,50.4381],[-3.56735,50.43807],[-3.56706,50.43806],[-3.56666,50.43796],[-3.56581,50.43764],[-3.56577,50.4376],[-3.5662,50.43736],[-3.5661,50.43731],[-3.56561,50.43754],[-3.56524,50.43726],[-3.56482,50.43669],[-3.56461,50.43609]],[[-3.56608,50.4387],[-3.56558,50.43872],[-3.56554,50.43838],[-3.56605,50.43836],[-3.56608,50.4387]]]}},
{"type":"Feature","properties":{"types":"Public Park Or Garden","area_m2":18083.5},"geometry":{"type":"Polygon","coordinates":[[[-3.5585,50.43915],[-3.55832,50.43976],[-3.55836,50.43988],[-3.55856,50.43996],[-3.5589,50.43993],[-3.55919,50.43984],[-3.55945,50.43968],[-3.55954,50.43954],[-3.55949,50.43908],[-3.55985,50.43837],[-3.56004,50.43783],[-3.55997,50.43774],[-3.55927,50.43768],[-3.55906,50.43792],[-3.55886,50.43796],[-3.55884,50.43801],[-3.55891,50.43802],[-3.55888,50.4381],[-3.55882,50.43809],[-3.55852,50.43906],[-3.55858,50.43907],[-3.55855,50.43916],[-3.5585,50.43915]]]}},
{"type":"Feature","properties":{"types":"Other Sports Facility; Play Space","area_m2":22629.9},"geometry":{"type":"Polygon","coordinates":[[[-3.55971,50.44086],[-3.55971,50.4409],[-3.55993,50.44087],[-3.55997,50.44112],[-3.55963,50.44112],[-3.55969,50.44154],[-3.55979,50.44184],[-3.56039,50.44189],[-3.56104,50.44214],[-3.56195,50.44116],[-3.56239,50.44042],[-3.56164,50.44037],[-3.56144,50.44042],[-3.56118,50.44056],[-3.56104,50.44047],[-3.56092,50.44047],[-3.56086,50.4406],[-3.56013,50.44079],[-3.55971,50.44086]]]}},
{"type":"Feature","properties":{"types":"Other Sports Facility; Public Park Or Garden","area_m2":58563.0},"geometry":{"type":"Polygon","coordinates":[[[-3.56552,50.44394],[-3.56547,50.44396],[-3.5655,50.44404],[-3.56558,50.444],[-3.56564,50.44337],[-3.56639,50.44339],[-3.56634,50.44415],[-3.56626,50.44417],[-3.56626,50.44423],[-3.56601,50.44431],[-3.56612,50.44443],[-3.56761,50.44392],[-3.56907,50.44331],[-3.56937,50.44315],[-3.56944,50.44303],[-3.56938,50.44299],[-3.56876,50.4432],[-3.56835,50.44298],[-3.56828,50.44283],[-3.56832,50.44229],[-3.56866,50.44229],[-3.56884,50.44195],[-3.56846,50.44179],[-3.56856,50.4415],[-3.56825,50.44144],[-3.56747,50.44142],[-3.56623,50.44121],[-3.56562,50.44165],[-3.56516,50.44224],[-3.5655,50.44234],[-3.56511,50.44295],[-3.56513,50.44306],[-3.56505,50.44327],[-3.5651,50.44335],[-3.56557,50.44336],[-3.56552,50.44394]],[[-3.56569,50.44251],[-3.56639,50.44257],[-3.56628,50.44322],[-3.56562,50.44317],[-3.56569,50.44285],[-3.56562,50.44284],[-3.56569,50.44251]]]}},
{"type":"Feature","properties":{"types":"Other Sports Facility; Play Space; Public Park Or Garden","area_m2":5791.4},"geometry":{"type":"Polygon","coordinates":[[[-3.557,50.4437],[-3.55693,50.44372],[-3.55619,50.44509],[-3.55643,50.4452],[-3.55706,50.44454],[-3.55728,50.44419],[-3.55745,50.44381],[-3.557,50.4437]]]}},
{"type":"Feature","properties":{"types":"Public Park Or Garden","area_m2":5102.7},"geometry":{"type":"Polygon","coordinates":[[[-3.56142,50.44601],[-3.56199,50.44557],[-3.5622,50.44548],[-3.56164,50.44514],[-3.56162,50.44518],[-3.56068,50.44556],[-3.56059,50.44565],[-3.56068,50.4456],[-3.56134,50.446],[-3.56142,50.44601]]]}},
{"type":"Feature","properties":{"types":"Public Park Or Garden","area_m2":7135.8},"geometry":{"type":"Polygon","coordinates":[[[-3.56609,50.44825],[-3.56558,50.44863],[-3.56618,50.44893],[-3.56727,50.44921],[-3.56753,50.44888],[-3.56676,50.4485],[-3.56609,50.44825]]]}},
{"type":"Feature","properties":{"types":"Allotments Or Community Growing Spaces; Public Park Or Garden","area_m2":363885.5},"geometry":{"type":"Polygon","coordinates":[[[-3.56325,50.44938],[-3.5625,50.44932],[-3.56188,50.44932],[-3.56131,50.44936],[-3.56125,50.44941],[-3.56179,50.44935],[-3.56316,50.44938],[-3.56316,50.44941],[-3.56311,50.44941],[-3.56308,50.44983],[-3.56298,50.44984],[-3.56322,50.45003],[-3.56309,50.45022],[-3.56266,50.45016],[-3.56214,50.45016],[-3.56134,50.45025],[-3.56131,50.45028],[-3.56214,50.45105],[-3.56274,50.45095],[-3.56358,50.45096],[-3.56351,50.45136],[-3.56455,50.45139],[-3.56486,50.45144],[-3.56526,50.45156],[-3.56534,50.45147],[-3.5654,50.45112],[-3.56588,50.45119],[-3.56566,50.45178],[-3.56582,50.45188],[-3.56602,50.45192],[-3.56624,50.45182],[-3.56584,50.45179],[-3.56605,50.4512],[-3.56691,50.45123],[-3.56744,50.45152],[-3.56849,50.45229],[-3.56902,50.452],[-3.56929,50.45218],[-3.56965,50.45199],[-3.56976,50.45213],[-3.56974,50.45224],[-3.5696,50.45241],[-3.56971,50.45243],[-3.56985,50.45227],[-3.57358,50.45304],[-3.57352,50.45314],[-3.57494,50.45371],[-3.5759,50.45397],[-3.57578,50.45416],[-3.57596,50.45399],[-3.57689,50.4543],[-3.57693,50.45429],[-3.57691,50.45426],[-3.57697,50.45429],[-3.57938,50.45432],[-3.57985,50.45435],[-3.58051,50.45496],[-3.58056,50.45495],[-3.58088,50.45534],[-3.58274,50.45545],[-3.58279,50.45501],[-3.58332,50.45491],[-3.58485,50.45449],[-3.58525,50.45443],[-3.58601,50.45442],[-3.58657,50.45454],[-3.5869,50.45472],[-3.58723,50.45504],[-3.58749,50.45544],[-3.58753,50.45482],[-3.58704,50.45417],[-3.58675,50.45416],[-3.58627,50.45405],[-3.58509,50.45405],[-3.58396,50.45413],[-3.58398,50.45417],[-3.58283,50.45435],[-3.5826,50.45398],[-3.5825,50.45363],[-3.58251,50.45342],[-3.58268,50.45329],[-3.58365,50.45318],[-3.58372,50.45346],[-3.58668,50.45328],[-3.58672,50.45275],[-3.58687,50.45226],[-3.58605,50.45211],[-3.58612,50.45178],[-3.58635,50.45127],[-3.58538,50.45139],[-3.5854,50.45144],[-3.58522,50.45147],[-3.5852,50.45141],[-3.58484,50.45146],[-3.58473,50.45116],[-3.58456,50.45117],[-3.58459,50.45148],[-3.58281,50.45155],[-3.58278,50.45129],[-3.58263,50.4513],[-3.58267,50.4518],[-3.57929,50.45193],[-3.579,50.45305],[-3.57809,50.45293],[-3.57685,50.45265],[-3.57652,50.45296],[-3.57584,50.45267],[-3.57578,50.45273],[-3.57568,50.45268],[-3.57573,50.45263],[-3.57563,50.45259],[-3.57555,50.45268],[-3.57549,50.45265],[-3.57555,50.45256],[-3.57547,50.45254],[-3.57335,50.45219],[-3.57141,50.45203],[-3.57153,50.45176],[-3.57144,50.45175],[-3.57141,50.45185],[-3.57134,50.45184],[-3.57137,50.45175],[-3.57102,50.45163],[-3.57072,50.4514],[-3.57069,50.45132],[-3.57034,50.45112],[-3.56993,50.45071],[-3.56941,50.45034],[-3.56922,50.45025],[-3.56892,50.44997],[-3.56841,50.44972],[-3.56729,50.44943],[-3.56716,50.44968],[-3.5672,50.44967],[-3.56712,50.44999],[-3.56662,50.44974],[-3.56507,50.4491],[-3.56503,50.44888],[-3.56518,50.4487],[-3.56475,50.44874],[-3.56476,50.44876],[-3.56504,50.44873],[-3.56495,50.44889],[-3.56495,50.44908],[-3.56454,50.44913],[-3.56381,50.44929],[-3.56384,50.44934],[-3.56353,50.4493],[-3.56354,50.44934],[-3.56344,50.44937],[-3.56325,50.44938]]]}},
{"type":"Feature","properties":{"types":"Public Park Or Garden","area_m2":19441.6},"geometry":{"type":"Polygon","coordinates":[[[-3.55418,50.44884],[-3.55376,50.44932],[-3.55309,50.45067],[-3.55269,50.45118],[-3.55264,50.45117],[-3.55239,50.45136],[-3.55256,50.45138],[-3.55313,50.45125],[-3.5532,50.45128],[-3.55381,50.45115],[-3.55416,50.45098],[-3.55435,50.45079],[-3.5545,50.45053],[-3.5548,50.4496],[-3.55417,50.44923],[-3.55408,50.44923],[-3.5541,50.44914],[-3.55403,50.44908],[-3.55423,50.44887],[-3.55418,50.44884]]]}},
{"type":"Feature","properties":{"types":"Public Park Or Garden","area_m2":6120.7},"geometry":{"type":"Polygon","coordinates":[[[-3.5415,50.45825],[-3.54139,50.45844],[-3.54179,50.45856],[-3.542,50.45823],[-3.54224,50.45799],[-3.54187,50.45812],[-3.5416,50.45799],[-3.54092,50.45805],[-3.54066,50.45826],[-3.54052,50.45825],[-3.54039,50.45844],[-3.54046,50.45861],[-3.5411,50.45856],[-3.54113,50.45853],[-3.54153,50.45876],[-3.5416,50.45903],[-3.54176,50.45864],[-3.54168,50.45859],[-3.54159,50.45863],[-3.5416,50.45856],[-3.54117,50.45843],[-3.54117,50.45838],[-3.54124,50.4584],[-3.54137,50.45822],[-3.5415,50.45825]]]}},
{"type":"Feature","properties":{"types":"Public Park Or Garden","area_m2":7495.5},"geometry":{"type":"Polygon","coordinates":[[[-3.54135,50.46279],[-3.54151,50.46292],[-3.54141,50.4628],[-3.54146,50.46277],[-3.54135,50.46235],[-3.5411,50.46193],[-3.54113,50.46168],[-3.54108,50.46153],[-3.54104,50.46153],[-3.54084,50.46126],[-3.54056,50.46101],[-3.54055,50.46072],[-3.54064,50.46061],[-3.54008,50.46106],[-3.54005,50.46113],[-3.54135,50.46279]]]}},
{"type":"Feature","properties":{"types":"Other Sports Facility; Public Park Or Garden","area_m2":84217.5},"geometry":{"type":"Polygon","coordinates":[[[-3.54154,50.46315],[-3.54114,50.46276],[-3.53997,50.46122],[-3.53854,50.46187],[-3.53769,50.46222],[-3.53771,50.46228],[-3.53765,50.46231],[-3.53752,50.46225],[-3.53601,50.46284],[-3.53597,50.46295],[-3.53587,50.46299],[-3.53585,50.46304],[-3.53631,50.46388],[-3.53629,50.46396],[-3.53712,50.46368],[-3.53764,50.46433],[-3.53787,50.46441],[-3.53795,50.46441],[-3.53798,50.46484],[-3.53808,50.46517],[-3.53837,50.46574],[-3.53948,50.46521],[-3.54016,50.4651],[-3.53973,50.46441],[-3.53915,50.46385],[-3.53924,50.46381],[-3.53939,50.46391],[-3.53957,50.46389],[-3.53972,50.4637],[-3.54093,50.46329],[-3.5409,50.46327],[-3.54098,50.46324],[-3.54099,50.46327],[-3.54136,50.46316],[-3.54139,50.4632],[-3.54154,50.46315]],[[-3.53863,50.46361],[-3.53888,50.4639],[-3.53798,50.46421],[-3.53773,50.46393],[-3.53863,50.46361]],[[-3.53864,50.46352],[-3.5377,50.46385],[-3.53745,50.46357],[-3.53836,50.46324],[-3.53864,50.46352]],[[-3.53767,50.46239],[-3.53769,50.46242],[-3.53766,50.46239],[-3.53767,50.46239]],[[-3.53755,50.46309],[-3.53803,50.46292],[-3.5383,50.46323],[-3.53782,50.4634],[-3.53755,50.46309]],[[-3.53703,50.46327],[-3.53751,50.46311],[-3.53778,50.46341],[-3.5373,50.46358],[-3.53703,50.46327]]]}},
{"type":"Feature","properties":{"types":"Public Park Or Garden","area_m2":8254.3},"geometry":{"type":"Polygon","coordinates":[[[-3.55239,50.46317],[-3.55136,50.4628],[-3.55093,50.4627],[-3.55076,50.46324],[-3.55065,50.4633],[-3.55108,50.46338],[-3.55175,50.46342],[-3.55247,50.4636],[-3.55332,50.46369],[-3.55332,50.46365],[-3.55239,50.46317]]]}},
{"type":"Feature","properties":{"types":"Playing Field","area_m2":31094.3},"geometry":{"type":"Polygon","coordinates":[[[-3.5638,50.46404],[-3.56379,50.46395],[-3.56394,50.46388],[-3.56402,50.46378],[-3.56395,50.46366],[-3.5635,50.46335],[-3.56256,50.46293],[-3.5621,50.46282],[-3.56157,50.46283],[-3.56098,50.46292],[-3.56053,50.46302],[-3.56046,50.46321],[-3.56075,50.46362],[-3.56134,50.46388],[-3.56146,50.4642],[-3.56174,50.46425],[-3.56239,50.46427],[-3.56351,50.46446],[-3.56416,50.46437],[-3.56468,50.46435],[-3.56402,50.4642],[-3.5638,50.46404]]]}},
{"type":"Feature","properties":{"types":"Playing Field","area_m2":10395.7},"geometry":{"type":"Polygon","coordinates":[[[-3.54301,50.46313],[-3.54295,50.46314],[-3.54241,50.46425],[-3.54261,50.46468],[-3.54327,50.46468],[-3.54321,50.46458],[-3.54398,50.46441],[-3.54301,50.46313]]]}},
{"type":"Feature","properties":{"types":"Playing Field","area_m2":24336.3},"geometry":{"type":"Polygon","coordinates":[[[-3.54369,50.46484],[-3.54313,50.46476],[-3.54262,50.46479],[-3.54284,50.46512],[-3.54251,50.46521],[-3.54288,50.46589],[-3.54341,50.46705],[-3.5437,50.46697],[-3.54367,50.46693],[-3.54351,50.46697],[-3.54333,50.4667],[-3.54357,50.46664],[-3.54368,50.46677],[-3.54483,50.46637],[-3.54476,50.46555],[-3.54439,50.46555],[-3.54413,50.46524],[-3.54419,50.46509],[-3.54388,50.46489],[-3.54369,50.46484]]]}},
{"type":"Feature","properties":{"types":"Public Park Or Garden","area_m2":10101.0},"geometry":{"type":"Polygon","coordinates":[[[-3.54741,50.46773],[-3.54782,50.46774],[-3.54831,50.46762],[-3.54739,50.46695],[-3.54684,50.46665],[-3.54633,50.46708],[-3.54601,50.46692],[-3.54592,50.467],[-3.54608,50.46726],[-3.54627,50.46738],[-3.54741,50.46773]]]}},
{"type":"Feature","properties":{"types":"Play Space; Public Park Or Garden","area_m2":5974.6},"geometry":{"type":"MultiPolygon","coordinates":[[[[-3.54993,50.46862],[-3.54899,50.46794],[-3.54844,50.46767],[-3.54797,50.46785],[-3.54799,50.46791],[-3.54852,50.46824],[-3.54872,50.46844],[-3.54933,50.46858],[-3.54999,50.46869],[-3.55,50.46867],[-3.54994,50.46863],[-3.54992,50.46867],[-3.54985,50.46866],[-3.54986,50.46861],[-3.54993,50.46862]]],[[[-3.54994,50.46862],[-3.54993,50.46862],[-3.54994,50.46863],[-3.54994,50.46862]]]]}},
{"type":"Feature","properties":{"types":"Play Space; Public Park Or Garden","area_m2":7489.5},"geometry":{"type":"Polygon","coordinates":[[[-3.55349,50.46932],[-3.55352,50.46909],[-3.55345,50.46873],[-3.55184,50.469],[-3.55144,50.4692],[-3.55178,50.46934],[-3.55216,50.46941],[-3.55274,50.46943],[-3.55349,50.46932]]]}},
{"type":"Feature","properties":{"types":"Allotments Or Community Growing Spaces","area_m2":16494.7},"geometry":{"type":"Polygon","coordinates":[[[-3.55891,50.46985],[-3.55888,50.46986],[-3.55836,50.46942],[-3.55796,50.46917],[-3.55767,50.46903],[-3.55742,50.46897],[-3.55701,50.46922],[-3.55752,50.46977],[-3.55741,50.46984],[-3.55853,50.47053],[-3.55909,50.4711],[-3.55966,50.47051],[-3.5591,50.47005],[-3.55913,50.47003],[-3.55896,50.46992],[-3.559,50.4699],[-3.55891,50.46985]]]}},
{"type":"Feature","properties":{"types":"Other Sports Facility; Play Space; Public Park Or Garden","area_m2":16433.0},"geometry":{"type":"Polygon","coordinates":[[[-3.53337,50.47035],[-3.53349,50.47041],[-3.53407,50.47062],[-3.5349,50.47084],[-3.53552,50.47072],[-3.53609,50.47074],[-3.53633,50.47085],[-3.53661,50.47111],[-3.53691,50.4715],[-3.53737,50.47141],[-3.53724,50.47121],[-3.53748,50.47113],[-3.53722,50.47087],[-3.5366,50.47052],[-3.53576,50.47027],[-3.53505,50.47016],[-3.5341,50.4698],[-3.53396,50.46978],[-3.53383,50.46985],[-3.53337,50.47027],[-3.53337,50.47035]],[[-3.53433,50.47002],[-3.53426,50.4701],[-3.53409,50.47003],[-3.53417,50.46996],[-3.53433,50.47002]],[[-3.53361,50.47029],[-3.53392,50.47],[-3.53438,50.47019],[-3.53406,50.47048],[-3.53361,50.47029]],[[-3.53617,50.47056],[-3.5357,50.47042],[-3.53578,50.47031],[-3.53625,50.47044],[-3.53617,50.47056]]]}},
{"type":"Feature","properties":{"types":"Public Park Or Garden","area_m2":5254.0},"geometry":{"type":"Polygon","coordinates":[[[-3.53737,50.47146],[-3.53696,50.47159],[-3.53706,50.47185],[-3.53698,50.47245],[-3.5372,50.47271],[-3.5374,50.47267],[-3.53768,50.47236],[-3.53772,50.47222],[-3.53762,50.47186],[-3.53737,50.47146]]]}},
{"type":"Feature","properties":{"types":"Other Sports Facility","area_m2":32972.4},"geometry":{"type":"Polygon","coordinates":[[[-3.56517,50.47397],[-3.56523,50.47394],[-3.56507,50.47348],[-3.56503,50.47298],[-3.56494,50.4727],[-3.56481,50.47265],[-3.56458,50.47269],[-3.56391,50.47187],[-3.56376,50.47182],[-3.56378,50.47175],[-3.56322,50.47128],[-3.56308,50.47123],[-3.56272,50.47156],[-3.56254,50.47179],[-3.56259,50.47208],[-3.56251,50.47342],[-3.56457,50.47368],[-3.56462,50.47366],[-3.56461,50.47369],[-3.56484,50.47373],[-3.56507,50.47397],[-3.56517,50.47397]]]}},
{"type":"Feature","properties":{"types":"Public Park Or Garden","area_m2":35980.3},"geometry":{"type":"Polygon","coordinates":[[[-3.5489,50.47718],[-3.54891,50.47691],[-3.54875,50.47606],[-3.54879,50.47609],[-3.54866,50.47558],[-3.54855,50.47539],[-3.54683,50.4738],[-3.54682,50.47391],[-3.54662,50.47425],[-3.54641,50.47438],[-3.5464,50.47445],[-3.54744,50.47675],[-3.54754,50.47688],[-3.54829,50.47724],[-3.54856,50.47749],[-3.54899,50.47751],[-3.54898,50.47737],[-3.5489,50.47718]]]}},
{"type":"Feature","properties":{"types":"Other Sports Facility; Play Space; Public Park Or Garden","area_m2":14081.1},"geometry":{"type":"Polygon","coordinates":[[[-3.56571,50.47832],[-3.56566,50.47843],[-3.56581,50.47845],[-3.56619,50.47835],[-3.56656,50.47821],[-3.56688,50.47844],[-3.56687,50.47839],[-3.56659,50.4782],[-3.56751,50.47792],[-3.56786,50.47776],[-3.56801,50.47761],[-3.5683,50.47771],[-3.56831,50.4775],[-3.56821,50.47741],[-3.56807,50.47737],[-3.56795,50.47758],[-3.56727,50.47757],[-3.56658,50.47769],[-3.56648,50.47754],[-3.5665,50.47743],[-3.56641,50.47745],[-3.5664,50.47775],[-3.56472,50.47794],[-3.56401,50.47812],[-3.56387,50.4781],[-3.5639,50.47789],[-3.56375,50.47797],[-3.56384,50.4785],[-3.56392,50.47854],[-3.564,50.47855],[-3.56405,50.4783],[-3.56456,50.4783],[-3.56462,50.47816],[-3.56571,50.47832]]]}},
{"type":"Feature","properties":{"types":"Playing Field","area_m2":22233.8},"geometry":{"type":"Polygon","coordinates":[[[-3.54607,50.47889],[-3.54601,50.47895],[-3.54575,50.47833],[-3.54464,50.47821],[-3.54332,50.47819],[-3.54332,50.4792],[-3.54337,50.47924],[-3.54513,50.47933],[-3.54574,50.47957],[-3.54599,50.47901],[-3.54606,50.47897],[-3.54608,50.47901],[-3.54607,50.47889]]]}},
{"type":"Feature","properties":{"types":"Play Space; Public Park Or Garden","area_m2":7815.3},"geometry":{"type":"Polygon","coordinates":[[[-3.55832,50.48189],[-3.55867,50.48161],[-3.55861,50.48158],[-3.55867,50.4815],[-3.55862,50.48133],[-3.5588,50.48122],[-3.55886,50.48124],[-3.5589,50.48122],[-3.55862,50.48105],[-3.55872,50.48072],[-3.55807,50.48062],[-3.55785,50.48118],[-3.55792,50.48157],[-3.55778,50.48184],[-3.55781,50.48218],[-3.55832,50.48189]]]}},
{"type":"Feature","properties":{"types":"Play Space; Playing Field","area_m2":33067.5},"geometry":{"type":"Polygon","coordinates":[[[-3.54066,50.48141],[-3.53999,50.4812],[-3.54006,50.4811],[-3.53826,50.48053],[-3.53759,50.48177],[-3.53777,50.4821],[-3.53771,50.48241],[-3.53776,50.48246],[-3.53878,50.48277],[-3.53893,50.48252],[-3.53908,50.48255],[-3.53921,50.48236],[-3.54014,50.48231],[-3.54066,50.48141]]]}},
{"type":"Feature","properties":{"types":"Other Sports Facility; Play Space; Playing Field","area_m2":45577.7},"geometry":{"type":"Polygon","coordinates":[[[-3.53492,50.48616],[-3.53498,50.4862],[-3.53478,50.48632],[-3.53414,50.48652],[-3.53409,50.48687],[-3.53367,50.48715],[-3.53509,50.48805],[-3.53507,50.48809],[-3.53513,50.48814],[-3.53518,50.48812],[-3.53587,50.4885],[-3.53613,50.48834],[-3.53668,50.48816],[-3.53656,50.48776],[-3.5366,50.48732],[-3.53669,50.48709],[-3.53678,50.48708],[-3.53705,50.48636],[-3.53705,50.48607],[-3.53697,50.48584],[-3.53664,50.48566],[-3.53611,50.48564],[-3.53561,50.48579],[-3.53561,50.48585],[-3.53504,50.48616],[-3.53497,50.48618],[-3.53492,50.48616]]]}},
{"type":"Feature","properties":{"types":"Allotments Or Community Growing Spaces","area_m2":14844.7},"geometry":{"type":"Polygon","coordinates":[[[-3.54192,50.48817],[-3.54312,50.48874],[-3.54341,50.48845],[-3.54452,50.4888],[-3.54457,50.48878],[-3.54457,50.48872],[-3.54485,50.48838],[-3.54449,50.48818],[-3.54376,50.48795],[-3.54306,50.48761],[-3.54291,50.48784],[-3.54228,50.48756],[-3.54192,50.48817]]]}},
{"type":"Feature","properties":{"types":"Play Space; Public Park Or Garden","area_m2":19435.7},"geometry":{"type":"Polygon","coordinates":[[[-3.54649,50.49241],[-3.54629,50.49259],[-3.54637,50.49263],[-3.54663,50.49248],[-3.54706,50.4927],[-3.54749,50.49287],[-3.54741,50.493],[-3.54768,50.49296],[-3.54794,50.49281],[-3.5479,50.49277],[-3.54781,50.49279],[-3.54763,50.49252],[-3.54724,50.49228],[-3.54695,50.49179],[-3.54646,50.49112],[-3.54646,50.49096],[-3.54653,50.49096],[-3.54653,50.4909],[-3.54682,50.49085],[-3.54618,50.49057],[-3.54604,50.49061],[-3.54578,50.49082],[-3.54517,50.4912],[-3.54516,50.49125],[-3.54534,50.49157],[-3.54611,50.49217],[-3.54649,50.49241]]]}},
{"type":"Feature","properties":{"types":"Playing Field","area_m2":45444.5},"geometry":{"type":"Polygon","coordinates":[[[-3.57185,50.52162],[-3.57439,50.52163],[-3.57411,50.5209],[-3.57388,50.51944],[-3.57125,50.51922],[-3.57185,50.52162]]]}},
{"type":"Feature","properties":{"types":"Playing Field","area_m2":23925.9},"geometry":{"type":"Polygon","coordinates":[[[-3.57369,50.53418],[-3.57395,50.53499],[-3.57418,50.53549],[-3.57591,50.53543],[-3.57598,50.53532],[-3.57631,50.53518],[-3.57634,50.53511],[-3.57611,50.53451],[-3.57611,50.53445],[-3.57618,50.5344],[-3.57587,50.53414],[-3.57485,50.53407],[-3.57402,50.53412],[-3.57369,50.53418]]]}},
{"type":"Feature","properties":{"types":"Playing Field","area_m2":24577.9},"geometry":{"type":"Polygon","coordinates":[[[-3.54763,50.53988],[-3.54806,50.53995],[-3.54858,50.53996],[-3.54896,50.54004],[-3.54925,50.54016],[-3.55008,50.54059],[-3.55002,50.54012],[-3.55016,50.5395],[-3.55013,50.53924],[-3.55047,50.53876],[-3.54978,50.53873],[-3.54835,50.53915],[-3.54758,50.53925],[-3.54717,50.53927],[-3.54713,50.53972],[-3.54718,50.53977],[-3.54764,50.53983],[-3.54763,50.53988]]]}},
{"type":"Feature","properties":{"types":"Allotments Or Community Growing Spaces; Playing Field","area_m2":42752.8},"geometry":{"type":"Polygon","coordinates":[[[-3.54625,50.5491],[-3.54656,50.54925],[-3.5466,50.54921],[-3.54645,50.54826],[-3.5462,50.54741],[-3.54588,50.54683],[-3.54345,50.54732],[-3.54268,50.54745],[-3.54244,50.54793],[-3.54559,50.54892],[-3.54565,50.54888],[-3.54559,50.54894],[-3.54575,50.549],[-3.54575,50.54892],[-3.54577,50.54898],[-3.54625,50.5491]]]}},
{"type":"Feature","properties":{"types":"Play Space; Playing Field","area_m2":27879.4},"geometry":{"type":"Polygon","coordinates":[[[-3.54881,50.55023],[-3.54869,50.55044],[-3.54854,50.55046],[-3.54843,50.55042],[-3.54829,50.55054],[-3.54819,50.55073],[-3.54859,50.55074],[-3.54943,50.55103],[-3.54947,50.55102],[-3.54983,50.55118],[-3.54984,50.55129],[-3.5496,50.55144],[-3.54997,50.55144],[-3.54997,50.55147],[-3.55092,50.55142],[-3.55094,50.55134],[-3.55132,50.55114],[-3.5515,50.55096],[-3.55235,50.55076],[-3.55205,50.55063],[-3.55177,50.55059],[-3.55166,50.55053],[-3.55118,50.54964],[-3.55052,50.54987],[-3.55048,50.55],[-3.55021,50.54999],[-3.5489,50.55019],[-3.54881,50.55023]],[[-3.54905,50.55022],[-3.54959,50.55017],[-3.54972,50.55018],[-3.54976,50.55049],[-3.54909,50.55053],[-3.54905,50.55022]]]}},
{"type":"Feature","properties":{"types":"Playing Field","area_m2":47840.2},"geometry":{"type":"Polygon","coordinates":[[[-3.56312,50.56646],[-3.56272,50.56608],[-3.5631,50.56583],[-3.5623,50.56532],[-3.56192,50.56566],[-3.56166,50.56581],[-3.56073,50.56619],[-3.56069,50.56624],[-3.55935,50.56642],[-3.55919,50.56712],[-3.5615,50.56771],[-3.56204,50.56781],[-3.56214,50.5678],[-3.56249,50.56739],[-3.5635,50.5668],[-3.56415,50.5665],[-3.56356,50.56613],[-3.56312,50.56646]]]}},
{"type":"Feature","properties":{"types":"Other Sports Facility","area_m2":19447.9},"geometry":{"type":"Polygon","coordinates":[[[-3.57972,50.65284],[-3.58031,50.65269],[-3.58028,50.65263],[-3.58035,50.6526],[-3.5804,50.65265],[-3.5806,50.65257],[-3.58065,50.65263],[-3.58137,50.65246],[-3.58131,50.65232],[-3.58135,50.65209],[-3.5813,50.65191],[-3.58118,50.65175],[-3.58074,50.65151],[-3.58066,50.65133],[-3.58054,50.65135],[-3.58034,50.65129],[-3.57999,50.65139],[-3.57891,50.65157],[-3.57896,50.6516],[-3.5789,50.65165],[-3.57897,50.6517],[-3.57896,50.65175],[-3.57901,50.65178],[-3.57907,50.65175],[-3.57936,50.65196],[-3.57919,50.65211],[-3.57916,50.65225],[-3.57972,50.65284]]]}},
{"type":"Feature","properties":{"types":"Allotments Or Community Growing Spaces","area_m2":7316.6},"geometry":{"type":"Polygon","coordinates":[[[-3.54317,50.68526],[-3.54376,50.68512],[-3.54251,50.68399],[-3.54186,50.68429],[-3.54317,50.68526]]]}},
{"type":"Feature","properties":{"types":"Allotments Or Community Growing Spaces","area_m2":5032.3},"geometry":{"type":"Polygon","coordinates":[[[-3.54249,50.70015],[-3.54238,50.70007],[-3.54201,50.70001],[-3.54121,50.69978],[-3.54091,50.69999],[-3.54223,50.70067],[-3.54249,50.70015]]]}},
{"type":"Feature","properties":{"types":"Playing Field","area_m2":8884.5},"geometry":{"type":"Polygon","coordinates":[[[-3.56673,50.70181],[-3.56653,50.702],[-3.56647,50.70268],[-3.56771,50.70278],[-3.56797,50.7026],[-3.56801,50.70248],[-3.56797,50.70236],[-3.56709,50.70198],[-3.56797,50.70234],[-3.56785,50.70202],[-3.56692,50.70187],[-3.56707,50.70197],[-3.56673,50.70181]]]}},
{"type":"Feature","properties":{"types":"Allotments Or Community Growing Spaces","area_m2":43683.1},"geometry":{"type":"Polygon","coordinates":[[[-3.54689,50.70868],[-3.54763,50.70906],[-3.54767,50.70903],[-3.54777,50.70908],[-3.54938,50.70794],[-3.5493,50.70786],[-3.54935,50.70781],[-3.54811,50.70719],[-3.54657,50.70658],[-3.54588,50.70711],[-3.5451,50.70762],[-3.54511,50.70768],[-3.54689,50.70868]]]}},
{"type":"Feature","properties":{"types":"Allotments Or Community Growing Spaces; Play Space; Playing Field; Public Park Or Garden","area_m2":121286.5},"geometry":{"type":"Polygon","coordinates":[[[-3.54076,50.71117],[-3.54102,50.71066],[-3.54235,50.71097],[-3.54243,50.71103],[-3.54225,50.71141],[-3.5422,50.71139],[-3.54192,50.71157],[-3.54156,50.71152],[-3.54189,50.71159],[-3.54177,50.71184],[-3.54255,50.71199],[-3.54197,50.7124],[-3.54271,50.71327],[-3.5429,50.71317],[-3.54314,50.71308],[-3.54324,50.71319],[-3.54493,50.71258],[-3.54448,50.71202],[-3.54591,50.71203],[-3.54574,50.71152],[-3.54576,50.71115],[-3.54598,50.71111],[-3.54594,50.71099],[-3.5456,50.7107],[-3.54538,50.71078],[-3.54551,50.71093],[-3.54497,50.71112],[-3.54471,50.71083],[-3.54455,50.71086],[-3.54448,50.71078],[-3.54453,50.71077],[-3.54443,50.71059],[-3.54444,50.71045],[-3.54497,50.71026],[-3.5445,50.70995],[-3.54445,50.70984],[-3.54398,50.7094],[-3.54383,50.70947],[-3.54243,50.70843],[-3.54238,50.70846],[-3.54244,50.70851],[-3.54228,50.70856],[-3.54238,50.7087],[-3.54198,50.70881],[-3.54179,50.70871],[-3.54095,50.70898],[-3.54027,50.70934],[-3.54026,50.70938],[-3.53947,50.71009],[-3.53921,50.71002],[-3.53919,50.71004],[-3.53943,50.71013],[-3.53909,50.71045],[-3.53894,50.71046],[-3.53893,50.71048],[-3.53905,50.71049],[-3.53888,50.71073],[-3.53865,50.7107],[-3.53858,50.71084],[-3.53916,50.71094],[-3.53923,50.7108],[-3.54076,50.71117]],[[-3.53914,50.7107],[-3.5394,50.71021],[-3.54012,50.71038],[-3.53982,50.71088],[-3.53914,50.7107]]]}},
{"type":"Feature","properties":{"types":"Play Space; Playing Field","area_m2":21226.5},"geometry":{"type":"Polygon","coordinates":[[[-3.54509,50.71635],[-3.54382,50.71647],[-3.54355,50.71634],[-3.54348,50.71623],[-3.54297,50.71607],[-3.54293,50.71612],[-3.54282,50.71614],[-3.54242,50.71613],[-3.54231,50.71607],[-3.54205,50.71618],[-3.54337,50.71664],[-3.54369,50.71747],[-3.544,50.71769],[-3.54411,50.71763],[-3.54422,50.7177],[-3.54497,50.7173],[-3.54494,50.71703],[-3.54565,50.71701],[-3.54549,50.71634],[-3.54563,50.71575],[-3.54519,50.71573],[-3.5452,50.71594],[-3.54509,50.71635]]]}},
{"type":"Feature","properties":{"types":"Other Sports Facility; Play Space; Playing Field","area_m2":10029.2},"geometry":{"type":"Polygon","coordinates":[[[-3.55084,50.71699],[-3.55055,50.71734],[-3.55011,50.71732],[-3.55011,50.71723],[-3.55004,50.71723],[-3.55004,50.7172],[-3.5498,50.71723],[-3.5498,50.71727],[-3.54999,50.71727],[-3.54999,50.71757],[-3.54994,50.71761],[-3.54969,50.71759],[-3.5497,50.71771],[-3.55009,50.71772],[-3.55011,50.7182],[-3.55083,50.71792],[-3.55104,50.71813],[-3.55084,50.71791],[-3.55209,50.71743],[-3.55084,50.71699]]]}},
{"type":"Feature","properties":{"types":"Allotments Or Community Growing Spaces; Other Sports Facility; Playing Field","area_m2":140228.5},"geometry":{"type":"Polygon","coordinates":[[[-3.54437,50.72174],[-3.54402,50.72185],[-3.54405,50.72192],[-3.54388,50.72194],[-3.54412,50.72253],[-3.54429,50.7225],[-3.54431,50.72245],[-3.54438,50.72251],[-3.54434,50.72255],[-3.54413,50.72258],[-3.54424,50.72301],[-3.54413,50.72312],[-3.54417,50.72337],[-3.54448,50.72367],[-3.54432,50.72566],[-3.54409,50.72564],[-3.54409,50.72571],[-3.54493,50.7262],[-3.54497,50.72617],[-3.5455,50.72635],[-3.54584,50.72656],[-3.54648,50.72706],[-3.54697,50.72763],[-3.54705,50.72761],[-3.54735,50.72833],[-3.54742,50.72876],[-3.54741,50.72919],[-3.5475,50.72933],[-3.54777,50.72927],[-3.54773,50.72923],[-3.54746,50.72925],[-3.54748,50.72874],[-3.5484,50.7287],[-3.54844,50.72908],[-3.54857,50.72907],[-3.54835,50.72723],[-3.54745,50.72728],[-3.54729,50.72723],[-3.5473,50.72663],[-3.54755,50.72593],[-3.54748,50.7259],[-3.54816,50.72608],[-3.5484,50.72566],[-3.5485,50.72511],[-3.5481,50.72472],[-3.54802,50.72458],[-3.54797,50.72459],[-3.54772,50.72442],[-3.54765,50.72443],[-3.54734,50.72324],[-3.54721,50.72329],[-3.54607,50.72141],[-3.54524,50.7216],[-3.54437,50.72174]],[[-3.54693,50.72566],[-3.54662,50.72549],[-3.54747,50.72589],[-3.54693,50.72566]],[[-3.54585,50.72472],[-3.54591,50.72476],[-3.54622,50.72513],[-3.54585,50.72472]],[[-3.54839,50.72552],[-3.54819,50.72585],[-3.54776,50.72574],[-3.54796,50.72541],[-3.54839,50.72552]]]}},
{"type":"Feature","properties":{"types":"Play Space; Playing Field","area_m2":71203.1},"geometry":{"type":"Polygon","coordinates":[[[-3.54382,50.72332],[-3.54402,50.72331],[-3.54398,50.72308],[-3.54373,50.72292],[-3.54343,50.72206],[-3.54307,50.72138],[-3.54271,50.72084],[-3.54115,50.72106],[-3.5411,50.72094],[-3.54094,50.72095],[-3.54118,50.72168],[-3.54091,50.72174],[-3.54123,50.72279],[-3.5413,50.72279],[-3.54123,50.72281],[-3.54139,50.72332],[-3.54132,50.72333],[-3.54132,50.72337],[-3.54142,50.72367],[-3.54171,50.72415],[-3.54195,50.7244],[-3.54231,50.72467],[-3.54391,50.7256],[-3.54391,50.72553],[-3.54376,50.72531],[-3.54387,50.72421],[-3.54382,50.72332]]]}},
{"type":"Feature","properties":{"types":"Play Space; Public Park Or Garden","area_m2":5307.0},"geometry":{"type":"Polygon","coordinates":[[[-3.54747,50.73169],[-3.54798,50.73171],[-3.54807,50.73126],[-3.54841,50.73127],[-3.54772,50.73119],[-3.54685,50.73102],[-3.54682,50.73107],[-3.54678,50.73107],[-3.54679,50.73159],[-3.54747,50.73169]]]}},
{"type":"Feature","properties":{"types":"Play Space; Playing Field","area_m2":10140.2},"geometry":{"type":"Polygon","coordinates":[[[-3.54319,50.74467],[-3.54397,50.74466],[-3.54396,50.74441],[-3.54431,50.74439],[-3.54433,50.74354],[-3.54378,50.74351],[-3.54363,50.74344],[-3.54355,50.74335],[-3.54317,50.74335],[-3.54319,50.74467]]]}},
{"type":"Feature","properties":{"types":"Allotments Or Community Growing Spaces","area_m2":9660.5},"geometry":{"type":"Polygon","coordinates":[[[-3.5798,50.76846],[-3.5804,50.76849],[-3.58192,50.76867],[-3.58196,50.76798],[-3.57984,50.76795],[-3.5798,50.76846]]]}},
{"type":"Feature","properties":{"types":"Playing Field","area_m2":10503.8},"geometry":{"type":"Polygon","coordinates":[[[-3.58167,50.85333],[-3.58175,50.85336],[-3.58175,50.85332],[-3.58249,50.85319],[-3.58191,50.85237],[-3.58124,50.85238],[-3.58087,50.85234],[-3.58068,50.85324],[-3.58132,50.85334],[-3.58167,50.85333]]]}},
{"type":"Feature","properties":{"types":"Play Space; Playing Field","area_m2":5287.8},"geometry":{"type":"Polygon","coordinates":[[[-3.55352,50.98173],[-3.55266,50.98202],[-3.55213,50.98211],[-3.55251,50.98261],[-3.55383,50.98205],[-3.55352,50.98173]]]}},
{"type":"Feature","properties":{"types":"Playing Field","area_m2":14081.1},"geometry":{"type":"Polygon","coordinates":[[[-3.5613,51.10273],[-3.56129,51.10261],[-3.56155,51.10232],[-3.56158,51.1022],[-3.56089,51.1018],[-3.56064,51.10176],[-3.56042,51.10181],[-3.56003,51.10195],[-3.55957,51.10221],[-3.55962,51.10228],[-3.5595,51.10272],[-3.56088,51.10308],[-3.5613,51.10273]]]}},
{"type":"Feature","properties":{"types":"Allotments Or Community Growing Spaces; Play Space; Playing Field","area_m2":37878.9},"geometry":{"type":"Polygon","coordinates":[[[-3.59548,51.20588],[-3.59546,51.20557],[-3.59537,51.20558],[-3.59536,51.2055],[-3.59519,51.2055],[-3.59517,51.20534],[-3.59607,51.20532],[-3.59619,51.20454],[-3.59598,51.20448],[-3.59522,51.2044],[-3.59504,51.20484],[-3.59504,51.20502],[-3.59404,51.20489],[-3.59348,51.20598],[-3.59397,51.20605],[-3.59379,51.20648],[-3.5938,51.20666],[-3.59446,51.20716],[-3.59457,51.2072],[-3.59613,51.20696],[-3.59613,51.20679],[-3.59601,51.20671],[-3.59615,51.20659],[-3.59617,51.20584],[-3.59548,51.20588]],[[-3.59505,51.20519],[-3.59504,51.20549],[-3.5946,51.20549],[-3.5946,51.20518],[-3.59505,51.20519]]]}},
{"type":"Feature","properties":{"types":"Play Space; Playing Field","area_m2":17414.0},"geometry":{"type":"Polygon","coordinates":[[[-3.57128,51.21237],[-3.57135,51.21256],[-3.57203,51.21287],[-3.57281,51.21355],[-3.5729,51.21349],[-3.57293,51.2135],[-3.57338,51.213],[-3.57378,51.21246],[-3.57247,51.21199],[-3.57161,51.21185],[-3.57128,51.21237]]]}},
{"type":"Feature","properties":{"types":"Play Space; Playing Field","area_m2":28886.1},"geometry":{"type":"Polygon","coordinates":[[[-3.5185,50.38545],[-3.5185,50.38562],[-3.51924,50.38563],[-3.51922,50.38549],[-3.52038,50.38543],[-3.52077,50.3852],[-3.52117,50.38489],[-3.52126,50.38478],[-3.5211,50.38441],[-3.51855,50.38396],[-3.51819,50.38416],[-3.51806,50.38432],[-3.51788,50.38441],[-3.51776,50.38508],[-3.51777,50.38522],[-3.51802,50.38552],[-3.5185,50.38545]],[[-3.51889,50.38502],[-3.51829,50.38502],[-3.51825,50.38496],[-3.51826,50.38463],[-3.5189,50.38464],[-3.51889,50.38502]],[[-3.51885,50.38505],[-3.51884,50.38537],[-3.51802,50.38537],[-3.51802,50.38505],[-3.51885,50.38505]]]}},
{"type":"Feature","properties":{"types":"Other Sports Facility; Play Space; Playing Field","area_m2":34887.2},"geometry":{"type":"Polygon","coordinates":[[[-3.50759,50.39175],[-3.50798,50.39194],[-3.5082,50.39178],[-3.50901,50.39108],[-3.50923,50.39068],[-3.50921,50.39053],[-3.5083,50.39036],[-3.50732,50.39035],[-3.5072,50.39041],[-3.50725,50.3914],[-3.50672,50.39142],[-3.50613,50.3915],[-3.50595,50.39156],[-3.50586,50.39168],[-3.50529,50.39196],[-3.50558,50.39222],[-3.50462,50.39275],[-3.50509,50.39311],[-3.50473,50.39332],[-3.50473,50.39336],[-3.50759,50.39175]]]}},
{"type":"Feature","properties":{"types":"Allotments Or Community Growing Spaces; Playing Field","area_m2":17517.2},"geometry":{"type":"Polygon","coordinates":[[[-3.50179,50.39553],[-3.50168,50.39555],[-3.50173,50.39559],[-3.50165,50.39564],[-3.50166,50.39568],[-3.50217,50.39598],[-3.50262,50.39565],[-3.503,50.39528],[-3.50273,50.39519],[-3.5035,50.39432],[-3.50274,50.39389],[-3.50187,50.39465],[-3.50123,50.39515],[-3.50179,50.39553]]]}},
{"type":"Feature","properties":{"types":"Play Space; Playing Field","area_m2":18913.6},"geometry":{"type":"Polygon","coordinates":[[[-3.51569,50.39741],[-3.51641,50.39803],[-3.51713,50.39747],[-3.51762,50.39724],[-3.51772,50.39713],[-3.5179,50.39713],[-3.51751,50.39684],[-3.51801,50.39654],[-3.51795,50.39636],[-3.51838,50.3963],[-3.51848,50.3966],[-3.51852,50.3966],[-3.51846,50.39629],[-3.51829,50.39613],[-3.51803,50.39602],[-3.5177,50.39597],[-3.51722,50.39602],[-3.51686,50.39625],[-3.51657,50.39663],[-3.51673,50.39671],[-3.51669,50.39675],[-3.51658,50.39676],[-3.51629,50.39703],[-3.51569,50.39741]]]}},
{"type":"Feature","properties":{"types":"Allotments Or Community Growing Spaces","area_m2":14818.5},"geometry":{"type":"Polygon","coordinates":[[[-3.51869,50.3986],[-3.51902,50.3985],[-3.51953,50.39878],[-3.51983,50.39889],[-3.52096,50.39816],[-3.5211,50.39812],[-3.52059,50.39782],[-3.51964,50.39737],[-3.5188,50.39791],[-3.51929,50.39828],[-3.51862,50.39854],[-3.51869,50.3986]]]}},
{"type":"Feature","properties":{"types":"Public Park Or Garden","area_m2":10683.6},"geometry":{"type":"Polygon","coordinates":[[[-3.51557,50.39749],[-3.51542,50.39754],[-3.51491,50.39785],[-3.51461,50.39821],[-3.51526,50.39846],[-3.51598,50.39903],[-3.51642,50.39879],[-3.51605,50.39842],[-3.51612,50.39823],[-3.51628,50.39809],[-3.51557,50.39749]]]}},
{"type":"Feature","properties":{"types":"Playing Field","area_m2":38296.8},"geometry":{"type":"Polygon","coordinates":[[[-3.5254,50.40046],[-3.52705,50.39988],[-3.52775,50.39977],[-3.52818,50.39966],[-3.52819,50.39963],[-3.52741,50.39901],[-3.52629,50.39821],[-3.52715,50.39754],[-3.52703,50.39744],[-3.5267,50.39765],[-3.52601,50.39821],[-3.52595,50.39818],[-3.52587,50.39824],[-3.52596,50.39829],[-3.52498,50.39904],[-3.52448,50.39949],[-3.52418,50.39983],[-3.52462,50.40001],[-3.5254,50.40046]]]}},
{"type":"Feature","properties":{"types":"Allotments Or Community Growing Spaces","area_m2":18400.9},"geometry":{"type":"Polygon","coordinates":[[[-3.51916,50.40012],[-3.51896,50.40009],[-3.51735,50.40033],[-3.5178,50.40062],[-3.51761,50.40076],[-3.51786,50.4009],[-3.51871,50.40134],[-3.51889,50.4012],[-3.51932,50.40142],[-3.52017,50.40081],[-3.52031,50.40057],[-3.51916,50.40012]]]}},
{"type":"Feature","properties":{"types":"Public Park Or Garden","area_m2":24003.9},"geometry":{"type":"Polygon","coordinates":[[[-3.51816,50.402],[-3.51887,50.40257],[-3.51903,50.40265],[-3.51942,50.4027],[-3.51985,50.40262],[-3.52002,50.40254],[-3.52022,50.40238],[-3.52055,50.40225],[-3.52064,50.40216],[-3.5208,50.40172],[-3.52114,50.40128],[-3.52131,50.40092],[-3.52079,50.40121],[-3.5207,50.40131],[-3.52064,50.4013],[-3.52015,50.40095],[-3.51914,50.40168],[-3.51905,50.40159],[-3.51834,50.40123],[-3.51826,50.40179],[-3.51816,50.402]],[[-3.51836,50.4014],[-3.51837,50.40144],[-3.51834,50.40142],[-3.51836,50.4014]],[[-3.51835,50.40158],[-3.51836,50.40156],[-3.51842,50.40158],[-3.51835,50.40158]]]}},
{"type":"Feature","properties":{"types":"Public Park Or Garden","area_m2":9297.4},"geometry":{"type":"Polygon","coordinates":[[[-3.51942,50.40286],[-3.51961,50.40296],[-3.51984,50.40298],[-3.51993,50.40292],[-3.51994,50.40286],[-3.5202,50.40284],[-3.52032,50.40295],[-3.52055,50.40278],[-3.52082,50.40276],[-3.52102,50.40266],[-3.52109,50.40252],[-3.52123,50.40239],[-3.52124,50.40213],[-3.52121,50.40211],[-3.52113,50.40225],[-3.52102,50.40229],[-3.52111,50.40225],[-3.52121,50.4021],[-3.52127,50.40214],[-3.52135,50.4009],[-3.52112,50.40133],[-3.52076,50.40184],[-3.52067,50.40215],[-3.52083,50.40212],[-3.52066,50.40217],[-3.52057,50.40226],[-3.52027,50.40237],[-3.51997,50.40259],[-3.51951,50.40271],[-3.51932,50.4027],[-3.51942,50.40286]]]}},
{"type":"Feature","properties":{"types":"Public Park Or Garden","area_m2":16504.9},"geometry":{"type":"Polygon","coordinates":[[[-3.51429,50.45523],[-3.51413,50.45568],[-3.5138,50.45578],[-3.51377,50.45585],[-3.51344,50.45606],[-3.51357,50.45608],[-3.51368,50.45616],[-3.51424,50.45631],[-3.51439,50.4564],[-3.5144,50.45633],[-3.516,50.45633],[-3.51488,50.45488],[-3.5148,50.4549],[-3.51473,50.4548],[-3.51479,50.45477],[-3.51475,50.45471],[-3.51462,50.45483],[-3.51411,50.45495],[-3.51429,50.45523]]]}},
{"type":"Feature","properties":{"types":"Public Park Or Garden","area_m2":22208.1},"geometry":{"type":"Polygon","coordinates":[[[-3.52676,50.46127],[-3.52829,50.46134],[-3.52961,50.46145],[-3.53038,50.46159],[-3.53043,50.46121],[-3.53028,50.46112],[-3.52903,50.46082],[-3.52892,50.46059],[-3.52863,50.46044],[-3.52825,50.46043],[-3.52794,50.46056],[-3.52686,50.46031],[-3.52633,50.461],[-3.52639,50.46103],[-3.52637,50.46109],[-3.52672,50.46115],[-3.52658,50.46123],[-3.52676,50.46127]]]}},
{"type":"Feature","properties":{"types":"Public Park Or Garden","area_m2":184099.1},"geometry":{"type":"Polygon","coordinates":[[[-3.50779,50.45889],[-3.50703,50.45902],[-3.50709,50.45884],[-3.50729,50.45875],[-3.5073,50.45865],[-3.50753,50.45857],[-3.50764,50.45847],[-3.50775,50.45843],[-3.50772,50.45839],[-3.50777,50.45835],[-3.50761,50.45824],[-3.50764,50.45821],[-3.5068,50.45844],[-3.5066,50.45854],[-3.50658,50.45851],[-3.50646,50.45854],[-3.50591,50.45874],[-3.50526,50.45928],[-3.50449,50.45967],[-3.50421,50.45974],[-3.50374,50.45976],[-3.503,50.45987],[-3.50174,50.45992],[-3.50118,50.46007],[-3.50097,50.4602],[-3.50103,50.46083],[-3.50099,50.46099],[-3.5009,50.46107],[-3.5008,50.4611],[-3.5004,50.46111],[-3.50022,50.46129],[-3.4999,50.46209],[-3.4996,50.46261],[-3.49904,50.46339],[-3.49846,50.46408],[-3.49751,50.46505],[-3.49753,50.46532],[-3.49782,50.46571],[-3.4981,50.4659],[-3.49835,50.46571],[-3.49847,50.46524],[-3.49875,50.46526],[-3.49959,50.46566],[-3.49984,50.46574],[-3.50093,50.46586],[-3.5016,50.466],[-3.50273,50.46607],[-3.5029,50.46577],[-3.50224,50.46566],[-3.50125,50.46525],[-3.5011,50.46513],[-3.50111,50.46507],[-3.5015,50.46458],[-3.50151,50.46442],[-3.50136,50.46405],[-3.50159,50.4633],[-3.5017,50.46317],[-3.50198,50.46314],[-3.50269,50.46314],[-3.50325,50.46303],[-3.50375,50.46286],[-3.50387,50.46278],[-3.50395,50.46266],[-3.50396,50.46256],[-3.50388,50.46247],[-3.50299,50.46208],[-3.50273,50.46182],[-3.50268,50.46168],[-3.50272,50.46156],[-3.50304,50.46108],[-3.50318,50.46097],[-3.50422,50.4606],[-3.50505,50.46047],[-3.50591,50.46022],[-3.50669,50.45961],[-3.50699,50.45942],[-3.50724,50.45931],[-3.50765,50.4593],[-3.50799,50.45934],[-3.50835,50.45957],[-3.50843,50.45895],[-3.50779,50.45889]]]}},
{"type":"Feature","properties":{"types":"Public Park Or Garden","area_m2":12376.1},"geometry":{"type":"Polygon","coordinates":[[[-3.51828,50.46168],[-3.51801,50.46166],[-3.51805,50.46164],[-3.51755,50.46171],[-3.5175,50.46176],[-3.51758,50.46182],[-3.51758,50.46189],[-3.51746,50.46204],[-3.51693,50.46224],[-3.51651,50.46246],[-3.51619,50.46255],[-3.51607,50.46266],[-3.51616,50.46276],[-3.51672,50.46286],[-3.51688,50.46267],[-3.51734,50.46238],[-3.5176,50.46237],[-3.51803,50.46243],[-3.51844,50.46216],[-3.51968,50.46167],[-3.51933,50.46148],[-3.51912,50.46147],[-3.51852,50.46159],[-3.51828,50.46168]]]}},
{"type":"Feature","properties":{"types":"Public Park Or Garden","area_m2":13885.4},"geometry":{"type":"Polygon","coordinates":[[[-3.52812,50.46149],[-3.52811,50.46154],[-3.52831,50.46156],[-3.5283,50.46161],[-3.52838,50.46164],[-3.52814,50.46164],[-3.52792,50.46172],[-3.5277,50.46171],[-3.52767,50.46174],[-3.52738,50.46171],[-3.52718,50.46179],[-3.52782,50.46185],[-3.52813,50.46181],[-3.5291,50.46187],[-3.53148,50.46255],[-3.53166,50.4626],[-3.5322,50.46312],[-3.53279,50.46353],[-3.53284,50.46346],[-3.53279,50.46349],[-3.53254,50.46319],[-3.53262,50.46314],[-3.53218,50.46274],[-3.53154,50.46224],[-3.53082,50.46191],[-3.5304,50.46177],[-3.52967,50.46161],[-3.52838,50.46149],[-3.52812,50.46149]]]}},
{"type":"Feature","properties":{"types":"Playing Field","area_m2":18352.4},"geometry":{"type":"Polygon","coordinates":[[[-3.50105,50.46924],[-3.50158,50.46996],[-3.50175,50.47047],[-3.50248,50.47037],[-3.5028,50.47037],[-3.50279,50.47014],[-3.50268,50.46979],[-3.50249,50.46952],[-3.50213,50.46921],[-3.50163,50.4687],[-3.50164,50.46864],[-3.50186,50.46848],[-3.50151,50.46843],[-3.50131,50.46832],[-3.50094,50.4678],[-3.50091,50.46832],[-3.50074,50.46849],[-3.50072,50.46859],[-3.50105,50.46924]]]}},
{"type":"Feature","properties":{"types":"Other Sports Facility; Play Space; Playing Field","area_m2":6031.5},"geometry":{"type":"Polygon","coordinates":[[[-3.52731,50.46921],[-3.52722,50.46912],[-3.52709,50.4691],[-3.52639,50.46966],[-3.52632,50.46979],[-3.52639,50.46993],[-3.52673,50.47028],[-3.52685,50.47031],[-3.52702,50.4703],[-3.52715,50.47021],[-3.52731,50.46921]]]}},
{"type":"Feature","properties":{"types":"Other Sports Facility; Play Space; Public Park Or Garden","area_m2":8288.0},"geometry":{"type":"Polygon","coordinates":[[[-3.52067,50.47078],[-3.5216,50.47058],[-3.52216,50.47057],[-3.5231,50.47068],[-3.52315,50.47068],[-3.52321,50.4706],[-3.52231,50.47028],[-3.52211,50.47025],[-3.52089,50.47045],[-3.52042,50.47055],[-3.52039,50.47051],[-3.51935,50.47066],[-3.51997,50.471],[-3.52018,50.47101],[-3.52067,50.47078]]]}},
{"type":"Feature","properties":{"types":"Allotments Or Community Growing Spaces; Public Park Or Garden","area_m2":18937.4},"geometry":{"type":"Polygon","coordinates":[[[-3.51308,50.47319],[-3.51311,50.47323],[-3.51419,50.47285],[-3.51374,50.47195],[-3.5142,50.47183],[-3.51377,50.47124],[-3.51352,50.47133],[-3.51327,50.47131],[-3.51318,50.47123],[-3.51229,50.47205],[-3.51299,50.47315],[-3.51298,50.47319],[-3.51308,50.47319]]]}},
{"type":"Feature","properties":{"types":"Allotments Or Community Growing Spaces","area_m2":8129.5},"geometry":{"type":"Polygon","coordinates":[[[-3.51587,50.47205],[-3.51536,50.4724],[-3.51716,50.47354],[-3.51798,50.47413],[-3.5177,50.47443],[-3.51804,50.47414],[-3.51857,50.47335],[-3.51853,50.47334],[-3.51831,50.47363],[-3.51746,50.47337],[-3.51562,50.47234],[-3.51594,50.4721],[-3.51587,50.47205]]]}},
{"type":"Feature","properties":{"types":"Other Sports Facility; Play Space; Playing Field","area_m2":6504.5},"geometry":{"type":"Polygon","coordinates":[[[-3.52406,50.47569],[-3.52534,50.47631],[-3.52558,50.4762],[-3.5255,50.47584],[-3.52557,50.47581],[-3.52519,50.47548],[-3.52472,50.47527],[-3.52406,50.47569]]]}},
{"type":"Feature","properties":{"types":"Playing Field","area_m2":13782.0},"geometry":{"type":"Polygon","coordinates":[[[-3.50866,50.47639],[-3.50855,50.4763],[-3.50817,50.47612],[-3.50735,50.47603],[-3.50713,50.47607],[-3.507,50.47605],[-3.50745,50.47741],[-3.50784,50.47743],[-3.50803,50.47733],[-3.50846,50.47729],[-3.50849,50.47721],[-3.50865,50.47715],[-3.50866,50.47639]]]}},
{"type":"Feature","properties":{"types":"Play Space; Public Park Or Garden","area_m2":7031.0},"geometry":{"type":"Polygon","coordinates":[[[-3.51822,50.47779],[-3.51792,50.4779],[-3.5178,50.47814],[-3.51877,50.47836],[-3.52033,50.47857],[-3.52034,50.47853],[-3.52052,50.47855],[-3.5205,50.47847],[-3.52039,50.47837],[-3.51822,50.47779]]]}},
{"type":"Feature","properties":{"types":"Public Park Or Garden","area_m2":7143.7},"geometry":{"type":"Polygon","coordinates":[[[-3.52154,50.47862],[-3.52155,50.47874],[-3.52168,50.47884],[-3.52279,50.47915],[-3.5234,50.47931],[-3.52358,50.47929],[-3.52373,50.4792],[-3.52377,50.47906],[-3.52367,50.47895],[-3.5219,50.47846],[-3.52169,50.47849],[-3.52154,50.47862]]]}},
{"type":"Feature","properties":{"types":"Public Park Or Garden","area_m2":9623.3},"geometry":{"type":"Polygon","coordinates":[[[-3.51188,50.47865],[-3.5121,50.47878],[-3.51193,50.4789],[-3.5117,50.47878],[-3.51168,50.4788],[-3.5119,50.47896],[-3.51196,50.47891],[-3.51212,50.47891],[-3.51229,50.47898],[-3.51233,50.47908],[-3.51216,50.47901],[-3.51211,50.47906],[-3.51191,50.47899],[-3.51232,50.47925],[-3.51278,50.47947],[-3.51303,50.47946],[-3.51352,50.47959],[-3.5139,50.4799],[-3.51421,50.48002],[-3.51456,50.48004],[-3.51486,50.48026],[-3.51525,50.4803],[-3.51555,50.48039],[-3.51574,50.48037],[-3.51599,50.48042],[-3.51687,50.48078],[-3.51692,50.48083],[-3.51688,50.48077],[-3.51614,50.48039],[-3.51407,50.47963],[-3.51255,50.47891],[-3.51234,50.47894],[-3.51215,50.47888],[-3.51216,50.47876],[-3.51205,50.47856],[-3.5119,50.47861],[-3.51188,50.47865]]]}},
{"type":"Feature","properties":{"types":"Public Park Or Garden","area_m2":10268.6},"geometry":{"type":"Polygon","coordinates":[[[-3.5228,50.48022],[-3.522,50.47939],[-3.52125,50.4799],[-3.52088,50.48023],[-3.52106,50.48037],[-3.52169,50.48071],[-3.5228,50.48022]]]}},
{"type":"Feature","properties":{"types":"Public Park Or Garden","area_m2":73011.4},"geometry":{"type":"Polygon","coordinates":[[[-3.51778,50.48454],[-3.51869,50.4848],[-3.51909,50.48503],[-3.5197,50.48483],[-3.51974,50.48488],[-3.51998,50.48477],[-3.51995,50.48475],[-3.5201,50.48472],[-3.52039,50.48444],[-3.52087,50.48428],[-3.5216,50.48411],[-3.52157,50.48406],[-3.52142,50.48409],[-3.52156,50.48405],[-3.52138,50.4837],[-3.52142,50.48318],[-3.52156,50.48295],[-3.52177,50.48282],[-3.52175,50.48273],[-3.52165,50.4827],[-3.52117,50.48299],[-3.52111,50.48316],[-3.5207,50.4836],[-3.51932,50.48419],[-3.51917,50.48401],[-3.51923,50.4839],[-3.51865,50.48328],[-3.51902,50.48311],[-3.51863,50.4828],[-3.5186,50.48284],[-3.51814,50.48269],[-3.51825,50.48247],[-3.51821,50.48233],[-3.51835,50.48216],[-3.51805,50.48207],[-3.51783,50.48192],[-3.51763,50.48212],[-3.51728,50.4823],[-3.51661,50.48239],[-3.51647,50.48213],[-3.51629,50.48195],[-3.51586,50.48197],[-3.51563,50.48202],[-3.51561,50.48199],[-3.51573,50.48225],[-3.51569,50.48247],[-3.51575,50.48255],[-3.51589,50.4826],[-3.51584,50.48268],[-3.51574,50.48267],[-3.51567,50.48323],[-3.5157,50.48331],[-3.5158,50.48337],[-3.51584,50.48355],[-3.51604,50.48359],[-3.51606,50.48364],[-3.5159,50.48388],[-3.51616,50.48389],[-3.51608,50.48405],[-3.51606,50.48429],[-3.51597,50.48431],[-3.51603,50.4844],[-3.5164,50.48441],[-3.51649,50.48437],[-3.51711,50.4845],[-3.51712,50.48447],[-3.51726,50.48449],[-3.51737,50.48447],[-3.51778,50.48454]]]}},
{"type":"Feature","properties":{"types":"Play Space; Playing Field","area_m2":6801.1},"geometry":{"type":"Polygon","coordinates":[[[-3.53073,50.48731],[-3.53151,50.48697],[-3.5321,50.48663],[-3.53202,50.48659],[-3.5319,50.4866],[-3.53002,50.48715],[-3.52974,50.48735],[-3.52953,50.48744],[-3.53025,50.48776],[-3.5304,50.48779],[-3.53073,50.48731]]]}},
{"type":"Feature","properties":{"types":"Public Park Or Garden","area_m2":6358.0},"geometry":{"type":"Polygon","coordinates":[[[-3.5305,50.48982],[-3.53148,50.49031],[-3.5316,50.49033],[-3.53175,50.49029],[-3.5318,50.49014],[-3.53068,50.48907],[-3.53054,50.48909],[-3.53031,50.48954],[-3.53035,50.48971],[-3.5305,50.48982]],[[-3.53077,50.48935],[-3.53072,50.48958],[-3.53097,50.48987],[-3.53153,50.49018],[-3.53164,50.49029],[-3.53161,50.4903],[-3.53136,50.49011],[-3.53099,50.48991],[-3.53071,50.48959],[-3.53046,50.48976],[-3.53071,50.48955],[-3.53075,50.48936],[-3.53069,50.48919],[-3.53077,50.48935]]]}},
{"type":"Feature","properties":{"types":"Playing Field","area_m2":50159.0},"geometry":{"type":"Polygon","coordinates":[[[-3.52666,50.49304],[-3.52667,50.49297],[-3.52692,50.49277],[-3.52676,50.49247],[-3.52677,50.49224],[-3.5269,50.4919],[-3.52736,50.49109],[-3.52742,50.49058],[-3.5273,50.4905],[-3.527,50.49058],[-3.52549,50.49063],[-3.52514,50.49066],[-3.52469,50.49077],[-3.52406,50.49097],[-3.52356,50.49136],[-3.52322,50.49152],[-3.52402,50.49214],[-3.52426,50.49208],[-3.52517,50.49255],[-3.52643,50.49303],[-3.52666,50.49304]]]}},
{"type":"Feature","properties":{"types":"Other Sports Facility","area_m2":8341.7},"geometry":{"type":"Polygon","coordinates":[[[-3.52343,50.49257],[-3.52285,50.49204],[-3.52253,50.49185],[-3.52144,50.49231],[-3.52153,50.49249],[-3.52176,50.49245],[-3.52193,50.4925],[-3.5228,50.4929],[-3.52343,50.49257]]]}},
{"type":"Feature","properties":{"types":"Play Space; Playing Field","area_m2":21368.3},"geometry":{"type":"Polygon","coordinates":[[[-3.52633,50.49524],[-3.52626,50.49498],[-3.52643,50.49452],[-3.52686,50.49389],[-3.5267,50.49381],[-3.52458,50.49452],[-3.524,50.49486],[-3.52349,50.49542],[-3.52466,50.49539],[-3.52586,50.49531],[-3.52627,50.4953],[-3.52633,50.49524]]]}},
{"type":"Feature","properties":{"types":"Public Park Or Garden","area_m2":68146.8},"geometry":{"type":"Polygon","coordinates":[[[-3.52713,50.49754],[-3.52719,50.49781],[-3.52685,50.4978],[-3.52621,50.49764],[-3.52597,50.49793],[-3.52645,50.49818],[-3.52658,50.49843],[-3.52655,50.49878],[-3.52628,50.49919],[-3.52681,50.49936],[-3.52879,50.5001],[-3.5287,50.50054],[-3.52912,50.5005],[-3.52896,50.49877],[-3.52928,50.49866],[-3.5298,50.49857],[-3.53039,50.4986],[-3.53115,50.49884],[-3.53082,50.49957],[-3.53106,50.49958],[-3.53123,50.49942],[-3.53111,50.49934],[-3.53114,50.49929],[-3.53129,50.49931],[-3.53165,50.49883],[-3.53175,50.49886],[-3.53191,50.49905],[-3.53194,50.49916],[-3.53155,50.4997],[-3.53154,50.49986],[-3.53202,50.49978],[-3.53229,50.49977],[-3.5325,50.49981],[-3.53272,50.49988],[-3.5327,50.50007],[-3.53278,50.50019],[-3.53295,50.50019],[-3.53287,50.49988],[-3.53275,50.49991],[-3.53275,50.49962],[-3.53251,50.49905],[-3.53213,50.49876],[-3.53189,50.49881],[-3.53169,50.49877],[-3.5317,50.49861],[-3.53158,50.49835],[-3.53138,50.49814],[-3.53109,50.49793],[-3.53063,50.49783],[-3.53011,50.49778],[-3.53006,50.49769],[-3.52982,50.49777],[-3.52888,50.49769],[-3.52847,50.4977],[-3.52812,50.49782],[-3.52786,50.49786],[-3.52727,50.49769],[-3.52722,50.49753],[-3.52713,50.49754]]]}},
{"type":"Feature","properties":{"types":"Allotments Or Community Growing Spaces; Public Park Or Garden","area_m2":31219.8},"geometry":{"type":"Polygon","coordinates":[[[-3.50145,50.53829],[-3.50136,50.53847],[-3.50142,50.53849],[-3.50137,50.53851],[-3.5014,50.53867],[-3.50152,50.53873],[-3.5033,50.53914],[-3.50327,50.53908],[-3.50341,50.53879],[-3.50357,50.53856],[-3.50526,50.53901],[-3.50672,50.53923],[-3.50659,50.53953],[-3.50657,50.53973],[-3.50688,50.53976],[-3.50698,50.5397],[-3.5078,50.5398],[-3.50812,50.53979],[-3.50814,50.53983],[-3.5082,50.53983],[-3.5081,50.53923],[-3.50795,50.5389],[-3.50762,50.53889],[-3.50514,50.53858],[-3.50406,50.53829],[-3.50359,50.53822],[-3.5029,50.53823],[-3.50197,50.53837],[-3.50159,50.53827],[-3.5015,50.53827],[-3.50149,50.5383],[-3.50145,50.53829]]]}},
{"type":"Feature","properties":{"types":"Allotments Or Community Growing Spaces; Play Space; Playing Field","area_m2":8814.8},"geometry":{"type":"Polygon","coordinates":[[[-3.51152,50.54185],[-3.51155,50.54202],[-3.51243,50.54188],[-3.51271,50.54172],[-3.51289,50.54156],[-3.5129,50.5415],[-3.51298,50.5415],[-3.51309,50.54141],[-3.51255,50.54126],[-3.51273,50.54109],[-3.51206,50.54099],[-3.51201,50.54127],[-3.51132,50.54129],[-3.5113,50.54104],[-3.51126,50.54105],[-3.51109,50.5409],[-3.51107,50.54107],[-3.51123,50.54104],[-3.51127,50.5411],[-3.51134,50.54183],[-3.51152,50.54185]]]}},
{"type":"Feature","properties":{"types":"Playing Field","area_m2":18078.9},"geometry":{"type":"Polygon","coordinates":[[[-3.50838,50.54735],[-3.50871,50.54728],[-3.50882,50.54731],[-3.50891,50.54721],[-3.50966,50.54685],[-3.50964,50.54676],[-3.50839,50.54676],[-3.50674,50.54659],[-3.50635,50.54663],[-3.50659,50.54777],[-3.50722,50.54777],[-3.50722,50.54764],[-3.50776,50.54749],[-3.50839,50.54742],[-3.50838,50.54735]]]}},
{"type":"Feature","properties":{"types":"Allotments Or Community Growing Spaces","area_m2":10534.8},"geometry":{"type":"Polygon","coordinates":[[[-3.51355,50.54687],[-3.51315,50.54672],[-3.51272,50.54672],[-3.51338,50.5473],[-3.51463,50.54823],[-3.51485,50.54827],[-3.51545,50.54803],[-3.51545,50.54796],[-3.51533,50.54783],[-3.51517,50.54775],[-3.51472,50.54761],[-3.5143,50.54727],[-3.51355,50.54687]]]}},
{"type":"Feature","properties":{"types":"Playing Field","area_m2":28554.9},"geometry":{"type":"Polygon","coordinates":[[[-3.51758,50.55093],[-3.51772,50.55134],[-3.51984,50.55089],[-3.51899,50.54916],[-3.51742,50.54947],[-3.51751,50.55009],[-3.51743,50.55011],[-3.51758,50.55093]]]}},
{"type":"Feature","properties":{"types":"Playing Field","area_m2":11435.9},"geometry":{"type":"Polygon","coordinates":[[[-3.51118,50.55582],[-3.51075,50.55495],[-3.51047,50.55464],[-3.50974,50.55469],[-3.50973,50.55465],[-3.50943,50.55473],[-3.51019,50.55604],[-3.51118,50.55582]]]}},
{"type":"Feature","properties":{"types":"Allotments Or Community Growing Spaces; Play Space; Public Park Or Garden","area_m2":76848.7},"geometry":{"type":"Polygon","coordinates":[[[-3.51082,50.55821],[-3.51081,50.55846],[-3.51068,50.55792],[-3.51042,50.55749],[-3.51029,50.55737],[-3.51011,50.55741],[-3.51013,50.55749],[-3.51003,50.55751],[-3.50995,50.55744],[-3.50971,50.55751],[-3.51051,50.56],[-3.51066,50.56034],[-3.51079,50.56041],[-3.51043,50.56063],[-3.51084,50.56044],[-3.51094,50.56051],[-3.51094,50.56056],[-3.51089,50.56058],[-3.51092,50.56067],[-3.51111,50.56067],[-3.51116,50.56081],[-3.51136,50.56081],[-3.51136,50.56087],[-3.51155,50.56102],[-3.51156,50.56114],[-3.51182,50.56135],[-3.51184,50.56147],[-3.51234,50.56137],[-3.51218,50.56109],[-3.51271,50.56101],[-3.51268,50.56057],[-3.51291,50.56054],[-3.51304,50.56056],[-3.51289,50.56052],[-3.51268,50.56051],[-3.51265,50.56],[-3.5128,50.5596],[-3.51275,50.55893],[-3.51272,50.55905],[-3.51231,50.55906],[-3.51229,50.55902],[-3.51231,50.55895],[-3.51244,50.55885],[-3.51256,50.55858],[-3.51273,50.55843],[-3.5126,50.55844],[-3.51262,50.55823],[-3.51268,50.55813],[-3.51282,50.55805],[-3.51259,50.55812],[-3.51252,50.55786],[-3.51265,50.5575],[-3.51283,50.55737],[-3.51248,50.55722],[-3.51176,50.55674],[-3.51174,50.5567],[-3.5119,50.55659],[-3.51204,50.55655],[-3.51189,50.55657],[-3.51172,50.55667],[-3.5115,50.55638],[-3.51144,50.55622],[-3.51174,50.55606],[-3.51141,50.55614],[-3.51126,50.55614],[-3.51043,50.55636],[-3.51113,50.55683],[-3.51155,50.55731],[-3.5116,50.55754],[-3.51121,50.55759],[-3.51117,50.55735],[-3.5111,50.55736],[-3.51097,50.55715],[-3.51047,50.55735],[-3.51049,50.55748],[-3.51082,50.55821]]]}},
{"type":"Feature","properties":{"types":"Playing Field","area_m2":39710.1},"geometry":{"type":"Polygon","coordinates":[[[-3.50288,50.56176],[-3.5044,50.56171],[-3.50446,50.56161],[-3.50447,50.56127],[-3.50439,50.56122],[-3.50447,50.5612],[-3.50446,50.56112],[-3.50402,50.56112],[-3.50403,50.56117],[-3.50377,50.56118],[-3.50376,50.56114],[-3.50319,50.56116],[-3.50307,50.56057],[-3.50073,50.56075],[-3.49979,50.56078],[-3.49974,50.562],[-3.5025,50.56197],[-3.50272,50.56187],[-3.50281,50.56188],[-3.50288,50.56176]]]}},
{"type":"Feature","properties":{"types":"Other Sports Facility","area_m2":95628.5},"geometry":{"type":"Polygon","coordinates":[[[-3.53159,50.59316],[-3.53139,50.59334],[-3.53072,50.59323],[-3.53067,50.59327],[-3.5306,50.59326],[-3.53056,50.5932],[-3.53045,50.59317],[-3.53036,50.59322],[-3.53048,50.5935],[-3.531,50.5939],[-3.5314,50.59446],[-3.53202,50.59491],[-3.53227,50.59503],[-3.53409,50.59567],[-3.53423,50.59563],[-3.53436,50.59573],[-3.535,50.59575],[-3.53514,50.59566],[-3.53546,50.59563],[-3.53541,50.59552],[-3.53549,50.59543],[-3.53606,50.59515],[-3.53612,50.59504],[-3.53563,50.59485],[-3.53655,50.5943],[-3.53605,50.59334],[-3.53543,50.59293],[-3.53466,50.59265],[-3.53467,50.59255],[-3.53486,50.59241],[-3.53464,50.59248],[-3.53429,50.59268],[-3.5342,50.59269],[-3.53405,50.59279],[-3.53391,50.5928],[-3.53361,50.59293],[-3.53351,50.59294],[-3.53338,50.59275],[-3.53332,50.59278],[-3.53313,50.59275],[-3.53242,50.59302],[-3.53159,50.59316]]]}},
{"type":"Feature","properties":{"types":"Other Sports Facility","area_m2":30523.5},"geometry":{"type":"Polygon","coordinates":[[[-3.53281,50.59589],[-3.53243,50.59613],[-3.53393,50.59669],[-3.53417,50.59638],[-3.53426,50.59633],[-3.53574,50.59664],[-3.53586,50.59669],[-3.53576,50.59691],[-3.53707,50.59672],[-3.53729,50.59673],[-3.53756,50.59679],[-3.53764,50.59675],[-3.5374,50.59656],[-3.53726,50.59625],[-3.53705,50.59608],[-3.53659,50.59596],[-3.53574,50.59596],[-3.53571,50.59602],[-3.5356,50.59598],[-3.5356,50.59591],[-3.53523,50.59578],[-3.53418,50.59574],[-3.53218,50.59503],[-3.53195,50.59521],[-3.53309,50.59557],[-3.53281,50.59589]]]}},
{"type":"Feature","properties":{"types":"Playing Field","area_m2":11811.6},"geometry":{"type":"Polygon","coordinates":[[[-3.53044,50.6544],[-3.53104,50.65448],[-3.53132,50.6536],[-3.53121,50.65333],[-3.52986,50.65317],[-3.52982,50.65339],[-3.52989,50.65381],[-3.52986,50.65398],[-3.53,50.654],[-3.53003,50.65404],[-3.52994,50.65425],[-3.53044,50.6544]]]}},
{"type":"Feature","properties":{"types":"Other Sports Facility","area_m2":10602.1},"geometry":{"type":"Polygon","coordinates":[[[-3.51647,50.70006],[-3.51727,50.69971],[-3.51684,50.69947],[-3.51713,50.69932],[-3.51687,50.69914],[-3.51709,50.69897],[-3.5166,50.69893],[-3.51626,50.69896],[-3.51508,50.69916],[-3.51605,50.69978],[-3.51647,50.70006]]]}},
{"type":"Feature","properties":{"types":"Allotments Or Community Growing Spaces","area_m2":19007.8},"geometry":{"type":"Polygon","coordinates":[[[-3.53141,50.70073],[-3.53126,50.70058],[-3.53129,50.70055],[-3.52986,50.69985],[-3.52957,50.7001],[-3.52784,50.69939],[-3.52754,50.69975],[-3.5274,50.70015],[-3.52937,50.70052],[-3.52953,50.7006],[-3.53084,50.70091],[-3.53141,50.70073]]]}},
{"type":"Feature","properties":{"types":"Play Space; Playing Field","area_m2":23568.2},"geometry":{"type":"Polygon","coordinates":[[[-3.53441,50.70251],[-3.53486,50.70298],[-3.53696,50.70323],[-3.53716,50.7023],[-3.53556,50.70187],[-3.53527,50.70183],[-3.53478,50.70185],[-3.53397,50.70213],[-3.53419,50.70259],[-3.53441,50.70251]]]}},
{"type":"Feature","properties":{"types":"Public Park Or Garden","area_m2":29454.1},"geometry":{"type":"Polygon","coordinates":[[[-3.51723,50.70479],[-3.51783,50.70535],[-3.51862,50.70583],[-3.51915,50.70622],[-3.51928,50.70626],[-3.51952,50.70625],[-3.5198,50.70617],[-3.51971,50.70608],[-3.51841,50.70529],[-3.51795,50.70487],[-3.51751,50.70379],[-3.51673,50.70282],[-3.51493,50.70232],[-3.51359,50.70144],[-3.51355,50.70145],[-3.51345,50.70139],[-3.51334,50.70143],[-3.51358,50.70168],[-3.5147,50.70246],[-3.51563,50.70302],[-3.516,50.70333],[-3.51664,50.70391],[-3.51723,50.70479]]]}},
{"type":"Feature","properties":{"types":"Playing Field","area_m2":145727.7},"geometry":{"type":"Polygon","coordinates":[[[-3.50754,50.70291],[-3.50791,50.70298],[-3.50804,50.70312],[-3.50825,50.70393],[-3.50859,50.70425],[-3.5086,50.70431],[-3.50853,50.70435],[-3.50891,50.70443],[-3.5096,50.70477],[-3.51191,50.70569],[-3.51433,50.70698],[-3.51439,50.70695],[-3.51445,50.70698],[-3.51544,50.70627],[-3.5135,50.70487],[-3.51288,50.70422],[-3.51335,50.70409],[-3.51284,50.70377],[-3.51243,50.70359],[-3.51179,50.70338],[-3.51074,50.70242],[-3.50813,50.7011],[-3.5073,50.70124],[-3.507,50.70173],[-3.50659,50.70208],[-3.50622,50.70255],[-3.50652,50.70263],[-3.50705,50.7029],[-3.50754,50.70291]]]}},
{"type":"Feature","properties":{"types":"Public Park Or Garden","area_m2":48693.5},"geometry":{"type":"Polygon","coordinates":[[[-3.5169,50.7054],[-3.51689,50.70566],[-3.51607,50.70599],[-3.51609,50.70601],[-3.51704,50.70564],[-3.51701,50.70561],[-3.51708,50.70558],[-3.51718,50.7056],[-3.51816,50.70662],[-3.51856,50.70643],[-3.51909,50.70625],[-3.51755,50.70518],[-3.51713,50.70474],[-3.51663,50.70395],[-3.51579,50.7032],[-3.51447,50.70236],[-3.51357,50.70172],[-3.51335,50.70151],[-3.51327,50.70147],[-3.51242,50.70163],[-3.5119,50.70155],[-3.51142,50.70156],[-3.51166,50.7019],[-3.51195,50.7022],[-3.51263,50.70261],[-3.513,50.70276],[-3.51428,50.7031],[-3.51448,50.70322],[-3.51515,50.70341],[-3.51557,50.70363],[-3.51603,50.70399],[-3.51599,50.70401],[-3.51641,50.70455],[-3.51663,50.70489],[-3.51681,50.70533],[-3.5169,50.7054]]]}},
{"type":"Feature","properties":{"types":"Public Park Or Garden","area_m2":5406.4},"geometry":{"type":"Polygon","coordinates":[[[-3.50875,50.70645],[-3.50873,50.70641],[-3.50877,50.70643],[-3.50882,50.70641],[-3.50877,50.70642],[-3.50755,50.70585],[-3.50699,50.70612],[-3.50781,50.70651],[-3.5081,50.70658],[-3.50837,50.70676],[-3.50875,50.70645]]]}},
{"type":"Feature","properties":{"types":"Public Park Or Garden","area_m2":14679.8},"geometry":{"type":"Polygon","coordinates":[[[-3.51598,50.70778],[-3.51626,50.70772],[-3.51642,50.70761],[-3.51643,50.70756],[-3.51628,50.70749],[-3.51642,50.70724],[-3.51642,50.70701],[-3.51634,50.70668],[-3.51626,50.70662],[-3.51601,50.70658],[-3.51559,50.70636],[-3.5156,50.70628],[-3.51555,50.7063],[-3.5155,50.70627],[-3.51459,50.70692],[-3.51456,50.70699],[-3.51552,50.70774],[-3.51553,50.70781],[-3.51537,50.70785],[-3.51568,50.70801],[-3.51581,50.70786],[-3.516,50.70782],[-3.51598,50.70778]]]}},
{"type":"Feature","properties":{"types":"Allotments Or Community Growing Spaces","area_m2":6026.9},"geometry":{"type":"Polygon","coordinates":[[[-3.52415,50.7111],[-3.52493,50.71178],[-3.5256,50.71185],[-3.5253,50.7113],[-3.52526,50.7108],[-3.52415,50.7111]]]}},
{"type":"Feature","properties":{"types":"Allotments Or Community Growing Spaces","area_m2":18094.6},"geometry":{"type":"Polygon","coordinates":[[[-3.51951,50.71055],[-3.52097,50.71098],[-3.522,50.71144],[-3.52284,50.71194],[-3.52345,50.71238],[-3.5236,50.71255],[-3.5236,50.71263],[-3.52392,50.71299],[-3.52429,50.71283],[-3.52363,50.71215],[-3.52318,50.71176],[-3.52038,50.70997],[-3.51951,50.71055]]]}},
{"type":"Feature","properties":{"types":"Allotments Or Community Growing Spaces","area_m2":10967.9},"geometry":{"type":"Polygon","coordinates":[[[-3.53431,50.71207],[-3.53391,50.71186],[-3.5335,50.71172],[-3.53325,50.71168],[-3.53285,50.71168],[-3.53303,50.71208],[-3.53349,50.71267],[-3.5337,50.71284],[-3.53412,50.71304],[-3.53466,50.71257],[-3.5346,50.71254],[-3.53476,50.71226],[-3.53431,50.71207]]]}},
{"type":"Feature","properties":{"types":"Other Sports Facility; Play Space; Playing Field","area_m2":9437.2},"geometry":{"type":"Polygon","coordinates":[[[-3.50866,50.71398],[-3.50881,50.71392],[-3.50822,50.71372],[-3.50767,50.71413],[-3.50728,50.71426],[-3.50691,50.7142],[-3.50664,50.71399],[-3.50653,50.71402],[-3.50652,50.71411],[-3.50674,50.7142],[-3.50806,50.71454],[-3.5088,50.71478],[-3.50925,50.71498],[-3.50935,50.7146],[-3.50948,50.71445],[-3.50923,50.71442],[-3.50917,50.71446],[-3.50877,50.71428],[-3.50866,50.71398]]]}},
{"type":"Feature","properties":{"types":"Other Sports Facility","area_m2":7230.0},"geometry":{"type":"Polygon","coordinates":[[[-3.53662,50.7162],[-3.53629,50.7162],[-3.53629,50.71626],[-3.53617,50.71634],[-3.53608,50.71629],[-3.53611,50.71637],[-3.53618,50.7164],[-3.53613,50.71643],[-3.53621,50.71659],[-3.53629,50.71668],[-3.5364,50.71673],[-3.53661,50.71673],[-3.53705,50.71649],[-3.53704,50.71644],[-3.53739,50.71626],[-3.53743,50.71618],[-3.53747,50.71626],[-3.53762,50.71622],[-3.53754,50.71616],[-3.53759,50.71613],[-3.53654,50.71532],[-3.5366,50.71575],[-3.53629,50.71575],[-3.53629,50.7158],[-3.53638,50.71581],[-3.53638,50.71585],[-3.5366,50.71585],[-3.53662,50.7162]]]}},
{"type":"Feature","properties":{"types":"Other Sports Facility; Play Space; Public Park Or Garden","area_m2":14120.8},"geometry":{"type":"Polygon","coordinates":[[[-3.52627,50.71971],[-3.52649,50.71957],[-3.52639,50.71939],[-3.52648,50.71932],[-3.52639,50.71924],[-3.52656,50.71913],[-3.52652,50.71911],[-3.52658,50.71906],[-3.5267,50.71909],[-3.52698,50.71883],[-3.52647,50.71861],[-3.52621,50.71897],[-3.52591,50.71883],[-3.52579,50.71908],[-3.52557,50.71925],[-3.52553,50.71927],[-3.52538,50.71923],[-3.52499,50.71975],[-3.52482,50.72005],[-3.5247,50.72003],[-3.52419,50.7206],[-3.52546,50.7204],[-3.52545,50.72036],[-3.52538,50.72034],[-3.52537,50.72011],[-3.52547,50.72013],[-3.52553,50.71992],[-3.52598,50.71998],[-3.52614,50.71999],[-3.52627,50.71971]]]}},
{"type":"Feature","properties":{"types":"Public Park Or Garden","area_m2":36995.6},"geometry":{"type":"Polygon","coordinates":[[[-3.53099,50.72637],[-3.53053,50.72665],[-3.53035,50.72672],[-3.52989,50.72677],[-3.52973,50.72674],[-3.5295,50.72662],[-3.52951,50.72658],[-3.52894,50.72615],[-3.52848,50.72639],[-3.52881,50.72694],[-3.52879,50.72698],[-3.52965,50.72734],[-3.52981,50.72749],[-3.53013,50.72756],[-3.53152,50.72707],[-3.53202,50.72686],[-3.53247,50.72655],[-3.53278,50.72609],[-3.53292,50.72551],[-3.53263,50.72564],[-3.53259,50.72561],[-3.53263,50.72559],[-3.53244,50.72547],[-3.53263,50.72533],[-3.53184,50.72587],[-3.53094,50.72538],[-3.5308,50.72526],[-3.5307,50.72533],[-3.53034,50.72535],[-3.53014,50.72546],[-3.53001,50.72565],[-3.52963,50.72572],[-3.52972,50.72584],[-3.5298,50.72581],[-3.52988,50.72589],[-3.5301,50.72585],[-3.53034,50.72591],[-3.53097,50.72634],[-3.53106,50.72633],[-3.53109,50.72636],[-3.53101,50.7264],[-3.53099,50.72637]]]}},
{"type":"Feature","properties":{"types":"Play Space; Playing Field","area_m2":24024.0},"geometry":{"type":"Polygon","coordinates":[[[-3.51788,50.72812],[-3.5184,50.72787],[-3.51829,50.72769],[-3.51737,50.72737],[-3.5169,50.72733],[-3.51603,50.72758],[-3.5164,50.72795],[-3.5156,50.7284],[-3.5159,50.72856],[-3.51625,50.72886],[-3.51642,50.72876],[-3.51666,50.72899],[-3.51671,50.72896],[-3.51725,50.72935],[-3.51736,50.72937],[-3.51748,50.72948],[-3.51743,50.72938],[-3.5175,50.72932],[-3.51743,50.72931],[-3.51736,50.72915],[-3.51718,50.72912],[-3.51719,50.7291],[-3.51775,50.72879],[-3.51782,50.72884],[-3.51783,50.72894],[-3.51788,50.72889],[-3.51785,50.7288],[-3.51818,50.72874],[-3.5178,50.72832],[-3.5178,50.72821],[-3.51788,50.72812]]]}},
{"type":"Feature","properties":{"types":"Play Space; Public Park Or Garden","area_m2":15964.6},"geometry":{"type":"Polygon","coordinates":[[[-3.53784,50.72873],[-3.53751,50.72843],[-3.53701,50.72813],[-3.53694,50.72806],[-3.53638,50.72779],[-3.53593,50.72793],[-3.53522,50.72802],[-3.53522,50.72808],[-3.53528,50.72807],[-3.53522,50.72818],[-3.53552,50.72887],[-3.53564,50.72896],[-3.53573,50.72899],[-3.53665,50.72896],[-3.53784,50.72873]]]}},
{"type":"Feature","properties":{"types":"Play Space; Public Park Or Garden","area_m2":28227.6},"geometry":{"type":"Polygon","coordinates":[[[-3.50746,50.73169],[-3.5075,50.73174],[-3.50779,50.73176],[-3.50786,50.73179],[-3.50783,50.73183],[-3.50798,50.7319],[-3.50799,50.7321],[-3.50795,50.73213],[-3.508,50.73216],[-3.50796,50.73219],[-3.50809,50.73232],[-3.50802,50.73242],[-3.50812,50.73245],[-3.50818,50.73268],[-3.50814,50.73268],[-3.50816,50.73284],[-3.50907,50.733],[-3.50965,50.73302],[-3.5113,50.73289],[-3.51094,50.73186],[-3.50943,50.73196],[-3.5094,50.73185],[-3.50929,50.73185],[-3.50929,50.73181],[-3.50872,50.73184],[-3.50868,50.73157],[-3.50735,50.73164],[-3.50737,50.73172],[-3.50746,50.73169]]]}},
{"type":"Feature","properties":{"types":"Play Space","area_m2":5905.7},"geometry":{"type":"Polygon","coordinates":[[[-3.5293,50.7323],[-3.52955,50.73243],[-3.53025,50.73263],[-3.53062,50.73269],[-3.53062,50.73253],[-3.53093,50.73202],[-3.5306,50.73188],[-3.5304,50.73199],[-3.5302,50.73197],[-3.52973,50.73206],[-3.52962,50.73205],[-3.5293,50.7323]]]}},
{"type":"Feature","properties":{"types":"Playing Field","area_m2":27357.4},"geometry":{"type":"Polygon","coordinates":[[[-3.53,50.73435],[-3.53014,50.73428],[-3.53035,50.73407],[-3.53051,50.73381],[-3.53069,50.73316],[-3.5306,50.73278],[-3.52951,50.73248],[-3.52895,50.73226],[-3.5279,50.7333],[-3.52794,50.73332],[-3.52772,50.73341],[-3.52903,50.73387],[-3.53,50.73435]]]}},
{"type":"Feature","properties":{"types":"Allotments Or Community Growing Spaces","area_m2":25403.0},"geometry":{"type":"Polygon","coordinates":[[[-3.51027,50.73414],[-3.50625,50.73435],[-3.50583,50.7344],[-3.50587,50.73464],[-3.51472,50.73443],[-3.51469,50.73402],[-3.51027,50.73414]]]}},
{"type":"Feature","properties":{"types":"Allotments Or Community Growing Spaces","area_m2":17951.9},"geometry":{"type":"Polygon","coordinates":[[[-3.51163,50.73661],[-3.51099,50.73621],[-3.51064,50.73593],[-3.51036,50.73602],[-3.51018,50.73624],[-3.51041,50.73666],[-3.51041,50.73702],[-3.51033,50.73746],[-3.51008,50.73793],[-3.51074,50.73814],[-3.51124,50.73801],[-3.51128,50.73784],[-3.51148,50.73757],[-3.51185,50.73771],[-3.51195,50.73759],[-3.51173,50.73752],[-3.51141,50.73689],[-3.51163,50.73661]]]}},
{"type":"Feature","properties":{"types":"Allotments Or Community Growing Spaces; Public Park Or Garden","area_m2":288388.3},"geometry":{"type":"Polygon","coordinates":[[[-3.5115,50.7389],[-3.51031,50.73877],[-3.50966,50.7386],[-3.50793,50.73802],[-3.50697,50.73763],[-3.50593,50.73713],[-3.50524,50.73676],[-3.50499,50.73654],[-3.50484,50.73621],[-3.50485,50.73597],[-3.50491,50.73585],[-3.50412,50.7361],[-3.50396,50.73611],[-3.50371,50.73589],[-3.50363,50.73592],[-3.50331,50.73563],[-3.50321,50.73573],[-3.50277,50.73594],[-3.5024,50.73608],[-3.50227,50.73604],[-3.50217,50.73607],[-3.50236,50.73655],[-3.50245,50.73664],[-3.50295,50.73689],[-3.50316,50.73705],[-3.50344,50.73737],[-3.50358,50.73747],[-3.50352,50.73753],[-3.50359,50.73756],[-3.50357,50.73771],[-3.50328,50.73782],[-3.50285,50.73806],[-3.50423,50.7393],[-3.50452,50.73969],[-3.50504,50.74063],[-3.50591,50.74169],[-3.50597,50.74192],[-3.50598,50.74266],[-3.50607,50.74349],[-3.50623,50.74393],[-3.50649,50.74437],[-3.50734,50.74385],[-3.5075,50.74363],[-3.50787,50.74368],[-3.5095,50.74378],[-3.50947,50.74344],[-3.50939,50.74328],[-3.50941,50.74305],[-3.50994,50.74274],[-3.51053,50.74232],[-3.50957,50.74162],[-3.50938,50.74137],[-3.51015,50.74077],[-3.51052,50.74055],[-3.51077,50.7408],[-3.51087,50.74079],[-3.51096,50.74085],[-3.51111,50.74072],[-3.51166,50.7406],[-3.51182,50.74048],[-3.51171,50.74039],[-3.512,50.74021],[-3.51208,50.74001],[-3.51191,50.73985],[-3.51135,50.73947],[-3.51115,50.73914],[-3.5115,50.7389]]]}},
{"type":"Feature","properties":{"types":"Other Sports Facility","area_m2":67124.9},"geometry":{"type":"Polygon","coordinates":[[[-3.53789,50.73741],[-3.53783,50.73727],[-3.53773,50.7372],[-3.53789,50.73711],[-3.53812,50.73725],[-3.53814,50.73714],[-3.53754,50.73686],[-3.5375,50.73689],[-3.53756,50.73693],[-3.53743,50.73701],[-3.53731,50.73693],[-3.53686,50.73727],[-3.53723,50.73751],[-3.53706,50.73761],[-3.53695,50.73757],[-3.53699,50.73754],[-3.53671,50.73736],[-3.53666,50.73739],[-3.5366,50.73735],[-3.53607,50.73768],[-3.53611,50.73771],[-3.53478,50.73853],[-3.53455,50.73874],[-3.5343,50.73843],[-3.53289,50.73885],[-3.53294,50.7389],[-3.5329,50.73892],[-3.53277,50.73873],[-3.53306,50.73921],[-3.53299,50.73923],[-3.53317,50.73927],[-3.53322,50.73937],[-3.53401,50.74012],[-3.53484,50.73994],[-3.5352,50.73981],[-3.53527,50.73988],[-3.53677,50.73965],[-3.53757,50.73932],[-3.53783,50.73916],[-3.53768,50.73889],[-3.53769,50.73883],[-3.5378,50.73867],[-3.53814,50.73845],[-3.53824,50.73829],[-3.53822,50.73822],[-3.53808,50.73811],[-3.53803,50.73812],[-3.538,50.73794],[-3.53784,50.73764],[-3.53788,50.73763],[-3.53769,50.73754],[-3.53789,50.73741]]]}},
{"type":"Feature","properties":{"types":"Playing Field","area_m2":5049.3},"geometry":{"type":"Polygon","coordinates":[[[-3.5092,50.76863],[-3.50922,50.76957],[-3.50962,50.76963],[-3.50993,50.76973],[-3.5098,50.76865],[-3.5092,50.76863]]]}},
{"type":"Feature","properties":{"types":"Playing Field","area_m2":15203.8},"geometry":{"type":"Polygon","coordinates":[[[-3.51447,50.80356],[-3.51321,50.80367],[-3.51342,50.80465],[-3.51456,50.80455],[-3.51491,50.80447],[-3.51517,50.80451],[-3.51529,50.80432],[-3.51577,50.80392],[-3.51447,50.80356]]]}},
{"type":"Feature","properties":{"types":"Play Space; Playing Field","area_m2":10380.9},"geometry":{"type":"Polygon","coordinates":[[[-3.52994,50.80689],[-3.53005,50.80754],[-3.53012,50.80774],[-3.53177,50.8073],[-3.53159,50.80665],[-3.52994,50.80689]]]}},
{"type":"Feature","properties":{"types":"Playing Field","area_m2":20233.3},"geometry":{"type":"Polygon","coordinates":[[[-3.51314,50.85892],[-3.5132,50.85887],[-3.51341,50.85881],[-3.51354,50.85867],[-3.51323,50.85856],[-3.51308,50.85842],[-3.51299,50.85826],[-3.51282,50.85829],[-3.51271,50.85824],[-3.51189,50.85828],[-3.51182,50.85829],[-3.51182,50.85834],[-3.51174,50.85834],[-3.51173,50.85828],[-3.51166,50.85828],[-3.51165,50.85848],[-3.51114,50.85903],[-3.51076,50.85959],[-3.51111,50.8597],[-3.51153,50.85957],[-3.51208,50.85953],[-3.51235,50.85952],[-3.51321,50.8596],[-3.51326,50.85952],[-3.51314,50.85892]]]}},
{"type":"Feature","properties":{"types":"Playing Field","area_m2":10166.9},"geometry":{"type":"Polygon","coordinates":[[[-3.54054,50.95785],[-3.53951,50.95783],[-3.53915,50.95788],[-3.53888,50.958],[-3.53889,50.95858],[-3.54097,50.95846],[-3.54108,50.95838],[-3.54054,50.95785]]]}},
{"type":"Feature","properties":{"types":"Other Sports Facility","area_m2":22547.3},"geometry":{"type":"Polygon","coordinates":[[[-3.54979,51.03761],[-3.5502,51.03669],[-3.55038,51.03647],[-3.54849,51.0357],[-3.54769,51.03696],[-3.54928,51.03769],[-3.54958,51.03757],[-3.54979,51.03761]],[[-3.5481,51.03658],[-3.5485,51.03674],[-3.54815,51.0371],[-3.54775,51.03694],[-3.5481,51.03658]]]}},
{"type":"Feature","properties":{"types":"Playing Field","area_m2":7318.2},"geometry":{"type":"Polygon","coordinates":[[[-3.5386,51.0857],[-3.53897,51.08605],[-3.53955,51.08589],[-3.53986,51.08588],[-3.53978,51.0857],[-3.53983,51.08548],[-3.54,51.08521],[-3.53926,51.08496],[-3.5391,51.08519],[-3.53878,51.08536],[-3.5386,51.08554],[-3.5386,51.0857]]]}},
{"type":"Feature","properties":{"types":"Play Space; Playing Field","area_m2":17166.3},"geometry":{"type":"Polygon","coordinates":[[[-3.54177,51.1373],[-3.54163,51.13734],[-3.54074,51.13732],[-3.54064,51.13725],[-3.53982,51.13773],[-3.53965,51.13786],[-3.53969,51.13788],[-3.53966,51.13793],[-3.54157,51.13871],[-3.54173,51.13857],[-3.54194,51.13865],[-3.54191,51.13884],[-3.54202,51.13885],[-3.54184,51.13773],[-3.54217,51.1377],[-3.54213,51.13726],[-3.5418,51.13733],[-3.54177,51.1373]],[[-3.54184,51.13767],[-3.54181,51.13737],[-3.54206,51.13736],[-3.54207,51.13766],[-3.54184,51.13767]]]}},
{"type":"Feature","properties":{"types":"Playing Field","area_m2":17747.1},"geometry":{"type":"Polygon","coordinates":[[[-3.52437,51.17899],[-3.5248,51.1791],[-3.52569,51.17952],[-3.52635,51.17879],[-3.52679,51.17842],[-3.52701,51.1783],[-3.52655,51.17796],[-3.52606,51.17768],[-3.52485,51.17852],[-3.52437,51.17899]]]}},
{"type":"Feature","properties":{"types":"Public Park Or Garden","area_m2":390720.1},"geometry":{"type":"Polygon","coordinates":[[[-3.48581,50.39819],[-3.48505,50.39822],[-3.48476,50.39837],[-3.48425,50.39855],[-3.48421,50.39858],[-3.48424,50.39867],[-3.48385,50.39874],[-3.48365,50.39872],[-3.48353,50.39879],[-3.48347,50.3989],[-3.48279,50.39924],[-3.48279,50.39941],[-3.48289,50.39951],[-3.48276,50.39951],[-3.48277,50.39958],[-3.48265,50.39966],[-3.48266,50.39979],[-3.4827,50.39977],[-3.4828,50.39985],[-3.48282,50.3998],[-3.48292,50.39979],[-3.48329,50.39986],[-3.48365,50.40006],[-3.48371,50.40017],[-3.48404,50.40018],[-3.48402,50.40022],[-3.48428,50.40039],[-3.48461,50.40047],[-3.48503,50.40047],[-3.48504,50.40052],[-3.48575,50.40055],[-3.48584,50.4006],[-3.48603,50.40062],[-3.48625,50.4007],[-3.48625,50.40078],[-3.48636,50.40078],[-3.48659,50.40071],[-3.48706,50.40068],[-3.48706,50.40071],[-3.48675,50.40085],[-3.48697,50.40089],[-3.48754,50.40077],[-3.48788,50.40054],[-3.48841,50.40051],[-3.48914,50.4007],[-3.49004,50.40074],[-3.49045,50.40094],[-3.49068,50.40095],[-3.49077,50.40103],[-3.49124,50.40115],[-3.49149,50.4013],[-3.49172,50.4013],[-3.49215,50.40123],[-3.49244,50.40136],[-3.49269,50.40139],[-3.49313,50.40135],[-3.49329,50.40125],[-3.49372,50.40122],[-3.49345,50.40104],[-3.49355,50.40086],[-3.49348,50.40077],[-3.49333,50.40079],[-3.49325,50.40073],[-3.49327,50.40067],[-3.49374,50.40055],[-3.49371,50.40053],[-3.49383,50.40047],[-3.49376,50.40029],[-3.49391,50.40015],[-3.49428,50.40002],[-3.49488,50.39994],[-3.49505,50.39999],[-3.49531,50.39991],[-3.49551,50.39998],[-3.49597,50.40004],[-3.49614,50.39971],[-3.49602,50.39954],[-3.49595,50.39953],[-3.49592,50.39925],[-3.49561,50.39881],[-3.49556,50.39857],[-3.49565,50.39793],[-3.49556,50.39763],[-3.4956,50.39742],[-3.49558,50.39723],[-3.49547,50.39708],[-3.49512,50.39676],[-3.49455,50.39644],[-3.49437,50.39623],[-3.49421,50.39617],[-3.494,50.39619],[-3.49356,50.39632],[-3.49311,50.39614],[-3.49245,50.39575],[-3.4923,50.39576],[-3.49217,50.39586],[-3.4923,50.39575],[-3.49241,50.39573],[-3.49232,50.39568],[-3.4931,50.39519],[-3.49237,50.39418],[-3.49259,50.39397],[-3.49257,50.39392],[-3.49238,50.39395],[-3.49213,50.39386],[-3.49196,50.39353],[-3.49188,50.3936],[-3.49166,50.39368],[-3.49164,50.39374],[-3.49154,50.39375],[-3.49119,50.3939],[-3.4908,50.39398],[-3.4907,50.39406],[-3.49062,50.39407],[-3.49058,50.39414],[-3.49063,50.39434],[-3.49057,50.39438],[-3.49028,50.39435],[-3.48963,50.39439],[-3.48945,50.39434],[-3.48909,50.39435],[-3.48904,50.39438],[-3.48921,50.39455],[-3.48933,50.39478],[-3.48956,50.39493],[-3.48956,50.39508],[-3.48969,50.39526],[-3.48963,50.39583],[-3.48967,50.3959],[-3.48928,50.39686],[-3.489,50.39705],[-3.48867,50.39755],[-3.48859,50.39757],[-3.48852,50.39751],[-3.48832,50.39762],[-3.48815,50.39785],[-3.48813,50.39796],[-3.48801,50.39804],[-3.4879,50.39804],[-3.48766,50.39792],[-3.48718,50.39796],[-3.48681,50.39816],[-3.48658,50.39819],[-3.48629,50.3983],[-3.48581,50.39819]],[[-3.48327,50.39963],[-3.48289,50.39951],[-3.48282,50.39941],[-3.48287,50.39923],[-3.4836,50.39885],[-3.48385,50.39876],[-3.48428,50.3987],[-3.48432,50.39862],[-3.48483,50.39837],[-3.48493,50.39829],[-3.48529,50.39822],[-3.48557,50.39835],[-3.48489,50.39849],[-3.48441,50.39874],[-3.48353,50.39895],[-3.48349,50.39901],[-3.48347,50.39908],[-3.48353,50.39915],[-3.48412,50.39922],[-3.48429,50.39915],[-3.48466,50.39913],[-3.4847,50.39927],[-3.48483,50.39931],[-3.48444,50.39939],[-3.48329,50.39946],[-3.48327,50.39963]]]}},
{"type":"Feature","properties":{"types":"Public Park Or Garden","area_m2":7121.8},"geometry":{"type":"Polygon","coordinates":[[[-3.49557,50.54506],[-3.49571,50.54483],[-3.496,50.54454],[-3.49626,50.54435],[-3.49628,50.54426],[-3.49636,50.54419],[-3.49633,50.54413],[-3.49575,50.54392],[-3.49561,50.54396],[-3.49526,50.54436],[-3.49523,50.54452],[-3.49502,50.54462],[-3.49496,50.54479],[-3.49499,50.54499],[-3.49523,50.54517],[-3.49541,50.54516],[-3.49557,50.54506]]]}},
{"type":"Feature","properties":{"types":"Public Park Or Garden","area_m2":53632.9},"geometry":{"type":"Polygon","coordinates":[[[-3.48819,50.55197],[-3.48828,50.55246],[-3.48815,50.55262],[-3.48797,50.55308],[-3.48784,50.55321],[-3.48772,50.5542],[-3.48794,50.55422],[-3.48843,50.55438],[-3.48914,50.55438],[-3.48926,50.55417],[-3.48936,50.55418],[-3.48942,50.55402],[-3.48939,50.55364],[-3.48953,50.55332],[-3.48927,50.5529],[-3.48932,50.55284],[-3.48958,50.5528],[-3.48982,50.55269],[-3.48999,50.55256],[-3.49012,50.55229],[-3.49007,50.55228],[-3.49014,50.55222],[-3.48997,50.55191],[-3.49005,50.55155],[-3.49077,50.54966],[-3.49053,50.54963],[-3.49059,50.54951],[-3.49095,50.54923],[-3.49095,50.54917],[-3.49029,50.5495],[-3.48969,50.55049],[-3.48946,50.55042],[-3.48933,50.55044],[-3.48897,50.55072],[-3.48863,50.55113],[-3.48831,50.55191],[-3.48822,50.55193],[-3.48819,50.55197]]]}},
{"type":"Feature","properties":{"types":"Playing Field","area_m2":5429.6},"geometry":{"type":"Polygon","coordinates":[[[-3.48608,50.56026],[-3.48591,50.56035],[-3.48585,50.56044],[-3.48572,50.56104],[-3.48653,50.56115],[-3.48668,50.56042],[-3.48676,50.56025],[-3.48608,50.56026]]]}},
{"type":"Feature","properties":{"types":"Playing Field","area_m2":7330.9},"geometry":{"type":"Polygon","coordinates":[[[-3.48018,50.57772],[-3.48044,50.57776],[-3.48062,50.57773],[-3.48137,50.57741],[-3.48146,50.5772],[-3.48121,50.57688],[-3.48107,50.57685],[-3.48096,50.57688],[-3.48002,50.57725],[-3.48005,50.57715],[-3.47993,50.57716],[-3.47989,50.57781],[-3.47999,50.57784],[-3.48018,50.57772]]]}},
{"type":"Feature","properties":{"types":"Allotments Or Community Growing Spaces","area_m2":5874.5},"geometry":{"type":"Polygon","coordinates":[[[-3.4838,50.5807],[-3.48378,50.58035],[-3.48269,50.58015],[-3.48258,50.5803],[-3.4823,50.58047],[-3.48224,50.58057],[-3.48286,50.58067],[-3.48353,50.58093],[-3.4839,50.58097],[-3.4838,50.5807]]]}},
{"type":"Feature","properties":{"types":"Public Park Or Garden","area_m2":16945.8},"geometry":{"type":"Polygon","coordinates":[[[-3.46629,50.58055],[-3.46654,50.58078],[-3.46658,50.58074],[-3.46689,50.58084],[-3.46688,50.58086],[-3.46709,50.58089],[-3.46704,50.5811],[-3.46906,50.58116],[-3.47034,50.58112],[-3.47036,50.58095],[-3.47029,50.58096],[-3.47031,50.5806],[-3.47019,50.5806],[-3.47016,50.58049],[-3.46723,50.5805],[-3.4664,50.58038],[-3.46631,50.5804],[-3.46629,50.58055]],[[-3.46965,50.58107],[-3.46962,50.5807],[-3.4702,50.58068],[-3.47024,50.58105],[-3.46965,50.58107]]]}},
{"type":"Feature","properties":{"types":"Play Space; Public Park Or Garden","area_m2":19128.7},"geometry":{"type":"Polygon","coordinates":[[[-3.47525,50.58052],[-3.47546,50.58061],[-3.47548,50.58067],[-3.47542,50.58076],[-3.47528,50.58076],[-3.47513,50.58084],[-3.47499,50.58084],[-3.47448,50.58068],[-3.47385,50.58055],[-3.4738,50.58055],[-3.47378,50.58061],[-3.47444,50.58073],[-3.47441,50.5808],[-3.47446,50.58073],[-3.47542,50.58098],[-3.47536,50.58105],[-3.47501,50.58096],[-3.47506,50.58106],[-3.47548,50.58115],[-3.47538,50.58128],[-3.47536,50.58124],[-3.47526,50.58162],[-3.47514,50.58179],[-3.47528,50.58182],[-3.47531,50.58177],[-3.47535,50.58178],[-3.47533,50.58183],[-3.47555,50.58188],[-3.47561,50.58184],[-3.4757,50.58199],[-3.4764,50.58201],[-3.47639,50.58176],[-3.47646,50.58166],[-3.47664,50.58161],[-3.47693,50.58164],[-3.477,50.58145],[-3.47686,50.58143],[-3.47689,50.58136],[-3.47707,50.58137],[-3.47695,50.58111],[-3.477,50.58085],[-3.47665,50.58043],[-3.47668,50.58043],[-3.47659,50.58026],[-3.47595,50.58031],[-3.47548,50.58029],[-3.47541,50.58031],[-3.47537,50.58043],[-3.47525,50.58052]],[[-3.47685,50.58143],[-3.47538,50.58106],[-3.47543,50.58099],[-3.47687,50.58136],[-3.47685,50.58143]]]}},
{"type":"Feature","properties":{"types":"Allotments Or Community Growing Spaces","area_m2":9363.6},"geometry":{"type":"Polygon","coordinates":[[[-3.47861,50.63601],[-3.47923,50.63565],[-3.47842,50.63506],[-3.47805,50.6355],[-3.47724,50.63591],[-3.47792,50.63645],[-3.4785,50.63607],[-3.47845,50.63601],[-3.47854,50.63596],[-3.47861,50.63601]]]}},
{"type":"Feature","properties":{"types":"Play Space; Playing Field","area_m2":10568.9},"geometry":{"type":"Polygon","coordinates":[[[-3.47445,50.64282],[-3.47501,50.64244],[-3.47549,50.64217],[-3.47464,50.64142],[-3.47341,50.64186],[-3.47389,50.64221],[-3.47377,50.64228],[-3.47445,50.64282]],[[-3.47461,50.64146],[-3.47489,50.64171],[-3.47452,50.64188],[-3.47424,50.64162],[-3.47461,50.64146]]]}},
{"type":"Feature","properties":{"types":"Play Space; Public Park Or Garden","area_m2":14234.0},"geometry":{"type":"Polygon","coordinates":[[[-3.48621,50.67348],[-3.4864,50.6737],[-3.48687,50.67456],[-3.48712,50.67486],[-3.48731,50.67497],[-3.48769,50.67506],[-3.4882,50.67508],[-3.48824,50.67492],[-3.48853,50.67493],[-3.48831,50.67476],[-3.48821,50.6746],[-3.48794,50.67435],[-3.48783,50.67413],[-3.48766,50.6739],[-3.48652,50.67331],[-3.48624,50.6734],[-3.48621,50.67348]]]}},
{"type":"Feature","properties":{"types":"Allotments Or Community Growing Spaces","area_m2":6337.8},"geometry":{"type":"Polygon","coordinates":[[[-3.50298,50.67549],[-3.503,50.67564],[-3.50323,50.67606],[-3.50389,50.67587],[-3.50448,50.6758],[-3.5047,50.67581],[-3.50463,50.67537],[-3.50342,50.67541],[-3.50298,50.67549]]]}},
{"type":"Feature","properties":{"types":"Allotments Or Community Growing Spaces; Play Space; Playing Field","area_m2":27458.9},"geometry":{"type":"Polygon","coordinates":[[[-3.49785,50.67711],[-3.49763,50.67698],[-3.49741,50.67704],[-3.49735,50.67701],[-3.49621,50.67707],[-3.49581,50.67713],[-3.49582,50.67716],[-3.49574,50.67718],[-3.49582,50.67733],[-3.49593,50.67731],[-3.49594,50.67734],[-3.49687,50.67721],[-3.49697,50.67775],[-3.49639,50.6778],[-3.49665,50.67835],[-3.49736,50.67828],[-3.49742,50.67896],[-3.4979,50.67888],[-3.49789,50.67874],[-3.49798,50.67875],[-3.49797,50.67851],[-3.49814,50.67849],[-3.49819,50.67858],[-3.4984,50.67854],[-3.49847,50.6787],[-3.49863,50.67878],[-3.49972,50.67847],[-3.49797,50.67713],[-3.49788,50.67716],[-3.49785,50.67711]],[[-3.49776,50.67808],[-3.49751,50.67809],[-3.49748,50.67776],[-3.49773,50.67775],[-3.49776,50.67808]]]}},
{"type":"Feature","properties":{"types":"Playing Field","area_m2":14493.8},"geometry":{"type":"Polygon","coordinates":[[[-3.50219,50.68014],[-3.50143,50.68043],[-3.50054,50.6807],[-3.50107,50.68156],[-3.50251,50.68151],[-3.50253,50.68144],[-3.50219,50.68014]]]}},
{"type":"Feature","properties":{"types":"Public Park Or Garden","area_m2":6266.0},"geometry":{"type":"Polygon","coordinates":[[[-3.50145,50.68248],[-3.50112,50.68254],[-3.50098,50.68264],[-3.50098,50.68275],[-3.50248,50.68265],[-3.50258,50.6826],[-3.50255,50.68252],[-3.50235,50.68229],[-3.50194,50.68205],[-3.50155,50.68192],[-3.50113,50.68188],[-3.50145,50.68248]]]}},
{"type":"Feature","properties":{"types":"Play Space; Public Park Or Garden","area_m2":49716.4},"geometry":{"type":"Polygon","coordinates":[[[-3.49779,50.68286],[-3.49571,50.68299],[-3.49485,50.68255],[-3.49479,50.68265],[-3.49407,50.68277],[-3.49392,50.68285],[-3.49391,50.68294],[-3.49248,50.68316],[-3.4927,50.68341],[-3.49267,50.68342],[-3.49321,50.68419],[-3.49359,50.6845],[-3.49416,50.68469],[-3.49482,50.68484],[-3.49514,50.685],[-3.49583,50.68508],[-3.49586,50.68503],[-3.49594,50.68502],[-3.49594,50.68476],[-3.49583,50.68467],[-3.49584,50.68433],[-3.49624,50.68378],[-3.49619,50.68367],[-3.49651,50.68359],[-3.4961,50.68338],[-3.49634,50.68318],[-3.49782,50.68308],[-3.49779,50.68286]]]}},
{"type":"Feature","properties":{"types":"Other Sports Facility; Play Space; Playing Field","area_m2":18631.0},"geometry":{"type":"Polygon","coordinates":[[[-3.47183,50.68544],[-3.47192,50.68508],[-3.47203,50.68503],[-3.47136,50.68466],[-3.47131,50.68471],[-3.47115,50.68462],[-3.4698,50.68415],[-3.46996,50.68425],[-3.4692,50.68485],[-3.46979,50.68517],[-3.46991,50.68507],[-3.47023,50.68526],[-3.4701,50.68536],[-3.47089,50.68586],[-3.47183,50.68544]]]}},
{"type":"Feature","properties":{"types":"Playing Field","area_m2":12731.9},"geometry":{"type":"Polygon","coordinates":[[[-3.47785,50.69202],[-3.47713,50.69274],[-3.47863,50.6933],[-3.47938,50.69251],[-3.478,50.69197],[-3.47796,50.69201],[-3.47798,50.69198],[-3.47804,50.69194],[-3.47791,50.69196],[-3.47759,50.69184],[-3.47785,50.69202]]]}},
{"type":"Feature","properties":{"types":"Other Sports Facility","area_m2":93022.4},"geometry":{"type":"Polygon","coordinates":[[[-3.47242,50.69445],[-3.47204,50.69455],[-3.47259,50.69539],[-3.47196,50.69555],[-3.47199,50.69566],[-3.47216,50.69569],[-3.47215,50.69573],[-3.473,50.6959],[-3.47372,50.69507],[-3.47447,50.69408],[-3.47562,50.69284],[-3.47684,50.69164],[-3.47715,50.69169],[-3.47554,50.69108],[-3.47549,50.69112],[-3.47531,50.69097],[-3.47478,50.69069],[-3.47498,50.69082],[-3.4749,50.69089],[-3.47494,50.69091],[-3.47479,50.69102],[-3.47462,50.69092],[-3.47356,50.69207],[-3.47307,50.69272],[-3.47264,50.69264],[-3.47215,50.69246],[-3.47134,50.69348],[-3.47156,50.69378],[-3.47166,50.69383],[-3.47183,50.69411],[-3.47226,50.69414],[-3.47242,50.69445]]]}},
{"type":"Feature","properties":{"types":"Playing Field","area_m2":11661.3},"geometry":{"type":"Polygon","coordinates":[[[-3.49008,50.69464],[-3.49022,50.69477],[-3.49029,50.69475],[-3.49033,50.6948],[-3.4904,50.69479],[-3.49108,50.69422],[-3.49084,50.69415],[-3.48987,50.69367],[-3.48915,50.69338],[-3.489,50.69352],[-3.4888,50.69357],[-3.48912,50.69385],[-3.48911,50.69393],[-3.48891,50.69403],[-3.48903,50.69416],[-3.49008,50.69464]]]}},
{"type":"Feature","properties":{"types":"Other Sports Facility; Play Space; Public Park Or Garden","area_m2":15613.4},"geometry":{"type":"Polygon","coordinates":[[[-3.48769,50.69555],[-3.4888,50.6961],[-3.49073,50.69684],[-3.4911,50.6964],[-3.48948,50.69586],[-3.48949,50.69583],[-3.48899,50.69564],[-3.48844,50.69539],[-3.48801,50.69512],[-3.48774,50.69488],[-3.48785,50.69483],[-3.4878,50.6948],[-3.48712,50.69517],[-3.48769,50.69555]]]}},
{"type":"Feature","properties":{"types":"Play Space; Playing Field","area_m2":157401.9},"geometry":{"type":"Polygon","coordinates":[[[-3.50086,50.70135],[-3.50054,50.70107],[-3.50114,50.70079],[-3.50117,50.70063],[-3.50046,50.70033],[-3.50042,50.70004],[-3.50042,50.69991],[-3.5005,50.69985],[-3.50097,50.69982],[-3.50093,50.6995],[-3.50088,50.69953],[-3.50028,50.69956],[-3.50015,50.69887],[-3.50008,50.69889],[-3.50005,50.69884],[-3.49993,50.69887],[-3.49974,50.69862],[-3.49942,50.69833],[-3.50005,50.69795],[-3.49992,50.69788],[-3.49916,50.69828],[-3.49818,50.69771],[-3.49811,50.69775],[-3.49738,50.69734],[-3.49639,50.69808],[-3.49661,50.69821],[-3.49663,50.69836],[-3.49661,50.69846],[-3.49626,50.69877],[-3.49608,50.69888],[-3.49569,50.6987],[-3.49461,50.69963],[-3.49548,50.70014],[-3.49504,50.7004],[-3.49583,50.70105],[-3.4963,50.70156],[-3.49589,50.70186],[-3.49615,50.702],[-3.49657,50.70171],[-3.49842,50.70279],[-3.49954,50.70202],[-3.49958,50.70205],[-3.50019,50.70168],[-3.50086,50.70135]],[[-3.49514,50.69942],[-3.49548,50.69962],[-3.49513,50.69986],[-3.49479,50.69966],[-3.49514,50.69942]]]}},
{"type":"Feature","properties":{"types":"Play Space; Public Park Or Garden","area_m2":7741.7},"geometry":{"type":"MultiPolygon","coordinates":[[[[-3.47414,50.70197],[-3.4728,50.70215],[-3.47278,50.70236],[-3.47264,50.70246],[-3.47271,50.70291],[-3.47281,50.70292],[-3.47272,50.70283],[-3.47278,50.70282],[-3.47276,50.70277],[-3.47286,50.70275],[-3.47289,50.70279],[-3.47295,50.70279],[-3.47299,50.70286],[-3.47291,50.70289],[-3.47296,50.70299],[-3.4732,50.70296],[-3.47328,50.70286],[-3.47373,50.70256],[-3.47382,50.70256],[-3.47393,50.70241],[-3.47453,50.70198],[-3.47447,50.70194],[-3.47442,50.70197],[-3.4743,50.7019],[-3.47434,50.70184],[-3.47414,50.70197]],[[-3.47303,50.70297],[-3.47298,50.70296],[-3.47303,50.70295],[-3.47303,50.70297]]]]}},
{"type":"Feature","properties":{"types":"Other Sports Facility; Play Space; Public Park Or Garden","area_m2":442762.0},"geometry":{"type":"Polygon","coordinates":[[[-3.50097,50.70474],[-3.50114,50.70486],[-3.50122,50.70501],[-3.50104,50.70555],[-3.5007,50.70609],[-3.5001,50.70589],[-3.49981,50.70625],[-3.49992,50.70631],[-3.50002,50.70627],[-3.50023,50.70635],[-3.50033,50.70646],[-3.50052,50.70632],[-3.50085,50.70645],[-3.5004,50.70687],[-3.49965,50.70745],[-3.49955,50.70748],[-3.49911,50.70745],[-3.49892,50.70737],[-3.49816,50.70719],[-3.49783,50.70705],[-3.49667,50.70693],[-3.49584,50.70689],[-3.4952,50.70705],[-3.49507,50.70705],[-3.49478,50.70721],[-3.49461,50.70738],[-3.49297,50.70614],[-3.49284,50.70607],[-3.49239,50.70596],[-3.49104,50.70688],[-3.4927,50.70784],[-3.49144,50.70876],[-3.49133,50.70877],[-3.49119,50.70872],[-3.49092,50.70855],[-3.48847,50.70916],[-3.48782,50.70941],[-3.48723,50.70976],[-3.48732,50.7098],[-3.48682,50.71091],[-3.48758,50.71104],[-3.48862,50.71145],[-3.48876,50.71147],[-3.48885,50.7114],[-3.48896,50.71143],[-3.48891,50.71152],[-3.48901,50.71157],[-3.48971,50.71116],[-3.48955,50.71093],[-3.48936,50.71049],[-3.49,50.71043],[-3.49099,50.71017],[-3.4912,50.71018],[-3.49173,50.71027],[-3.49198,50.71026],[-3.49261,50.71005],[-3.49344,50.71074],[-3.49467,50.71035],[-3.49532,50.71006],[-3.49542,50.70995],[-3.49596,50.71025],[-3.49675,50.7106],[-3.49825,50.71112],[-3.49765,50.71186],[-3.49719,50.71213],[-3.49654,50.71236],[-3.49643,50.71243],[-3.4964,50.71252],[-3.49561,50.7131],[-3.4956,50.71323],[-3.49584,50.71339],[-3.49639,50.71352],[-3.49678,50.71369],[-3.49711,50.71358],[-3.49715,50.7136],[-3.49855,50.71302],[-3.49887,50.71335],[-3.49907,50.71334],[-3.49923,50.71341],[-3.49911,50.71344],[-3.49901,50.71338],[-3.49868,50.71352],[-3.49863,50.71364],[-3.49875,50.71376],[-3.49944,50.71357],[-3.49964,50.7138],[-3.50028,50.71357],[-3.50015,50.71346],[-3.50024,50.71339],[-3.50021,50.71331],[-3.5003,50.71327],[-3.50014,50.71328],[-3.50027,50.71325],[-3.49971,50.71298],[-3.49964,50.71292],[-3.49983,50.71259],[-3.49999,50.7126],[-3.49972,50.71255],[-3.49969,50.71246],[-3.49949,50.7124],[-3.49963,50.71203],[-3.49979,50.71197],[-3.49985,50.71189],[-3.49977,50.71184],[-3.49977,50.71168],[-3.49992,50.71159],[-3.50011,50.71094],[-3.50024,50.71071],[-3.50056,50.7108],[-3.50072,50.71055],[-3.50084,50.7105],[-3.50055,50.71032],[-3.50137,50.70901],[-3.50162,50.70905],[-3.5016,50.7088],[-3.50152,50.70877],[-3.50369,50.70675],[-3.50404,50.70691],[-3.50428,50.70669],[-3.50371,50.70639],[-3.50287,50.70579],[-3.50279,50.70594],[-3.50251,50.70608],[-3.5019,50.70593],[-3.50207,50.70557],[-3.50192,50.70541],[-3.50192,50.70535],[-3.50165,50.70522],[-3.50156,50.70506],[-3.50144,50.7051],[-3.50138,50.70493],[-3.50097,50.70474]]]}},
{"type":"Feature","properties":{"types":"Play Space; Public Park Or Garden","area_m2":20777.2},"geometry":{"type":"Polygon","coordinates":[[[-3.47811,50.71052],[-3.4783,50.7104],[-3.47875,50.7107],[-3.47884,50.71072],[-3.47892,50.71068],[-3.47876,50.71056],[-3.47874,50.71044],[-3.47892,50.71033],[-3.47866,50.71008],[-3.47859,50.71009],[-3.47859,50.71003],[-3.47846,50.71002],[-3.47832,50.71026],[-3.47823,50.71031],[-3.47812,50.71022],[-3.47785,50.71012],[-3.47744,50.71011],[-3.47714,50.71017],[-3.47619,50.71061],[-3.47517,50.71045],[-3.47483,50.71064],[-3.47487,50.71067],[-3.47483,50.71073],[-3.47489,50.71079],[-3.47485,50.71081],[-3.47513,50.71127],[-3.47494,50.71136],[-3.4751,50.71133],[-3.47541,50.71174],[-3.47538,50.71176],[-3.47542,50.71176],[-3.47607,50.71216],[-3.47625,50.71221],[-3.47611,50.71216],[-3.47576,50.71193],[-3.47595,50.71181],[-3.47585,50.71175],[-3.47612,50.71159],[-3.47616,50.71162],[-3.47629,50.71154],[-3.4762,50.71148],[-3.47643,50.71135],[-3.47652,50.7114],[-3.47668,50.71131],[-3.47636,50.71117],[-3.47625,50.71104],[-3.47628,50.71083],[-3.4765,50.71065],[-3.47689,50.71066],[-3.47705,50.71071],[-3.47727,50.71093],[-3.47743,50.71084],[-3.47736,50.71079],[-3.47759,50.71064],[-3.47767,50.7107],[-3.47779,50.71062],[-3.47776,50.7106],[-3.47801,50.71045],[-3.47811,50.71052]]]}},
{"type":"Feature","properties":{"types":"Public Park Or Garden","area_m2":21910.5},"geometry":{"type":"Polygon","coordinates":[[[-3.49583,50.71205],[-3.49557,50.71217],[-3.49485,50.71242],[-3.4946,50.71241],[-3.49379,50.71265],[-3.49296,50.71299],[-3.49337,50.7132],[-3.49418,50.7139],[-3.49439,50.71379],[-3.49476,50.71346],[-3.4949,50.71339],[-3.49518,50.7134],[-3.49553,50.7133],[-3.49552,50.71307],[-3.49612,50.71261],[-3.49632,50.71241],[-3.49583,50.71205]]]}},
{"type":"Feature","properties":{"types":"Other Sports Facility; Play Space; Public Park Or Garden","area_m2":23806.0},"geometry":{"type":"Polygon","coordinates":[[[-3.47742,50.71427],[-3.47767,50.71438],[-3.47788,50.71442],[-3.47783,50.71432],[-3.4783,50.71409],[-3.47724,50.71281],[-3.4772,50.71281],[-3.47769,50.71341],[-3.47679,50.71382],[-3.4765,50.71391],[-3.47644,50.71385],[-3.47648,50.71392],[-3.47559,50.71421],[-3.47488,50.71389],[-3.47476,50.7139],[-3.47417,50.71425],[-3.47397,50.71451],[-3.47393,50.7147],[-3.47416,50.71571],[-3.47421,50.71573],[-3.47442,50.71568],[-3.47453,50.71562],[-3.47453,50.71555],[-3.47464,50.71555],[-3.47479,50.71527],[-3.47496,50.71526],[-3.47481,50.71517],[-3.47499,50.71477],[-3.47575,50.71447],[-3.47593,50.71443],[-3.47597,50.71438],[-3.47643,50.7142],[-3.47742,50.71427]]]}},
{"type":"Feature","properties":{"types":"Playing Field","area_m2":5653.5},"geometry":{"type":"Polygon","coordinates":[[[-3.48904,50.71668],[-3.48828,50.71616],[-3.48794,50.71702],[-3.48842,50.71709],[-3.48919,50.71711],[-3.4893,50.71703],[-3.48902,50.71672],[-3.48904,50.71668]]]}},
{"type":"Feature","properties":{"types":"Playing Field","area_m2":7112.8},"geometry":{"type":"Polygon","coordinates":[[[-3.4979,50.72015],[-3.49877,50.72042],[-3.49936,50.71961],[-3.49865,50.71922],[-3.4979,50.72015]]]}},
{"type":"Feature","properties":{"types":"Allotments Or Community Growing Spaces","area_m2":30967.1},"geometry":{"type":"Polygon","coordinates":[[[-3.49633,50.72266],[-3.495,50.7223],[-3.49429,50.72216],[-3.49438,50.72189],[-3.49421,50.72179],[-3.49351,50.72161],[-3.49275,50.72148],[-3.49262,50.72227],[-3.49368,50.72282],[-3.4937,50.7229],[-3.49554,50.72384],[-3.49605,50.72307],[-3.49654,50.72319],[-3.49659,50.72311],[-3.49612,50.72298],[-3.49633,50.72266]]]}},
{"type":"Feature","properties":{"types":"Allotments Or Community Growing Spaces","area_m2":15390.7},"geometry":{"type":"Polygon","coordinates":[[[-3.49136,50.72454],[-3.4918,50.72442],[-3.49182,50.72432],[-3.49172,50.72425],[-3.49183,50.72417],[-3.4917,50.72405],[-3.49155,50.72378],[-3.49155,50.72359],[-3.4916,50.72358],[-3.49155,50.72333],[-3.4915,50.72335],[-3.49143,50.72331],[-3.49119,50.72284],[-3.49026,50.72263],[-3.49009,50.72337],[-3.49002,50.72338],[-3.49007,50.72345],[-3.4901,50.72378],[-3.49013,50.72378],[-3.49023,50.724],[-3.49078,50.72391],[-3.49136,50.72454]]]}},
{"type":"Feature","properties":{"types":"Other Sports Facility; Play Space; Public Park Or Garden","area_m2":79375.1},"geometry":{"type":"Polygon","coordinates":[[[-3.50249,50.72446],[-3.50179,50.72443],[-3.50177,50.72459],[-3.50126,50.72451],[-3.50133,50.72422],[-3.50145,50.72421],[-3.50146,50.72417],[-3.50131,50.72165],[-3.50124,50.72166],[-3.50121,50.72162],[-3.5012,50.72166],[-3.50084,50.72179],[-3.50002,50.72188],[-3.50008,50.72215],[-3.49998,50.72234],[-3.49929,50.72238],[-3.49926,50.72227],[-3.49918,50.72227],[-3.49918,50.72217],[-3.49926,50.72215],[-3.49923,50.72202],[-3.49731,50.72256],[-3.497,50.7228],[-3.4968,50.7231],[-3.4972,50.72324],[-3.49729,50.72356],[-3.49746,50.72368],[-3.49854,50.72423],[-3.49862,50.72423],[-3.49866,50.72428],[-3.4987,50.72421],[-3.49882,50.72434],[-3.4993,50.72441],[-3.49957,50.72457],[-3.50042,50.72484],[-3.50164,50.72518],[-3.5021,50.72535],[-3.50209,50.72538],[-3.50248,50.7255],[-3.5026,50.72523],[-3.50232,50.72517],[-3.50259,50.72454],[-3.50248,50.72453],[-3.50249,50.72446]],[[-3.49839,50.72278],[-3.49832,50.72246],[-3.49896,50.7224],[-3.49903,50.72273],[-3.49839,50.72278]],[[-3.49821,50.72247],[-3.49828,50.72279],[-3.49764,50.72285],[-3.49757,50.72252],[-3.49821,50.72247]],[[-3.49772,50.72368],[-3.49769,50.7237],[-3.49764,50.72367],[-3.49768,50.72365],[-3.49772,50.72368]]]}},
{"type":"Feature","properties":{"types":"Playing Field","area_m2":5068.1},"geometry":{"type":"Polygon","coordinates":[[[-3.50728,50.7241],[-3.50787,50.72371],[-3.50722,50.72324],[-3.50652,50.72344],[-3.50696,50.72404],[-3.50704,50.72402],[-3.50707,50.72406],[-3.50728,50.7241]]]}},
{"type":"Feature","properties":{"types":"Allotments Or Community Growing Spaces; Other Sports Facility; Play Space; Playing Field","area_m2":108988.8},"geometry":{"type":"Polygon","coordinates":[[[-3.49552,50.72683],[-3.49548,50.72685],[-3.49538,50.7268],[-3.49439,50.72735],[-3.49415,50.72718],[-3.49392,50.72729],[-3.49389,50.72735],[-3.49409,50.72767],[-3.49434,50.72791],[-3.49502,50.72831],[-3.49387,50.72896],[-3.49581,50.72957],[-3.49844,50.73022],[-3.49814,50.73002],[-3.49818,50.73],[-3.49801,50.72986],[-3.49802,50.7298],[-3.49812,50.72977],[-3.49818,50.72979],[-3.49822,50.72992],[-3.49832,50.73002],[-3.49869,50.73023],[-3.50058,50.73071],[-3.5009,50.73083],[-3.50078,50.73044],[-3.50066,50.73026],[-3.50063,50.73001],[-3.5001,50.72916],[-3.49969,50.729],[-3.49936,50.72867],[-3.4991,50.7285],[-3.49886,50.72816],[-3.49866,50.72806],[-3.4982,50.72771],[-3.49787,50.72758],[-3.49764,50.72738],[-3.49735,50.72733],[-3.49673,50.72714],[-3.49634,50.72705],[-3.49623,50.72699],[-3.49573,50.72687],[-3.49525,50.72661],[-3.49499,50.72662],[-3.49498,50.72665],[-3.49545,50.72676],[-3.49552,50.72683]]]}},
{"type":"Feature","properties":{"types":"Other Sports Facility; Play Space; Public Park Or Garden","area_m2":19386.2},"geometry":{"type":"Polygon","coordinates":[[[-3.48932,50.73447],[-3.48942,50.73444],[-3.48949,50.7343],[-3.48964,50.73424],[-3.48848,50.73317],[-3.4884,50.73285],[-3.48827,50.73287],[-3.48832,50.73319],[-3.48744,50.73328],[-3.48764,50.73355],[-3.4879,50.73379],[-3.48763,50.73389],[-3.48751,50.73406],[-3.48687,50.73417],[-3.4871,50.7347],[-3.48788,50.73458],[-3.48792,50.73468],[-3.48784,50.7347],[-3.48786,50.73478],[-3.48803,50.73473],[-3.48839,50.7347],[-3.48832,50.73451],[-3.48891,50.73441],[-3.48894,50.73446],[-3.489,50.73448],[-3.48932,50.73447]]]}},
{"type":"Feature","properties":{"types":"Playing Field","area_m2":23644.5},"geometry":{"type":"Polygon","coordinates":[[[-3.49652,50.73552],[-3.49763,50.73525],[-3.49761,50.73522],[-3.49841,50.73505],[-3.49939,50.73491],[-3.4994,50.73487],[-3.49957,50.73487],[-3.49958,50.73479],[-3.49946,50.73482],[-3.49851,50.73398],[-3.49629,50.73448],[-3.49567,50.73465],[-3.49583,50.73463],[-3.49648,50.73535],[-3.49652,50.73552]]]}},
{"type":"Feature","properties":{"types":"Playing Field","area_m2":13011.1},"geometry":{"type":"Polygon","coordinates":[[[-3.49637,50.73549],[-3.4957,50.73476],[-3.49402,50.73527],[-3.4946,50.73607],[-3.49637,50.73549]]]}},
{"type":"Feature","properties":{"types":"Other Sports Facility; Play Space; Playing Field; Public Park Or Garden","area_m2":240867.6},"geometry":{"type":"Polygon","coordinates":[[[-3.49135,50.73891],[-3.49151,50.73887],[-3.49128,50.73831],[-3.49297,50.73799],[-3.49234,50.73654],[-3.49214,50.7365],[-3.49212,50.73645],[-3.49211,50.73639],[-3.49225,50.73633],[-3.49214,50.73588],[-3.49198,50.73581],[-3.49208,50.73578],[-3.49206,50.73569],[-3.49063,50.73607],[-3.48938,50.73636],[-3.48462,50.73733],[-3.48349,50.73751],[-3.48093,50.73773],[-3.481,50.73778],[-3.48091,50.73773],[-3.47907,50.73786],[-3.47824,50.73788],[-3.47822,50.73793],[-3.47928,50.73804],[-3.4793,50.73799],[-3.47969,50.73795],[-3.48012,50.73793],[-3.48022,50.73796],[-3.48039,50.73794],[-3.48042,50.73791],[-3.48109,50.73788],[-3.48195,50.73812],[-3.48273,50.7384],[-3.48296,50.73861],[-3.48326,50.73873],[-3.4834,50.73884],[-3.48437,50.73918],[-3.48465,50.7394],[-3.48508,50.73959],[-3.48533,50.73979],[-3.48545,50.73978],[-3.4855,50.73981],[-3.48596,50.74018],[-3.48614,50.7401],[-3.48672,50.74057],[-3.48702,50.74025],[-3.48707,50.74022],[-3.48711,50.74024],[-3.48729,50.74013],[-3.48759,50.74029],[-3.48761,50.74032],[-3.48754,50.74035],[-3.48771,50.74051],[-3.48789,50.74049],[-3.48795,50.74045],[-3.48803,50.74047],[-3.49093,50.74017],[-3.49098,50.7401],[-3.49113,50.74005],[-3.49127,50.74013],[-3.49183,50.74007],[-3.49246,50.73992],[-3.49251,50.73987],[-3.49251,50.7398],[-3.49172,50.73993],[-3.49135,50.73891]],[[-3.48958,50.73738],[-3.48973,50.73774],[-3.48914,50.73784],[-3.48899,50.73747],[-3.48958,50.73738]],[[-3.48958,50.73782],[-3.48963,50.73794],[-3.48925,50.73802],[-3.4892,50.73789],[-3.48958,50.73782]],[[-3.48724,50.73871],[-3.48726,50.73869],[-3.4873,50.7387],[-3.48724,50.73871]],[[-3.48964,50.73999],[-3.48968,50.73995],[-3.48973,50.73998],[-3.48969,50.74001],[-3.48964,50.73999]]]}},
{"type":"Feature","properties":{"types":"Other Sports Facility; Play Space; Playing Field","area_m2":30315.3},"geometry":{"type":"Polygon","coordinates":[[[-3.47135,50.7363],[-3.47119,50.73623],[-3.47098,50.73633],[-3.47086,50.73633],[-3.47058,50.73704],[-3.47032,50.73738],[-3.47045,50.73762],[-3.47044,50.73773],[-3.47276,50.73783],[-3.47319,50.7376],[-3.47415,50.73723],[-3.47438,50.7371],[-3.47437,50.73707],[-3.47425,50.73708],[-3.47395,50.73667],[-3.47382,50.7367],[-3.47354,50.73669],[-3.47314,50.73677],[-3.4728,50.73677],[-3.4724,50.73666],[-3.47202,50.73667],[-3.47141,50.7365],[-3.47135,50.7363]]]}},
{"type":"Feature","properties":{"types":"Play Space; Public Park Or Garden","area_m2":15260.2},"geometry":{"type":"Polygon","coordinates":[[[-3.4963,50.73934],[-3.49658,50.74007],[-3.49707,50.74099],[-3.49785,50.74161],[-3.49834,50.74183],[-3.49813,50.74205],[-3.49836,50.74183],[-3.49939,50.74223],[-3.49965,50.74166],[-3.49954,50.7417],[-3.49905,50.74132],[-3.49884,50.74143],[-3.49851,50.74119],[-3.49826,50.74132],[-3.49754,50.74074],[-3.49796,50.74052],[-3.4979,50.74045],[-3.4974,50.74067],[-3.49714,50.74021],[-3.49696,50.74004],[-3.49737,50.73986],[-3.49735,50.73984],[-3.49692,50.74001],[-3.49666,50.73977],[-3.49651,50.73983],[-3.4963,50.73934]]]}},
{"type":"Feature","properties":{"types":"Allotments Or Community Growing Spaces","area_m2":5691.1},"geometry":{"type":"Polygon","coordinates":[[[-3.48673,50.8141],[-3.48597,50.8143],[-3.48627,50.81511],[-3.48718,50.81492],[-3.48694,50.81465],[-3.48673,50.8141]]]}},
{"type":"Feature","properties":{"types":"Play Space; Playing Field","area_m2":15059.8},"geometry":{"type":"Polygon","coordinates":[[[-3.47881,50.81792],[-3.47904,50.81844],[-3.4799,50.81826],[-3.47978,50.81815],[-3.47992,50.81807],[-3.47993,50.81776],[-3.47992,50.81773],[-3.47985,50.81774],[-3.4795,50.81667],[-3.47942,50.81665],[-3.47945,50.81662],[-3.47853,50.81692],[-3.4782,50.81711],[-3.4781,50.81727],[-3.47819,50.8176],[-3.47826,50.81769],[-3.47861,50.81763],[-3.47877,50.81792],[-3.47881,50.81792]],[[-3.47824,50.81753],[-3.47815,50.81723],[-3.47836,50.8172],[-3.47845,50.8175],[-3.47824,50.81753]]]}},
{"type":"Feature","properties":{"types":"Play Space; Playing Field","area_m2":27848.5},"geometry":{"type":"Polygon","coordinates":[[[-3.49483,50.90214],[-3.49542,50.90313],[-3.49551,50.90339],[-3.49564,50.9034],[-3.49564,50.90346],[-3.49675,50.90361],[-3.49681,50.90352],[-3.49674,50.90319],[-3.49728,50.90316],[-3.49718,50.90271],[-3.4969,50.902],[-3.49695,50.90199],[-3.4969,50.90185],[-3.49694,50.90144],[-3.4958,50.90154],[-3.49464,50.90174],[-3.49483,50.90214]],[[-3.49611,50.90286],[-3.49613,50.9029],[-3.49641,50.90285],[-3.49658,50.90318],[-3.49604,50.90329],[-3.49592,50.90309],[-3.49582,50.90311],[-3.49577,50.90293],[-3.49611,50.90286]]]}},
{"type":"Feature","properties":{"types":"Other Sports Facility; Play Space; Playing Field; Public Park Or Garden","area_m2":32333.2},"geometry":{"type":"Polygon","coordinates":[[[-3.478,50.90612],[-3.47813,50.90612],[-3.47824,50.90593],[-3.47825,50.90582],[-3.47819,50.90581],[-3.47817,50.90542],[-3.47799,50.90484],[-3.47719,50.90492],[-3.47632,50.90545],[-3.47537,50.90624],[-3.47487,50.90659],[-3.47468,50.90697],[-3.47559,50.9067],[-3.47606,50.9066],[-3.47618,50.9066],[-3.47646,50.90678],[-3.47694,50.90691],[-3.47727,50.90688],[-3.47763,50.90681],[-3.47762,50.90678],[-3.47781,50.90679],[-3.478,50.90612]]]}},
{"type":"Feature","properties":{"types":"Other Sports Facility; Play Space; Public Park Or Garden","area_m2":92008.6},"geometry":{"type":"Polygon","coordinates":[[[-3.48565,50.90856],[-3.48554,50.90881],[-3.48526,50.90887],[-3.48532,50.90902],[-3.48567,50.90931],[-3.48579,50.9095],[-3.48588,50.91051],[-3.48603,50.91109],[-3.48607,50.9111],[-3.48606,50.9112],[-3.48621,50.91122],[-3.48635,50.91082],[-3.48686,50.91083],[-3.48705,50.91121],[-3.48748,50.911],[-3.48812,50.91252],[-3.48819,50.91262],[-3.48838,50.9126],[-3.48857,50.91371],[-3.48864,50.9139],[-3.48873,50.91397],[-3.4907,50.91256],[-3.49036,50.91196],[-3.49024,50.91193],[-3.49017,50.91176],[-3.48944,50.91101],[-3.48916,50.91015],[-3.48898,50.90998],[-3.48902,50.9099],[-3.48898,50.9097],[-3.48888,50.9095],[-3.48877,50.90952],[-3.48791,50.90956],[-3.48809,50.90889],[-3.48773,50.90884],[-3.48733,50.90972],[-3.48726,50.90983],[-3.48692,50.91009],[-3.48659,50.91042],[-3.48634,50.91082],[-3.48645,50.91058],[-3.48671,50.91027],[-3.487,50.91001],[-3.48724,50.90983],[-3.48752,50.90928],[-3.48769,50.90881],[-3.4874,50.90873],[-3.48565,50.90856]],[[-3.48648,50.90963],[-3.48636,50.9096],[-3.48645,50.90948],[-3.48697,50.90964],[-3.48699,50.90961],[-3.48711,50.90965],[-3.48685,50.91001],[-3.48627,50.90986],[-3.48648,50.90963]],[[-3.48915,50.91028],[-3.48926,50.9106],[-3.48861,50.91069],[-3.4885,50.91037],[-3.48915,50.91028]]]}},
{"type":"Feature","properties":{"types":"Allotments Or Community Growing Spaces","area_m2":9472.3},"geometry":{"type":"Polygon","coordinates":[[[-3.49817,50.90938],[-3.49806,50.90941],[-3.49815,50.90953],[-3.49771,50.90965],[-3.49845,50.91037],[-3.50035,50.91051],[-3.5,50.91039],[-3.4998,50.9102],[-3.49967,50.91025],[-3.49893,50.90969],[-3.49865,50.9094],[-3.49828,50.9095],[-3.49817,50.90938]]]}},
{"type":"Feature","properties":{"types":"Playing Field","area_m2":25753.0},"geometry":{"type":"Polygon","coordinates":[[[-3.48969,50.91093],[-3.48997,50.91126],[-3.49005,50.91123],[-3.49022,50.91144],[-3.49117,50.9113],[-3.49167,50.91093],[-3.49172,50.91095],[-3.49205,50.91073],[-3.49226,50.91054],[-3.49219,50.91054],[-3.49127,50.90963],[-3.48959,50.91],[-3.4894,50.91014],[-3.48956,50.91068],[-3.48969,50.91093]]]}},
{"type":"Feature","properties":{"types":"Allotments Or Community Growing Spaces","area_m2":8153.0},"geometry":{"type":"Polygon","coordinates":[[[-3.48586,50.91091],[-3.48452,50.91104],[-3.48359,50.91104],[-3.48321,50.91147],[-3.48594,50.91138],[-3.48586,50.91091]]]}},
{"type":"Feature","properties":{"types":"Other Sports Facility","area_m2":10832.9},"geometry":{"type":"Polygon","coordinates":[[[-3.49159,50.91267],[-3.49152,50.91271],[-3.49132,50.91253],[-3.49139,50.91244],[-3.49135,50.91248],[-3.49112,50.91242],[-3.49115,50.91238],[-3.49106,50.91235],[-3.49112,50.91226],[-3.49096,50.91222],[-3.491,50.91216],[-3.49088,50.91218],[-3.49091,50.91233],[-3.49185,50.91306],[-3.49235,50.91297],[-3.49268,50.91322],[-3.49271,50.91328],[-3.49237,50.91342],[-3.49274,50.91375],[-3.49367,50.91371],[-3.49379,50.91373],[-3.49389,50.91381],[-3.4942,50.91378],[-3.49414,50.91306],[-3.49439,50.91244],[-3.49465,50.91212],[-3.4951,50.91172],[-3.49571,50.91128],[-3.49567,50.91126],[-3.49495,50.91171],[-3.49449,50.91209],[-3.49422,50.91254],[-3.49379,50.91257],[-3.4935,50.91251],[-3.49346,50.91257],[-3.49322,50.9126],[-3.49325,50.91278],[-3.4933,50.91275],[-3.49349,50.91277],[-3.49386,50.91272],[-3.4939,50.91277],[-3.49349,50.91301],[-3.49343,50.91297],[-3.49314,50.91315],[-3.49347,50.91351],[-3.4931,50.91366],[-3.49306,50.91361],[-3.49273,50.91373],[-3.49241,50.91342],[-3.4927,50.91331],[-3.49275,50.91324],[-3.49237,50.91296],[-3.49198,50.913],[-3.49165,50.91281],[-3.49159,50.91267]]]}},
{"type":"Feature","properties":{"types":"Playing Field","area_m2":15660.4},"geometry":{"type":"Polygon","coordinates":[[[-3.4867,50.92215],[-3.48702,50.92252],[-3.48682,50.9226],[-3.487,50.92281],[-3.48712,50.92276],[-3.48718,50.92284],[-3.48727,50.92282],[-3.48765,50.92327],[-3.48902,50.92283],[-3.48805,50.92171],[-3.4867,50.92215]]]}},
{"type":"Feature","properties":{"types":"Play Space; Playing Field","area_m2":19307.3},"geometry":{"type":"Polygon","coordinates":[[[-3.48437,50.99312],[-3.48446,50.99321],[-3.48417,50.99334],[-3.485,50.99408],[-3.48644,50.9936],[-3.48647,50.99322],[-3.48655,50.9931],[-3.4865,50.99297],[-3.48665,50.99286],[-3.4865,50.99272],[-3.48617,50.99256],[-3.48585,50.99267],[-3.48584,50.99284],[-3.48576,50.99291],[-3.4855,50.99301],[-3.48527,50.993],[-3.48513,50.99292],[-3.48505,50.99272],[-3.48512,50.99245],[-3.485,50.99235],[-3.48458,50.99249],[-3.48419,50.99276],[-3.4842,50.99283],[-3.48438,50.99303],[-3.48437,50.99312]]]}},
{"type":"Feature","properties":{"types":"Playing Field","area_m2":12334.7},"geometry":{"type":"Polygon","coordinates":[[[-3.49456,51.17482],[-3.49409,51.17474],[-3.49338,51.17491],[-3.49195,51.17536],[-3.4921,51.17554],[-3.49288,51.1753],[-3.49328,51.17585],[-3.49455,51.17567],[-3.49445,51.17524],[-3.49457,51.17494],[-3.49452,51.17492],[-3.49456,51.17482]]]}},
{"type":"Feature","properties":{"types":"Play Space; Playing Field","area_m2":9131.5},"geometry":{"type":"Polygon","coordinates":[[[-3.49437,51.2012],[-3.49431,51.20217],[-3.49519,51.20226],[-3.49541,51.20224],[-3.49567,51.20132],[-3.49437,51.2012]]]}},
{"type":"Feature","properties":{"types":"Public Park Or Garden","area_m2":8762.0},"geometry":{"type":"Polygon","coordinates":[[[-3.48373,51.20523],[-3.48396,51.2052],[-3.48344,51.20528],[-3.48445,51.20516],[-3.48524,51.20531],[-3.48682,51.2058],[-3.4883,51.20622],[-3.48893,51.20659],[-3.48897,51.20653],[-3.48853,51.20632],[-3.48808,51.20602],[-3.48693,51.20567],[-3.48706,51.20543],[-3.48695,51.20556],[-3.48516,51.20503],[-3.48514,51.20513],[-3.48441,51.20502],[-3.48446,51.20452],[-3.48384,51.2046],[-3.48373,51.20465],[-3.48436,51.20468],[-3.48436,51.20471],[-3.48369,51.20467],[-3.48407,51.20498],[-3.48395,51.20519],[-3.48373,51.20523]]]}},
{"type":"Feature","properties":{"types":"Public Park Or Garden","area_m2":6203.4},"geometry":{"type":"Polygon","coordinates":[[[-3.49732,51.20701],[-3.49706,51.20701],[-3.49689,51.20709],[-3.49719,51.20709],[-3.49723,51.20712],[-3.49766,51.20703],[-3.49795,51.20693],[-3.49824,51.20699],[-3.49858,51.20701],[-3.49918,51.20719],[-3.49959,51.20722],[-3.50006,51.20714],[-3.49969,51.20673],[-3.49886,51.20663],[-3.4986,51.20676],[-3.49821,51.2068],[-3.49732,51.20701]]]}},
{"type":"Feature","properties":{"types":"Public Park Or Garden","area_m2":11283.3},"geometry":{"type":"Polygon","coordinates":[[[-3.4892,51.20704],[-3.48925,51.20715],[-3.49005,51.20734],[-3.4912,51.20772],[-3.49261,51.20788],[-3.49435,51.20775],[-3.49435,51.2076],[-3.49459,51.20755],[-3.49471,51.20746],[-3.49497,51.20739],[-3.49538,51.2072],[-3.49646,51.20703],[-3.49537,51.20717],[-3.49488,51.20739],[-3.49469,51.20743],[-3.49453,51.20753],[-3.49382,51.20761],[-3.49234,51.20766],[-3.49212,51.20757],[-3.49178,51.20749],[-3.49139,51.20745],[-3.49099,51.20735],[-3.49054,51.20716],[-3.49017,51.20707],[-3.4894,51.20674],[-3.4892,51.20704]]]}},
{"type":"Feature","properties":{"types":"Other Sports Facility","area_m2":9908.9},"geometry":{"type":"Polygon","coordinates":[[[-3.46023,50.58528],[-3.45984,50.58557],[-3.46001,50.58565],[-3.45959,50.58597],[-3.46037,50.58641],[-3.46078,50.58609],[-3.46154,50.58649],[-3.46207,50.58609],[-3.46098,50.58552],[-3.46086,50.5856],[-3.46081,50.58557],[-3.46046,50.58583],[-3.4601,50.58564],[-3.46005,50.58568],[-3.46007,50.58563],[-3.45995,50.58556],[-3.46028,50.58531],[-3.46023,50.58528]]]}},
{"type":"Feature","properties":{"types":"Other Sports Facility; Play Space","area_m2":92160.5},"geometry":{"type":"Polygon","coordinates":[[[-3.46267,50.58871],[-3.46236,50.58829],[-3.46223,50.58824],[-3.46192,50.58795],[-3.46147,50.5873],[-3.46114,50.58705],[-3.46118,50.58698],[-3.4611,50.58692],[-3.46092,50.58681],[-3.46054,50.58709],[-3.46051,50.58707],[-3.46029,50.58695],[-3.46057,50.58669],[-3.46056,50.58662],[-3.45931,50.58596],[-3.45787,50.5869],[-3.45897,50.58767],[-3.45967,50.58829],[-3.45934,50.58852],[-3.45911,50.58876],[-3.4595,50.58931],[-3.4598,50.58962],[-3.45984,50.58961],[-3.45998,50.58969],[-3.46003,50.58979],[-3.46079,50.59061],[-3.46104,50.59053],[-3.46165,50.59047],[-3.46187,50.59042],[-3.46294,50.58991],[-3.46285,50.58948],[-3.46289,50.58922],[-3.46279,50.58904],[-3.46286,50.58897],[-3.46277,50.58879],[-3.46267,50.58871]],[[-3.46257,50.58859],[-3.46246,50.58863],[-3.46234,50.58847],[-3.46246,50.58844],[-3.46257,50.58859]]]}},
{"type":"Feature","properties":{"types":"Playing Field","area_m2":37877.2},"geometry":{"type":"Polygon","coordinates":[[[-3.46564,50.59965],[-3.46487,50.59989],[-3.46537,50.60061],[-3.4656,50.60085],[-3.46583,50.60098],[-3.46748,50.60163],[-3.46788,50.60129],[-3.46772,50.60121],[-3.46762,50.6013],[-3.4674,50.60119],[-3.46776,50.60089],[-3.46771,50.60086],[-3.46774,50.60083],[-3.46784,50.60082],[-3.46818,50.60053],[-3.46823,50.59986],[-3.4682,50.59983],[-3.46778,50.59986],[-3.46776,50.59976],[-3.4675,50.59979],[-3.46747,50.59973],[-3.46773,50.59968],[-3.46771,50.59958],[-3.46824,50.59954],[-3.46822,50.59948],[-3.46815,50.59946],[-3.46821,50.59941],[-3.46819,50.59932],[-3.46685,50.59939],[-3.46564,50.59965]]]}},
{"type":"Feature","properties":{"types":"Public Park Or Garden","area_m2":273778.4},"geometry":{"type":"Polygon","coordinates":[[[-3.45344,50.60308],[-3.45301,50.60395],[-3.45316,50.60429],[-3.4536,50.60458],[-3.45418,50.60513],[-3.45447,50.60535],[-3.45494,50.60624],[-3.45589,50.60622],[-3.45636,50.60679],[-3.45701,50.60702],[-3.45727,50.60741],[-3.45714,50.60756],[-3.45721,50.60758],[-3.45732,50.60746],[-3.45734,50.60733],[-3.45886,50.60573],[-3.45896,50.60569],[-3.46101,50.60515],[-3.46166,50.60506],[-3.46287,50.60499],[-3.46422,50.60471],[-3.46486,50.60472],[-3.46487,50.60466],[-3.46498,50.60468],[-3.46496,50.60459],[-3.46436,50.60459],[-3.4643,50.60456],[-3.46371,50.60469],[-3.4637,50.60457],[-3.46374,50.60456],[-3.46301,50.60427],[-3.46152,50.60354],[-3.46127,50.60346],[-3.46153,50.6032],[-3.46028,50.6021],[-3.46005,50.60145],[-3.45984,50.60152],[-3.45933,50.60162],[-3.45931,50.60169],[-3.4594,50.60177],[-3.45961,50.60218],[-3.45947,50.60203],[-3.45786,50.6027],[-3.4571,50.60238],[-3.45725,50.60232],[-3.45706,50.60178],[-3.45722,50.6017],[-3.45694,50.6014],[-3.4568,50.60138],[-3.45603,50.60143],[-3.45513,50.60157],[-3.4543,50.60158],[-3.45376,50.60162],[-3.45329,50.60163],[-3.45329,50.60232],[-3.45315,50.60306],[-3.45344,50.60308]]]}},
{"type":"Feature","properties":{"types":"Play Space; Playing Field; Public Park Or Garden","area_m2":99552.4},"geometry":{"type":"Polygon","coordinates":[[[-3.40001,50.612],[-3.39995,50.61195],[-3.3994,50.61199],[-3.39894,50.61216],[-3.40046,50.61281],[-3.40083,50.61306],[-3.40195,50.61334],[-3.40237,50.61354],[-3.40271,50.61335],[-3.40281,50.61318],[-3.403,50.61305],[-3.40291,50.61339],[-3.404,50.6137],[-3.40482,50.6138],[-3.40479,50.61414],[-3.40647,50.61414],[-3.4069,50.61409],[-3.40714,50.61399],[-3.40704,50.61311],[-3.40671,50.61297],[-3.40675,50.61181],[-3.40636,50.61176],[-3.40636,50.6117],[-3.40563,50.61162],[-3.40516,50.61167],[-3.40511,50.61164],[-3.40478,50.61167],[-3.40478,50.6117],[-3.40387,50.61183],[-3.40296,50.61186],[-3.40208,50.61184],[-3.40138,50.61176],[-3.40119,50.61195],[-3.40106,50.61198],[-3.40054,50.61184],[-3.40048,50.61198],[-3.40034,50.61208],[-3.40017,50.6119],[-3.40003,50.61193],[-3.40001,50.612]]]}},
{"type":"Feature","properties":{"types":"Play Space","area_m2":5260.6},"geometry":{"type":"Polygon","coordinates":[[[-3.40973,50.61378],[-3.40975,50.6137],[-3.40971,50.61366],[-3.40978,50.61354],[-3.4089,50.61332],[-3.40906,50.61324],[-3.40931,50.61287],[-3.40875,50.61276],[-3.40861,50.61315],[-3.40873,50.61328],[-3.40866,50.61337],[-3.40882,50.61384],[-3.40918,50.61384],[-3.40973,50.61378]]]}},
{"type":"Feature","properties":{"types":"Public Park Or Garden","area_m2":10523.3},"geometry":{"type":"Polygon","coordinates":[[[-3.40455,50.6142],[-3.40507,50.61432],[-3.40682,50.6143],[-3.40763,50.61418],[-3.40865,50.61417],[-3.40917,50.61421],[-3.4097,50.61444],[-3.41013,50.61422],[-3.41036,50.61418],[-3.4104,50.61414],[-3.41006,50.61383],[-3.40977,50.61381],[-3.40915,50.61388],[-3.40859,50.61387],[-3.40643,50.61417],[-3.40458,50.61416],[-3.40391,50.6141],[-3.40455,50.6142]]]}},
{"type":"Feature","properties":{"types":"Other Sports Facility","area_m2":5831.3},"geometry":{"type":"Polygon","coordinates":[[[-3.41247,50.61531],[-3.41214,50.61513],[-3.41172,50.61485],[-3.41111,50.61436],[-3.41094,50.61431],[-3.41056,50.6143],[-3.41063,50.6145],[-3.41181,50.61536],[-3.41191,50.61535],[-3.41215,50.61547],[-3.41245,50.61555],[-3.41262,50.61535],[-3.41247,50.61531]]]}},
{"type":"Feature","properties":{"types":"Public Park Or Garden","area_m2":10693.3},"geometry":{"type":"Polygon","coordinates":[[[-3.41547,50.61716],[-3.41528,50.61711],[-3.41473,50.61736],[-3.41429,50.61762],[-3.41409,50.61825],[-3.41425,50.61835],[-3.41431,50.61826],[-3.41447,50.61816],[-3.41472,50.61823],[-3.41481,50.61821],[-3.41517,50.61822],[-3.41523,50.61855],[-3.41534,50.61854],[-3.41526,50.61823],[-3.41537,50.6182],[-3.41532,50.61806],[-3.41571,50.61801],[-3.41573,50.61806],[-3.41591,50.61804],[-3.41588,50.61792],[-3.41547,50.61716]]]}},
{"type":"Feature","properties":{"types":"Play Space; Playing Field","area_m2":33659.8},"geometry":{"type":"Polygon","coordinates":[[[-3.41695,50.61982],[-3.41695,50.61991],[-3.41729,50.62009],[-3.41756,50.62031],[-3.41794,50.6207],[-3.41801,50.62068],[-3.41826,50.62075],[-3.41829,50.6208],[-3.41874,50.62092],[-3.41907,50.62094],[-3.42022,50.62034],[-3.4204,50.6203],[-3.42069,50.62009],[-3.41984,50.61941],[-3.41935,50.6194],[-3.41885,50.61892],[-3.41813,50.61916],[-3.4177,50.61935],[-3.41695,50.61982]]]}},
{"type":"Feature","properties":{"types":"Other Sports Facility","area_m2":6166.0},"geometry":{"type":"Polygon","coordinates":[[[-3.4156,50.62068],[-3.41506,50.62126],[-3.41575,50.6212],[-3.41579,50.62139],[-3.41631,50.62133],[-3.4166,50.62108],[-3.41636,50.62106],[-3.41644,50.62066],[-3.41631,50.62065],[-3.41633,50.62063],[-3.41592,50.62043],[-3.4156,50.62068]]]}},
{"type":"Feature","properties":{"types":"Other Sports Facility; Play Space; Public Park Or Garden","area_m2":114256.4},"geometry":{"type":"Polygon","coordinates":[[[-3.40694,50.62484],[-3.40665,50.6247],[-3.40668,50.62466],[-3.40639,50.62445],[-3.40593,50.6242],[-3.40509,50.62389],[-3.40429,50.62371],[-3.40304,50.62362],[-3.40314,50.62356],[-3.40209,50.6236],[-3.40098,50.62378],[-3.40008,50.62404],[-3.39801,50.625],[-3.39712,50.62532],[-3.39714,50.62535],[-3.39785,50.6251],[-3.39912,50.62454],[-3.39947,50.62475],[-3.39944,50.62477],[-3.39977,50.62501],[-3.39992,50.62517],[-3.39919,50.62544],[-3.39922,50.62546],[-3.39999,50.62523],[-3.40067,50.62487],[-3.40084,50.62502],[-3.40089,50.625],[-3.40106,50.62515],[-3.40126,50.62506],[-3.4015,50.62528],[-3.40143,50.62531],[-3.40167,50.62556],[-3.40258,50.62629],[-3.40312,50.62642],[-3.40371,50.62667],[-3.40457,50.62658],[-3.40477,50.62658],[-3.40494,50.62664],[-3.40519,50.62659],[-3.40561,50.62638],[-3.40594,50.62609],[-3.40623,50.62592],[-3.40641,50.62585],[-3.40681,50.62577],[-3.40681,50.62569],[-3.40668,50.62567],[-3.40673,50.62559],[-3.40702,50.62557],[-3.4071,50.62563],[-3.40708,50.62572],[-3.40713,50.62572],[-3.40704,50.62509],[-3.40698,50.62506],[-3.407,50.62493],[-3.40694,50.62484]],[[-3.40284,50.62362],[-3.40218,50.62369],[-3.40119,50.62386],[-3.40024,50.62413],[-3.39931,50.62446],[-3.39942,50.62436],[-3.39963,50.62426],[-3.40082,50.62384],[-3.40187,50.62364],[-3.40246,50.6236],[-3.40284,50.62362]],[[-3.40211,50.62495],[-3.40254,50.62488],[-3.40285,50.62509],[-3.40274,50.62509],[-3.40296,50.62525],[-3.40248,50.62552],[-3.40234,50.62541],[-3.40225,50.62541],[-3.40193,50.62518],[-3.40169,50.62494],[-3.40181,50.62503],[-3.40191,50.62498],[-3.40182,50.62489],[-3.40194,50.62497],[-3.40198,50.62489],[-3.40211,50.62495]],[[-3.4041,50.6264],[-3.40371,50.62621],[-3.4041,50.62588],[-3.40448,50.62606],[-3.4041,50.6264]]]}},
{"type":"Feature","properties":{"types":"Playing Field","area_m2":28491.3},"geometry":{"type":"Polygon","coordinates":[[[-3.44954,50.62466],[-3.44976,50.62514],[-3.44993,50.62512],[-3.45,50.62523],[-3.45121,50.62511],[-3.45135,50.62425],[-3.45128,50.6236],[-3.45116,50.6232],[-3.45074,50.62319],[-3.44984,50.62325],[-3.44909,50.62338],[-3.44954,50.62466]]]}},
{"type":"Feature","properties":{"types":"Other Sports Facility; Play Space; Playing Field","area_m2":37836.0},"geometry":{"type":"Polygon","coordinates":[[[-3.41293,50.62691],[-3.41301,50.62716],[-3.41361,50.62746],[-3.4153,50.62848],[-3.41527,50.62791],[-3.41533,50.6279],[-3.41541,50.6273],[-3.41543,50.62644],[-3.41524,50.62505],[-3.41525,50.62473],[-3.41516,50.62462],[-3.41513,50.62469],[-3.41518,50.62471],[-3.4151,50.62496],[-3.41481,50.62535],[-3.41436,50.62571],[-3.41363,50.62609],[-3.41349,50.62637],[-3.41329,50.62649],[-3.41329,50.62667],[-3.41284,50.62667],[-3.41283,50.62681],[-3.41293,50.62691]]]}},
{"type":"Feature","properties":{"types":"Allotments Or Community Growing Spaces","area_m2":23906.6},"geometry":{"type":"Polygon","coordinates":[[[-3.45296,50.62875],[-3.45439,50.6285],[-3.4547,50.62828],[-3.45528,50.62799],[-3.45528,50.62791],[-3.4546,50.62769],[-3.45342,50.62706],[-3.45267,50.62674],[-3.45245,50.62733],[-3.4528,50.62839],[-3.45296,50.62875]]]}},
{"type":"Feature","properties":{"types":"Playing Field","area_m2":18059.6},"geometry":{"type":"Polygon","coordinates":[[[-3.40352,50.62971],[-3.40349,50.62968],[-3.40351,50.62972],[-3.40371,50.62983],[-3.4041,50.63044],[-3.40565,50.63053],[-3.40564,50.63022],[-3.40629,50.63021],[-3.4063,50.63009],[-3.40541,50.62972],[-3.40442,50.62887],[-3.40352,50.62971]]]}},
{"type":"Feature","properties":{"types":"Playing Field","area_m2":40874.2},"geometry":{"type":"Polygon","coordinates":[[[-3.41174,50.62897],[-3.41164,50.6291],[-3.41133,50.62931],[-3.4115,50.62959],[-3.41153,50.63018],[-3.41161,50.63044],[-3.41156,50.63045],[-3.4118,50.63065],[-3.41239,50.63104],[-3.41347,50.63062],[-3.41397,50.63028],[-3.41385,50.62976],[-3.41376,50.62968],[-3.41383,50.62958],[-3.41401,50.6295],[-3.41357,50.62918],[-3.41418,50.62882],[-3.41361,50.62842],[-3.41343,50.62843],[-3.41331,50.62839],[-3.41296,50.62821],[-3.41201,50.62878],[-3.41174,50.62897]]]}},
{"type":"Feature","properties":{"types":"Allotments Or Community Growing Spaces","area_m2":13930.8},"geometry":{"type":"Polygon","coordinates":[[[-3.43042,50.6449],[-3.43035,50.64453],[-3.43019,50.64425],[-3.42999,50.64407],[-3.42928,50.64363],[-3.42918,50.64363],[-3.42887,50.64379],[-3.42855,50.64389],[-3.42878,50.64437],[-3.42917,50.64482],[-3.42943,50.64528],[-3.42991,50.64513],[-3.43042,50.6449]]]}},
{"type":"Feature","properties":{"types":"Play Space; Playing Field","area_m2":17632.5},"geometry":{"type":"Polygon","coordinates":[[[-3.42789,50.65163],[-3.42951,50.65095],[-3.42831,50.65043],[-3.42788,50.64998],[-3.42722,50.64974],[-3.42717,50.64979],[-3.42749,50.65002],[-3.4271,50.65025],[-3.42674,50.65042],[-3.42726,50.65099],[-3.42741,50.65105],[-3.42789,50.65163]]]}},
{"type":"Feature","properties":{"types":"Playing Field","area_m2":40686.4},"geometry":{"type":"Polygon","coordinates":[[[-3.41512,50.65608],[-3.41477,50.65524],[-3.41374,50.65559],[-3.41271,50.65611],[-3.41315,50.65684],[-3.41365,50.65792],[-3.41585,50.65772],[-3.41562,50.65725],[-3.41537,50.65651],[-3.41512,50.65608]]]}},
{"type":"Feature","properties":{"types":"Other Sports Facility","area_m2":37167.9},"geometry":{"type":"Polygon","coordinates":[[[-3.43154,50.66402],[-3.43051,50.66443],[-3.43047,50.66439],[-3.43038,50.66448],[-3.42965,50.66477],[-3.43048,50.66583],[-3.43063,50.66597],[-3.43075,50.666],[-3.43323,50.66544],[-3.43269,50.66496],[-3.43355,50.66455],[-3.43298,50.66399],[-3.4329,50.66402],[-3.43274,50.66396],[-3.43238,50.6642],[-3.43202,50.66437],[-3.43154,50.66402]]]}},
{"type":"Feature","properties":{"types":"Other Sports Facility; Playing Field","area_m2":40559.0},"geometry":{"type":"Polygon","coordinates":[[[-3.43432,50.6652],[-3.43271,50.66564],[-3.42989,50.66623],[-3.4309,50.66722],[-3.43345,50.66635],[-3.43369,50.66658],[-3.43555,50.6658],[-3.43476,50.66503],[-3.43432,50.6652]]]}},
{"type":"Feature","properties":{"types":"Allotments Or Community Growing Spaces","area_m2":11232.3},"geometry":{"type":"Polygon","coordinates":[[[-3.46508,50.68783],[-3.46421,50.68708],[-3.46274,50.68782],[-3.46335,50.68827],[-3.46386,50.688],[-3.46399,50.68802],[-3.46419,50.68817],[-3.46437,50.68818],[-3.46508,50.68783]]]}},
{"type":"Feature","properties":{"types":"Playing Field","area_m2":33774.7},"geometry":{"type":"Polygon","coordinates":[[[-3.46918,50.68795],[-3.46876,50.68822],[-3.46753,50.68886],[-3.46751,50.68951],[-3.46775,50.68952],[-3.46831,50.68997],[-3.46837,50.68993],[-3.46878,50.69026],[-3.4695,50.6899],[-3.47008,50.68955],[-3.47088,50.68891],[-3.46991,50.6884],[-3.46986,50.68841],[-3.46918,50.68795]]]}},
{"type":"Feature","properties":{"types":"Playing Field","area_m2":16565.0},"geometry":{"type":"Polygon","coordinates":[[[-3.44215,50.69285],[-3.44346,50.69247],[-3.44328,50.69244],[-3.44324,50.69241],[-3.44331,50.69235],[-3.443,50.6921],[-3.44211,50.69153],[-3.44043,50.6919],[-3.44114,50.69243],[-3.44159,50.69256],[-3.44215,50.69285]]]}},
{"type":"Feature","properties":{"types":"Playing Field","area_m2":47963.2},"geometry":{"type":"Polygon","coordinates":[[[-3.44212,50.70431],[-3.44153,50.70416],[-3.44143,50.70409],[-3.44132,50.70382],[-3.44115,50.70363],[-3.43999,50.70364],[-3.43988,50.70361],[-3.4391,50.70386],[-3.43866,50.70418],[-3.43895,50.70442],[-3.43959,50.7048],[-3.44155,50.70546],[-3.44188,50.70562],[-3.44207,50.70576],[-3.44284,50.70586],[-3.44329,50.7055],[-3.44415,50.70533],[-3.44434,50.70517],[-3.44468,50.70503],[-3.44465,50.70498],[-3.44408,50.70502],[-3.44386,50.70498],[-3.44335,50.70481],[-3.44212,50.70431]]]}},
{"type":"Feature","properties":{"types":"Playing Field","area_m2":63599.0},"geometry":{"type":"Polygon","coordinates":[[[-3.42863,50.70598],[-3.42793,50.70607],[-3.42766,50.70614],[-3.42729,50.70613],[-3.42658,50.70625],[-3.42648,50.70623],[-3.42655,50.70616],[-3.42653,50.70609],[-3.42637,50.70609],[-3.42544,50.70663],[-3.42387,50.70766],[-3.42418,50.70769],[-3.42425,50.70767],[-3.42746,50.70805],[-3.42922,50.70819],[-3.42932,50.70777],[-3.42954,50.7073],[-3.42949,50.70706],[-3.42952,50.70684],[-3.42945,50.7066],[-3.42903,50.70642],[-3.42898,50.7063],[-3.42878,50.70619],[-3.42863,50.70598]]]}},
{"type":"Feature","properties":{"types":"Playing Field","area_m2":10945.1},"geometry":{"type":"Polygon","coordinates":[[[-3.45393,50.70659],[-3.45388,50.70646],[-3.45262,50.70649],[-3.45264,50.70764],[-3.454,50.70747],[-3.45388,50.70711],[-3.45393,50.70659]]]}},
{"type":"Feature","properties":{"types":"Other Sports Facility; Play Space; Playing Field","area_m2":10656.5},"geometry":{"type":"Polygon","coordinates":[[[-3.45187,50.70915],[-3.4519,50.7091],[-3.45162,50.70906],[-3.4511,50.70917],[-3.45006,50.70923],[-3.45049,50.71031],[-3.45146,50.71021],[-3.45131,50.7098],[-3.45168,50.70984],[-3.45151,50.70953],[-3.45155,50.70933],[-3.45149,50.70912],[-3.45162,50.7091],[-3.45187,50.70915]]]}},
{"type":"Feature","properties":{"types":"Other Sports Facility","area_m2":16994.7},"geometry":{"type":"Polygon","coordinates":[[[-3.46827,50.71009],[-3.46772,50.71024],[-3.46744,50.71043],[-3.46736,50.71065],[-3.46756,50.71099],[-3.46816,50.71075],[-3.46949,50.71035],[-3.47071,50.71005],[-3.47075,50.70999],[-3.47068,50.7094],[-3.47058,50.70926],[-3.47042,50.70924],[-3.46957,50.7095],[-3.46946,50.70949],[-3.46904,50.70962],[-3.46897,50.70969],[-3.46899,50.70977],[-3.46853,50.70991],[-3.46847,50.7099],[-3.46845,50.70995],[-3.46832,50.70997],[-3.46827,50.71009]],[[-3.46988,50.70943],[-3.4703,50.70931],[-3.47051,50.7096],[-3.47009,50.70972],[-3.46988,50.70943]],[[-3.47015,50.70983],[-3.47009,50.70974],[-3.4705,50.70962],[-3.4707,50.7099],[-3.47029,50.71002],[-3.47035,50.71011],[-3.47013,50.71017],[-3.46993,50.70989],[-3.47015,50.70983]]]}},
{"type":"Feature","properties":{"types":"Play Space","area_m2":5170.1},"geometry":{"type":"Polygon","coordinates":[[[-3.43408,50.7317],[-3.43428,50.73157],[-3.43434,50.73161],[-3.43467,50.73136],[-3.43391,50.73095],[-3.43352,50.73123],[-3.43309,50.73146],[-3.4336,50.73179],[-3.4339,50.73159],[-3.43408,50.7317]]]}},
{"type":"Feature","properties":{"types":"Public Park Or Garden","area_m2":72728.9},"geometry":{"type":"Polygon","coordinates":[[[-3.4518,50.73852],[-3.45054,50.7387],[-3.45076,50.73936],[-3.45089,50.73943],[-3.45124,50.73991],[-3.45113,50.74013],[-3.451,50.74017],[-3.45836,50.73881],[-3.45774,50.7385],[-3.45811,50.73835],[-3.45684,50.73752],[-3.45677,50.73758],[-3.45603,50.73788],[-3.45408,50.73842],[-3.45364,50.7385],[-3.45265,50.73853],[-3.4518,50.73852]]]}},
{"type":"Feature","properties":{"types":"Other Sports Facility; Play Space","area_m2":9871.7},"geometry":{"type":"Polygon","coordinates":[[[-3.41265,50.74732],[-3.41265,50.74713],[-3.41313,50.74651],[-3.41433,50.74688],[-3.41444,50.74683],[-3.41466,50.74686],[-3.41493,50.74655],[-3.4144,50.74641],[-3.41293,50.74574],[-3.41257,50.74722],[-3.41265,50.74732]]]}},
{"type":"Feature","properties":{"types":"Public Park Or Garden","area_m2":60734.6},"geometry":{"type":"Polygon","coordinates":[[[-3.41811,50.74486],[-3.41794,50.74639],[-3.41765,50.74641],[-3.41759,50.74647],[-3.4177,50.74726],[-3.41766,50.74802],[-3.41776,50.74842],[-3.41742,50.74846],[-3.41726,50.74844],[-3.41686,50.74871],[-3.41617,50.74886],[-3.41563,50.7493],[-3.41516,50.74951],[-3.4158,50.74994],[-3.41637,50.75062],[-3.41669,50.75075],[-3.41698,50.75074],[-3.41769,50.75055],[-3.41796,50.75043],[-3.41845,50.7501],[-3.4191,50.74989],[-3.42054,50.74953],[-3.42067,50.74956],[-3.42075,50.74963],[-3.42073,50.74976],[-3.42079,50.74993],[-3.42069,50.74996],[-3.42074,50.75005],[-3.42336,50.74935],[-3.42331,50.74924],[-3.42323,50.74922],[-3.42337,50.74917],[-3.42323,50.74917],[-3.42316,50.74913],[-3.42164,50.74909],[-3.42091,50.74919],[-3.41944,50.74921],[-3.41826,50.74955],[-3.41798,50.74946],[-3.41801,50.74873],[-3.41781,50.74813],[-3.41779,50.74712],[-3.41771,50.74653],[-3.41773,50.74644],[-3.41804,50.74645],[-3.41805,50.74641],[-3.41818,50.74495],[-3.41811,50.74486]]]}},
{"type":"Feature","properties":{"types":"Public Park Or Garden","area_m2":10919.7},"geometry":{"type":"Polygon","coordinates":[[[-3.46892,50.74841],[-3.46891,50.74836],[-3.46894,50.7484],[-3.46953,50.74825],[-3.47006,50.74747],[-3.46915,50.74745],[-3.46743,50.74851],[-3.4675,50.74858],[-3.46779,50.74848],[-3.46795,50.74848],[-3.46811,50.74859],[-3.46892,50.74841]]]}},
{"type":"Feature","properties":{"types":"Public Park Or Garden","area_m2":37486.6},"geometry":{"type":"Polygon","coordinates":[[[-3.40738,50.74825],[-3.40717,50.74809],[-3.40677,50.7484],[-3.40671,50.74836],[-3.40622,50.74859],[-3.40625,50.74862],[-3.40618,50.74865],[-3.40614,50.74862],[-3.40559,50.7488],[-3.40568,50.74892],[-3.40588,50.74898],[-3.40583,50.74908],[-3.40595,50.74928],[-3.40629,50.74956],[-3.40632,50.74966],[-3.40649,50.74972],[-3.40703,50.7504],[-3.40711,50.75041],[-3.40706,50.7505],[-3.4071,50.75052],[-3.40714,50.75047],[-3.40709,50.75062],[-3.40739,50.75059],[-3.40786,50.75042],[-3.40816,50.75016],[-3.40805,50.75012],[-3.40783,50.74992],[-3.40771,50.74989],[-3.40766,50.74978],[-3.4074,50.74964],[-3.40734,50.74957],[-3.40711,50.74944],[-3.40684,50.74937],[-3.40672,50.74913],[-3.40622,50.7487],[-3.40628,50.74867],[-3.40678,50.74911],[-3.40688,50.74934],[-3.40698,50.74939],[-3.40707,50.74939],[-3.40735,50.74952],[-3.40772,50.74979],[-3.40776,50.74987],[-3.40788,50.7499],[-3.40802,50.75004],[-3.40821,50.75011],[-3.40847,50.74995],[-3.40895,50.74976],[-3.40954,50.74944],[-3.40931,50.74921],[-3.40916,50.74915],[-3.4086,50.74905],[-3.40845,50.74896],[-3.40813,50.74857],[-3.40738,50.74825]]]}},
{"type":"Feature","properties":{"types":"Public Park Or Garden","area_m2":73772.3},"geometry":{"type":"Polygon","coordinates":[[[-3.41852,50.75037],[-3.41857,50.75036],[-3.41864,50.75045],[-3.41882,50.75037],[-3.41863,50.75012],[-3.41843,50.7502],[-3.41797,50.75052],[-3.41769,50.75064],[-3.41693,50.75083],[-3.41657,50.75081],[-3.41625,50.75065],[-3.41569,50.74998],[-3.41492,50.74948],[-3.41413,50.74979],[-3.41405,50.74989],[-3.41361,50.7501],[-3.41309,50.75053],[-3.41297,50.75077],[-3.41268,50.75091],[-3.41245,50.75091],[-3.41224,50.75083],[-3.41225,50.7508],[-3.4121,50.75074],[-3.4114,50.75067],[-3.41105,50.7505],[-3.41071,50.75043],[-3.41038,50.75004],[-3.40961,50.74955],[-3.40907,50.74984],[-3.40857,50.75004],[-3.40835,50.75018],[-3.40859,50.75025],[-3.40884,50.75044],[-3.40899,50.75043],[-3.40915,50.75061],[-3.4093,50.75064],[-3.40961,50.75077],[-3.40969,50.75085],[-3.40962,50.7509],[-3.40978,50.7509],[-3.40985,50.75097],[-3.40986,50.75109],[-3.41009,50.7512],[-3.41024,50.75113],[-3.41042,50.75113],[-3.41072,50.75105],[-3.41099,50.75108],[-3.4115,50.75097],[-3.41163,50.75098],[-3.41179,50.75106],[-3.4119,50.75121],[-3.4122,50.75128],[-3.41221,50.75145],[-3.4123,50.75154],[-3.41241,50.7516],[-3.41258,50.75161],[-3.41266,50.75166],[-3.41257,50.75177],[-3.41259,50.75184],[-3.41288,50.75184],[-3.4131,50.7519],[-3.41342,50.75187],[-3.41357,50.75179],[-3.41405,50.75172],[-3.41417,50.75167],[-3.41428,50.75167],[-3.41433,50.75172],[-3.41855,50.7506],[-3.41852,50.75056],[-3.41843,50.75059],[-3.41835,50.75048],[-3.41854,50.7504],[-3.41852,50.75037]]]}},
{"type":"Feature","properties":{"types":"Other Sports Facility","area_m2":63119.5},"geometry":{"type":"Polygon","coordinates":[[[-3.43996,50.75775],[-3.44008,50.75781],[-3.4401,50.75779],[-3.43998,50.75773],[-3.44008,50.75765],[-3.44014,50.75768],[-3.44016,50.75766],[-3.44012,50.75764],[-3.44034,50.75744],[-3.44044,50.75741],[-3.4407,50.75755],[-3.44053,50.75757],[-3.44074,50.7576],[-3.44129,50.75671],[-3.44154,50.75641],[-3.44173,50.75627],[-3.4419,50.75641],[-3.44204,50.75646],[-3.44339,50.75655],[-3.44287,50.75464],[-3.44117,50.75477],[-3.44058,50.75485],[-3.44041,50.7549],[-3.44038,50.75492],[-3.44097,50.75551],[-3.44034,50.75587],[-3.43916,50.75681],[-3.4385,50.7571],[-3.43805,50.75736],[-3.43788,50.75753],[-3.43793,50.75758],[-3.43794,50.75754],[-3.43842,50.75789],[-3.43848,50.75789],[-3.43911,50.75821],[-3.43959,50.75785],[-3.43974,50.75778],[-3.43996,50.75775]]]}},
{"type":"Feature","properties":{"types":"Allotments Or Community Growing Spaces","area_m2":40562.1},"geometry":{"type":"Polygon","coordinates":[[[-3.43746,50.75736],[-3.4373,50.75754],[-3.43668,50.75904],[-3.43649,50.75901],[-3.43612,50.75993],[-3.43767,50.76024],[-3.43872,50.75937],[-3.43938,50.75949],[-3.4396,50.75919],[-3.43952,50.75916],[-3.43963,50.75902],[-3.43746,50.75736]]]}},
{"type":"Feature","properties":{"types":"Other Sports Facility; Play Space; Playing Field","area_m2":17406.8},"geometry":{"type":"Polygon","coordinates":[[[-3.44183,50.76382],[-3.44185,50.76378],[-3.44166,50.76366],[-3.44148,50.76361],[-3.44146,50.76355],[-3.44129,50.76345],[-3.4399,50.76375],[-3.44071,50.76494],[-3.44088,50.76501],[-3.44192,50.76488],[-3.44192,50.76483],[-3.44248,50.7648],[-3.44222,50.76435],[-3.44215,50.76433],[-3.44204,50.7642],[-3.44149,50.7643],[-3.44131,50.76393],[-3.44183,50.76382]]]}},
{"type":"Feature","properties":{"types":"Playing Field","area_m2":9429.3},"geometry":{"type":"Polygon","coordinates":[[[-3.45895,50.78803],[-3.45891,50.78813],[-3.45932,50.78877],[-3.45946,50.78881],[-3.46046,50.78866],[-3.46061,50.78845],[-3.46013,50.78779],[-3.45999,50.78776],[-3.45895,50.78803]]]}},
{"type":"Feature","properties":{"types":"Public Park Or Garden","area_m2":75125.2},"geometry":{"type":"Polygon","coordinates":[[[-3.46184,50.79207],[-3.46166,50.79196],[-3.46161,50.79184],[-3.46162,50.79157],[-3.46151,50.79125],[-3.46146,50.79093],[-3.46139,50.79082],[-3.46003,50.79076],[-3.45989,50.79091],[-3.45829,50.791],[-3.45753,50.79109],[-3.4572,50.79124],[-3.45711,50.79142],[-3.45686,50.79147],[-3.45701,50.79149],[-3.45688,50.79157],[-3.45687,50.79163],[-3.45744,50.7923],[-3.45759,50.79238],[-3.4579,50.79247],[-3.45805,50.79262],[-3.4582,50.79308],[-3.45813,50.79349],[-3.45844,50.79357],[-3.45918,50.79319],[-3.46152,50.79288],[-3.46155,50.79323],[-3.46164,50.79352],[-3.46173,50.79364],[-3.46182,50.79357],[-3.46178,50.79282],[-3.46204,50.79267],[-3.46209,50.79256],[-3.46184,50.79207]]]}},
{"type":"Feature","properties":{"types":"Allotments Or Community Growing Spaces","area_m2":9689.5},"geometry":{"type":"Polygon","coordinates":[[[-3.42638,50.81907],[-3.42607,50.81949],[-3.42589,50.82027],[-3.42667,50.82058],[-3.42701,50.82068],[-3.42713,50.82019],[-3.42706,50.81983],[-3.42695,50.81964],[-3.42638,50.81907]]]}},
{"type":"Feature","properties":{"types":"Play Space; Playing Field","area_m2":18634.4},"geometry":{"type":"Polygon","coordinates":[[[-3.42017,50.82437],[-3.42025,50.82438],[-3.42067,50.8241],[-3.42058,50.82404],[-3.42089,50.82376],[-3.42142,50.82403],[-3.42207,50.82293],[-3.42106,50.82245],[-3.4195,50.82375],[-3.41948,50.82391],[-3.42017,50.82437]],[[-3.41977,50.82359],[-3.41992,50.82346],[-3.42072,50.82386],[-3.42057,50.82399],[-3.41977,50.82359]]]}},
{"type":"Feature","properties":{"types":"Playing Field","area_m2":18218.3},"geometry":{"type":"Polygon","coordinates":[[[-3.41822,50.82475],[-3.41864,50.8244],[-3.41936,50.82401],[-3.41866,50.82354],[-3.41826,50.82332],[-3.41803,50.8234],[-3.41644,50.82371],[-3.41794,50.82491],[-3.41822,50.82475]]]}},
{"type":"Feature","properties":{"types":"Public Park Or Garden","area_m2":12538.4},"geometry":{"type":"Polygon","coordinates":[[[-3.43695,50.89875],[-3.43759,50.89883],[-3.44237,50.90001],[-3.44245,50.89988],[-3.43751,50.89864],[-3.43703,50.89858],[-3.43643,50.89858],[-3.43591,50.89863],[-3.43549,50.89871],[-3.43414,50.89917],[-3.43347,50.89926],[-3.4327,50.89923],[-3.43266,50.89937],[-3.43336,50.89943],[-3.43406,50.89936],[-3.43544,50.89891],[-3.43593,50.89879],[-3.43635,50.89875],[-3.43695,50.89875]]]}},
{"type":"Feature","properties":{"types":"Public Park Or Garden","area_m2":10293.0},"geometry":{"type":"Polygon","coordinates":[[[-3.42755,50.90046],[-3.42779,50.90055],[-3.42784,50.90051],[-3.42797,50.90052],[-3.42842,50.90013],[-3.42892,50.89982],[-3.42973,50.89946],[-3.43025,50.89929],[-3.43088,50.89918],[-3.43116,50.89918],[-3.43235,50.8993],[-3.43255,50.89935],[-3.43263,50.89922],[-3.43212,50.89912],[-3.43158,50.89893],[-3.43088,50.89902],[-3.43085,50.89896],[-3.42973,50.89918],[-3.42897,50.89945],[-3.42844,50.89974],[-3.42801,50.90005],[-3.42755,50.90046]]]}},
{"type":"Feature","properties":{"types":"Public Park Or Garden","area_m2":31184.8},"geometry":{"type":"Polygon","coordinates":[[[-3.45522,50.90023],[-3.45576,50.90032],[-3.45636,50.90048],[-3.45669,50.90066],[-3.45744,50.90125],[-3.45784,50.9015],[-3.45823,50.90166],[-3.45881,50.90182],[-3.45917,50.90185],[-3.45964,50.9018],[-3.45995,50.9017],[-3.46042,50.90144],[-3.46051,50.90144],[-3.46117,50.90051],[-3.46122,50.90035],[-3.46109,50.90025],[-3.4607,50.90081],[-3.46027,50.90126],[-3.45985,50.90152],[-3.45934,50.9017],[-3.45912,50.90171],[-3.45861,50.90164],[-3.45819,50.90148],[-3.4578,50.90127],[-3.4575,50.90104],[-3.45752,50.90098],[-3.45677,50.9004],[-3.45649,50.90026],[-3.45599,50.90009],[-3.45582,50.9001],[-3.45491,50.9],[-3.45487,50.90003],[-3.45318,50.90008],[-3.45261,50.90003],[-3.45141,50.89968],[-3.45081,50.89954],[-3.45002,50.89946],[-3.44997,50.89965],[-3.44992,50.89964],[-3.44995,50.89954],[-3.44985,50.89952],[-3.44855,50.89948],[-3.44782,50.89933],[-3.44676,50.89898],[-3.44622,50.89889],[-3.44526,50.89902],[-3.44332,50.89991],[-3.44298,50.89996],[-3.44253,50.89991],[-3.44247,50.90004],[-3.44289,50.90012],[-3.44325,50.9001],[-3.44384,50.89988],[-3.4445,50.89956],[-3.44547,50.89919],[-3.44576,50.89912],[-3.4464,50.89911],[-3.44817,50.89958],[-3.44868,50.89965],[-3.44982,50.89965],[-3.44995,50.8997],[-3.44997,50.89967],[-3.45017,50.89968],[-3.4511,50.89984],[-3.45237,50.90021],[-3.45271,50.90027],[-3.45351,50.9003],[-3.45472,50.90019],[-3.45522,50.90023]]]}},
{"type":"Feature","properties":{"types":"Public Park Or Garden","area_m2":34428.1},"geometry":{"type":"Polygon","coordinates":[[[-3.47505,50.90194],[-3.4752,50.90194],[-3.47523,50.90187],[-3.47635,50.90166],[-3.47638,50.90171],[-3.47657,50.90168],[-3.47661,50.90167],[-3.47658,50.90161],[-3.47707,50.90147],[-3.47678,50.90137],[-3.47671,50.90141],[-3.47671,50.90133],[-3.47604,50.90121],[-3.4755,50.90135],[-3.4756,50.90149],[-3.47529,50.90153],[-3.47459,50.90154],[-3.47411,50.90144],[-3.47357,50.90138],[-3.47317,50.90152],[-3.47275,50.90156],[-3.47237,50.90154],[-3.47204,50.90148],[-3.47206,50.90145],[-3.47122,50.90115],[-3.47125,50.90118],[-3.47112,50.90121],[-3.47104,50.90116],[-3.47107,50.90103],[-3.47076,50.90098],[-3.47074,50.90102],[-3.4699,50.90081],[-3.46968,50.90084],[-3.46977,50.90088],[-3.46945,50.901],[-3.4694,50.90096],[-3.46838,50.90122],[-3.46842,50.9013],[-3.46781,50.90139],[-3.46729,50.90139],[-3.46707,50.90137],[-3.467,50.90134],[-3.46694,50.90143],[-3.46657,50.90134],[-3.46673,50.90118],[-3.46656,50.90116],[-3.46636,50.90117],[-3.46592,50.90102],[-3.46551,50.90096],[-3.46505,50.90078],[-3.46232,50.89991],[-3.46152,50.89969],[-3.46139,50.8997],[-3.46137,50.89968],[-3.46133,50.89971],[-3.46104,50.90015],[-3.46128,50.90028],[-3.46146,50.90011],[-3.46158,50.90006],[-3.46187,50.90001],[-3.46203,50.90003],[-3.46575,50.90128],[-3.4657,50.90135],[-3.46573,50.90147],[-3.46565,50.90158],[-3.46576,50.90147],[-3.46573,50.90135],[-3.46578,50.90128],[-3.46637,50.90146],[-3.46725,50.9016],[-3.46782,50.90162],[-3.46842,50.90152],[-3.46958,50.90124],[-3.47035,50.9012],[-3.47105,50.90134],[-3.47186,50.90162],[-3.47228,50.90171],[-3.47282,50.90175],[-3.47348,50.90173],[-3.47345,50.90186],[-3.47352,50.90172],[-3.47382,50.90172],[-3.47384,50.90167],[-3.47409,50.90171],[-3.47417,50.90179],[-3.47506,50.90187],[-3.47505,50.90194]]]}},
{"type":"Feature","properties":{"types":"Public Park Or Garden","area_m2":10465.0},"geometry":{"type":"Polygon","coordinates":[[[-3.42767,50.90078],[-3.42732,50.90072],[-3.42687,50.90135],[-3.42693,50.90138],[-3.42668,50.90183],[-3.42647,50.90249],[-3.42641,50.90314],[-3.4266,50.90387],[-3.42714,50.90472],[-3.42722,50.90531],[-3.42749,50.90536],[-3.42748,50.90529],[-3.42759,50.90528],[-3.42761,50.90522],[-3.4275,50.90485],[-3.42692,50.90395],[-3.42675,50.90357],[-3.42668,50.90326],[-3.42669,50.90269],[-3.4268,50.90222],[-3.42688,50.90217],[-3.42683,50.90212],[-3.42695,50.90183],[-3.42712,50.90162],[-3.42711,50.90154],[-3.42767,50.90078]]]}},
{"type":"Feature","properties":{"types":"Other Sports Facility; Play Space; Playing Field","area_m2":5865.3},"geometry":{"type":"Polygon","coordinates":[[[-3.46518,50.90314],[-3.46648,50.90313],[-3.46642,50.90254],[-3.46638,50.9025],[-3.46594,50.90249],[-3.46528,50.90261],[-3.46516,50.90307],[-3.46518,50.90314]]]}},
{"type":"Feature","properties":{"types":"Playing Field","area_m2":6980.9},"geometry":{"type":"Polygon","coordinates":[[[-3.4179,50.90479],[-3.41771,50.9048],[-3.4176,50.90526],[-3.41898,50.90557],[-3.41916,50.90552],[-3.41929,50.90495],[-3.41888,50.90493],[-3.41847,50.90486],[-3.41846,50.90489],[-3.4179,50.90479]]]}},
{"type":"Feature","properties":{"types":"Playing Field","area_m2":14618.5},"geometry":{"type":"Polygon","coordinates":[[[-3.47537,50.90607],[-3.47504,50.9058],[-3.47499,50.90574],[-3.47505,50.90571],[-3.47487,50.90558],[-3.47481,50.90561],[-3.47448,50.90541],[-3.47421,50.90538],[-3.47397,50.90554],[-3.47344,50.90629],[-3.47348,50.90635],[-3.4734,50.90627],[-3.47327,50.90642],[-3.47346,50.90641],[-3.47322,50.90667],[-3.47389,50.90687],[-3.47428,50.90687],[-3.4745,50.90679],[-3.47475,50.90651],[-3.47537,50.90607]]]}},
{"type":"Feature","properties":{"types":"Public Park Or Garden","area_m2":9281.2},"geometry":{"type":"Polygon","coordinates":[[[-3.427,50.90667],[-3.42661,50.90736],[-3.42578,50.90856],[-3.4261,50.90865],[-3.42721,50.90706],[-3.42747,50.90642],[-3.42742,50.9064],[-3.42745,50.90599],[-3.4276,50.90608],[-3.42757,50.90552],[-3.42745,50.90542],[-3.42719,50.9054],[-3.42718,50.90613],[-3.427,50.90667]]]}},
{"type":"Feature","properties":{"types":"Other Sports Facility; Public Park Or Garden","area_m2":8226.1},"geometry":{"type":"Polygon","coordinates":[[[-3.4741,50.90725],[-3.47412,50.90727],[-3.47443,50.90715],[-3.47454,50.90704],[-3.4745,50.90699],[-3.47384,50.90699],[-3.47313,50.90681],[-3.47227,50.90767],[-3.47242,50.90787],[-3.47252,50.90788],[-3.47266,50.90765],[-3.47361,50.9076],[-3.47393,50.90733],[-3.4741,50.90725]]]}},
{"type":"Feature","properties":{"types":"Playing Field","area_m2":81626.8},"geometry":{"type":"Polygon","coordinates":[[[-3.45837,50.90852],[-3.45761,50.90866],[-3.45483,50.90941],[-3.45494,50.90978],[-3.4545,50.90995],[-3.45567,50.91089],[-3.45699,50.91168],[-3.45723,50.91159],[-3.45775,50.91117],[-3.45875,50.91075],[-3.45966,50.91028],[-3.46042,50.90968],[-3.46026,50.90951],[-3.45883,50.90873],[-3.45854,50.90863],[-3.45837,50.90852]]]}},
{"type":"Feature","properties":{"types":"Other Sports Facility","area_m2":8142.8},"geometry":{"type":"Polygon","coordinates":[[[-3.47497,50.90938],[-3.47494,50.90943],[-3.47555,50.91022],[-3.47613,50.91074],[-3.47681,50.91033],[-3.47642,50.90997],[-3.47511,50.90933],[-3.47497,50.90938]]]}},
{"type":"Feature","properties":{"types":"Public Park Or Garden","area_m2":22042.8},"geometry":{"type":"Polygon","coordinates":[[[-3.42066,50.91285],[-3.4192,50.91273],[-3.41844,50.91233],[-3.41785,50.91221],[-3.41769,50.91215],[-3.41747,50.91189],[-3.41699,50.91113],[-3.41671,50.91092],[-3.4164,50.91078],[-3.41477,50.91026],[-3.41407,50.91008],[-3.41357,50.90999],[-3.41256,50.90988],[-3.41239,50.91008],[-3.41399,50.91025],[-3.41561,50.91073],[-3.41642,50.91102],[-3.41676,50.91131],[-3.41668,50.91145],[-3.41705,50.91225],[-3.41727,50.91239],[-3.41755,50.9125],[-3.41757,50.91256],[-3.41761,50.91258],[-3.41773,50.9125],[-3.41778,50.91253],[-3.41769,50.91258],[-3.41777,50.91266],[-3.41815,50.91295],[-3.41842,50.913],[-3.41905,50.91292],[-3.41928,50.91295],[-3.41927,50.91303],[-3.42059,50.91309],[-3.42065,50.91299],[-3.42066,50.91285]]]}},
{"type":"Feature","properties":{"types":"Public Park Or Garden","area_m2":43802.3},"geometry":{"type":"Polygon","coordinates":[[[-3.42071,50.9131],[-3.42197,50.91323],[-3.4225,50.91324],[-3.42293,50.91329],[-3.42361,50.91343],[-3.42435,50.91366],[-3.42477,50.91384],[-3.42511,50.91407],[-3.42573,50.91474],[-3.42632,50.91512],[-3.42627,50.91524],[-3.42714,50.91546],[-3.42829,50.91586],[-3.4284,50.91565],[-3.42884,50.91563],[-3.42927,50.91556],[-3.43021,50.91524],[-3.43222,50.91432],[-3.43246,50.91416],[-3.43272,50.9139],[-3.43284,50.91359],[-3.43276,50.91306],[-3.43238,50.91246],[-3.43185,50.91198],[-3.43064,50.91097],[-3.43078,50.91087],[-3.42913,50.90958],[-3.4288,50.90944],[-3.42842,50.90919],[-3.42763,50.90905],[-3.42709,50.90901],[-3.42708,50.90898],[-3.42689,50.90891],[-3.42585,50.90866],[-3.42569,50.90885],[-3.42564,50.90901],[-3.42574,50.90911],[-3.42588,50.90915],[-3.4274,50.90925],[-3.42794,50.90934],[-3.42844,50.90956],[-3.42889,50.90985],[-3.43176,50.91218],[-3.43209,50.91257],[-3.43253,50.91325],[-3.43257,50.91358],[-3.43254,50.91373],[-3.43243,50.91389],[-3.43215,50.91414],[-3.4311,50.91464],[-3.42966,50.91524],[-3.4289,50.91545],[-3.42839,50.91548],[-3.42792,50.91542],[-3.42721,50.91524],[-3.42689,50.91514],[-3.42634,50.91489],[-3.42583,50.91454],[-3.42525,50.91387],[-3.42482,50.91363],[-3.42438,50.91347],[-3.42337,50.91319],[-3.42222,50.91299],[-3.42077,50.91286],[-3.42071,50.9131]]]}},
{"type":"Feature","properties":{"types":"Allotments Or Community Growing Spaces","area_m2":8321.6},"geometry":{"type":"Polygon","coordinates":[[[-3.47368,50.91241],[-3.47492,50.91247],[-3.47518,50.91149],[-3.47497,50.91147],[-3.47371,50.91189],[-3.47354,50.91175],[-3.47373,50.91218],[-3.47368,50.91241]]]}},
{"type":"Feature","properties":{"types":"Playing Field","area_m2":10397.9},"geometry":{"type":"Polygon","coordinates":[[[-3.47065,51.01797],[-3.47074,51.01913],[-3.47196,51.01887],[-3.4722,51.01856],[-3.47225,51.01832],[-3.47153,51.01804],[-3.47065,51.01797]]]}},
{"type":"Feature","properties":{"types":"Other Sports Facility; Play Space","area_m2":68485.7},"geometry":{"type":"Polygon","coordinates":[[[-3.47628,51.06686],[-3.47661,51.0667],[-3.47726,51.06615],[-3.47771,51.06591],[-3.47793,51.06567],[-3.4782,51.06552],[-3.47848,51.06543],[-3.47822,51.06548],[-3.47778,51.06572],[-3.47648,51.06575],[-3.4763,51.06561],[-3.4754,51.06581],[-3.4752,51.06614],[-3.47523,51.06621],[-3.47514,51.06627],[-3.47501,51.06649],[-3.47486,51.06662],[-3.47453,51.06673],[-3.47429,51.06676],[-3.47396,51.06686],[-3.47366,51.06634],[-3.47395,51.06687],[-3.4733,51.06711],[-3.47327,51.0667],[-3.47313,51.0664],[-3.4732,51.06639],[-3.47319,51.06637],[-3.47302,51.0664],[-3.47309,51.06641],[-3.47323,51.0667],[-3.47325,51.06713],[-3.47302,51.06732],[-3.47269,51.06775],[-3.4725,51.06782],[-3.47246,51.06856],[-3.47274,51.06845],[-3.47322,51.06843],[-3.47314,51.06855],[-3.47319,51.06857],[-3.47307,51.06869],[-3.47368,51.0689],[-3.47432,51.06921],[-3.47441,51.06929],[-3.47446,51.06924],[-3.47468,51.06934],[-3.47535,51.0691],[-3.47551,51.06879],[-3.47548,51.0687],[-3.47521,51.06866],[-3.47511,51.06845],[-3.47487,51.06828],[-3.47485,51.06817],[-3.47542,51.06798],[-3.47615,51.06808],[-3.47624,51.06768],[-3.47694,51.0674],[-3.47671,51.06736],[-3.47667,51.06726],[-3.47628,51.06721],[-3.47617,51.06713],[-3.47596,51.0671],[-3.47592,51.06703],[-3.47609,51.06689],[-3.47628,51.06686]]]}},
{"type":"Feature","properties":{"types":"Allotments Or Community Growing Spaces","area_m2":7173.0},"geometry":{"type":"Polygon","coordinates":[[[-3.42717,51.17454],[-3.42838,51.17464],[-3.42862,51.1743],[-3.42875,51.17395],[-3.42846,51.17392],[-3.42733,51.1739],[-3.42717,51.17454]]]}},
{"type":"Feature","properties":{"types":"Playing Field","area_m2":13518.6},"geometry":{"type":"Polygon","coordinates":[[[-3.41973,51.17461],[-3.41965,51.17454],[-3.41941,51.17457],[-3.41936,51.17561],[-3.4194,51.17584],[-3.41945,51.17582],[-3.42115,51.17576],[-3.42115,51.17512],[-3.42086,51.17513],[-3.42082,51.17477],[-3.42078,51.17477],[-3.42078,51.17488],[-3.4206,51.17488],[-3.42053,51.17482],[-3.41987,51.1748],[-3.41986,51.17465],[-3.41996,51.1746],[-3.41973,51.17461]]]}},
{"type":"Feature","properties":{"types":"Play Space; Playing Field","area_m2":25203.6},"geometry":{"type":"Polygon","coordinates":[[[-3.4499,51.18017],[-3.45022,51.18013],[-3.44891,51.17884],[-3.44867,51.17889],[-3.44801,51.17883],[-3.44759,51.17886],[-3.44737,51.17894],[-3.44717,51.17917],[-3.44701,51.17925],[-3.44682,51.17943],[-3.44681,51.17959],[-3.44761,51.17939],[-3.44783,51.17958],[-3.44761,51.17972],[-3.44771,51.17987],[-3.44835,51.18051],[-3.44843,51.1805],[-3.44845,51.18056],[-3.44864,51.18058],[-3.4491,51.18046],[-3.44987,51.1802],[-3.4499,51.18017]]]}},
{"type":"Feature","properties":{"types":"Allotments Or Community Growing Spaces","area_m2":13915.2},"geometry":{"type":"Polygon","coordinates":[[[-3.44875,51.1835],[-3.44874,51.18387],[-3.45003,51.18399],[-3.45017,51.18367],[-3.44985,51.18356],[-3.44986,51.18353],[-3.45,51.18323],[-3.45034,51.18279],[-3.44974,51.1826],[-3.44952,51.18247],[-3.44954,51.18244],[-3.44926,51.1823],[-3.44901,51.18255],[-3.44886,51.18293],[-3.44875,51.1835]]]}},
{"type":"Feature","properties":{"types":"Playing Field","area_m2":24584.7},"geometry":{"type":"Polygon","coordinates":[[[-3.45757,51.19359],[-3.45725,51.19415],[-3.45923,51.19459],[-3.46012,51.19319],[-3.45826,51.19276],[-3.45757,51.19359]]]}},
{"type":"Feature","properties":{"types":"Play Space; Public Park Or Garden","area_m2":10243.4},"geometry":{"type":"Polygon","coordinates":[[[-3.46997,51.19627],[-3.46953,51.19604],[-3.46916,51.19578],[-3.46908,51.19576],[-3.46869,51.19588],[-3.46818,51.19612],[-3.46834,51.19629],[-3.46883,51.19646],[-3.46811,51.19683],[-3.46903,51.19712],[-3.4692,51.19692],[-3.46949,51.19669],[-3.4694,51.19662],[-3.46949,51.19664],[-3.46997,51.19627]]]}},
{"type":"Feature","properties":{"types":"Other Sports Facility","area_m2":57258.5},"geometry":{"type":"Polygon","coordinates":[[[-3.46225,51.19825],[-3.46217,51.19822],[-3.4622,51.19815],[-3.46229,51.19813],[-3.46232,51.19806],[-3.46239,51.19808],[-3.46148,51.19768],[-3.46148,51.19762],[-3.46162,51.19749],[-3.46124,51.19714],[-3.46151,51.19693],[-3.4613,51.19683],[-3.46157,51.1965],[-3.46151,51.19648],[-3.46152,51.19653],[-3.46146,51.19656],[-3.4615,51.19653],[-3.46114,51.19637],[-3.46079,51.19669],[-3.46061,51.19662],[-3.4606,51.19658],[-3.46091,51.19628],[-3.45966,51.19603],[-3.45932,51.19663],[-3.45895,51.19706],[-3.45938,51.19761],[-3.45925,51.19767],[-3.45912,51.19767],[-3.45917,51.19773],[-3.45849,51.19815],[-3.4586,51.19825],[-3.46031,51.19912],[-3.46065,51.19926],[-3.46157,51.19943],[-3.46218,51.19824],[-3.46225,51.19825]]]}},
{"type":"Feature","properties":{"types":"Allotments Or Community Growing Spaces","area_m2":8940.1},"geometry":{"type":"Polygon","coordinates":[[[-3.46447,51.19822],[-3.46377,51.19807],[-3.46292,51.19979],[-3.46315,51.19984],[-3.46348,51.19986],[-3.4636,51.19981],[-3.46347,51.19967],[-3.46402,51.19903],[-3.46447,51.19822]]]}},
{"type":"Feature","properties":{"types":"Playing Field","area_m2":13273.3},"geometry":{"type":"Polygon","coordinates":[[[-3.46883,51.20055],[-3.47057,51.2006],[-3.47062,51.19962],[-3.46889,51.19957],[-3.46883,51.20055]]]}},
{"type":"Feature","properties":{"types":"Play Space; Playing Field","area_m2":16310.9},"geometry":{"type":"Polygon","coordinates":[[[-3.4687,51.20046],[-3.46709,51.20019],[-3.4663,51.20015],[-3.46547,51.20019],[-3.46564,51.20019],[-3.46551,51.20049],[-3.46568,51.20074],[-3.46801,51.2011],[-3.46803,51.20094],[-3.46867,51.20096],[-3.4687,51.20046]]]}},
{"type":"Feature","properties":{"types":"Play Space; Playing Field","area_m2":23369.0},"geometry":{"type":"Polygon","coordinates":[[[-3.47352,51.20485],[-3.47454,51.20464],[-3.47409,51.20473],[-3.47395,51.20444],[-3.4744,51.20435],[-3.47443,51.2044],[-3.47397,51.20343],[-3.47381,51.20322],[-3.47158,51.20364],[-3.47204,51.20459],[-3.47272,51.20446],[-3.47296,51.20495],[-3.47334,51.20488],[-3.47342,51.20484],[-3.47352,51.20485]],[[-3.47402,51.20472],[-3.47379,51.20477],[-3.47365,51.20451],[-3.47388,51.20446],[-3.47402,51.20472]]]}},
{"type":"Feature","properties":{"types":"Play Space; Public Park Or Garden","area_m2":7441.7},"geometry":{"type":"Polygon","coordinates":[[[-3.46684,51.2063],[-3.46685,51.20655],[-3.46677,51.20664],[-3.46663,51.20669],[-3.46662,51.20689],[-3.46694,51.20693],[-3.46701,51.2068],[-3.46727,51.20683],[-3.46744,51.20637],[-3.46501,51.20522],[-3.46493,51.20514],[-3.46348,51.2045],[-3.4635,51.20465],[-3.46401,51.20487],[-3.464,51.20492],[-3.46409,51.20501],[-3.46414,51.20494],[-3.46437,51.205],[-3.46437,51.20504],[-3.46465,51.20517],[-3.46463,51.20519],[-3.46485,51.20533],[-3.46505,51.20538],[-3.46525,51.20554],[-3.46536,51.20554],[-3.46551,51.20561],[-3.46556,51.20565],[-3.46548,51.20571],[-3.46561,51.20567],[-3.46621,51.2059],[-3.46638,51.20603],[-3.46626,51.20619],[-3.46629,51.20621],[-3.46644,51.20613],[-3.46659,51.20625],[-3.46668,51.2062],[-3.46684,51.2063]]]}},
{"type":"Feature","properties":{"types":"Public Park Or Garden","area_m2":23560.8},"geometry":{"type":"Polygon","coordinates":[[[-3.4761,51.20706],[-3.47604,51.20694],[-3.47612,51.20693],[-3.47599,51.20664],[-3.47491,51.20684],[-3.47488,51.20691],[-3.47406,51.20731],[-3.47393,51.20741],[-3.47386,51.20772],[-3.4738,51.20778],[-3.47332,51.20795],[-3.47338,51.20808],[-3.47411,51.20889],[-3.47437,51.20891],[-3.4761,51.20706]]]}},
{"type":"Feature","properties":{"types":"Playing Field","area_m2":29240.4},"geometry":{"type":"Polygon","coordinates":[[[-3.3958,50.61368],[-3.39555,50.61367],[-3.39513,50.61382],[-3.39495,50.61382],[-3.3952,50.61416],[-3.39428,50.61444],[-3.39475,50.61503],[-3.3954,50.61482],[-3.39571,50.61482],[-3.39836,50.61395],[-3.39803,50.61352],[-3.39855,50.61342],[-3.39844,50.61325],[-3.39798,50.61338],[-3.39774,50.61305],[-3.3976,50.61306],[-3.39705,50.61332],[-3.39649,50.61352],[-3.39641,50.6136],[-3.3958,50.61368]]]}},
{"type":"Feature","properties":{"types":"Other Sports Facility","area_m2":11031.2},"geometry":{"type":"Polygon","coordinates":[[[-3.39846,50.61908],[-3.39788,50.61906],[-3.39779,50.61899],[-3.3977,50.6187],[-3.39703,50.6187],[-3.39701,50.61873],[-3.39681,50.61873],[-3.39707,50.61874],[-3.39707,50.61907],[-3.39763,50.61909],[-3.39763,50.6194],[-3.39668,50.6194],[-3.39669,50.61907],[-3.39665,50.61907],[-3.39665,50.61919],[-3.39654,50.61947],[-3.39679,50.61961],[-3.39698,50.61964],[-3.39755,50.6202],[-3.39807,50.62024],[-3.39831,50.62019],[-3.39812,50.6199],[-3.39803,50.6199],[-3.39796,50.6195],[-3.39799,50.61947],[-3.39844,50.61947],[-3.39846,50.61908]]]}},
{"type":"Feature","properties":{"types":"Allotments Or Community Growing Spaces","area_m2":71323.3},"geometry":{"type":"Polygon","coordinates":[[[-3.39868,50.62153],[-3.39861,50.62148],[-3.39831,50.62162],[-3.39812,50.62146],[-3.39822,50.62135],[-3.39771,50.62091],[-3.39503,50.6223],[-3.39522,50.62244],[-3.39484,50.62274],[-3.39405,50.62319],[-3.39543,50.62422],[-3.39642,50.62381],[-3.39691,50.62357],[-3.39689,50.62354],[-3.39746,50.6233],[-3.39749,50.62324],[-3.39758,50.62324],[-3.39799,50.62302],[-3.39801,50.62297],[-3.39876,50.62277],[-3.39989,50.62259],[-3.39965,50.6224],[-3.39968,50.6223],[-3.39998,50.62221],[-3.39971,50.62198],[-3.39887,50.62144],[-3.39868,50.62153]]]}},
{"type":"Feature","properties":{"types":"Other Sports Facility; Play Space; Playing Field","area_m2":9339.0},"geometry":{"type":"Polygon","coordinates":[[[-3.38502,50.62567],[-3.38487,50.6255],[-3.38448,50.62531],[-3.38397,50.62522],[-3.38389,50.62525],[-3.38364,50.62562],[-3.38358,50.62605],[-3.38388,50.62617],[-3.38415,50.62621],[-3.38498,50.62623],[-3.38507,50.62616],[-3.38511,50.62593],[-3.38502,50.62567]]]}},
{"type":"Feature","properties":{"types":"Public Park Or Garden","area_m2":26915.5},"geometry":{"type":"Polygon","coordinates":[[[-3.33168,50.62781],[-3.33187,50.62745],[-3.33232,50.62736],[-3.33232,50.62724],[-3.33267,50.62634],[-3.33228,50.62648],[-3.33181,50.62654],[-3.33061,50.62681],[-3.33053,50.6269],[-3.33009,50.62706],[-3.32989,50.62705],[-3.32928,50.62719],[-3.32901,50.62786],[-3.32931,50.62722],[-3.32984,50.62714],[-3.32947,50.62802],[-3.3302,50.62815],[-3.3309,50.62816],[-3.33089,50.62823],[-3.33093,50.62823],[-3.33095,50.62817],[-3.33156,50.6282],[-3.33168,50.62781]]]}},
{"type":"Feature","properties":{"types":"Other Sports Facility; Play Space; Playing Field","area_m2":7681.2},"geometry":{"type":"Polygon","coordinates":[[[-3.38723,50.62968],[-3.38727,50.62972],[-3.3872,50.62975],[-3.38724,50.62979],[-3.38716,50.62983],[-3.38708,50.62978],[-3.3871,50.62982],[-3.38694,50.62986],[-3.38756,50.63047],[-3.38759,50.63039],[-3.38766,50.63036],[-3.38789,50.6306],[-3.38871,50.63043],[-3.38775,50.62949],[-3.38723,50.62968]]]}},
{"type":"Feature","properties":{"types":"Play Space; Public Park Or Garden","area_m2":38566.6},"geometry":{"type":"Polygon","coordinates":[[[-3.32906,50.63063],[-3.32906,50.6305],[-3.32883,50.63053],[-3.3288,50.63036],[-3.32864,50.63038],[-3.32869,50.63055],[-3.32846,50.63059],[-3.32868,50.63109],[-3.32857,50.63119],[-3.32858,50.6314],[-3.32875,50.63213],[-3.32877,50.63271],[-3.32888,50.63289],[-3.32928,50.63319],[-3.32928,50.63335],[-3.32947,50.63343],[-3.33017,50.63406],[-3.33028,50.63387],[-3.33043,50.63333],[-3.33059,50.63325],[-3.33054,50.63323],[-3.33081,50.633],[-3.33057,50.63283],[-3.33077,50.6318],[-3.33052,50.63162],[-3.33052,50.63157],[-3.33043,50.63177],[-3.33037,50.63177],[-3.33048,50.63104],[-3.32998,50.63095],[-3.32996,50.63105],[-3.32923,50.63116],[-3.32911,50.63115],[-3.32906,50.63113],[-3.329,50.63091],[-3.32905,50.63084],[-3.32985,50.63072],[-3.32985,50.63062],[-3.3291,50.63063],[-3.3291,50.63069],[-3.32893,50.63068],[-3.3289,50.63062],[-3.32906,50.63063]]]}},
{"type":"Feature","properties":{"types":"Public Park Or Garden","area_m2":11557.6},"geometry":{"type":"Polygon","coordinates":[[[-3.33679,50.63164],[-3.33662,50.63168],[-3.33685,50.63171],[-3.3372,50.63144],[-3.33714,50.63136],[-3.33649,50.63128],[-3.33671,50.63095],[-3.33729,50.63075],[-3.33761,50.63055],[-3.33849,50.63049],[-3.33888,50.63042],[-3.33958,50.63062],[-3.33965,50.63048],[-3.33928,50.63018],[-3.33897,50.63006],[-3.33867,50.63005],[-3.33696,50.63021],[-3.33688,50.63027],[-3.33657,50.63106],[-3.33633,50.63147],[-3.33623,50.63147],[-3.33615,50.63154],[-3.33671,50.63143],[-3.33677,50.63148],[-3.33662,50.63151],[-3.33665,50.63163],[-3.33664,50.63153],[-3.33676,50.63151],[-3.33679,50.63164]]]}},
{"type":"Feature","properties":{"types":"Other Sports Facility","area_m2":20087.9},"geometry":{"type":"Polygon","coordinates":[[[-3.3254,50.63293],[-3.326,50.63296],[-3.32599,50.63273],[-3.32594,50.63266],[-3.32598,50.63261],[-3.32584,50.63206],[-3.32586,50.63197],[-3.32598,50.63184],[-3.32576,50.63171],[-3.32601,50.63149],[-3.32441,50.63109],[-3.32419,50.63167],[-3.32358,50.63155],[-3.32372,50.63159],[-3.32362,50.63191],[-3.32455,50.6321],[-3.32427,50.63281],[-3.3254,50.63293]],[[-3.32501,50.63144],[-3.32482,50.6318],[-3.32427,50.63168],[-3.32445,50.63131],[-3.32501,50.63144]]]}},
{"type":"Feature","properties":{"types":"Playing Field","area_m2":29693.8},"geometry":{"type":"Polygon","coordinates":[[[-3.38981,50.63111],[-3.38964,50.63113],[-3.38969,50.63125],[-3.38946,50.63125],[-3.38852,50.63146],[-3.38727,50.63199],[-3.38724,50.63197],[-3.38707,50.63208],[-3.38733,50.63225],[-3.38769,50.63268],[-3.38902,50.63218],[-3.38957,50.63287],[-3.39026,50.63273],[-3.39068,50.63252],[-3.39083,50.6323],[-3.39108,50.63168],[-3.39063,50.63165],[-3.39033,50.63157],[-3.39013,50.63144],[-3.38981,50.63111]]]}},
{"type":"Feature","properties":{"types":"Allotments Or Community Growing Spaces","area_m2":24797.4},"geometry":{"type":"Polygon","coordinates":[[[-3.39746,50.63173],[-3.39655,50.63233],[-3.39676,50.63248],[-3.39845,50.63344],[-3.39919,50.6337],[-3.40002,50.63284],[-3.39999,50.6328],[-3.39975,50.63274],[-3.39746,50.63173]]]}},
{"type":"Feature","properties":{"types":"Play Space; Playing Field","area_m2":22963.5},"geometry":{"type":"Polygon","coordinates":[[[-3.39479,50.63446],[-3.39492,50.63555],[-3.3957,50.6355],[-3.39731,50.63553],[-3.39727,50.63551],[-3.39733,50.63543],[-3.39721,50.63506],[-3.39757,50.63467],[-3.39708,50.63424],[-3.39479,50.63446]]]}},
{"type":"Feature","properties":{"types":"Allotments Or Community Growing Spaces","area_m2":10086.9},"geometry":{"type":"Polygon","coordinates":[[[-3.32619,50.63551],[-3.32584,50.63617],[-3.32576,50.6365],[-3.32599,50.63657],[-3.32618,50.63671],[-3.32627,50.63692],[-3.32693,50.637],[-3.32706,50.63668],[-3.32732,50.63628],[-3.32661,50.63609],[-3.32675,50.63574],[-3.32619,50.63551]]]}},
{"type":"Feature","properties":{"types":"Play Space; Playing Field","area_m2":22711.6},"geometry":{"type":"Polygon","coordinates":[[[-3.33209,50.63731],[-3.33108,50.63675],[-3.33025,50.63654],[-3.33007,50.63693],[-3.33,50.63692],[-3.32958,50.63792],[-3.33035,50.63809],[-3.33184,50.63829],[-3.33209,50.63731]]]}},
{"type":"Feature","properties":{"types":"Public Park Or Garden","area_m2":10853.2},"geometry":{"type":"Polygon","coordinates":[[[-3.39967,50.63783],[-3.39976,50.63791],[-3.40022,50.63795],[-3.40048,50.63793],[-3.40025,50.63791],[-3.40019,50.63778],[-3.40014,50.63778],[-3.40016,50.63711],[-3.40041,50.63711],[-3.40043,50.6369],[-3.40103,50.63637],[-3.40035,50.63602],[-3.3995,50.63651],[-3.39926,50.63657],[-3.39915,50.6367],[-3.39918,50.63674],[-3.39924,50.63669],[-3.39935,50.6367],[-3.39945,50.63685],[-3.39951,50.63687],[-3.39954,50.63685],[-3.39962,50.63714],[-3.3998,50.63717],[-3.39989,50.63731],[-3.39982,50.63747],[-3.39991,50.63773],[-3.39987,50.63778],[-3.39975,50.63775],[-3.39967,50.63783]]]}},
{"type":"Feature","properties":{"types":"Other Sports Facility","area_m2":48143.4},"geometry":{"type":"Polygon","coordinates":[[[-3.36482,50.64431],[-3.36433,50.64405],[-3.36374,50.64436],[-3.36365,50.64445],[-3.36514,50.6459],[-3.36424,50.64622],[-3.3652,50.64764],[-3.36684,50.64703],[-3.36767,50.64667],[-3.36719,50.64631],[-3.3671,50.64633],[-3.36706,50.6463],[-3.36699,50.64621],[-3.36706,50.64618],[-3.36634,50.6455],[-3.36482,50.64431]]]}},
{"type":"Feature","properties":{"types":"Playing Field","area_m2":40701.8},"geometry":{"type":"Polygon","coordinates":[[[-3.39667,50.67279],[-3.39606,50.67289],[-3.39594,50.67296],[-3.39589,50.67307],[-3.39459,50.6728],[-3.39459,50.67328],[-3.39435,50.67382],[-3.39447,50.67411],[-3.39504,50.67486],[-3.39586,50.67491],[-3.39742,50.67475],[-3.39802,50.6746],[-3.39693,50.67359],[-3.39667,50.67279]]]}},
{"type":"Feature","properties":{"types":"Play Space; Playing Field","area_m2":13322.9},"geometry":{"type":"Polygon","coordinates":[[[-3.39874,50.67591],[-3.39877,50.67585],[-3.39802,50.67586],[-3.39808,50.67554],[-3.39581,50.67577],[-3.39566,50.67648],[-3.39599,50.67659],[-3.39637,50.67659],[-3.39697,50.67642],[-3.39784,50.67635],[-3.39801,50.67591],[-3.39874,50.67591]],[[-3.39586,50.67614],[-3.39594,50.67583],[-3.39617,50.67584],[-3.3961,50.67616],[-3.39586,50.67614]],[[-3.39585,50.67618],[-3.39609,50.6762],[-3.39602,50.6765],[-3.39578,50.67647],[-3.39585,50.67618]]]}},
{"type":"Feature","properties":{"types":"Allotments Or Community Growing Spaces; Play Space; Playing Field","area_m2":24231.6},"geometry":{"type":"Polygon","coordinates":[[[-3.3908,50.74545],[-3.39081,50.74531],[-3.39109,50.74533],[-3.39107,50.74488],[-3.39102,50.74483],[-3.39105,50.74478],[-3.39073,50.74368],[-3.38827,50.74386],[-3.38869,50.74488],[-3.38968,50.74487],[-3.39025,50.74482],[-3.39026,50.74508],[-3.39005,50.74532],[-3.39015,50.74536],[-3.39031,50.7452],[-3.3908,50.74545]]]}},
{"type":"Feature","properties":{"types":"Other Sports Facility; Playing Field","area_m2":38658.4},"geometry":{"type":"Polygon","coordinates":[[[-3.37904,50.75193],[-3.3791,50.75203],[-3.37883,50.75205],[-3.37859,50.75217],[-3.37887,50.75285],[-3.37936,50.75377],[-3.3797,50.75377],[-3.38203,50.75344],[-3.38193,50.75329],[-3.38173,50.75268],[-3.38135,50.75228],[-3.3812,50.75174],[-3.38108,50.75171],[-3.37967,50.75187],[-3.37963,50.75197],[-3.37943,50.752],[-3.37934,50.7519],[-3.37904,50.75193]]]}},
{"type":"Feature","properties":{"types":"Play Space; Public Park Or Garden","area_m2":78105.8},"geometry":{"type":"Polygon","coordinates":[[[-3.40415,50.75246],[-3.40377,50.75261],[-3.4034,50.75271],[-3.40238,50.75283],[-3.40121,50.7532],[-3.40117,50.75325],[-3.40125,50.75329],[-3.40133,50.7534],[-3.40131,50.75349],[-3.40084,50.75392],[-3.40064,50.75418],[-3.40012,50.75447],[-3.40058,50.75491],[-3.40127,50.75454],[-3.40158,50.75442],[-3.40179,50.75444],[-3.40169,50.75428],[-3.40176,50.75426],[-3.40194,50.75428],[-3.40198,50.75421],[-3.4019,50.75409],[-3.40174,50.75403],[-3.40173,50.75391],[-3.4019,50.75388],[-3.40204,50.75367],[-3.4023,50.7536],[-3.40241,50.75351],[-3.4025,50.7535],[-3.40258,50.75362],[-3.40271,50.75339],[-3.40298,50.75353],[-3.40304,50.7536],[-3.40339,50.75357],[-3.4034,50.75353],[-3.4032,50.75341],[-3.40326,50.75324],[-3.40335,50.75321],[-3.40352,50.75329],[-3.40362,50.75314],[-3.40379,50.75309],[-3.40389,50.75311],[-3.40388,50.7532],[-3.40399,50.75321],[-3.40404,50.75299],[-3.40431,50.75285],[-3.40437,50.75285],[-3.40441,50.75294],[-3.40427,50.75312],[-3.40444,50.75316],[-3.40445,50.75323],[-3.40463,50.75322],[-3.40463,50.75331],[-3.4049,50.7533],[-3.405,50.75334],[-3.40519,50.75328],[-3.40526,50.75321],[-3.40523,50.75317],[-3.40499,50.75309],[-3.40499,50.75302],[-3.4051,50.75296],[-3.40506,50.75283],[-3.40536,50.75269],[-3.40559,50.75279],[-3.4057,50.75268],[-3.40586,50.75265],[-3.40601,50.75271],[-3.40599,50.75281],[-3.4061,50.75285],[-3.40616,50.75277],[-3.40632,50.75275],[-3.40635,50.75286],[-3.40629,50.7529],[-3.40629,50.75295],[-3.40672,50.75296],[-3.40684,50.75291],[-3.40687,50.75259],[-3.40708,50.75257],[-3.40731,50.75266],[-3.4074,50.75278],[-3.40751,50.75279],[-3.40756,50.75292],[-3.4079,50.75285],[-3.40801,50.75296],[-3.40837,50.75303],[-3.40858,50.75276],[-3.40868,50.75291],[-3.40883,50.75291],[-3.40893,50.75283],[-3.40887,50.75266],[-3.40906,50.75264],[-3.40952,50.75246],[-3.40969,50.75225],[-3.40988,50.75212],[-3.40998,50.75175],[-3.40994,50.75161],[-3.4101,50.75142],[-3.41005,50.75124],[-3.40982,50.75109],[-3.40975,50.75093],[-3.40957,50.75094],[-3.40963,50.75084],[-3.40957,50.75079],[-3.4091,50.75062],[-3.40899,50.75049],[-3.40877,50.75045],[-3.40853,50.75026],[-3.40838,50.75026],[-3.40829,50.75022],[-3.40793,50.75052],[-3.40746,50.75069],[-3.40744,50.75103],[-3.4078,50.75142],[-3.40786,50.75165],[-3.40764,50.75183],[-3.40728,50.75194],[-3.40711,50.75206],[-3.40693,50.75207],[-3.40684,50.75224],[-3.40646,50.75234],[-3.4062,50.75229],[-3.40617,50.75244],[-3.40581,50.75254],[-3.40573,50.75254],[-3.40552,50.7524],[-3.40545,50.75241],[-3.40542,50.75248],[-3.40499,50.75259],[-3.40481,50.75255],[-3.40446,50.75267],[-3.40429,50.75226],[-3.40445,50.75217],[-3.40433,50.75212],[-3.40405,50.75242],[-3.40415,50.75246]]]}},
{"type":"Feature","properties":{"types":"Allotments Or Community Growing Spaces; Public Park Or Garden","area_m2":6793.8},"geometry":{"type":"Polygon","coordinates":[[[-3.39184,50.75597],[-3.39242,50.75681],[-3.39351,50.75647],[-3.39318,50.75599],[-3.39309,50.75601],[-3.39306,50.75597],[-3.39184,50.75597]]]}},
{"type":"Feature","properties":{"types":"Play Space; Playing Field","area_m2":9211.5},"geometry":{"type":"Polygon","coordinates":[[[-3.35673,50.77041],[-3.35692,50.77035],[-3.35693,50.77024],[-3.357,50.77019],[-3.35746,50.77014],[-3.35772,50.77006],[-3.35795,50.76991],[-3.359,50.7696],[-3.35875,50.76932],[-3.35888,50.76925],[-3.35892,50.76908],[-3.35794,50.76902],[-3.35742,50.7693],[-3.35748,50.76933],[-3.35753,50.76932],[-3.35803,50.76984],[-3.35767,50.76995],[-3.3575,50.76995],[-3.35716,50.7701],[-3.35698,50.77013],[-3.35656,50.77012],[-3.35655,50.77001],[-3.35635,50.77003],[-3.3562,50.77],[-3.3562,50.77004],[-3.35605,50.77004],[-3.35615,50.77009],[-3.35637,50.77039],[-3.35664,50.77038],[-3.35673,50.77041]]]}},
{"type":"Feature","properties":{"types":"Play Space; Playing Field","area_m2":49575.2},"geometry":{"type":"Polygon","coordinates":[[[-3.36051,50.77018],[-3.36008,50.77034],[-3.35922,50.76951],[-3.35923,50.76954],[-3.35892,50.76965],[-3.35803,50.7699],[-3.35766,50.7701],[-3.35735,50.77018],[-3.35703,50.77021],[-3.35748,50.77064],[-3.35887,50.77161],[-3.35929,50.77144],[-3.3599,50.77194],[-3.36058,50.77178],[-3.36123,50.77171],[-3.36174,50.7716],[-3.36198,50.77142],[-3.36142,50.77071],[-3.36083,50.77012],[-3.36051,50.77018]]]}},
{"type":"Feature","properties":{"types":"Playing Field","area_m2":20088.7},"geometry":{"type":"Polygon","coordinates":[[[-3.36913,50.80102],[-3.36901,50.80099],[-3.36884,50.80076],[-3.36715,50.80105],[-3.36749,50.80186],[-3.36682,50.80201],[-3.36703,50.80254],[-3.36789,50.80254],[-3.36834,50.80243],[-3.3682,50.80187],[-3.36906,50.80178],[-3.36899,50.80159],[-3.3692,50.80155],[-3.36913,50.80102]]]}},
{"type":"Feature","properties":{"types":"Play Space; Playing Field","area_m2":12604.3},"geometry":{"type":"Polygon","coordinates":[[[-3.34213,50.81849],[-3.3412,50.81859],[-3.3419,50.81987],[-3.34268,50.81952],[-3.34301,50.8192],[-3.34276,50.81879],[-3.34254,50.81827],[-3.34213,50.81849]]]}},
{"type":"Feature","properties":{"types":"Other Sports Facility","area_m2":33693.8},"geometry":{"type":"Polygon","coordinates":[[[-3.39566,50.82748],[-3.39739,50.82688],[-3.39743,50.82613],[-3.39686,50.82584],[-3.39627,50.82619],[-3.39605,50.82658],[-3.39504,50.82643],[-3.39466,50.82662],[-3.39456,50.82675],[-3.39445,50.82676],[-3.39419,50.8269],[-3.39386,50.82685],[-3.39362,50.82748],[-3.39472,50.8277],[-3.39523,50.82789],[-3.3958,50.82817],[-3.39624,50.82831],[-3.39658,50.82782],[-3.39572,50.82753],[-3.39566,50.82748]]]}},
{"type":"Feature","properties":{"types":"Other Sports Facility","area_m2":24832.6},"geometry":{"type":"Polygon","coordinates":[[[-3.39104,50.84997],[-3.39089,50.84956],[-3.38844,50.85009],[-3.3885,50.85063],[-3.38883,50.85128],[-3.3914,50.85066],[-3.39104,50.84997]]]}},
{"type":"Feature","properties":{"types":"Other Sports Facility","area_m2":26945.0},"geometry":{"type":"Polygon","coordinates":[[[-3.39164,50.85322],[-3.39167,50.85326],[-3.3922,50.85294],[-3.39264,50.85285],[-3.39312,50.85283],[-3.39279,50.8527],[-3.39282,50.85265],[-3.39228,50.85228],[-3.39149,50.85183],[-3.39138,50.85172],[-3.39144,50.85149],[-3.3917,50.85134],[-3.3919,50.85128],[-3.39181,50.85128],[-3.39177,50.85104],[-3.39159,50.85083],[-3.3916,50.85087],[-3.39106,50.85115],[-3.3911,50.85119],[-3.39088,50.85124],[-3.39088,50.85127],[-3.39009,50.8516],[-3.39041,50.85194],[-3.38996,50.85209],[-3.3906,50.85288],[-3.39068,50.85286],[-3.39079,50.85302],[-3.39085,50.85301],[-3.39097,50.85309],[-3.39118,50.85334],[-3.39164,50.85322]]]}},
{"type":"Feature","properties":{"types":"Play Space; Playing Field","area_m2":167521.7},"geometry":{"type":"Polygon","coordinates":[[[-3.38694,50.85159],[-3.38686,50.85161],[-3.38669,50.85153],[-3.38668,50.85149],[-3.38616,50.8515],[-3.38581,50.85271],[-3.38561,50.85357],[-3.38614,50.85357],[-3.38615,50.85392],[-3.38592,50.85396],[-3.38584,50.85402],[-3.38551,50.85407],[-3.38538,50.85508],[-3.38567,50.85512],[-3.3857,50.85526],[-3.3856,50.85527],[-3.38559,50.85533],[-3.38554,50.85531],[-3.38557,50.85527],[-3.38537,50.85527],[-3.38534,50.85632],[-3.38541,50.85779],[-3.38623,50.85777],[-3.38634,50.85826],[-3.38636,50.85885],[-3.38649,50.85895],[-3.38788,50.85892],[-3.38795,50.85897],[-3.38795,50.85903],[-3.38722,50.85966],[-3.38761,50.86061],[-3.38742,50.86064],[-3.38765,50.86061],[-3.38796,50.86054],[-3.38823,50.86045],[-3.38815,50.86038],[-3.38776,50.86021],[-3.38772,50.86006],[-3.38781,50.85998],[-3.38813,50.85889],[-3.38793,50.858],[-3.38795,50.85768],[-3.38841,50.85764],[-3.38962,50.85731],[-3.38968,50.85682],[-3.38946,50.85671],[-3.38937,50.85653],[-3.38921,50.85655],[-3.38902,50.85644],[-3.3888,50.85614],[-3.38884,50.85589],[-3.38903,50.8556],[-3.38916,50.85498],[-3.38929,50.85501],[-3.38935,50.85484],[-3.38898,50.85471],[-3.38872,50.85469],[-3.38878,50.85489],[-3.38872,50.8549],[-3.38865,50.85471],[-3.38839,50.85435],[-3.38835,50.85419],[-3.38855,50.85387],[-3.38854,50.85363],[-3.38869,50.85345],[-3.38859,50.85328],[-3.38857,50.85308],[-3.38846,50.85303],[-3.38844,50.85283],[-3.38822,50.85279],[-3.38804,50.85271],[-3.3877,50.85287],[-3.38764,50.85284],[-3.38758,50.8525],[-3.38761,50.85222],[-3.38757,50.85191],[-3.38702,50.85168],[-3.38705,50.85166],[-3.38694,50.85159]]]}},
{"type":"Feature","properties":{"types":"Playing Field","area_m2":15742.4},"geometry":{"type":"Polygon","coordinates":[[[-3.38815,50.85236],[-3.38803,50.85256],[-3.38809,50.85262],[-3.38847,50.85274],[-3.38866,50.85303],[-3.38867,50.85325],[-3.38879,50.85349],[-3.38861,50.85368],[-3.38867,50.85388],[-3.38844,50.85419],[-3.38863,50.85456],[-3.3887,50.8546],[-3.38888,50.85459],[-3.38918,50.85398],[-3.3893,50.85346],[-3.38951,50.85347],[-3.38927,50.85278],[-3.389,50.85258],[-3.38944,50.85199],[-3.38913,50.85191],[-3.3891,50.85207],[-3.38894,50.85206],[-3.38892,50.85214],[-3.38869,50.8521],[-3.38869,50.85186],[-3.38818,50.85178],[-3.38804,50.85192],[-3.38815,50.85236]],[[-3.38871,50.85441],[-3.38863,50.85444],[-3.3886,50.85436],[-3.38864,50.85434],[-3.38871,50.85441]]]}},
{"type":"Feature","properties":{"types":"Play Space; Playing Field","area_m2":40779.1},"geometry":{"type":"Polygon","coordinates":[[[-3.40797,50.8547],[-3.40763,50.85342],[-3.40729,50.85283],[-3.40673,50.85295],[-3.40616,50.85294],[-3.40502,50.85279],[-3.40445,50.8528],[-3.40441,50.85277],[-3.40465,50.85349],[-3.4044,50.85352],[-3.40448,50.85374],[-3.40473,50.85371],[-3.40496,50.85441],[-3.40492,50.85446],[-3.40525,50.85446],[-3.40655,50.85467],[-3.40714,50.85471],[-3.40778,50.85466],[-3.40779,50.85471],[-3.40797,50.8547]]]}},
{"type":"Feature","properties":{"types":"Playing Field","area_m2":6220.3},"geometry":{"type":"Polygon","coordinates":[[[-3.4045,50.85543],[-3.40434,50.85495],[-3.40427,50.85453],[-3.40341,50.8546],[-3.40359,50.85549],[-3.4045,50.85543]]]}},
{"type":"Feature","properties":{"types":"Allotments Or Community Growing Spaces; Play Space; Playing Field","area_m2":15739.6},"geometry":{"type":"Polygon","coordinates":[[[-3.39608,50.85842],[-3.39817,50.85822],[-3.39787,50.85745],[-3.39673,50.8573],[-3.39602,50.85731],[-3.39604,50.8575],[-3.39597,50.85755],[-3.39578,50.85759],[-3.39608,50.85842]]]}},
{"type":"Feature","properties":{"types":"Playing Field","area_m2":14403.6},"geometry":{"type":"Polygon","coordinates":[[[-3.3318,50.8598],[-3.33083,50.86019],[-3.33105,50.86084],[-3.33326,50.86011],[-3.33351,50.85993],[-3.33312,50.85994],[-3.33253,50.8593],[-3.33166,50.85964],[-3.3318,50.8598]]]}},
{"type":"Feature","properties":{"types":"Public Park Or Garden","area_m2":9138.1},"geometry":{"type":"Polygon","coordinates":[[[-3.39019,50.86198],[-3.39018,50.86218],[-3.39056,50.86211],[-3.39081,50.86212],[-3.39107,50.86225],[-3.39124,50.86243],[-3.39116,50.86245],[-3.39138,50.86251],[-3.39133,50.86263],[-3.39209,50.86266],[-3.39256,50.86275],[-3.393,50.8629],[-3.3931,50.86267],[-3.39304,50.86236],[-3.39256,50.86233],[-3.39223,50.86224],[-3.39211,50.86218],[-3.39206,50.86228],[-3.39197,50.86225],[-3.39186,50.8623],[-3.39176,50.86227],[-3.39178,50.86224],[-3.39152,50.86221],[-3.39156,50.86215],[-3.39097,50.86198],[-3.39097,50.86192],[-3.39089,50.86192],[-3.39072,50.86162],[-3.39044,50.86172],[-3.39027,50.86183],[-3.39019,50.86198]],[[-3.39167,50.86245],[-3.39154,50.86249],[-3.39141,50.86242],[-3.39162,50.86242],[-3.39167,50.86245]]]}},
{"type":"Feature","properties":{"types":"Playing Field","area_m2":12350.5},"geometry":{"type":"Polygon","coordinates":[[[-3.33976,50.8634],[-3.34161,50.86306],[-3.34128,50.86237],[-3.33899,50.86277],[-3.33976,50.8634]]]}},
{"type":"Feature","properties":{"types":"Other Sports Facility; Play Space; Public Park Or Garden","area_m2":12972.9},"geometry":{"type":"Polygon","coordinates":[[[-3.38805,50.86379],[-3.38775,50.86407],[-3.38778,50.86464],[-3.38817,50.86583],[-3.38825,50.86624],[-3.38834,50.86632],[-3.38872,50.8665],[-3.38921,50.86645],[-3.38819,50.86462],[-3.38863,50.86379],[-3.38805,50.86379]]]}},
{"type":"Feature","properties":{"types":"Other Sports Facility; Play Space; Playing Field","area_m2":14664.2},"geometry":{"type":"Polygon","coordinates":[[[-3.37146,50.89015],[-3.37264,50.89075],[-3.37385,50.88979],[-3.37379,50.88976],[-3.37384,50.88971],[-3.37341,50.88943],[-3.37305,50.88967],[-3.37228,50.88925],[-3.37146,50.89015]]]}},
{"type":"Feature","properties":{"types":"Allotments Or Community Growing Spaces; Play Space; Playing Field","area_m2":19396.6},"geometry":{"type":"Polygon","coordinates":[[[-3.36882,50.89134],[-3.36814,50.89086],[-3.36846,50.89058],[-3.36826,50.89053],[-3.36845,50.89032],[-3.36852,50.89031],[-3.36846,50.8903],[-3.36832,50.88991],[-3.36838,50.88973],[-3.36812,50.8896],[-3.36781,50.88994],[-3.36763,50.88998],[-3.36737,50.88984],[-3.36701,50.88947],[-3.36695,50.88951],[-3.36696,50.88958],[-3.36689,50.88961],[-3.36723,50.89001],[-3.36752,50.89022],[-3.36739,50.89034],[-3.36736,50.89045],[-3.3675,50.89051],[-3.36773,50.89071],[-3.36792,50.89079],[-3.36784,50.89083],[-3.36805,50.89091],[-3.36702,50.89146],[-3.36819,50.89247],[-3.36823,50.89247],[-3.36882,50.89134]]]}},
{"type":"Feature","properties":{"types":"Play Space; Public Park Or Garden","area_m2":7103.7},"geometry":{"type":"Polygon","coordinates":[[[-3.33865,50.90048],[-3.33843,50.90054],[-3.33839,50.9005],[-3.33864,50.90042],[-3.3387,50.90019],[-3.3361,50.90105],[-3.33635,50.9012],[-3.33652,50.90137],[-3.33657,50.90137],[-3.33665,50.90115],[-3.33804,50.9007],[-3.3383,50.90101],[-3.33864,50.90102],[-3.3387,50.901],[-3.33857,50.90066],[-3.33865,50.90048]]]}},
{"type":"Feature","properties":{"types":"Playing Field","area_m2":18033.9},"geometry":{"type":"Polygon","coordinates":[[[-3.33442,50.91052],[-3.33476,50.90925],[-3.33489,50.9092],[-3.33427,50.90913],[-3.33359,50.90911],[-3.33269,50.9092],[-3.33307,50.91043],[-3.33398,50.91046],[-3.33442,50.91052]]]}},
{"type":"Feature","properties":{"types":"Public Park Or Garden","area_m2":16023.4},"geometry":{"type":"Polygon","coordinates":[[[-3.40085,50.90909],[-3.40089,50.90905],[-3.40097,50.90907],[-3.4017,50.9093],[-3.40236,50.9094],[-3.40286,50.90938],[-3.40297,50.90949],[-3.40356,50.9096],[-3.40437,50.90947],[-3.40629,50.90905],[-3.40727,50.90917],[-3.40731,50.90917],[-3.40733,50.90911],[-3.40732,50.90905],[-3.4072,50.90899],[-3.4066,50.90887],[-3.40576,50.90883],[-3.40297,50.90923],[-3.40287,50.90911],[-3.40243,50.9092],[-3.40189,50.90914],[-3.4013,50.90896],[-3.40107,50.90886],[-3.40099,50.90888],[-3.40067,50.9088],[-3.40037,50.90868],[-3.40028,50.90867],[-3.40024,50.9088],[-3.40059,50.90896],[-3.40056,50.909],[-3.40085,50.90909]]]}},
{"type":"Feature","properties":{"types":"Public Park Or Garden","area_m2":11414.8},"geometry":{"type":"Polygon","coordinates":[[[-3.4124,50.90984],[-3.40938,50.90928],[-3.40742,50.90898],[-3.40737,50.90906],[-3.40737,50.90911],[-3.40806,50.90928],[-3.40961,50.90958],[-3.40959,50.90967],[-3.41181,50.91009],[-3.41172,50.91023],[-3.41183,50.91033],[-3.41235,50.91],[-3.4124,50.90984]]]}},
{"type":"Feature","properties":{"types":"Public Park Or Garden","area_m2":16296.2},"geometry":{"type":"Polygon","coordinates":[[[-3.39228,50.91046],[-3.39286,50.90923],[-3.39313,50.90891],[-3.39337,50.90873],[-3.394,50.9084],[-3.39483,50.90813],[-3.39546,50.90799],[-3.39606,50.90793],[-3.39678,50.90792],[-3.39739,50.90797],[-3.39787,50.90806],[-3.39796,50.90791],[-3.39691,50.90778],[-3.39611,50.90778],[-3.39551,50.90782],[-3.39475,50.90799],[-3.39396,50.90823],[-3.39362,50.90837],[-3.39318,50.90862],[-3.39274,50.90903],[-3.39243,50.90956],[-3.39134,50.91215],[-3.39112,50.91304],[-3.39144,50.91315],[-3.39161,50.91227],[-3.39175,50.91191],[-3.39197,50.91137],[-3.39225,50.9111],[-3.39222,50.91078],[-3.39234,50.91048],[-3.39228,50.91046]]]}},
{"type":"Feature","properties":{"types":"Public Park Or Garden","area_m2":5820.6},"geometry":{"type":"Polygon","coordinates":[[[-3.39109,50.9131],[-3.39096,50.91348],[-3.39076,50.91386],[-3.39058,50.91406],[-3.39025,50.9143],[-3.38992,50.91443],[-3.38949,50.91453],[-3.38825,50.91471],[-3.38778,50.91481],[-3.38694,50.91509],[-3.38638,50.91534],[-3.38315,50.91709],[-3.38253,50.91757],[-3.38213,50.9181],[-3.38274,50.91747],[-3.38322,50.91714],[-3.38641,50.91541],[-3.38698,50.91515],[-3.38775,50.91489],[-3.38817,50.91479],[-3.38985,50.91454],[-3.39022,50.9144],[-3.39058,50.91418],[-3.39082,50.91395],[-3.39122,50.91313],[-3.39109,50.9131]]]}},
{"type":"Feature","properties":{"types":"Play Space; Playing Field; Public Park Or Garden","area_m2":23164.3},"geometry":{"type":"Polygon","coordinates":[[[-3.3779,50.92045],[-3.3778,50.92049],[-3.37804,50.92056],[-3.37782,50.92051],[-3.37751,50.9204],[-3.37755,50.92035],[-3.37748,50.92041],[-3.37756,50.92045],[-3.3774,50.92057],[-3.37749,50.92061],[-3.37727,50.92078],[-3.37786,50.92141],[-3.37704,50.92155],[-3.37621,50.9218],[-3.37545,50.92215],[-3.3756,50.92229],[-3.37659,50.92192],[-3.37662,50.92194],[-3.3771,50.92175],[-3.37707,50.92172],[-3.3788,50.92138],[-3.37929,50.92124],[-3.37937,50.92133],[-3.38078,50.92079],[-3.3807,50.92064],[-3.38048,50.92066],[-3.38048,50.92055],[-3.38081,50.91997],[-3.38107,50.91965],[-3.38111,50.91968],[-3.3817,50.91897],[-3.38144,50.91895],[-3.38072,50.91973],[-3.38024,50.92044],[-3.37994,50.92072],[-3.37962,50.92091],[-3.37917,50.92109],[-3.37898,50.92078],[-3.3787,50.92078],[-3.37835,50.92072],[-3.37806,50.92059],[-3.37857,50.92075],[-3.37897,50.92077],[-3.3788,50.9205],[-3.3787,50.92055],[-3.37802,50.92011],[-3.37767,50.92025],[-3.3779,50.92045]],[[-3.37743,50.92057],[-3.37757,50.92045],[-3.37837,50.92084],[-3.37824,50.92095],[-3.37743,50.92057]]]}},
{"type":"Feature","properties":{"types":"Other Sports Facility; Public Park Or Garden","area_m2":26436.1},"geometry":{"type":"Polygon","coordinates":[[[-3.37494,50.92222],[-3.37489,50.92216],[-3.37504,50.9221],[-3.37499,50.92205],[-3.3752,50.92197],[-3.375,50.92121],[-3.37398,50.92141],[-3.37318,50.92164],[-3.3732,50.92178],[-3.37366,50.92243],[-3.37381,50.92288],[-3.37299,50.92335],[-3.37206,50.92374],[-3.37107,50.924],[-3.36961,50.92421],[-3.36991,50.92431],[-3.37027,50.92426],[-3.37036,50.92429],[-3.37068,50.92423],[-3.37065,50.92427],[-3.37236,50.92402],[-3.37287,50.92391],[-3.37315,50.92373],[-3.37323,50.92366],[-3.37324,50.92356],[-3.37386,50.92317],[-3.37384,50.92309],[-3.37408,50.92293],[-3.37546,50.92226],[-3.37537,50.92218],[-3.37475,50.92242],[-3.37467,50.92233],[-3.37494,50.92222]],[[-3.37406,50.92272],[-3.37389,50.92258],[-3.3743,50.92238],[-3.37446,50.92251],[-3.37406,50.92272]]]}},
{"type":"Feature","properties":{"types":"Public Park Or Garden","area_m2":8349.1},"geometry":{"type":"Polygon","coordinates":[[[-3.36533,50.92527],[-3.36446,50.92537],[-3.36416,50.9253],[-3.364,50.92551],[-3.36519,50.92546],[-3.36565,50.92536],[-3.3672,50.92481],[-3.36741,50.92521],[-3.36767,50.92471],[-3.36904,50.92448],[-3.36909,50.92443],[-3.36933,50.92439],[-3.36899,50.92429],[-3.36799,50.92443],[-3.36751,50.92454],[-3.3669,50.92472],[-3.36533,50.92527]]]}},
{"type":"Feature","properties":{"types":"Public Park Or Garden","area_m2":15792.5},"geometry":{"type":"Polygon","coordinates":[[[-3.36394,50.92539],[-3.36287,50.92542],[-3.36206,50.92549],[-3.36122,50.92566],[-3.36025,50.92594],[-3.359,50.92643],[-3.35801,50.92689],[-3.35719,50.92735],[-3.35683,50.92761],[-3.35659,50.92771],[-3.35659,50.92775],[-3.35651,50.92775],[-3.35655,50.92784],[-3.35691,50.92777],[-3.35798,50.92715],[-3.35926,50.92656],[-3.35963,50.92682],[-3.36014,50.92686],[-3.36048,50.92663],[-3.36014,50.92631],[-3.36101,50.926],[-3.36092,50.92593],[-3.36156,50.92574],[-3.36217,50.92563],[-3.36272,50.92558],[-3.36272,50.92562],[-3.36385,50.92557],[-3.36394,50.92539]]]}},
{"type":"Feature","properties":{"types":"Playing Field","area_m2":13384.2},"geometry":{"type":"Polygon","coordinates":[[[-3.40098,50.92698],[-3.40042,50.92661],[-3.40046,50.92658],[-3.40036,50.92652],[-3.40033,50.92658],[-3.39968,50.9262],[-3.39859,50.92699],[-3.39975,50.92768],[-3.40098,50.92698]],[[-3.39939,50.92741],[-3.39955,50.9273],[-3.39992,50.92751],[-3.39975,50.92762],[-3.39939,50.92741]]]}},
{"type":"Feature","properties":{"types":"Public Park Or Garden","area_m2":27098.3},"geometry":{"type":"Polygon","coordinates":[[[-3.35524,50.92794],[-3.35523,50.92799],[-3.35489,50.92805],[-3.35408,50.92832],[-3.3522,50.92912],[-3.35109,50.9297],[-3.3499,50.93036],[-3.34901,50.93095],[-3.34791,50.93185],[-3.34721,50.93227],[-3.3459,50.93325],[-3.34478,50.93414],[-3.3451,50.93428],[-3.34621,50.93353],[-3.34812,50.93211],[-3.3484,50.93182],[-3.34831,50.93179],[-3.34915,50.93114],[-3.34963,50.9308],[-3.35142,50.92971],[-3.35183,50.92949],[-3.35198,50.92949],[-3.35322,50.92896],[-3.35415,50.92855],[-3.35409,50.92851],[-3.35437,50.9284],[-3.35517,50.92815],[-3.35651,50.92785],[-3.35644,50.92777],[-3.35524,50.92794]]]}},
{"type":"Feature","properties":{"types":"Public Park Or Garden","area_m2":16333.3},"geometry":{"type":"Polygon","coordinates":[[[-3.33885,50.93877],[-3.33934,50.93848],[-3.34055,50.93754],[-3.34254,50.9361],[-3.34267,50.93621],[-3.3427,50.9363],[-3.34274,50.93628],[-3.34275,50.93613],[-3.3436,50.93548],[-3.34359,50.93543],[-3.34481,50.93449],[-3.34511,50.93438],[-3.34485,50.93421],[-3.34473,50.93418],[-3.34217,50.93604],[-3.34155,50.93656],[-3.33916,50.93835],[-3.33842,50.93882],[-3.33867,50.93901],[-3.33885,50.93877]]]}},
{"type":"Feature","properties":{"types":"Public Park Or Garden","area_m2":47374.6},"geometry":{"type":"Polygon","coordinates":[[[-3.33321,50.9391],[-3.33308,50.93908],[-3.3331,50.93899],[-3.33305,50.93897],[-3.33092,50.93863],[-3.33017,50.93864],[-3.33008,50.93869],[-3.32928,50.93883],[-3.32842,50.93922],[-3.32806,50.93957],[-3.32775,50.93997],[-3.32685,50.94199],[-3.32609,50.94396],[-3.32608,50.94418],[-3.32557,50.94539],[-3.32577,50.9455],[-3.32594,50.94551],[-3.32609,50.94523],[-3.32614,50.94523],[-3.32612,50.94514],[-3.32621,50.94525],[-3.32625,50.94525],[-3.32616,50.94494],[-3.32638,50.94429],[-3.32644,50.9443],[-3.32653,50.94415],[-3.32644,50.94412],[-3.32674,50.94331],[-3.32676,50.94311],[-3.32715,50.94217],[-3.32741,50.94218],[-3.32747,50.94148],[-3.32782,50.94072],[-3.32826,50.93997],[-3.32833,50.93998],[-3.32903,50.93939],[-3.32911,50.93938],[-3.32893,50.93931],[-3.32922,50.93938],[-3.32899,50.93929],[-3.32918,50.93915],[-3.3297,50.93895],[-3.3299,50.93891],[-3.33044,50.93888],[-3.3309,50.93892],[-3.33278,50.93932],[-3.33294,50.93925],[-3.33306,50.93927],[-3.33303,50.93935],[-3.33309,50.93937],[-3.33496,50.93969],[-3.33582,50.93976],[-3.33636,50.93972],[-3.33673,50.94005],[-3.33726,50.94025],[-3.33732,50.93984],[-3.3373,50.93975],[-3.33721,50.9397],[-3.33738,50.93966],[-3.33747,50.93957],[-3.33814,50.9393],[-3.3385,50.93905],[-3.33849,50.93898],[-3.33833,50.93889],[-3.33755,50.9393],[-3.33704,50.93945],[-3.33679,50.93948],[-3.33606,50.93948],[-3.33537,50.93941],[-3.33332,50.93902],[-3.33321,50.9391]]]}},
{"type":"Feature","properties":{"types":"Playing Field","area_m2":7871.5},"geometry":{"type":"Polygon","coordinates":[[[-3.36296,51.05501],[-3.36352,51.05496],[-3.36411,51.0548],[-3.3642,51.05462],[-3.36413,51.05446],[-3.36429,51.05442],[-3.36409,51.0541],[-3.36259,51.05436],[-3.36283,51.05468],[-3.36296,51.05501]]]}},
{"type":"Feature","properties":{"types":"Play Space; Playing Field","area_m2":14636.9},"geometry":{"type":"Polygon","coordinates":[[[-3.38346,51.13772],[-3.38436,51.13646],[-3.38419,51.13642],[-3.38423,51.13636],[-3.38413,51.13635],[-3.38419,51.13625],[-3.38414,51.13623],[-3.38434,51.13594],[-3.38379,51.13575],[-3.38359,51.1359],[-3.38322,51.13636],[-3.38318,51.13635],[-3.38251,51.13756],[-3.38319,51.13765],[-3.38346,51.13772]]]}},
{"type":"Feature","properties":{"types":"Other Sports Facility; Play Space; Playing Field","area_m2":13056.5},"geometry":{"type":"Polygon","coordinates":[[[-3.36118,51.1636],[-3.36089,51.16375],[-3.36077,51.16404],[-3.3609,51.16407],[-3.36076,51.1644],[-3.36008,51.16549],[-3.36013,51.16551],[-3.36082,51.16482],[-3.36139,51.16436],[-3.36223,51.16385],[-3.36302,51.16351],[-3.36246,51.16338],[-3.36228,51.16326],[-3.362,51.16324],[-3.36174,51.16329],[-3.36146,51.16328],[-3.36118,51.1636]]]}},
{"type":"Feature","properties":{"types":"Playing Field","area_m2":33783.1},"geometry":{"type":"Polygon","coordinates":[[[-3.31514,50.63939],[-3.31503,50.63993],[-3.31505,50.64017],[-3.31513,50.6403],[-3.31508,50.64053],[-3.3151,50.64055],[-3.31519,50.64052],[-3.31511,50.64057],[-3.315,50.64096],[-3.31515,50.64162],[-3.31695,50.64171],[-3.31708,50.64071],[-3.31725,50.64009],[-3.31728,50.63987],[-3.31722,50.63985],[-3.3169,50.64012],[-3.31671,50.64005],[-3.31693,50.63965],[-3.31633,50.63954],[-3.31574,50.63935],[-3.31514,50.63939]]]}},
{"type":"Feature","properties":{"types":"Allotments Or Community Growing Spaces","area_m2":5256.6},"geometry":{"type":"Polygon","coordinates":[[[-3.31684,50.65602],[-3.31638,50.65593],[-3.31647,50.65648],[-3.31647,50.65733],[-3.31643,50.65747],[-3.31653,50.65759],[-3.31716,50.65695],[-3.31689,50.65676],[-3.31714,50.65659],[-3.31671,50.6565],[-3.31684,50.65602]]]}},
{"type":"Feature","properties":{"types":"Playing Field","area_m2":17221.5},"geometry":{"type":"Polygon","coordinates":[[[-3.29071,50.65744],[-3.29025,50.65684],[-3.28992,50.65684],[-3.28958,50.65725],[-3.28938,50.65759],[-3.28924,50.65811],[-3.28923,50.65875],[-3.28994,50.65853],[-3.29121,50.65798],[-3.29119,50.65788],[-3.29071,50.65744]]]}},
{"type":"Feature","properties":{"types":"Playing Field","area_m2":18967.3},"geometry":{"type":"Polygon","coordinates":[[[-3.31856,50.65883],[-3.319,50.65894],[-3.31994,50.65746],[-3.32012,50.65704],[-3.31923,50.65685],[-3.31847,50.6568],[-3.31778,50.65709],[-3.31755,50.65726],[-3.31743,50.65751],[-3.31915,50.6578],[-3.31856,50.65883]],[[-3.31953,50.65791],[-3.31935,50.65819],[-3.31913,50.65813],[-3.31931,50.65785],[-3.31953,50.65791]]]}},
{"type":"Feature","properties":{"types":"Public Park Or Garden","area_m2":306181.7},"geometry":{"type":"Polygon","coordinates":[[[-3.31768,50.66484],[-3.3173,50.66455],[-3.31699,50.66444],[-3.31635,50.66438],[-3.31601,50.66443],[-3.31552,50.66457],[-3.31542,50.66455],[-3.31558,50.66431],[-3.31528,50.66321],[-3.31473,50.66304],[-3.3142,50.66301],[-3.31363,50.66306],[-3.31352,50.6639],[-3.31373,50.66391],[-3.31361,50.66416],[-3.31261,50.66408],[-3.31266,50.6638],[-3.31323,50.66384],[-3.31324,50.66377],[-3.31291,50.66373],[-3.31252,50.66356],[-3.31138,50.66393],[-3.31057,50.66408],[-3.31052,50.66413],[-3.3106,50.66425],[-3.31054,50.66432],[-3.31016,50.66419],[-3.31,50.66422],[-3.31009,50.66471],[-3.31032,50.66544],[-3.31069,50.66639],[-3.31354,50.66721],[-3.31365,50.66713],[-3.31379,50.66717],[-3.31386,50.66709],[-3.31398,50.66712],[-3.31401,50.66708],[-3.31413,50.66712],[-3.31422,50.66725],[-3.31437,50.66722],[-3.31441,50.66732],[-3.31436,50.6674],[-3.31446,50.66743],[-3.31458,50.66738],[-3.31452,50.6672],[-3.31464,50.66713],[-3.31486,50.66745],[-3.31517,50.66773],[-3.31592,50.668],[-3.31613,50.66812],[-3.31627,50.66813],[-3.31646,50.66807],[-3.31667,50.66822],[-3.3169,50.66822],[-3.31706,50.66805],[-3.31719,50.66804],[-3.31745,50.66814],[-3.31754,50.66823],[-3.31755,50.66837],[-3.31768,50.66853],[-3.318,50.66869],[-3.31829,50.66877],[-3.31845,50.66892],[-3.31856,50.6689],[-3.31878,50.6687],[-3.3188,50.6686],[-3.31845,50.6684],[-3.31855,50.66832],[-3.31873,50.66826],[-3.31994,50.66813],[-3.32041,50.66828],[-3.322,50.66815],[-3.32219,50.66809],[-3.32269,50.66772],[-3.32266,50.66766],[-3.322,50.66724],[-3.32159,50.66691],[-3.32174,50.6663],[-3.32166,50.66499],[-3.3214,50.66498],[-3.31991,50.66511],[-3.31992,50.66516],[-3.31984,50.66517],[-3.31983,50.66511],[-3.31817,50.66521],[-3.31795,50.66512],[-3.31768,50.66484]]]}},
{"type":"Feature","properties":{"types":"Public Park Or Garden","area_m2":11811.4},"geometry":{"type":"Polygon","coordinates":[[[-3.24761,50.67572],[-3.2471,50.67542],[-3.24675,50.67542],[-3.24656,50.67523],[-3.2464,50.67526],[-3.2464,50.67532],[-3.2461,50.67531],[-3.24589,50.67536],[-3.24447,50.67585],[-3.24451,50.6759],[-3.24499,50.67581],[-3.24518,50.67617],[-3.24637,50.67599],[-3.24712,50.67595],[-3.24761,50.67572]]]}},
{"type":"Feature","properties":{"types":"Playing Field","area_m2":14012.7},"geometry":{"type":"Polygon","coordinates":[[[-3.24054,50.67809],[-3.24058,50.6781],[-3.24099,50.67793],[-3.24189,50.67868],[-3.24267,50.67824],[-3.24323,50.67782],[-3.24203,50.67725],[-3.24134,50.67742],[-3.24131,50.67764],[-3.24082,50.67797],[-3.24054,50.67809]]]}},
{"type":"Feature","properties":{"types":"Playing Field","area_m2":7904.6},"geometry":{"type":"Polygon","coordinates":[[[-3.23917,50.68118],[-3.23926,50.68119],[-3.24054,50.68053],[-3.24048,50.68049],[-3.24032,50.68058],[-3.24001,50.68041],[-3.24064,50.67984],[-3.24064,50.67977],[-3.24,50.67942],[-3.23954,50.67982],[-3.23931,50.67971],[-3.23907,50.68021],[-3.23917,50.68118]],[[-3.23955,50.68014],[-3.23988,50.67987],[-3.24031,50.68008],[-3.23999,50.68036],[-3.23955,50.68014]],[[-3.23989,50.68043],[-3.23946,50.68066],[-3.23911,50.68039],[-3.23956,50.68016],[-3.23989,50.68043]],[[-3.24011,50.68052],[-3.24023,50.68061],[-3.23982,50.68082],[-3.23971,50.68073],[-3.24011,50.68052]],[[-3.23918,50.68083],[-3.23955,50.68064],[-3.23981,50.68085],[-3.23944,50.68104],[-3.23918,50.68083]]]}},
{"type":"Feature","properties":{"types":"Public Park Or Garden","area_m2":5494.1},"geometry":{"type":"Polygon","coordinates":[[[-3.23867,50.68093],[-3.23906,50.68037],[-3.23904,50.68022],[-3.23821,50.6799],[-3.23793,50.68061],[-3.23867,50.68093]]]}},
{"type":"Feature","properties":{"types":"Playing Field","area_m2":10591.2},"geometry":{"type":"Polygon","coordinates":[[[-3.24167,50.68142],[-3.24093,50.68068],[-3.24119,50.68058],[-3.24117,50.68054],[-3.24105,50.6806],[-3.24084,50.68041],[-3.23973,50.68098],[-3.24033,50.68169],[-3.24115,50.68157],[-3.24167,50.68142]]]}},
{"type":"Feature","properties":{"types":"Allotments Or Community Growing Spaces; Public Park Or Garden","area_m2":71023.9},"geometry":{"type":"Polygon","coordinates":[[[-3.23603,50.68772],[-3.23612,50.68709],[-3.23589,50.68714],[-3.2358,50.68705],[-3.23586,50.6868],[-3.23576,50.68679],[-3.23582,50.6866],[-3.23628,50.68662],[-3.23634,50.68571],[-3.23613,50.6857],[-3.23635,50.68569],[-3.236,50.68566],[-3.2359,50.68532],[-3.23583,50.68376],[-3.2359,50.68341],[-3.23581,50.68345],[-3.2358,50.68355],[-3.23575,50.68356],[-3.23573,50.6835],[-3.23519,50.68366],[-3.2348,50.68439],[-3.23488,50.68441],[-3.23485,50.68474],[-3.23524,50.68479],[-3.23483,50.68602],[-3.23502,50.68603],[-3.23469,50.68686],[-3.23372,50.68682],[-3.23365,50.68711],[-3.23279,50.68707],[-3.23257,50.6875],[-3.23256,50.68797],[-3.23251,50.6881],[-3.23332,50.6881],[-3.23328,50.68835],[-3.23407,50.68814],[-3.23441,50.68811],[-3.23413,50.68829],[-3.23404,50.68838],[-3.23373,50.68891],[-3.23369,50.68901],[-3.23373,50.68906],[-3.23341,50.6895],[-3.23335,50.68953],[-3.23314,50.6895],[-3.23323,50.68961],[-3.23323,50.68996],[-3.2333,50.68995],[-3.23337,50.69036],[-3.23351,50.69036],[-3.23351,50.69053],[-3.23356,50.69034],[-3.2335,50.68994],[-3.23372,50.6895],[-3.234,50.68924],[-3.23453,50.68931],[-3.23464,50.68918],[-3.23473,50.68886],[-3.23478,50.68882],[-3.23489,50.68884],[-3.23497,50.68869],[-3.23492,50.68868],[-3.23514,50.68844],[-3.23524,50.68844],[-3.23517,50.68842],[-3.23571,50.68797],[-3.23592,50.68805],[-3.23609,50.68777],[-3.23594,50.68776],[-3.23585,50.68782],[-3.23569,50.68769],[-3.23603,50.68772]],[[-3.23393,50.68911],[-3.23389,50.68911],[-3.2339,50.6891],[-3.23393,50.68911]]]}},
{"type":"Feature","properties":{"types":"Allotments Or Community Growing Spaces","area_m2":6614.4},"geometry":{"type":"Polygon","coordinates":[[[-3.24126,50.68841],[-3.24095,50.6881],[-3.24099,50.68792],[-3.24026,50.68787],[-3.24026,50.6882],[-3.24033,50.6884],[-3.24044,50.6884],[-3.24047,50.6889],[-3.24141,50.68892],[-3.24126,50.68841]]]}},
{"type":"Feature","properties":{"types":"Public Park Or Garden","area_m2":77943.5},"geometry":{"type":"Polygon","coordinates":[[[-3.22895,50.69277],[-3.22915,50.69307],[-3.22915,50.69322],[-3.22902,50.69335],[-3.22872,50.69345],[-3.2286,50.69359],[-3.22859,50.69379],[-3.2288,50.69412],[-3.22878,50.69435],[-3.22895,50.6944],[-3.22883,50.69459],[-3.22948,50.69481],[-3.23034,50.695],[-3.23046,50.69493],[-3.23109,50.69394],[-3.2314,50.69391],[-3.23141,50.69384],[-3.23197,50.69335],[-3.23217,50.69309],[-3.23228,50.69277],[-3.23201,50.69275],[-3.23218,50.6923],[-3.23227,50.69221],[-3.23245,50.6922],[-3.23256,50.69199],[-3.23288,50.69187],[-3.23302,50.69171],[-3.23318,50.6917],[-3.23304,50.6917],[-3.23304,50.69158],[-3.23327,50.69127],[-3.23338,50.6908],[-3.23333,50.69075],[-3.23299,50.69084],[-3.2328,50.6908],[-3.23265,50.69081],[-3.23203,50.69101],[-3.23192,50.69107],[-3.23184,50.69122],[-3.2316,50.69132],[-3.23131,50.69127],[-3.23089,50.69132],[-3.23058,50.69141],[-3.23042,50.69149],[-3.23045,50.6915],[-3.2303,50.69161],[-3.23016,50.69192],[-3.22978,50.69222],[-3.22914,50.69251],[-3.22895,50.69264],[-3.22895,50.69277]]]}},
{"type":"Feature","properties":{"types":"Play Space; Playing Field","area_m2":10999.5},"geometry":{"type":"Polygon","coordinates":[[[-3.2375,50.69217],[-3.23733,50.69211],[-3.23723,50.69222],[-3.23708,50.69261],[-3.23688,50.69292],[-3.23717,50.69302],[-3.2375,50.69326],[-3.23773,50.69332],[-3.23795,50.6935],[-3.23817,50.69349],[-3.23835,50.69357],[-3.23845,50.69367],[-3.23896,50.69334],[-3.23894,50.69329],[-3.23888,50.69332],[-3.23879,50.69325],[-3.23805,50.69267],[-3.23809,50.69263],[-3.2375,50.69217]]]}},
{"type":"Feature","properties":{"types":"Play Space; Playing Field","area_m2":17275.5},"geometry":{"type":"Polygon","coordinates":[[[-3.23887,50.69426],[-3.23879,50.69413],[-3.23846,50.69385],[-3.23844,50.6937],[-3.23826,50.69355],[-3.23802,50.69353],[-3.23799,50.69359],[-3.23696,50.69416],[-3.23758,50.69535],[-3.23765,50.69533],[-3.23762,50.69531],[-3.23843,50.69526],[-3.23852,50.69495],[-3.23861,50.69486],[-3.23887,50.69426]]]}},
{"type":"Feature","properties":{"types":"Play Space; Playing Field; Public Park Or Garden","area_m2":105865.5},"geometry":{"type":"Polygon","coordinates":[[[-3.22954,50.69808],[-3.23002,50.6977],[-3.22921,50.69753],[-3.22912,50.69779],[-3.22905,50.69782],[-3.22853,50.69755],[-3.22857,50.6975],[-3.22805,50.69729],[-3.22796,50.69717],[-3.22765,50.69696],[-3.22685,50.69783],[-3.22639,50.69776],[-3.22622,50.69781],[-3.22598,50.69779],[-3.22545,50.69759],[-3.22578,50.6978],[-3.22585,50.69803],[-3.22528,50.69801],[-3.22511,50.69811],[-3.22523,50.69831],[-3.22555,50.69847],[-3.22549,50.69861],[-3.22512,50.69876],[-3.22494,50.69877],[-3.22489,50.69881],[-3.22497,50.69905],[-3.22515,50.69929],[-3.22514,50.69937],[-3.22488,50.69945],[-3.2243,50.69942],[-3.22413,50.69995],[-3.22407,50.70053],[-3.22393,50.70089],[-3.22345,50.70092],[-3.22327,50.70116],[-3.22333,50.70119],[-3.22332,50.70133],[-3.2235,50.70137],[-3.22348,50.70142],[-3.22401,50.7015],[-3.22396,50.70153],[-3.224,50.7016],[-3.22426,50.70188],[-3.2251,50.70202],[-3.22595,50.70084],[-3.22608,50.70072],[-3.22629,50.70066],[-3.22652,50.70041],[-3.22703,50.69999],[-3.22718,50.69996],[-3.22676,50.70035],[-3.22679,50.70036],[-3.22685,50.70029],[-3.22704,50.70035],[-3.22718,50.70032],[-3.22735,50.70034],[-3.22752,50.70024],[-3.22761,50.70012],[-3.22833,50.70029],[-3.22834,50.70027],[-3.2279,50.70018],[-3.22779,50.70013],[-3.22841,50.69924],[-3.22858,50.69908],[-3.22901,50.69916],[-3.2286,50.69906],[-3.22954,50.69808]],[[-3.22431,50.70081],[-3.22418,50.7011],[-3.22442,50.70114],[-3.22428,50.70145],[-3.2238,50.70135],[-3.22405,50.70077],[-3.22431,50.70081]]]}},
{"type":"Feature","properties":{"types":"Allotments Or Community Growing Spaces","area_m2":12827.4},"geometry":{"type":"Polygon","coordinates":[[[-3.3066,50.7017],[-3.30533,50.70141],[-3.30427,50.70124],[-3.3044,50.70214],[-3.30659,50.70222],[-3.3066,50.7017]]]}},
{"type":"Feature","properties":{"types":"Play Space; Playing Field","area_m2":24512.3},"geometry":{"type":"Polygon","coordinates":[[[-3.29214,50.70189],[-3.29198,50.70159],[-3.2919,50.70161],[-3.29212,50.70194],[-3.29226,50.70203],[-3.29225,50.70212],[-3.2924,50.70232],[-3.29264,50.70259],[-3.29281,50.7027],[-3.29455,50.70266],[-3.29512,50.70253],[-3.2948,50.70184],[-3.29464,50.70131],[-3.29244,50.70151],[-3.29259,50.70179],[-3.29214,50.70189]]]}},
{"type":"Feature","properties":{"types":"Play Space; Playing Field","area_m2":31510.4},"geometry":{"type":"Polygon","coordinates":[[[-3.29147,50.72146],[-3.29145,50.72136],[-3.29167,50.72097],[-3.29164,50.72069],[-3.29148,50.72046],[-3.29081,50.72011],[-3.29036,50.71992],[-3.29024,50.71982],[-3.29028,50.7195],[-3.2901,50.71923],[-3.29003,50.7187],[-3.29017,50.71843],[-3.28958,50.71839],[-3.28963,50.71856],[-3.28955,50.72082],[-3.2897,50.72194],[-3.29067,50.72186],[-3.29147,50.72146]],[[-3.28968,50.71922],[-3.28993,50.71921],[-3.2899,50.71986],[-3.28964,50.71986],[-3.28968,50.71922]]]}},
{"type":"Feature","properties":{"types":"Public Park Or Garden","area_m2":6596.7},"geometry":{"type":"Polygon","coordinates":[[[-3.24996,50.73184],[-3.25033,50.73194],[-3.25051,50.73195],[-3.25068,50.73186],[-3.25079,50.73172],[-3.2508,50.73162],[-3.25072,50.73152],[-3.2503,50.73128],[-3.25037,50.73119],[-3.25026,50.73104],[-3.2505,50.73077],[-3.25047,50.73069],[-3.25039,50.73067],[-3.24922,50.73267],[-3.24938,50.73273],[-3.24958,50.73267],[-3.24967,50.73252],[-3.2497,50.73222],[-3.24986,50.73208],[-3.24996,50.73184]]]}},
{"type":"Feature","properties":{"types":"Playing Field","area_m2":27437.9},"geometry":{"type":"Polygon","coordinates":[[[-3.29256,50.74599],[-3.29263,50.74601],[-3.29257,50.74619],[-3.29257,50.74707],[-3.29262,50.74723],[-3.29281,50.74746],[-3.29286,50.74763],[-3.29373,50.74748],[-3.29479,50.74743],[-3.29445,50.7457],[-3.2925,50.74588],[-3.29256,50.74599]]]}},
{"type":"Feature","properties":{"types":"Playing Field","area_m2":18089.1},"geometry":{"type":"Polygon","coordinates":[[[-3.28608,50.7461],[-3.28646,50.74701],[-3.28783,50.74751],[-3.28843,50.74709],[-3.28892,50.74693],[-3.28726,50.74609],[-3.28619,50.74601],[-3.28622,50.74608],[-3.28608,50.7461]]]}},
{"type":"Feature","properties":{"types":"Other Sports Facility; Play Space; Playing Field","area_m2":9420.3},"geometry":{"type":"Polygon","coordinates":[[[-3.28084,50.74869],[-3.28113,50.74857],[-3.28127,50.74871],[-3.28285,50.74815],[-3.28227,50.74766],[-3.28033,50.74852],[-3.2807,50.74883],[-3.28084,50.74869]]]}},
{"type":"Feature","properties":{"types":"Other Sports Facility; Play Space","area_m2":21724.6},"geometry":{"type":"Polygon","coordinates":[[[-3.29367,50.7504],[-3.2937,50.75047],[-3.29368,50.75061],[-3.29421,50.75058],[-3.2943,50.75092],[-3.29377,50.75097],[-3.2938,50.75111],[-3.29369,50.75118],[-3.29375,50.75125],[-3.29571,50.75106],[-3.29574,50.75112],[-3.29638,50.75102],[-3.29624,50.75057],[-3.29583,50.75063],[-3.29574,50.75059],[-3.29564,50.75013],[-3.29554,50.75013],[-3.29543,50.74957],[-3.29362,50.74974],[-3.29364,50.75025],[-3.29372,50.75034],[-3.29367,50.7504]],[[-3.29531,50.74972],[-3.29539,50.75005],[-3.2946,50.75013],[-3.29452,50.74979],[-3.29531,50.74972]]]}},
{"type":"Feature","properties":{"types":"Play Space; Public Park Or Garden","area_m2":7280.1},"geometry":{"type":"Polygon","coordinates":[[[-3.28335,50.75227],[-3.2838,50.75238],[-3.28432,50.75232],[-3.2847,50.75242],[-3.28471,50.7523],[-3.28472,50.75239],[-3.28479,50.75242],[-3.28487,50.75199],[-3.28473,50.75172],[-3.28472,50.75158],[-3.28408,50.75156],[-3.28394,50.75196],[-3.28351,50.75198],[-3.28316,50.75191],[-3.28318,50.75226],[-3.28331,50.75231],[-3.28335,50.75227]]]}},
{"type":"Feature","properties":{"types":"Allotments Or Community Growing Spaces","area_m2":9833.9},"geometry":{"type":"Polygon","coordinates":[[[-3.26741,50.75677],[-3.26901,50.75634],[-3.26853,50.7557],[-3.26691,50.75609],[-3.26741,50.75677]]]}},
{"type":"Feature","properties":{"types":"Other Sports Facility; Playing Field","area_m2":57785.8},"geometry":{"type":"Polygon","coordinates":[[[-3.28112,50.78887],[-3.28148,50.78884],[-3.28146,50.78875],[-3.28123,50.78879],[-3.28108,50.78793],[-3.2806,50.78762],[-3.28049,50.78729],[-3.27998,50.78725],[-3.27999,50.78757],[-3.27975,50.78772],[-3.27945,50.78774],[-3.27953,50.78781],[-3.27973,50.78865],[-3.27974,50.78884],[-3.27984,50.78888],[-3.28018,50.78984],[-3.27917,50.78998],[-3.27943,50.79056],[-3.2798,50.79199],[-3.28213,50.79145],[-3.28187,50.79069],[-3.28152,50.79071],[-3.28132,50.78995],[-3.28112,50.78887]]]}},
{"type":"Feature","properties":{"types":"Playing Field","area_m2":27754.5},"geometry":{"type":"Polygon","coordinates":[[[-3.32342,50.9024],[-3.32254,50.90304],[-3.32216,50.90324],[-3.32194,50.90329],[-3.32177,50.90348],[-3.32155,50.90357],[-3.32149,50.90364],[-3.32164,50.90372],[-3.3217,50.90387],[-3.32153,50.90409],[-3.32184,50.90413],[-3.32295,50.90448],[-3.32314,50.90433],[-3.3231,50.90429],[-3.32324,50.90417],[-3.32339,50.90422],[-3.32349,50.90413],[-3.32341,50.90401],[-3.32348,50.90395],[-3.32356,50.90397],[-3.32347,50.904],[-3.32382,50.9042],[-3.32378,50.90427],[-3.32481,50.90353],[-3.32381,50.9029],[-3.32354,50.90244],[-3.32342,50.9024]]]}},
{"type":"Feature","properties":{"types":"Allotments Or Community Growing Spaces","area_m2":11706.0},"geometry":{"type":"Polygon","coordinates":[[[-3.32654,50.91067],[-3.32684,50.91072],[-3.32821,50.91069],[-3.32798,50.91008],[-3.32556,50.91012],[-3.32557,50.91066],[-3.32654,50.91067]]]}},
{"type":"Feature","properties":{"types":"Play Space; Playing Field","area_m2":34987.3},"geometry":{"type":"Polygon","coordinates":[[[-3.22848,50.91748],[-3.22864,50.91777],[-3.23082,50.91799],[-3.23052,50.91787],[-3.23046,50.91777],[-3.23068,50.91791],[-3.23111,50.91798],[-3.23118,50.91725],[-3.23126,50.91698],[-3.23066,50.91698],[-3.23062,50.91648],[-3.2305,50.91646],[-3.22999,50.91651],[-3.22986,50.91632],[-3.22982,50.91634],[-3.2297,50.91627],[-3.22955,50.91634],[-3.22947,50.91628],[-3.22958,50.91618],[-3.22932,50.9159],[-3.22869,50.91564],[-3.22833,50.91539],[-3.22838,50.91546],[-3.22831,50.91546],[-3.22824,50.91558],[-3.22787,50.91653],[-3.22826,50.91656],[-3.22854,50.91664],[-3.2286,50.91681],[-3.22846,50.91713],[-3.22848,50.91748]],[[-3.22904,50.91629],[-3.22848,50.91602],[-3.22878,50.91577],[-3.22934,50.91603],[-3.22904,50.91629]]]}},
{"type":"Feature","properties":{"types":"Play Space; Playing Field","area_m2":7813.6},"geometry":{"type":"Polygon","coordinates":[[[-3.27917,50.92164],[-3.27981,50.92187],[-3.28015,50.92167],[-3.28032,50.92147],[-3.2804,50.92126],[-3.28042,50.92086],[-3.28024,50.92071],[-3.2793,50.92105],[-3.27922,50.92124],[-3.27917,50.92164]]]}},
{"type":"Feature","properties":{"types":"Playing Field","area_m2":14496.0},"geometry":{"type":"Polygon","coordinates":[[[-3.28475,50.92802],[-3.28463,50.92803],[-3.28229,50.9289],[-3.28214,50.92908],[-3.28477,50.92919],[-3.2849,50.92852],[-3.28487,50.92817],[-3.28475,50.92802]]]}},
{"type":"Feature","properties":{"types":"Play Space; Playing Field","area_m2":5793.0},"geometry":{"type":"Polygon","coordinates":[[[-3.3242,50.94435],[-3.32435,50.94433],[-3.32455,50.9441],[-3.32485,50.94412],[-3.32392,50.944],[-3.32339,50.94403],[-3.32278,50.94438],[-3.32404,50.94473],[-3.32423,50.94451],[-3.32422,50.94444],[-3.32415,50.9444],[-3.3242,50.94435]]]}},
{"type":"Feature","properties":{"types":"Public Park Or Garden","area_m2":16950.7},"geometry":{"type":"Polygon","coordinates":[[[-3.3242,50.9515],[-3.32442,50.95012],[-3.32464,50.9492],[-3.32494,50.94931],[-3.32491,50.94927],[-3.32518,50.94894],[-3.32501,50.94887],[-3.32507,50.94868],[-3.32493,50.94842],[-3.32536,50.94832],[-3.32487,50.9482],[-3.32584,50.94559],[-3.32552,50.94546],[-3.32447,50.9486],[-3.32399,50.9506],[-3.32398,50.95152],[-3.3242,50.9515]]]}},
{"type":"Feature","properties":{"types":"Public Park Or Garden","area_m2":20328.6},"geometry":{"type":"Polygon","coordinates":[[[-3.32417,50.95363],[-3.3243,50.95238],[-3.32445,50.95163],[-3.32437,50.95153],[-3.32396,50.9516],[-3.32394,50.95188],[-3.324,50.95189],[-3.32382,50.95359],[-3.32372,50.95359],[-3.32373,50.95345],[-3.32344,50.95351],[-3.32361,50.95377],[-3.32365,50.95412],[-3.32331,50.95716],[-3.32328,50.95779],[-3.32332,50.95836],[-3.32349,50.95838],[-3.32367,50.9576],[-3.32384,50.95534],[-3.32392,50.95492],[-3.32401,50.95492],[-3.32403,50.9547],[-3.3241,50.95402],[-3.324,50.95382],[-3.32417,50.95363]]]}},
{"type":"Feature","properties":{"types":"Public Park Or Garden","area_m2":16768.8},"geometry":{"type":"Polygon","coordinates":[[[-3.32325,50.9585],[-3.32316,50.95877],[-3.32302,50.95984],[-3.32308,50.96043],[-3.32317,50.96074],[-3.32355,50.96136],[-3.32397,50.96185],[-3.32415,50.96179],[-3.3249,50.96258],[-3.3251,50.963],[-3.32522,50.96361],[-3.3254,50.96371],[-3.32543,50.96383],[-3.32549,50.96374],[-3.32552,50.9635],[-3.32536,50.96293],[-3.32523,50.96266],[-3.32528,50.96264],[-3.3251,50.96235],[-3.32514,50.9623],[-3.32421,50.9614],[-3.32374,50.96078],[-3.3236,50.96043],[-3.32345,50.96043],[-3.32335,50.96029],[-3.32334,50.95969],[-3.32352,50.95867],[-3.32362,50.95848],[-3.32357,50.95843],[-3.32338,50.95842],[-3.32325,50.9585]]]}},
{"type":"Feature","properties":{"types":"Playing Field","area_m2":8459.9},"geometry":{"type":"Polygon","coordinates":[[[-3.26463,50.96193],[-3.26422,50.96167],[-3.26416,50.96147],[-3.26399,50.96145],[-3.26303,50.96179],[-3.26319,50.96197],[-3.2631,50.9622],[-3.26355,50.96248],[-3.2639,50.96261],[-3.26463,50.96193]]]}},
{"type":"Feature","properties":{"types":"Public Park Or Garden","area_m2":32110.4},"geometry":{"type":"Polygon","coordinates":[[[-3.32216,50.96688],[-3.32228,50.96696],[-3.3221,50.96717],[-3.32204,50.96714],[-3.32104,50.96789],[-3.32096,50.96788],[-3.3204,50.96828],[-3.31995,50.96847],[-3.31945,50.96843],[-3.31975,50.9687],[-3.31983,50.96872],[-3.32011,50.96868],[-3.3208,50.96842],[-3.32123,50.96837],[-3.32111,50.96824],[-3.32182,50.96774],[-3.32188,50.9677],[-3.32202,50.96781],[-3.32235,50.96761],[-3.32263,50.96731],[-3.32276,50.96705],[-3.32329,50.96658],[-3.32322,50.96649],[-3.32382,50.96591],[-3.32395,50.96594],[-3.32522,50.96474],[-3.32541,50.96447],[-3.32555,50.96399],[-3.32543,50.96392],[-3.32518,50.96385],[-3.32521,50.96401],[-3.32526,50.964],[-3.32494,50.96466],[-3.32473,50.96494],[-3.32416,50.96544],[-3.32408,50.96532],[-3.3245,50.96479],[-3.32473,50.96438],[-3.32465,50.96434],[-3.32297,50.96539],[-3.32274,50.96573],[-3.32192,50.96649],[-3.32195,50.96651],[-3.32212,50.96643],[-3.3227,50.96607],[-3.32276,50.9661],[-3.32278,50.96616],[-3.32239,50.96632],[-3.32248,50.96631],[-3.32268,50.96654],[-3.32265,50.96673],[-3.32249,50.96681],[-3.32238,50.96674],[-3.32216,50.96688]]]}},
{"type":"Feature","properties":{"types":"Play Space; Public Park Or Garden","area_m2":9423.5},"geometry":{"type":"Polygon","coordinates":[[[-3.25062,50.9668],[-3.25025,50.96696],[-3.25008,50.96714],[-3.25014,50.96759],[-3.25036,50.96761],[-3.25032,50.96754],[-3.2505,50.96755],[-3.2505,50.96759],[-3.25041,50.9676],[-3.25049,50.96762],[-3.25093,50.96756],[-3.25107,50.96749],[-3.25214,50.96673],[-3.25211,50.96658],[-3.25203,50.96653],[-3.2519,50.96653],[-3.25148,50.96667],[-3.25095,50.96674],[-3.25096,50.96678],[-3.25083,50.9668],[-3.25078,50.96677],[-3.2508,50.9668],[-3.25067,50.96683],[-3.25062,50.9668]]]}},
{"type":"Feature","properties":{"types":"Play Space; Public Park Or Garden","area_m2":5006.7},"geometry":{"type":"Polygon","coordinates":[[[-3.23198,50.96998],[-3.23221,50.96997],[-3.23225,50.96977],[-3.23215,50.9697],[-3.23209,50.96958],[-3.23217,50.96954],[-3.23214,50.96948],[-3.23222,50.96921],[-3.23288,50.96925],[-3.23293,50.9692],[-3.23289,50.96905],[-3.23322,50.96898],[-3.23325,50.96894],[-3.23321,50.96886],[-3.23241,50.96885],[-3.23195,50.96898],[-3.23178,50.969],[-3.23193,50.96939],[-3.23177,50.96963],[-3.23198,50.96998]]]}},
{"type":"Feature","properties":{"types":"Public Park Or Garden","area_m2":7212.9},"geometry":{"type":"Polygon","coordinates":[[[-3.32058,50.96925],[-3.32095,50.96924],[-3.32147,50.96901],[-3.32136,50.96836],[-3.32074,50.96848],[-3.31986,50.96877],[-3.32014,50.96903],[-3.32058,50.96925]]]}},
{"type":"Feature","properties":{"types":"Allotments Or Community Growing Spaces","area_m2":14301.4},"geometry":{"type":"Polygon","coordinates":[[[-3.24512,50.97256],[-3.24717,50.97107],[-3.24684,50.97058],[-3.24591,50.97095],[-3.24605,50.97121],[-3.24461,50.97182],[-3.24512,50.97256]]]}},
{"type":"Feature","properties":{"types":"Play Space; Playing Field","area_m2":8430.0},"geometry":{"type":"Polygon","coordinates":[[[-3.24741,50.97475],[-3.24811,50.97511],[-3.24953,50.97439],[-3.24898,50.97397],[-3.24887,50.97402],[-3.2489,50.97405],[-3.24886,50.97402],[-3.24798,50.97443],[-3.24741,50.97475]]]}},
{"type":"Feature","properties":{"types":"Allotments Or Community Growing Spaces","area_m2":6167.7},"geometry":{"type":"Polygon","coordinates":[[[-3.24761,50.97591],[-3.2473,50.97606],[-3.24688,50.97577],[-3.24685,50.97579],[-3.2475,50.97629],[-3.24731,50.97638],[-3.24832,50.97722],[-3.24862,50.97694],[-3.2483,50.97655],[-3.24829,50.97642],[-3.24761,50.97591]]]}},
{"type":"Feature","properties":{"types":"Playing Field","area_m2":38588.8},"geometry":{"type":"Polygon","coordinates":[[[-3.23286,50.97786],[-3.23326,50.97741],[-3.23329,50.97717],[-3.23311,50.97701],[-3.23271,50.97684],[-3.23222,50.97674],[-3.23226,50.97667],[-3.232,50.97661],[-3.23196,50.97669],[-3.23245,50.97683],[-3.23249,50.9768],[-3.23324,50.97717],[-3.2331,50.97729],[-3.23234,50.97691],[-3.2323,50.97695],[-3.23187,50.97684],[-3.23192,50.97677],[-3.23184,50.97675],[-3.23125,50.97705],[-3.23119,50.97701],[-3.22993,50.97791],[-3.23017,50.9781],[-3.23025,50.97805],[-3.23038,50.97815],[-3.23028,50.9782],[-3.23039,50.97828],[-3.23042,50.97826],[-3.23051,50.97839],[-3.23139,50.97911],[-3.23179,50.97891],[-3.23237,50.97871],[-3.23282,50.97869],[-3.23348,50.97873],[-3.23375,50.97849],[-3.23303,50.97826],[-3.23289,50.97813],[-3.23286,50.97786]]]}},
{"type":"Feature","properties":{"types":"Allotments Or Community Growing Spaces; Other Sports Facility; Play Space; Playing Field; Public Park Or Garden","area_m2":121876.1},"geometry":{"type":"Polygon","coordinates":[[[-3.2413,50.97952],[-3.24122,50.97951],[-3.24015,50.97886],[-3.23961,50.97828],[-3.23905,50.97748],[-3.23885,50.97751],[-3.23786,50.97808],[-3.23773,50.97794],[-3.23554,50.97716],[-3.23469,50.9778],[-3.23469,50.97789],[-3.2346,50.97787],[-3.23393,50.97851],[-3.23398,50.97856],[-3.23389,50.97862],[-3.23559,50.97957],[-3.23618,50.97914],[-3.23685,50.97951],[-3.23696,50.97949],[-3.23688,50.97965],[-3.2365,50.98001],[-3.23653,50.98003],[-3.23677,50.97984],[-3.23723,50.98007],[-3.23696,50.98027],[-3.23753,50.98058],[-3.2376,50.98067],[-3.23804,50.98064],[-3.23887,50.9804],[-3.23916,50.98023],[-3.23886,50.97988],[-3.23894,50.97985],[-3.23897,50.97988],[-3.2395,50.97969],[-3.23984,50.98006],[-3.23982,50.98018],[-3.23967,50.98026],[-3.23989,50.98024],[-3.23993,50.98027],[-3.24029,50.98022],[-3.24111,50.98003],[-3.24188,50.97991],[-3.24183,50.9798],[-3.24189,50.97976],[-3.24192,50.97978],[-3.24227,50.9797],[-3.24412,50.97913],[-3.24433,50.97906],[-3.2444,50.97898],[-3.24343,50.97834],[-3.2413,50.97952]]]}},
{"type":"Feature","properties":{"types":"Playing Field","area_m2":15599.1},"geometry":{"type":"Polygon","coordinates":[[[-3.32353,50.97937],[-3.32229,50.97888],[-3.32115,50.97989],[-3.32166,50.9802],[-3.32186,50.98023],[-3.32189,50.98034],[-3.32225,50.98054],[-3.32296,50.97995],[-3.32353,50.97937]]]}},
{"type":"Feature","properties":{"types":"Play Space; Playing Field","area_m2":6040.0},"geometry":{"type":"Polygon","coordinates":[[[-3.27252,50.99516],[-3.27261,50.99506],[-3.27259,50.99498],[-3.2717,50.9942],[-3.27147,50.9942],[-3.27139,50.99422],[-3.27132,50.99433],[-3.2713,50.99455],[-3.27136,50.99471],[-3.27185,50.99522],[-3.27252,50.99516]]]}},
{"type":"Feature","properties":{"types":"Allotments Or Community Growing Spaces","area_m2":10261.8},"geometry":{"type":"Polygon","coordinates":[[[-3.26201,51.02023],[-3.2614,51.02031],[-3.26132,51.0211],[-3.26136,51.02138],[-3.2627,51.02114],[-3.26264,51.02024],[-3.26203,51.02026],[-3.26201,51.02023]]]}},
{"type":"Feature","properties":{"types":"Play Space; Playing Field","area_m2":23352.9},"geometry":{"type":"Polygon","coordinates":[[[-3.26007,51.02324],[-3.26028,51.0236],[-3.26013,51.02363],[-3.26015,51.0237],[-3.25971,51.02376],[-3.25969,51.02369],[-3.25976,51.02368],[-3.25973,51.02361],[-3.25988,51.02357],[-3.26003,51.02336],[-3.25997,51.02328],[-3.25929,51.02348],[-3.25907,51.025],[-3.26043,51.02493],[-3.26094,51.02486],[-3.26162,51.0247],[-3.26105,51.0236],[-3.26049,51.0237],[-3.26023,51.02319],[-3.26007,51.02324]]]}},
{"type":"Feature","properties":{"types":"Other Sports Facility; Play Space; Playing Field","area_m2":29615.2},"geometry":{"type":"Polygon","coordinates":[[[-3.31815,51.0418],[-3.31878,51.04166],[-3.31895,51.0416],[-3.319,51.04153],[-3.31909,51.04152],[-3.31889,51.04122],[-3.31864,51.04069],[-3.31857,51.0407],[-3.31838,51.04038],[-3.31842,51.04037],[-3.31837,51.04034],[-3.31831,51.04036],[-3.31823,51.04024],[-3.31778,51.04035],[-3.31755,51.04034],[-3.31754,51.04039],[-3.31583,51.04054],[-3.31603,51.04178],[-3.31656,51.04185],[-3.31756,51.04187],[-3.31815,51.0418]],[[-3.31829,51.04167],[-3.31816,51.04139],[-3.31878,51.04124],[-3.31894,51.04153],[-3.31829,51.04167]]]}},
{"type":"Feature","properties":{"types":"Play Space; Public Park Or Garden","area_m2":8035.6},"geometry":{"type":"Polygon","coordinates":[[[-3.30396,51.04329],[-3.30381,51.04322],[-3.30313,51.04322],[-3.30288,51.04317],[-3.30257,51.04318],[-3.30204,51.04306],[-3.30206,51.04257],[-3.30163,51.0426],[-3.30161,51.04308],[-3.30147,51.04336],[-3.30304,51.04343],[-3.30419,51.04368],[-3.3044,51.04336],[-3.30396,51.04329]]]}},
{"type":"Feature","properties":{"types":"Playing Field","area_m2":10414.5},"geometry":{"type":"Polygon","coordinates":[[[-3.25406,51.04667],[-3.25307,51.04631],[-3.25257,51.04747],[-3.25273,51.04742],[-3.25304,51.04746],[-3.25319,51.04757],[-3.25335,51.04761],[-3.25393,51.04766],[-3.2539,51.04736],[-3.25417,51.04677],[-3.25406,51.04667]]]}},
{"type":"Feature","properties":{"types":"Allotments Or Community Growing Spaces; Playing Field","area_m2":19422.5},"geometry":{"type":"Polygon","coordinates":[[[-3.3109,51.04638],[-3.31074,51.04642],[-3.31036,51.04641],[-3.30959,51.04653],[-3.30966,51.04759],[-3.31203,51.04752],[-3.31202,51.04699],[-3.31167,51.04699],[-3.31163,51.04637],[-3.31145,51.04639],[-3.3109,51.04638]]]}},
{"type":"Feature","properties":{"types":"Playing Field","area_m2":32902.4},"geometry":{"type":"Polygon","coordinates":[[[-3.28354,51.06789],[-3.28367,51.06798],[-3.28447,51.06842],[-3.28428,51.06891],[-3.28411,51.06913],[-3.28424,51.06921],[-3.28519,51.06945],[-3.28572,51.06965],[-3.28668,51.0697],[-3.28679,51.06964],[-3.28658,51.06926],[-3.28635,51.06866],[-3.28613,51.06836],[-3.28563,51.06792],[-3.28533,51.06785],[-3.28503,51.06768],[-3.28508,51.06761],[-3.28408,51.06717],[-3.28385,51.06731],[-3.28355,51.06758],[-3.28348,51.06775],[-3.28354,51.06789]]]}},
{"type":"Feature","properties":{"types":"Play Space; Playing Field","area_m2":11134.3},"geometry":{"type":"Polygon","coordinates":[[[-3.24858,51.08529],[-3.24808,51.08525],[-3.24851,51.08597],[-3.25028,51.08602],[-3.25053,51.08535],[-3.24858,51.08529]]]}},
{"type":"Feature","properties":{"types":"Playing Field","area_m2":12984.7},"geometry":{"type":"Polygon","coordinates":[[[-3.28119,51.12451],[-3.28141,51.12462],[-3.2815,51.12462],[-3.28129,51.12486],[-3.28133,51.12486],[-3.28127,51.12499],[-3.28161,51.12525],[-3.28196,51.12544],[-3.282,51.12539],[-3.28211,51.12536],[-3.28259,51.12511],[-3.28336,51.12447],[-3.2833,51.12438],[-3.28186,51.12415],[-3.28173,51.12436],[-3.28132,51.12428],[-3.28114,51.12428],[-3.28109,51.12431],[-3.28109,51.12439],[-3.28119,51.12451]]]}},
{"type":"Feature","properties":{"types":"Playing Field","area_m2":12350.7},"geometry":{"type":"Polygon","coordinates":[[[-3.23837,51.12584],[-3.23821,51.12581],[-3.23819,51.12586],[-3.23815,51.12585],[-3.2382,51.12572],[-3.23788,51.1262],[-3.23784,51.12692],[-3.23818,51.1271],[-3.2395,51.1263],[-3.2398,51.12602],[-3.23981,51.12596],[-3.23969,51.12591],[-3.23906,51.12575],[-3.23837,51.12584]]]}},
{"type":"Feature","properties":{"types":"Play Space; Playing Field","area_m2":23024.1},"geometry":{"type":"Polygon","coordinates":[[[-3.31875,51.16105],[-3.31811,51.16112],[-3.3177,51.16085],[-3.31749,51.161],[-3.31704,51.16113],[-3.3164,51.16112],[-3.31615,51.16101],[-3.31634,51.16134],[-3.31576,51.16151],[-3.31661,51.1623],[-3.31703,51.16216],[-3.31736,51.16252],[-3.3178,51.16233],[-3.31787,51.1624],[-3.31811,51.16238],[-3.31868,51.16224],[-3.31871,51.16193],[-3.31818,51.16117],[-3.3187,51.16111],[-3.31875,51.16105]]]}},
{"type":"Feature","properties":{"types":"Allotments Or Community Growing Spaces","area_m2":5984.1},"geometry":{"type":"Polygon","coordinates":[[[-3.30022,51.1675],[-3.29849,51.16745],[-3.29845,51.1679],[-3.30017,51.16795],[-3.30022,51.1675]]]}},
{"type":"Feature","properties":{"types":"Other Sports Facility; Play Space; Playing Field","area_m2":10217.2},"geometry":{"type":"Polygon","coordinates":[[[-3.32467,51.17611],[-3.32522,51.17667],[-3.32563,51.17657],[-3.32778,51.17626],[-3.3277,51.17598],[-3.32715,51.17602],[-3.32713,51.1759],[-3.32596,51.17603],[-3.32467,51.17611]]]}},
{"type":"Feature","properties":{"types":"Play Space; Playing Field","area_m2":32089.5},"geometry":{"type":"Polygon","coordinates":[[[-3.32306,51.18083],[-3.3235,51.18098],[-3.3231,51.1815],[-3.32262,51.18131],[-3.32257,51.18135],[-3.32354,51.1817],[-3.32448,51.18187],[-3.32526,51.18191],[-3.32631,51.18183],[-3.32699,51.18169],[-3.32772,51.1814],[-3.32697,51.18167],[-3.32616,51.18091],[-3.3262,51.18089],[-3.32595,51.18063],[-3.32616,51.18055],[-3.32625,51.18065],[-3.32668,51.1805],[-3.32655,51.18037],[-3.32599,51.1805],[-3.32595,51.18041],[-3.32406,51.18067],[-3.32322,51.1807],[-3.32306,51.18083]]]}},
{"type":"Feature","properties":{"types":"Playing Field","area_m2":8955.3},"geometry":{"type":"Polygon","coordinates":[[[-3.22087,50.71567],[-3.22096,50.71605],[-3.22156,50.71635],[-3.22174,50.71618],[-3.22204,50.71602],[-3.2223,50.71566],[-3.22241,50.7154],[-3.22135,50.71517],[-3.22096,50.71551],[-3.22087,50.71567]]]}},
{"type":"Feature","properties":{"types":"Allotments Or Community Growing Spaces","area_m2":5194.9},"geometry":{"type":"Polygon","coordinates":[[[-3.21921,50.72209],[-3.21941,50.72214],[-3.22074,50.72222],[-3.22061,50.72179],[-3.22028,50.72162],[-3.21983,50.72166],[-3.21936,50.72179],[-3.21921,50.72209]]]}},
{"type":"Feature","properties":{"types":"Public Park Or Garden","area_m2":321551.9},"geometry":{"type":"Polygon","coordinates":[[[-3.15793,50.74363],[-3.15964,50.74392],[-3.15996,50.74278],[-3.1599,50.74231],[-3.15997,50.74204],[-3.15992,50.74116],[-3.16255,50.74131],[-3.16258,50.74123],[-3.16096,50.74084],[-3.15937,50.74072],[-3.15648,50.74015],[-3.15448,50.73983],[-3.15437,50.73986],[-3.15432,50.73985],[-3.1543,50.73978],[-3.15392,50.73964],[-3.15321,50.73929],[-3.15206,50.73844],[-3.15158,50.73813],[-3.14904,50.74021],[-3.14828,50.74098],[-3.14776,50.74164],[-3.14858,50.74208],[-3.14885,50.74241],[-3.14956,50.74267],[-3.14938,50.74284],[-3.14939,50.74301],[-3.14932,50.74312],[-3.14941,50.74313],[-3.14949,50.74321],[-3.14991,50.7432],[-3.15044,50.74336],[-3.15042,50.74331],[-3.15012,50.74321],[-3.15025,50.74293],[-3.15072,50.74298],[-3.15082,50.7429],[-3.15118,50.74288],[-3.15172,50.74307],[-3.15224,50.74301],[-3.15231,50.74293],[-3.15259,50.74314],[-3.1534,50.74335],[-3.15372,50.74354],[-3.15409,50.74347],[-3.15431,50.74348],[-3.1544,50.74337],[-3.15446,50.74335],[-3.15545,50.74325],[-3.15594,50.74331],[-3.15621,50.74329],[-3.15648,50.74336],[-3.15663,50.74324],[-3.15685,50.74317],[-3.1572,50.74313],[-3.15787,50.74316],[-3.15797,50.74354],[-3.15793,50.74363]]]}},
{"type":"Feature","properties":{"types":"Playing Field","area_m2":10126.8},"geometry":{"type":"Polygon","coordinates":[[[-3.17108,50.75797],[-3.17072,50.75789],[-3.17053,50.75771],[-3.17011,50.75765],[-3.17004,50.75758],[-3.16987,50.75756],[-3.16982,50.75749],[-3.16978,50.75758],[-3.16954,50.75751],[-3.16925,50.75732],[-3.16921,50.75749],[-3.1693,50.75794],[-3.16915,50.7583],[-3.16925,50.75833],[-3.16951,50.75851],[-3.1697,50.75825],[-3.17067,50.7585],[-3.17074,50.75848],[-3.17108,50.75797]]]}},
{"type":"Feature","properties":{"types":"Play Space; Playing Field","area_m2":11903.7},"geometry":{"type":"Polygon","coordinates":[[[-3.14214,50.79119],[-3.1419,50.79119],[-3.14189,50.79102],[-3.14179,50.791],[-3.14133,50.79102],[-3.14105,50.79111],[-3.14106,50.79127],[-3.14103,50.79111],[-3.1407,50.79118],[-3.14087,50.79225],[-3.14162,50.79211],[-3.1422,50.79207],[-3.14217,50.79082],[-3.14199,50.79088],[-3.14211,50.79089],[-3.14214,50.79119]]]}},
{"type":"Feature","properties":{"types":"Play Space; Playing Field","area_m2":9434.0},"geometry":{"type":"Polygon","coordinates":[[[-3.19394,50.79238],[-3.19395,50.7921],[-3.19381,50.79207],[-3.19325,50.79219],[-3.19319,50.79194],[-3.19297,50.79205],[-3.19264,50.79214],[-3.19199,50.79213],[-3.19149,50.79207],[-3.19165,50.79262],[-3.19207,50.79305],[-3.19249,50.79272],[-3.19296,50.79251],[-3.19306,50.79251],[-3.19323,50.79236],[-3.19334,50.79238],[-3.19335,50.79245],[-3.19341,50.79237],[-3.19394,50.79238]]]}},
{"type":"Feature","properties":{"types":"Playing Field","area_m2":31082.9},"geometry":{"type":"Polygon","coordinates":[[[-3.16845,50.79489],[-3.16913,50.79424],[-3.16916,50.79425],[-3.16926,50.79416],[-3.16924,50.79408],[-3.16962,50.79375],[-3.16959,50.79374],[-3.16946,50.79387],[-3.16943,50.79386],[-3.16957,50.7937],[-3.17022,50.79311],[-3.1687,50.79274],[-3.16741,50.79327],[-3.16661,50.79356],[-3.16684,50.79392],[-3.16845,50.79489]]]}},
{"type":"Feature","properties":{"types":"Other Sports Facility; Play Space; Playing Field","area_m2":13737.7},"geometry":{"type":"Polygon","coordinates":[[[-3.1916,50.79589],[-3.19164,50.79597],[-3.19139,50.79612],[-3.19241,50.79614],[-3.19247,50.7957],[-3.1926,50.79571],[-3.19262,50.79565],[-3.1927,50.79565],[-3.19335,50.79568],[-3.19332,50.79605],[-3.19337,50.79609],[-3.19339,50.79652],[-3.19345,50.79652],[-3.19345,50.79628],[-3.19338,50.7961],[-3.19341,50.7957],[-3.19336,50.79559],[-3.19341,50.79543],[-3.19331,50.79509],[-3.19334,50.79507],[-3.19345,50.79521],[-3.19345,50.79611],[-3.19352,50.79653],[-3.19354,50.79639],[-3.19396,50.7963],[-3.19361,50.79487],[-3.19337,50.79492],[-3.19331,50.79485],[-3.19321,50.79487],[-3.19333,50.79506],[-3.19329,50.79507],[-3.19317,50.79488],[-3.19312,50.79499],[-3.19213,50.7952],[-3.19202,50.79547],[-3.19171,50.79583],[-3.1916,50.79589]]]}},
{"type":"Feature","properties":{"types":"Play Space; Public Park Or Garden","area_m2":35567.8},"geometry":{"type":"Polygon","coordinates":[[[-3.1836,50.79531],[-3.18324,50.79554],[-3.18281,50.79571],[-3.18278,50.79567],[-3.18218,50.79574],[-3.18199,50.79558],[-3.18196,50.79561],[-3.18135,50.79524],[-3.1809,50.79495],[-3.18079,50.79484],[-3.18026,50.79524],[-3.18055,50.79556],[-3.1806,50.79582],[-3.18067,50.79586],[-3.18052,50.796],[-3.1815,50.79637],[-3.18171,50.79619],[-3.18212,50.79676],[-3.18244,50.79675],[-3.18358,50.79706],[-3.18426,50.7971],[-3.18433,50.79707],[-3.18436,50.797],[-3.1847,50.79706],[-3.18482,50.79713],[-3.18496,50.7971],[-3.18425,50.79676],[-3.18371,50.79645],[-3.18408,50.79666],[-3.18416,50.79663],[-3.18407,50.79664],[-3.18376,50.79646],[-3.18378,50.79642],[-3.18421,50.7962],[-3.18445,50.79638],[-3.18467,50.79636],[-3.18469,50.79631],[-3.18453,50.7961],[-3.18438,50.79612],[-3.1836,50.79531]]]}},
{"type":"Feature","properties":{"types":"Playing Field","area_m2":31430.2},"geometry":{"type":"Polygon","coordinates":[[[-3.20636,50.79708],[-3.20653,50.79693],[-3.20685,50.7964],[-3.20659,50.7961],[-3.20616,50.79591],[-3.20559,50.79589],[-3.205,50.79603],[-3.20448,50.79627],[-3.20436,50.79623],[-3.20323,50.79681],[-3.20344,50.79695],[-3.2053,50.79783],[-3.20636,50.79708]]]}},
{"type":"Feature","properties":{"types":"Public Park Or Garden","area_m2":15325.0},"geometry":{"type":"Polygon","coordinates":[[[-3.20804,50.7966],[-3.20722,50.79738],[-3.20725,50.79747],[-3.20748,50.79755],[-3.20753,50.79763],[-3.208,50.79779],[-3.20891,50.79711],[-3.20983,50.79661],[-3.20952,50.79639],[-3.20914,50.79637],[-3.20867,50.79622],[-3.20873,50.7962],[-3.20847,50.79611],[-3.20804,50.7966]]]}},
{"type":"Feature","properties":{"types":"Playing Field","area_m2":22541.9},"geometry":{"type":"Polygon","coordinates":[[[-3.20097,50.79811],[-3.20018,50.79864],[-3.20075,50.79894],[-3.20132,50.79916],[-3.20144,50.79923],[-3.20243,50.79958],[-3.20278,50.79933],[-3.20319,50.79873],[-3.2031,50.79863],[-3.20219,50.79813],[-3.20131,50.79776],[-3.20118,50.79775],[-3.20126,50.79782],[-3.2012,50.79782],[-3.20114,50.79797],[-3.20097,50.79811]]]}},
{"type":"Feature","properties":{"types":"Other Sports Facility; Play Space","area_m2":38973.7},"geometry":{"type":"Polygon","coordinates":[[[-3.19136,50.80184],[-3.19195,50.80254],[-3.19188,50.8026],[-3.19214,50.80284],[-3.19349,50.80279],[-3.19459,50.80265],[-3.19436,50.80257],[-3.19422,50.80215],[-3.19481,50.80166],[-3.19326,50.80125],[-3.19311,50.80136],[-3.19292,50.80136],[-3.19296,50.8013],[-3.19289,50.80129],[-3.1929,50.80125],[-3.19295,50.80116],[-3.19198,50.80089],[-3.19101,50.80075],[-3.19075,50.80066],[-3.19072,50.80074],[-3.19136,50.80184]]]}},
{"type":"Feature","properties":{"types":"Playing Field","area_m2":5441.2},"geometry":{"type":"Polygon","coordinates":[[[-3.22026,50.82852],[-3.21999,50.82762],[-3.21925,50.82771],[-3.21951,50.8286],[-3.22026,50.82852]]]}},
{"type":"Feature","properties":{"types":"Other Sports Facility; Play Space; Playing Field","area_m2":8586.8},"geometry":{"type":"Polygon","coordinates":[[[-3.2182,50.855],[-3.21814,50.85581],[-3.21942,50.85586],[-3.21946,50.85589],[-3.21955,50.85586],[-3.21942,50.85496],[-3.21894,50.85502],[-3.2182,50.855]]]}},
{"type":"Feature","properties":{"types":"Allotments Or Community Growing Spaces","area_m2":5118.2},"geometry":{"type":"Polygon","coordinates":[[[-3.21963,50.85638],[-3.21966,50.85614],[-3.21946,50.85609],[-3.21948,50.85594],[-3.21813,50.85589],[-3.21809,50.85632],[-3.21901,50.85638],[-3.21963,50.85638]]]}},
{"type":"Feature","properties":{"types":"Playing Field","area_m2":11868.5},"geometry":{"type":"Polygon","coordinates":[[[-3.2221,50.85705],[-3.22181,50.85715],[-3.22128,50.85744],[-3.22058,50.85796],[-3.22073,50.85805],[-3.22176,50.85834],[-3.22293,50.85752],[-3.22218,50.85717],[-3.2221,50.85705]]]}},
{"type":"Feature","properties":{"types":"Play Space; Playing Field","area_m2":11440.6},"geometry":{"type":"Polygon","coordinates":[[[-3.13455,50.8626],[-3.13474,50.86264],[-3.13453,50.86258],[-3.13447,50.86252],[-3.13444,50.86255],[-3.13395,50.86237],[-3.1331,50.86291],[-3.13255,50.86358],[-3.13354,50.86383],[-3.13451,50.863],[-3.13452,50.86294],[-3.13425,50.86287],[-3.13419,50.86295],[-3.134,50.86288],[-3.13422,50.86261],[-3.13441,50.86267],[-3.13455,50.8626]]]}},
{"type":"Feature","properties":{"types":"Playing Field","area_m2":27243.4},"geometry":{"type":"Polygon","coordinates":[[[-3.14071,50.86451],[-3.1421,50.86529],[-3.14216,50.86547],[-3.14313,50.86552],[-3.14334,50.86548],[-3.1436,50.86533],[-3.14371,50.86519],[-3.14392,50.86457],[-3.14331,50.86447],[-3.14292,50.86435],[-3.14261,50.86413],[-3.14275,50.86397],[-3.1426,50.86387],[-3.14129,50.86372],[-3.14076,50.86392],[-3.14042,50.86412],[-3.14093,50.86435],[-3.14071,50.86451]],[[-3.14091,50.86392],[-3.14131,50.86406],[-3.14105,50.86434],[-3.14064,50.86419],[-3.14091,50.86392]]]}},
{"type":"Feature","properties":{"types":"Allotments Or Community Growing Spaces","area_m2":7904.2},"geometry":{"type":"Polygon","coordinates":[[[-3.14098,50.88976],[-3.14034,50.88928],[-3.13923,50.88997],[-3.14001,50.89048],[-3.1406,50.89004],[-3.14055,50.88999],[-3.14063,50.89001],[-3.14098,50.88976]]]}},
{"type":"Feature","properties":{"types":"Play Space; Playing Field","area_m2":13399.3},"geometry":{"type":"Polygon","coordinates":[[[-3.12376,50.90979],[-3.12256,50.90899],[-3.12248,50.90885],[-3.12153,50.90914],[-3.12149,50.90919],[-3.12129,50.90906],[-3.12115,50.9091],[-3.12117,50.90917],[-3.12131,50.90916],[-3.12156,50.90936],[-3.12151,50.90939],[-3.12182,50.90962],[-3.12301,50.91035],[-3.12376,50.90979]]]}},
{"type":"Feature","properties":{"types":"Play Space; Playing Field","area_m2":13659.6},"geometry":{"type":"Polygon","coordinates":[[[-3.22652,50.913],[-3.22639,50.91309],[-3.2264,50.91326],[-3.2266,50.91395],[-3.22683,50.91403],[-3.22782,50.91385],[-3.22802,50.9136],[-3.2281,50.9136],[-3.22805,50.91327],[-3.22818,50.91327],[-3.22808,50.91273],[-3.22812,50.9127],[-3.22808,50.91271],[-3.22806,50.91267],[-3.22652,50.913]]]}},
{"type":"Feature","properties":{"types":"Playing Field","area_m2":22186.2},"geometry":{"type":"Polygon","coordinates":[[[-3.1297,50.914],[-3.12901,50.91411],[-3.12867,50.91484],[-3.12955,50.915],[-3.12908,50.91613],[-3.13015,50.91623],[-3.13084,50.91459],[-3.1297,50.914]]]}},
{"type":"Feature","properties":{"types":"Public Park Or Garden","area_m2":7570.5},"geometry":{"type":"Polygon","coordinates":[[[-3.1243,50.95714],[-3.12409,50.95713],[-3.1241,50.95708],[-3.12402,50.95705],[-3.12319,50.95708],[-3.12279,50.957],[-3.12274,50.95708],[-3.12308,50.95724],[-3.12357,50.95777],[-3.12371,50.95783],[-3.12414,50.95826],[-3.1243,50.95823],[-3.1243,50.95714]]]}},
{"type":"Feature","properties":{"types":"Play Space; Playing Field","area_m2":17651.0},"geometry":{"type":"Polygon","coordinates":[[[-3.12408,50.96672],[-3.12647,50.9664],[-3.12625,50.96618],[-3.12592,50.96552],[-3.12384,50.96563],[-3.1239,50.96632],[-3.12408,50.96672]],[[-3.12393,50.96583],[-3.12417,50.96583],[-3.12417,50.96613],[-3.12392,50.96613],[-3.12393,50.96583]]]}},
{"type":"Feature","properties":{"types":"Playing Field","area_m2":14089.7},"geometry":{"type":"Polygon","coordinates":[[[-3.22175,50.97127],[-3.2214,50.97135],[-3.22118,50.97136],[-3.22153,50.97164],[-3.22051,50.9722],[-3.22009,50.97252],[-3.22129,50.97282],[-3.22253,50.97223],[-3.2222,50.97178],[-3.22209,50.97177],[-3.22211,50.97169],[-3.22175,50.97127]]]}},
{"type":"Feature","properties":{"types":"Other Sports Facility; Play Space; Playing Field","area_m2":60315.3},"geometry":{"type":"Polygon","coordinates":[[[-3.23073,50.97188],[-3.23078,50.97185],[-3.22874,50.97243],[-3.22852,50.97211],[-3.22889,50.97197],[-3.22851,50.97208],[-3.22836,50.97189],[-3.228,50.972],[-3.22832,50.9724],[-3.22784,50.97256],[-3.22834,50.97241],[-3.22844,50.97253],[-3.22871,50.97244],[-3.22845,50.97255],[-3.22852,50.97261],[-3.22843,50.97271],[-3.22887,50.97319],[-3.22894,50.97337],[-3.22888,50.97355],[-3.22878,50.97367],[-3.22775,50.97416],[-3.22749,50.97423],[-3.22812,50.97499],[-3.22862,50.97538],[-3.23058,50.97445],[-3.23152,50.97412],[-3.23146,50.97411],[-3.23151,50.97405],[-3.23099,50.97292],[-3.23082,50.97192],[-3.23074,50.97192],[-3.23073,50.97188]]]}},
{"type":"Feature","properties":{"types":"Playing Field","area_m2":11751.4},"geometry":{"type":"Polygon","coordinates":[[[-3.22607,50.97421],[-3.22731,50.97391],[-3.22708,50.97344],[-3.22696,50.9729],[-3.22695,50.97255],[-3.22618,50.97279],[-3.22612,50.97286],[-3.2259,50.97293],[-3.22587,50.97289],[-3.22533,50.97305],[-3.22607,50.97421]],[[-3.22695,50.97299],[-3.2258,50.97335],[-3.22557,50.97307],[-3.22673,50.9727],[-3.22695,50.97299]]]}},
{"type":"Feature","properties":{"types":"Play Space; Public Park Or Garden","area_m2":6066.6},"geometry":{"type":"Polygon","coordinates":[[[-3.21484,50.97399],[-3.21446,50.97362],[-3.2142,50.97316],[-3.21402,50.97326],[-3.21411,50.97362],[-3.21409,50.97383],[-3.21427,50.97397],[-3.21465,50.97414],[-3.21487,50.97443],[-3.21491,50.97454],[-3.21571,50.97434],[-3.21566,50.97424],[-3.21556,50.97428],[-3.21554,50.97423],[-3.21565,50.97422],[-3.21554,50.97413],[-3.21544,50.97384],[-3.21484,50.97399]]]}},
{"type":"Feature","properties":{"types":"Other Sports Facility; Play Space","area_m2":11472.3},"geometry":{"type":"Polygon","coordinates":[[[-3.22438,50.97688],[-3.2245,50.97702],[-3.22431,50.97709],[-3.22415,50.97695],[-3.22398,50.97703],[-3.22394,50.977],[-3.22411,50.97691],[-3.22408,50.97685],[-3.22341,50.97716],[-3.22298,50.97678],[-3.22258,50.97676],[-3.22268,50.97688],[-3.22401,50.97796],[-3.22456,50.97762],[-3.22492,50.97788],[-3.22502,50.97785],[-3.22534,50.97767],[-3.2253,50.97763],[-3.22537,50.97759],[-3.22509,50.9773],[-3.22502,50.9774],[-3.2249,50.9774],[-3.2249,50.97735],[-3.22487,50.97736],[-3.22489,50.97728],[-3.22498,50.97724],[-3.22442,50.97688],[-3.22438,50.97688]]]}},
{"type":"Feature","properties":{"types":"Play Space; Playing Field","area_m2":12509.5},"geometry":{"type":"Polygon","coordinates":[[[-3.17626,50.97872],[-3.17608,50.97872],[-3.17607,50.9786],[-3.17586,50.9786],[-3.17584,50.97842],[-3.17509,50.97849],[-3.17474,50.97856],[-3.17452,50.97902],[-3.1745,50.97929],[-3.17456,50.97954],[-3.17643,50.97936],[-3.17633,50.9792],[-3.17624,50.97881],[-3.17632,50.97881],[-3.17626,50.97872]]]}},
{"type":"Feature","properties":{"types":"Play Space; Playing Field","area_m2":15802.6},"geometry":{"type":"Polygon","coordinates":[[[-3.21868,50.98064],[-3.21879,50.98052],[-3.21874,50.9805],[-3.21834,50.98055],[-3.21819,50.98068],[-3.2181,50.98065],[-3.21826,50.98053],[-3.21793,50.98045],[-3.21757,50.98049],[-3.21741,50.98047],[-3.2171,50.98094],[-3.21757,50.98173],[-3.21779,50.98162],[-3.21773,50.98169],[-3.21735,50.98185],[-3.2174,50.98197],[-3.21815,50.98184],[-3.21867,50.98157],[-3.21873,50.98159],[-3.21886,50.98147],[-3.21882,50.98145],[-3.21916,50.98115],[-3.21944,50.98106],[-3.2194,50.981],[-3.21947,50.98097],[-3.21937,50.98096],[-3.21934,50.98091],[-3.21912,50.98097],[-3.21905,50.98095],[-3.21886,50.98104],[-3.21866,50.98107],[-3.21867,50.98077],[-3.2189,50.98067],[-3.21886,50.98065],[-3.21869,50.9807],[-3.21868,50.98064]]]}},
{"type":"Feature","properties":{"types":"Playing Field","area_m2":57106.1},"geometry":{"type":"Polygon","coordinates":[[[-3.1257,50.98171],[-3.12568,50.98177],[-3.12556,50.98177],[-3.1255,50.98201],[-3.12581,50.98212],[-3.12584,50.98218],[-3.12524,50.98292],[-3.12491,50.98361],[-3.12526,50.98415],[-3.12502,50.98424],[-3.12499,50.98437],[-3.12536,50.98457],[-3.12536,50.98464],[-3.12554,50.9847],[-3.12559,50.98476],[-3.12544,50.98493],[-3.12546,50.985],[-3.12717,50.98586],[-3.12734,50.98566],[-3.12775,50.98485],[-3.12783,50.9842],[-3.12781,50.98406],[-3.12773,50.98407],[-3.12756,50.98397],[-3.1271,50.9839],[-3.12736,50.98289],[-3.12661,50.98282],[-3.12663,50.9826],[-3.12681,50.98235],[-3.12683,50.98217],[-3.127,50.98186],[-3.12669,50.98181],[-3.12668,50.98175],[-3.1257,50.98171]]]}},
{"type":"Feature","properties":{"types":"Play Space; Public Park Or Garden","area_m2":9487.4},"geometry":{"type":"Polygon","coordinates":[[[-3.21746,50.98343],[-3.21752,50.98342],[-3.2175,50.98363],[-3.21747,50.98361],[-3.21736,50.98387],[-3.21752,50.98434],[-3.21806,50.98431],[-3.21841,50.98415],[-3.21867,50.98395],[-3.21888,50.98387],[-3.21924,50.98384],[-3.21937,50.98375],[-3.21827,50.98342],[-3.21721,50.9832],[-3.21714,50.9831],[-3.21708,50.98313],[-3.21705,50.98315],[-3.21711,50.98315],[-3.21723,50.98326],[-3.21747,50.98335],[-3.21751,50.98339],[-3.21746,50.98343]]]}},
{"type":"Feature","properties":{"types":"Play Space; Public Park Or Garden","area_m2":56197.4},"geometry":{"type":"Polygon","coordinates":[[[-3.23408,50.98707],[-3.23361,50.98732],[-3.23293,50.98754],[-3.23278,50.98755],[-3.23237,50.98768],[-3.23237,50.98759],[-3.2321,50.9877],[-3.23208,50.98767],[-3.232,50.9877],[-3.23201,50.98772],[-3.23195,50.98766],[-3.23134,50.98781],[-3.23104,50.98756],[-3.2308,50.9874],[-3.23067,50.98715],[-3.23068,50.98708],[-3.23099,50.98686],[-3.23156,50.98667],[-3.23161,50.98672],[-3.23189,50.98662],[-3.23177,50.98651],[-3.23092,50.9867],[-3.22986,50.98733],[-3.2294,50.98756],[-3.22907,50.98767],[-3.22883,50.98769],[-3.22853,50.98764],[-3.22843,50.98758],[-3.22803,50.98748],[-3.22774,50.98735],[-3.22743,50.98712],[-3.22737,50.98687],[-3.22745,50.98689],[-3.22741,50.98671],[-3.22747,50.98669],[-3.22744,50.98664],[-3.2278,50.98653],[-3.22841,50.98648],[-3.22638,50.98649],[-3.22615,50.98715],[-3.22599,50.98741],[-3.22588,50.98758],[-3.22573,50.98757],[-3.22559,50.98768],[-3.22548,50.98795],[-3.22575,50.98816],[-3.22601,50.98856],[-3.22876,50.98842],[-3.2311,50.98807],[-3.23182,50.98791],[-3.23377,50.98737],[-3.2353,50.98672],[-3.23481,50.98639],[-3.23513,50.98667],[-3.23512,50.98672],[-3.23475,50.98682],[-3.23466,50.9869],[-3.23413,50.98708],[-3.23408,50.98707]]]}},
{"type":"Feature","properties":{"types":"Playing Field","area_m2":15958.0},"geometry":{"type":"Polygon","coordinates":[[[-3.20121,50.98701],[-3.20114,50.98704],[-3.20008,50.98833],[-3.20168,50.98868],[-3.20236,50.98775],[-3.20166,50.98736],[-3.20121,50.98701]]]}},
{"type":"Feature","properties":{"types":"Play Space; Playing Field","area_m2":27714.3},"geometry":{"type":"Polygon","coordinates":[[[-3.11703,50.99172],[-3.11713,50.99175],[-3.11705,50.99185],[-3.11638,50.99233],[-3.11642,50.99238],[-3.11794,50.99246],[-3.11835,50.99254],[-3.11844,50.99249],[-3.11879,50.99254],[-3.11875,50.99265],[-3.11945,50.99284],[-3.11937,50.99226],[-3.11975,50.99126],[-3.11897,50.9911],[-3.11807,50.99108],[-3.11805,50.99116],[-3.11794,50.99123],[-3.11717,50.99132],[-3.11703,50.99172]]]}},
{"type":"Feature","properties":{"types":"Playing Field","area_m2":13475.8},"geometry":{"type":"Polygon","coordinates":[[[-3.12789,50.99294],[-3.12687,50.9931],[-3.12599,50.99316],[-3.1263,50.99325],[-3.12646,50.99429],[-3.12826,50.99371],[-3.12789,50.99294]]]}},
{"type":"Feature","properties":{"types":"Other Sports Facility; Play Space","area_m2":15042.7},"geometry":{"type":"Polygon","coordinates":[[[-3.12688,51.00028],[-3.12715,51.00025],[-3.12757,51.00008],[-3.1279,51.00025],[-3.12793,51.00039],[-3.12783,51.00052],[-3.12813,51.00033],[-3.12754,50.99992],[-3.12681,50.99847],[-3.12628,50.99866],[-3.12604,50.99881],[-3.12592,50.99883],[-3.12656,50.99976],[-3.12698,51.00018],[-3.12676,51.00027],[-3.12622,51.00028],[-3.12554,51.00014],[-3.12497,50.99993],[-3.12467,51.00013],[-3.12439,51.00044],[-3.12454,51.00047],[-3.1247,51.00023],[-3.1252,51.00028],[-3.12523,51.0002],[-3.12548,51.00023],[-3.12588,51.00046],[-3.12597,51.00046],[-3.12605,51.00033],[-3.12627,51.0004],[-3.12649,51.00035],[-3.12671,51.00038],[-3.12688,51.00028]]]}},
{"type":"Feature","properties":{"types":"Play Space; Playing Field","area_m2":5703.5},"geometry":{"type":"Polygon","coordinates":[[[-3.21679,51.0019],[-3.21768,51.00236],[-3.2183,51.00187],[-3.21746,51.00144],[-3.2169,51.00176],[-3.21679,51.0019]]]}},
{"type":"Feature","properties":{"types":"Public Park Or Garden","area_m2":15132.1},"geometry":{"type":"GeometryCollection","geometries":[{"type":"Polygon","coordinates":[[[-3.13006,51.0053],[-3.13013,51.00523],[-3.13031,51.00517],[-3.13036,51.00519],[-3.13042,51.00514],[-3.13049,51.00516],[-3.13067,51.00501],[-3.13081,51.00505],[-3.13085,51.00499],[-3.13079,51.00493],[-3.13108,51.00473],[-3.13094,51.00457],[-3.131,51.00455],[-3.13053,51.00431],[-3.13039,51.00428],[-3.1293,51.00465],[-3.12913,51.00448],[-3.12927,51.00466],[-3.12807,51.00509],[-3.12756,51.00535],[-3.12776,51.00552],[-3.128,51.0054],[-3.12817,51.00544],[-3.12828,51.00538],[-3.12832,51.00527],[-3.12858,51.00546],[-3.12957,51.00521],[-3.12997,51.00521],[-3.12997,51.00531],[-3.13001,51.00529],[-3.13006,51.0053]]]},{"type":"LineString","coordinates":[[-3.12827,51.00504],[-3.12809,51.0051]]}]}},
{"type":"Feature","properties":{"types":"Play Space; Playing Field","area_m2":14809.9},"geometry":{"type":"Polygon","coordinates":[[[-3.11992,51.00631],[-3.12004,51.00632],[-3.12006,51.00628],[-3.11927,51.00595],[-3.1183,51.00724],[-3.11824,51.00738],[-3.11832,51.00739],[-3.11853,51.00727],[-3.11875,51.00727],[-3.12046,51.00749],[-3.12076,51.00759],[-3.12068,51.00754],[-3.12088,51.00708],[-3.12023,51.00697],[-3.11976,51.00675],[-3.11969,51.00664],[-3.11969,51.00656],[-3.11992,51.00631]]]}},
{"type":"Feature","properties":{"types":"Allotments Or Community Growing Spaces; Play Space; Playing Field","area_m2":54120.3},"geometry":{"type":"Polygon","coordinates":[[[-3.1265,51.00929],[-3.12608,51.00938],[-3.12548,51.00941],[-3.12548,51.00929],[-3.12523,51.00913],[-3.12471,51.00895],[-3.12467,51.00897],[-3.12455,51.00894],[-3.12412,51.00918],[-3.12397,51.00932],[-3.12366,51.00981],[-3.1241,51.00989],[-3.12404,51.00998],[-3.12335,51.00987],[-3.12248,51.00969],[-3.12237,51.00978],[-3.12136,51.01143],[-3.12173,51.01153],[-3.12191,51.01161],[-3.12269,51.01177],[-3.12265,51.01184],[-3.12269,51.01187],[-3.12352,51.01201],[-3.12364,51.01187],[-3.12394,51.01193],[-3.12424,51.01145],[-3.12408,51.0114],[-3.12404,51.01134],[-3.12435,51.01074],[-3.12449,51.01032],[-3.12455,51.01031],[-3.12468,51.01006],[-3.12496,51.01011],[-3.12548,51.01012],[-3.12543,51.01001],[-3.12522,51.01],[-3.12677,51.00963],[-3.12665,51.00943],[-3.12659,51.00943],[-3.1265,51.00929]]]}},
{"type":"Feature","properties":{"types":"Play Space; Playing Field; Public Park Or Garden","area_m2":37511.7},"geometry":{"type":"Polygon","coordinates":[[[-3.13334,51.01254],[-3.13339,51.01297],[-3.13317,51.01301],[-3.13309,51.01313],[-3.1327,51.01325],[-3.1325,51.01359],[-3.13262,51.01359],[-3.13283,51.01366],[-3.13328,51.01406],[-3.13341,51.01422],[-3.13375,51.01449],[-3.1339,51.01468],[-3.13398,51.01553],[-3.13418,51.01552],[-3.13432,51.01579],[-3.13433,51.01609],[-3.1341,51.01649],[-3.13415,51.0165],[-3.1341,51.01658],[-3.13445,51.01672],[-3.13447,51.01667],[-3.13457,51.01666],[-3.1346,51.01651],[-3.1345,51.01644],[-3.13461,51.01622],[-3.13517,51.01623],[-3.13522,51.01629],[-3.13551,51.0163],[-3.1355,51.01636],[-3.13566,51.01637],[-3.13577,51.01622],[-3.13559,51.01614],[-3.13555,51.01604],[-3.13565,51.01554],[-3.13589,51.01508],[-3.13589,51.01476],[-3.13581,51.01454],[-3.13566,51.01447],[-3.13538,51.01444],[-3.13401,51.01449],[-3.13388,51.01414],[-3.13392,51.01401],[-3.13404,51.0139],[-3.13388,51.01381],[-3.1338,51.01361],[-3.1338,51.01328],[-3.13388,51.01319],[-3.13403,51.01314],[-3.13384,51.01307],[-3.13379,51.01269],[-3.13399,51.01261],[-3.13383,51.01248],[-3.13374,51.01248],[-3.13364,51.01214],[-3.13315,51.0123],[-3.13334,51.01254]]]}},
{"type":"Feature","properties":{"types":"Other Sports Facility","area_m2":54757.6},"geometry":{"type":"Polygon","coordinates":[[[-3.12261,51.01757],[-3.12175,51.01756],[-3.12176,51.01754],[-3.12144,51.01755],[-3.12135,51.01761],[-3.12108,51.01741],[-3.12078,51.01741],[-3.12078,51.01729],[-3.11978,51.01732],[-3.1197,51.0172],[-3.11919,51.0172],[-3.11919,51.01724],[-3.11908,51.01726],[-3.11878,51.01724],[-3.11878,51.01715],[-3.11873,51.01712],[-3.11878,51.01709],[-3.11876,51.01677],[-3.11886,51.01677],[-3.11885,51.0167],[-3.11876,51.01666],[-3.11845,51.01666],[-3.11839,51.01655],[-3.11737,51.01656],[-3.11737,51.0166],[-3.11723,51.0166],[-3.11723,51.01707],[-3.11719,51.01703],[-3.11722,51.01733],[-3.11729,51.01736],[-3.11772,51.01736],[-3.11772,51.01749],[-3.11859,51.01748],[-3.11859,51.01778],[-3.11781,51.01779],[-3.11781,51.01773],[-3.1177,51.01773],[-3.1177,51.01763],[-3.11753,51.01763],[-3.11748,51.01775],[-3.11755,51.01784],[-3.11776,51.01799],[-3.11891,51.01865],[-3.11913,51.01872],[-3.12001,51.01849],[-3.12076,51.01837],[-3.12326,51.01846],[-3.12349,51.01839],[-3.12353,51.01745],[-3.12299,51.01743],[-3.12262,51.01753],[-3.12261,51.01757]]]}},
{"type":"Feature","properties":{"types":"Play Space; Playing Field","area_m2":17592.4},"geometry":{"type":"Polygon","coordinates":[[[-3.12511,51.02879],[-3.12499,51.02898],[-3.12536,51.02918],[-3.12576,51.02932],[-3.12598,51.02946],[-3.12641,51.02963],[-3.12654,51.02972],[-3.12662,51.02942],[-3.12711,51.02901],[-3.12714,51.02894],[-3.12701,51.02876],[-3.12616,51.02876],[-3.12616,51.02776],[-3.12582,51.02769],[-3.12545,51.02753],[-3.12519,51.02761],[-3.12532,51.02767],[-3.12522,51.02795],[-3.12511,51.02879]]]}},
{"type":"Feature","properties":{"types":"Other Sports Facility; Playing Field","area_m2":37034.9},"geometry":{"type":"Polygon","coordinates":[[[-3.15656,51.02819],[-3.15633,51.02807],[-3.15549,51.02852],[-3.15531,51.02866],[-3.15523,51.02859],[-3.15603,51.02821],[-3.1549,51.0274],[-3.15454,51.02741],[-3.15429,51.02749],[-3.15418,51.02757],[-3.15389,51.02791],[-3.15359,51.02785],[-3.15347,51.02791],[-3.15365,51.02818],[-3.1542,51.02852],[-3.15432,51.02863],[-3.15427,51.02885],[-3.15439,51.02914],[-3.15511,51.02966],[-3.15522,51.0299],[-3.15745,51.02883],[-3.15668,51.02817],[-3.15656,51.02819]],[[-3.15644,51.02861],[-3.15612,51.02836],[-3.15631,51.02826],[-3.15663,51.02852],[-3.15644,51.02861]]]}},
{"type":"Feature","properties":{"types":"Play Space; Public Park Or Garden","area_m2":7720.9},"geometry":{"type":"Polygon","coordinates":[[[-3.13081,51.0291],[-3.13065,51.02898],[-3.13047,51.02871],[-3.1298,51.0288],[-3.12989,51.02899],[-3.12993,51.02898],[-3.13009,51.02919],[-3.13007,51.0293],[-3.13024,51.02972],[-3.13013,51.02973],[-3.13022,51.02993],[-3.13031,51.02998],[-3.13025,51.03005],[-3.13035,51.03029],[-3.13069,51.03021],[-3.13082,51.03004],[-3.13074,51.0299],[-3.13074,51.02963],[-3.13097,51.02959],[-3.13081,51.0291]]]}},
{"type":"Feature","properties":{"types":"Allotments Or Community Growing Spaces","area_m2":18894.2},"geometry":{"type":"Polygon","coordinates":[[[-3.15858,51.02895],[-3.15841,51.02867],[-3.15783,51.02844],[-3.15769,51.02833],[-3.15755,51.02832],[-3.15737,51.02817],[-3.15723,51.02816],[-3.15597,51.0274],[-3.15572,51.0275],[-3.15643,51.02807],[-3.15647,51.02798],[-3.1567,51.02816],[-3.15797,51.02922],[-3.15969,51.02991],[-3.15984,51.02979],[-3.16016,51.03],[-3.16063,51.03081],[-3.1608,51.03075],[-3.16087,51.03068],[-3.16063,51.03028],[-3.16063,51.03006],[-3.16058,51.02995],[-3.15925,51.02921],[-3.15894,51.02898],[-3.15877,51.0289],[-3.15858,51.02895]]]}},
{"type":"Feature","properties":{"types":"Other Sports Facility","area_m2":18962.2},"geometry":{"type":"Polygon","coordinates":[[[-3.12034,51.03397],[-3.11983,51.03406],[-3.11999,51.03437],[-3.11971,51.03444],[-3.11978,51.03471],[-3.11976,51.03493],[-3.11998,51.0353],[-3.12226,51.03466],[-3.12216,51.03453],[-3.12224,51.0345],[-3.12171,51.0338],[-3.12094,51.03395],[-3.12034,51.03397]]]}},
{"type":"Feature","properties":{"types":"Other Sports Facility; Playing Field","area_m2":66054.0},"geometry":{"type":"Polygon","coordinates":[[[-3.15996,51.03374],[-3.15883,51.03412],[-3.1585,51.0343],[-3.15841,51.03441],[-3.15839,51.03468],[-3.15761,51.03464],[-3.15665,51.03432],[-3.15654,51.0344],[-3.15639,51.03438],[-3.15568,51.03578],[-3.15746,51.03615],[-3.1575,51.03607],[-3.15763,51.0361],[-3.15769,51.03598],[-3.15797,51.03604],[-3.15794,51.0361],[-3.15844,51.0362],[-3.15838,51.03631],[-3.15932,51.03626],[-3.15994,51.03639],[-3.16039,51.03599],[-3.16063,51.03557],[-3.16068,51.03518],[-3.1606,51.03469],[-3.16042,51.03428],[-3.1601,51.03384],[-3.15996,51.03374]]]}},
{"type":"Feature","properties":{"types":"Play Space; Playing Field","area_m2":35491.4},"geometry":{"type":"Polygon","coordinates":[[[-3.18358,51.03674],[-3.18371,51.037],[-3.18358,51.03706],[-3.18408,51.03739],[-3.18485,51.0376],[-3.18497,51.0376],[-3.18516,51.03753],[-3.18531,51.03729],[-3.18544,51.0372],[-3.18566,51.03717],[-3.18597,51.0372],[-3.18623,51.03719],[-3.18507,51.03699],[-3.1851,51.03697],[-3.18692,51.03729],[-3.18761,51.03586],[-3.18742,51.03584],[-3.18632,51.03595],[-3.18585,51.03596],[-3.18562,51.03589],[-3.18556,51.03592],[-3.18554,51.03601],[-3.18536,51.03606],[-3.18488,51.03609],[-3.18466,51.0361],[-3.18446,51.03603],[-3.18444,51.03612],[-3.18449,51.03622],[-3.18442,51.03631],[-3.18399,51.0363],[-3.18365,51.03653],[-3.18358,51.03674]]]}},
{"type":"Feature","properties":{"types":"Play Space; Public Park Or Garden","area_m2":6129.8},"geometry":{"type":"Polygon","coordinates":[[[-3.1888,51.03809],[-3.18853,51.03813],[-3.18823,51.03813],[-3.18797,51.03808],[-3.1879,51.03851],[-3.1882,51.03882],[-3.18826,51.03894],[-3.18818,51.03904],[-3.18769,51.0391],[-3.18791,51.03925],[-3.18824,51.03934],[-3.1884,51.03936],[-3.18849,51.03934],[-3.18852,51.03844],[-3.18897,51.03843],[-3.18914,51.03839],[-3.18917,51.03831],[-3.1888,51.03809]]]}},
{"type":"Feature","properties":{"types":"Play Space; Public Park Or Garden","area_m2":8331.1},"geometry":{"type":"Polygon","coordinates":[[[-3.18316,51.04033],[-3.18323,51.04057],[-3.18336,51.04077],[-3.18378,51.04061],[-3.18376,51.04058],[-3.18386,51.04054],[-3.18384,51.04047],[-3.18453,51.04032],[-3.18458,51.04042],[-3.18465,51.0404],[-3.18468,51.04047],[-3.1848,51.04046],[-3.18486,51.04058],[-3.18502,51.04049],[-3.18438,51.04022],[-3.18421,51.04012],[-3.18396,51.03975],[-3.18381,51.03941],[-3.18374,51.03942],[-3.18374,51.03954],[-3.18366,51.03954],[-3.18367,51.03958],[-3.18317,51.0396],[-3.18317,51.03955],[-3.18312,51.03955],[-3.18316,51.04033]]]}},
{"type":"Feature","properties":{"types":"Public Park Or Garden","area_m2":8633.7},"geometry":{"type":"Polygon","coordinates":[[[-3.18102,51.05268],[-3.18091,51.05281],[-3.18053,51.0527],[-3.18062,51.05247],[-3.18056,51.05246],[-3.18002,51.05306],[-3.18026,51.0532],[-3.18038,51.05333],[-3.18054,51.05337],[-3.18119,51.05379],[-3.18168,51.05354],[-3.18114,51.0534],[-3.18124,51.05321],[-3.18222,51.05272],[-3.18223,51.05265],[-3.18216,51.05259],[-3.18185,51.05276],[-3.18174,51.05272],[-3.18144,51.05289],[-3.18102,51.05268]]]}},
{"type":"Feature","properties":{"types":"Play Space; Playing Field","area_m2":11841.5},"geometry":{"type":"Polygon","coordinates":[[[-3.18717,51.0568],[-3.18762,51.05688],[-3.1873,51.05678],[-3.1868,51.0567],[-3.18673,51.05647],[-3.18525,51.05625],[-3.18518,51.05628],[-3.18551,51.057],[-3.18579,51.05723],[-3.18633,51.05739],[-3.18712,51.05751],[-3.18722,51.0571],[-3.18719,51.05704],[-3.1871,51.05703],[-3.18717,51.0568]],[[-3.18701,51.05701],[-3.18652,51.05695],[-3.18656,51.05679],[-3.18705,51.05685],[-3.18701,51.05701]]]}},
{"type":"Feature","properties":{"types":"Playing Field","area_m2":14193.8},"geometry":{"type":"Polygon","coordinates":[[[-3.18636,51.06765],[-3.18733,51.06579],[-3.18638,51.06564],[-3.1857,51.06686],[-3.18569,51.06701],[-3.18558,51.06716],[-3.18568,51.06716],[-3.18605,51.06769],[-3.18636,51.06765]]]}},
{"type":"Feature","properties":{"types":"Playing Field","area_m2":23859.6},"geometry":{"type":"Polygon","coordinates":[[[-3.1837,51.0665],[-3.18286,51.06817],[-3.18424,51.06844],[-3.18517,51.06746],[-3.18552,51.06693],[-3.18554,51.06688],[-3.1837,51.0665]]]}},
{"type":"Feature","properties":{"types":"Playing Field","area_m2":21507.1},"geometry":{"type":"Polygon","coordinates":[[[-3.19274,51.06852],[-3.19252,51.06909],[-3.19236,51.06942],[-3.19269,51.06948],[-3.1938,51.06958],[-3.19396,51.06969],[-3.19416,51.06965],[-3.19421,51.06961],[-3.19459,51.06818],[-3.19374,51.06803],[-3.19274,51.06791],[-3.19274,51.06852]]]}},
{"type":"Feature","properties":{"types":"Playing Field","area_m2":9731.6},"geometry":{"type":"Polygon","coordinates":[[[-3.19568,51.09454],[-3.19523,51.09466],[-3.19505,51.09459],[-3.19452,51.09471],[-3.19427,51.09474],[-3.19424,51.09471],[-3.19417,51.09471],[-3.19416,51.09475],[-3.19396,51.09485],[-3.1939,51.09549],[-3.19464,51.09577],[-3.19503,51.0954],[-3.19568,51.09454]]]}},
{"type":"Feature","properties":{"types":"Public Park Or Garden","area_m2":11444.1},"geometry":{"type":"Polygon","coordinates":[[[-3.19129,51.13307],[-3.1914,51.13315],[-3.19186,51.13322],[-3.19185,51.13327],[-3.19258,51.13327],[-3.1926,51.13304],[-3.19211,51.1329],[-3.19114,51.13279],[-3.19075,51.13262],[-3.19037,51.13253],[-3.18985,51.1323],[-3.18945,51.13196],[-3.18861,51.13196],[-3.18857,51.13217],[-3.18889,51.13226],[-3.189,51.13242],[-3.18897,51.13245],[-3.18901,51.13243],[-3.18921,51.13257],[-3.18949,51.13268],[-3.1896,51.13265],[-3.18975,51.13273],[-3.19019,51.13274],[-3.19129,51.13307]]]}},
{"type":"Feature","properties":{"types":"Play Space; Playing Field","area_m2":18988.8},"geometry":{"type":"Polygon","coordinates":[[[-3.15623,51.14083],[-3.15835,51.14043],[-3.15822,51.14015],[-3.15786,51.13982],[-3.15777,51.13981],[-3.15778,51.13976],[-3.15732,51.13939],[-3.15724,51.13936],[-3.15569,51.13952],[-3.15623,51.14083]],[[-3.1582,51.14016],[-3.15798,51.14025],[-3.1577,51.13997],[-3.15792,51.13989],[-3.1582,51.14016]]]}},
{"type":"Feature","properties":{"types":"Allotments Or Community Growing Spaces","area_m2":5190.1},"geometry":{"type":"Polygon","coordinates":[[[-3.14898,51.14716],[-3.14837,51.14709],[-3.1476,51.14711],[-3.14696,51.14719],[-3.14837,51.14772],[-3.14898,51.14716]]]}},
{"type":"Feature","properties":{"types":"Other Sports Facility; Play Space; Playing Field","area_m2":26529.1},"geometry":{"type":"Polygon","coordinates":[[[-3.15089,51.14773],[-3.15085,51.14898],[-3.15254,51.15011],[-3.15271,51.14956],[-3.15229,51.14752],[-3.15219,51.14747],[-3.15104,51.14736],[-3.15091,51.1474],[-3.15082,51.14751],[-3.15089,51.14773]],[[-3.15155,51.14751],[-3.15157,51.14784],[-3.15131,51.14785],[-3.1513,51.14752],[-3.15155,51.14751]]]}},
{"type":"Feature","properties":{"types":"Playing Field","area_m2":8891.5},"geometry":{"type":"Polygon","coordinates":[[[-3.20409,51.16408],[-3.20413,51.1642],[-3.20554,51.16401],[-3.20537,51.16324],[-3.20387,51.16344],[-3.20405,51.16395],[-3.20409,51.164],[-3.20433,51.16407],[-3.20409,51.16408]]]}},
{"type":"Feature","properties":{"types":"Playing Field","area_m2":16961.4},"geometry":{"type":"Polygon","coordinates":[[[-3.14889,51.18107],[-3.14869,51.18102],[-3.14884,51.18097],[-3.14856,51.18092],[-3.14857,51.181],[-3.14822,51.18085],[-3.14786,51.18115],[-3.14778,51.18109],[-3.14787,51.18176],[-3.14795,51.18188],[-3.14806,51.18193],[-3.15053,51.18175],[-3.151,51.18125],[-3.15047,51.18112],[-3.14889,51.18111],[-3.14889,51.18107]],[[-3.1486,51.18175],[-3.14834,51.18172],[-3.14843,51.18141],[-3.14869,51.18144],[-3.1486,51.18175]]]}},
{"type":"Feature","properties":{"types":"Playing Field","area_m2":14525.6},"geometry":{"type":"Polygon","coordinates":[[[-3.22567,51.19201],[-3.22576,51.1919],[-3.22571,51.19184],[-3.22574,51.19182],[-3.2244,51.19096],[-3.22322,51.19153],[-3.22395,51.19224],[-3.22505,51.19216],[-3.22567,51.19201]]]}},
{"type":"Feature","properties":{"types":"Allotments Or Community Growing Spaces","area_m2":6087.2},"geometry":{"type":"Polygon","coordinates":[[[-3.09343,50.69486],[-3.09374,50.6944],[-3.09373,50.69407],[-3.09314,50.69418],[-3.09315,50.69414],[-3.09266,50.6943],[-3.09262,50.69449],[-3.09277,50.69469],[-3.09281,50.69486],[-3.09276,50.695],[-3.09289,50.69521],[-3.09343,50.69486]]]}},
{"type":"Feature","properties":{"types":"Public Park Or Garden","area_m2":5370.1},"geometry":{"type":"Polygon","coordinates":[[[-3.09087,50.69764],[-3.09087,50.69726],[-3.09098,50.69706],[-3.09084,50.69698],[-3.09063,50.69699],[-3.09057,50.69696],[-3.09084,50.69697],[-3.09103,50.69705],[-3.09107,50.69703],[-3.09091,50.69691],[-3.09062,50.69692],[-3.0909,50.69689],[-3.09115,50.69704],[-3.09098,50.69687],[-3.09072,50.69689],[-3.09065,50.69683],[-3.09024,50.6969],[-3.09035,50.69694],[-3.0902,50.69692],[-3.08888,50.69712],[-3.08931,50.69717],[-3.08985,50.69734],[-3.09051,50.6973],[-3.09061,50.69746],[-3.09087,50.69764]]]}},
{"type":"Feature","properties":{"types":"Public Park Or Garden","area_m2":10951.6},"geometry":{"type":"Polygon","coordinates":[[[-3.07618,50.70438],[-3.07605,50.7033],[-3.07428,50.70355],[-3.07331,50.70354],[-3.0734,50.70362],[-3.07409,50.70356],[-3.07578,50.70451],[-3.07618,50.70438]]]}},
{"type":"Feature","properties":{"types":"Play Space; Public Park Or Garden","area_m2":8966.7},"geometry":{"type":"Polygon","coordinates":[[[-3.07151,50.70374],[-3.07201,50.70419],[-3.07209,50.70421],[-3.07257,50.70477],[-3.07438,50.70452],[-3.07438,50.70447],[-3.07364,50.70395],[-3.07352,50.70391],[-3.07357,50.70389],[-3.07314,50.70402],[-3.07309,50.70395],[-3.073,50.70398],[-3.0726,50.70396],[-3.07225,50.70407],[-3.07173,50.70364],[-3.07151,50.70374]],[[-3.07284,50.70403],[-3.07305,50.70448],[-3.07248,50.70458],[-3.07225,50.70415],[-3.07257,50.70406],[-3.07284,50.70403]]]}},
{"type":"Feature","properties":{"types":"Playing Field","area_m2":14069.0},"geometry":{"type":"Polygon","coordinates":[[[-3.09541,50.70354],[-3.09531,50.7036],[-3.09526,50.70359],[-3.09465,50.70496],[-3.09533,50.70517],[-3.09529,50.70522],[-3.09557,50.70531],[-3.09648,50.70405],[-3.09643,50.70398],[-3.09541,50.70354]]]}},
{"type":"Feature","properties":{"types":"Play Space; Playing Field; Public Park Or Garden","area_m2":11884.2},"geometry":{"type":"Polygon","coordinates":[[[-3.06856,50.70777],[-3.06844,50.70742],[-3.06803,50.70713],[-3.06666,50.70709],[-3.06677,50.7066],[-3.06641,50.70658],[-3.06627,50.70708],[-3.06621,50.7077],[-3.06856,50.70777]]]}},
{"type":"Feature","properties":{"types":"Playing Field","area_m2":22583.9},"geometry":{"type":"Polygon","coordinates":[[[-3.06886,50.71028],[-3.06961,50.71106],[-3.06982,50.71093],[-3.07029,50.71083],[-3.07051,50.71082],[-3.07084,50.71069],[-3.071,50.71068],[-3.0712,50.71044],[-3.0713,50.71039],[-3.07191,50.71028],[-3.07177,50.70933],[-3.07109,50.70939],[-3.07098,50.70964],[-3.07095,50.70961],[-3.07097,50.70964],[-3.07064,50.70962],[-3.06948,50.70948],[-3.06938,50.70951],[-3.06916,50.70981],[-3.06894,50.71027],[-3.06886,50.71028]],[[-3.07108,50.7097],[-3.0711,50.70939],[-3.07176,50.70941],[-3.07173,50.70972],[-3.07108,50.7097]],[[-3.07102,50.71006],[-3.07104,50.70971],[-3.07171,50.70974],[-3.07168,50.71007],[-3.07102,50.71006]]]}},
{"type":"Feature","properties":{"types":"Play Space; Playing Field","area_m2":8235.1},"geometry":{"type":"Polygon","coordinates":[[[-3.06824,50.71299],[-3.06835,50.71187],[-3.06831,50.71159],[-3.06816,50.71159],[-3.06812,50.71186],[-3.06741,50.71184],[-3.06727,50.71281],[-3.06814,50.71288],[-3.06812,50.71298],[-3.06824,50.71299]]]}},
{"type":"Feature","properties":{"types":"Play Space; Playing Field","area_m2":9569.6},"geometry":{"type":"Polygon","coordinates":[[[-3.07103,50.71325],[-3.07088,50.71328],[-3.07097,50.71345],[-3.07145,50.71342],[-3.07237,50.71355],[-3.07298,50.71357],[-3.07297,50.71353],[-3.07288,50.71353],[-3.07291,50.71336],[-3.07295,50.71336],[-3.07292,50.71351],[-3.0736,50.71351],[-3.07384,50.71332],[-3.07388,50.71333],[-3.07387,50.71318],[-3.07293,50.71314],[-3.07123,50.71294],[-3.07088,50.71298],[-3.07089,50.713],[-3.07066,50.71306],[-3.07087,50.71302],[-3.07103,50.71325]]]}},
{"type":"Feature","properties":{"types":"Allotments Or Community Growing Spaces","area_m2":17553.9},"geometry":{"type":"Polygon","coordinates":[[[-3.07823,50.71646],[-3.0785,50.717],[-3.07918,50.71741],[-3.07943,50.71779],[-3.08053,50.71768],[-3.07974,50.71607],[-3.07823,50.71646]]]}},
{"type":"Feature","properties":{"types":"Other Sports Facility","area_m2":30902.4},"geometry":{"type":"Polygon","coordinates":[[[-3.07243,50.7296],[-3.0725,50.73049],[-3.07305,50.73078],[-3.07315,50.73075],[-3.07396,50.73074],[-3.0747,50.73043],[-3.07491,50.7303],[-3.07438,50.72972],[-3.07353,50.72836],[-3.07222,50.72872],[-3.07232,50.72891],[-3.07222,50.72893],[-3.07243,50.7296]],[[-3.07275,50.72957],[-3.07258,50.7293],[-3.07305,50.72918],[-3.07322,50.72946],[-3.07275,50.72957]]]}},
{"type":"Feature","properties":{"types":"Playing Field","area_m2":18732.6},"geometry":{"type":"Polygon","coordinates":[[[-3.04229,50.73152],[-3.04214,50.73192],[-3.04218,50.73248],[-3.04437,50.73244],[-3.0448,50.73144],[-3.04428,50.73139],[-3.04366,50.73148],[-3.04229,50.73152]]]}},
{"type":"Feature","properties":{"types":"Play Space; Playing Field","area_m2":51783.8},"geometry":{"type":"Polygon","coordinates":[[[-3.0639,50.73882],[-3.06394,50.73893],[-3.06387,50.73899],[-3.06384,50.7392],[-3.0641,50.73919],[-3.06507,50.73948],[-3.06563,50.73952],[-3.06581,50.73941],[-3.0657,50.73941],[-3.06586,50.73934],[-3.06573,50.73832],[-3.06573,50.73774],[-3.06649,50.73762],[-3.06639,50.73669],[-3.06601,50.73589],[-3.06477,50.73609],[-3.06464,50.73657],[-3.06429,50.73678],[-3.06415,50.73681],[-3.06413,50.73715],[-3.06419,50.7372],[-3.06389,50.73759],[-3.06368,50.73827],[-3.06371,50.73866],[-3.0639,50.73882]],[[-3.06569,50.73636],[-3.0655,50.73606],[-3.06595,50.73595],[-3.06612,50.73625],[-3.06569,50.73636]]]}},
{"type":"Feature","properties":{"types":"Playing Field","area_m2":7208.1},"geometry":{"type":"Polygon","coordinates":[[[-3.07075,50.74392],[-3.07074,50.74354],[-3.07068,50.74354],[-3.0707,50.74312],[-3.06974,50.74305],[-3.06964,50.74396],[-3.07057,50.744],[-3.07063,50.74392],[-3.07075,50.74392]]]}},
{"type":"Feature","properties":{"types":"Allotments Or Community Growing Spaces","area_m2":11263.7},"geometry":{"type":"Polygon","coordinates":[[[-3.06466,50.74429],[-3.0642,50.74389],[-3.06358,50.74446],[-3.06303,50.74486],[-3.06377,50.74526],[-3.06414,50.74541],[-3.06475,50.74504],[-3.06468,50.74484],[-3.06466,50.74429]]]}},
{"type":"Feature","properties":{"types":"Allotments Or Community Growing Spaces; Play Space; Playing Field","area_m2":12570.0},"geometry":{"type":"Polygon","coordinates":[[[-3.0265,50.74995],[-3.02706,50.75014],[-3.02768,50.75028],[-3.02825,50.75029],[-3.02923,50.74957],[-3.02815,50.74952],[-3.02757,50.7494],[-3.02708,50.74926],[-3.0265,50.74995]]]}},
{"type":"Feature","properties":{"types":"Play Space; Playing Field","area_m2":13975.3},"geometry":{"type":"Polygon","coordinates":[[[-3.0325,50.77791],[-3.03253,50.77823],[-3.03423,50.77839],[-3.03436,50.7773],[-3.03317,50.7772],[-3.03304,50.77726],[-3.03274,50.77724],[-3.03268,50.77718],[-3.0325,50.77791]],[[-3.03407,50.77733],[-3.03433,50.77734],[-3.0343,50.77767],[-3.03404,50.77765],[-3.03407,50.77733]]]}},
{"type":"Feature","properties":{"types":"Allotments Or Community Growing Spaces","area_m2":5104.2},"geometry":{"type":"Polygon","coordinates":[[[-3.03822,50.77903],[-3.03994,50.7793],[-3.04001,50.77901],[-3.03921,50.77877],[-3.03814,50.77857],[-3.03844,50.77867],[-3.03822,50.77903]]]}},
{"type":"Feature","properties":{"types":"Play Space; Playing Field","area_m2":12411.4},"geometry":{"type":"Polygon","coordinates":[[[-3.07088,50.83574],[-3.07039,50.83588],[-3.07031,50.83611],[-3.07006,50.83628],[-3.07128,50.83667],[-3.07192,50.83642],[-3.072,50.83642],[-3.07215,50.83626],[-3.0721,50.83613],[-3.0723,50.83574],[-3.07219,50.83573],[-3.07203,50.83566],[-3.07163,50.83532],[-3.07154,50.83534],[-3.07144,50.83547],[-3.07088,50.83574]],[[-3.07052,50.83596],[-3.07072,50.83605],[-3.07044,50.8363],[-3.07024,50.83621],[-3.07052,50.83596]]]}},
{"type":"Feature","properties":{"types":"Playing Field","area_m2":11393.2},"geometry":{"type":"Polygon","coordinates":[[[-3.03768,50.91427],[-3.03713,50.91309],[-3.03648,50.91319],[-3.03616,50.9132],[-3.03648,50.91449],[-3.03655,50.91455],[-3.03685,50.91451],[-3.03768,50.91427]]]}},
{"type":"Feature","properties":{"types":"Allotments Or Community Growing Spaces","area_m2":16595.2},"geometry":{"type":"Polygon","coordinates":[[[-3.08636,50.96004],[-3.08661,50.96018],[-3.08785,50.96022],[-3.0879,50.96027],[-3.08855,50.96019],[-3.08874,50.96008],[-3.08808,50.9597],[-3.08744,50.9595],[-3.0864,50.95931],[-3.08615,50.95917],[-3.08599,50.95916],[-3.08583,50.95902],[-3.08576,50.95901],[-3.08524,50.95943],[-3.0856,50.95966],[-3.08587,50.95991],[-3.08636,50.96004]]]}},
{"type":"Feature","properties":{"types":"Allotments Or Community Growing Spaces","area_m2":10312.7},"geometry":{"type":"Polygon","coordinates":[[[-3.08955,50.96422],[-3.08979,50.96417],[-3.09008,50.96404],[-3.09022,50.96403],[-3.09025,50.96398],[-3.08988,50.96343],[-3.08893,50.96394],[-3.08825,50.96451],[-3.08866,50.96464],[-3.08885,50.96489],[-3.08904,50.96492],[-3.08947,50.96487],[-3.08955,50.96422]]]}},
{"type":"Feature","properties":{"types":"Other Sports Facility","area_m2":82099.8},"geometry":{"type":"Polygon","coordinates":[[[-3.07344,50.98306],[-3.07257,50.98288],[-3.07227,50.98314],[-3.07164,50.98389],[-3.07137,50.98383],[-3.07108,50.98425],[-3.07112,50.98423],[-3.07102,50.98436],[-3.071,50.98455],[-3.07081,50.98483],[-3.07082,50.98522],[-3.07171,50.98521],[-3.07366,50.98533],[-3.07512,50.98528],[-3.07612,50.98501],[-3.0771,50.98481],[-3.07698,50.98399],[-3.07702,50.98393],[-3.07698,50.98359],[-3.07594,50.98365],[-3.07539,50.98361],[-3.07373,50.98337],[-3.07344,50.98306]]]}},
{"type":"Feature","properties":{"types":"Playing Field","area_m2":14470.1},"geometry":{"type":"Polygon","coordinates":[[[-3.05407,50.99757],[-3.05427,50.9974],[-3.0543,50.99714],[-3.05459,50.99703],[-3.0543,50.99669],[-3.05439,50.99663],[-3.05434,50.99656],[-3.05423,50.99655],[-3.05372,50.99628],[-3.05268,50.99725],[-3.05251,50.99757],[-3.05293,50.9977],[-3.05336,50.99789],[-3.05342,50.99797],[-3.05407,50.99757]]]}},
{"type":"Feature","properties":{"types":"Allotments Or Community Growing Spaces; Play Space; Public Park Or Garden","area_m2":75788.5},"geometry":{"type":"Polygon","coordinates":[[[-3.07582,51.00471],[-3.07656,51.00415],[-3.07673,51.00416],[-3.07695,51.00405],[-3.07741,51.00403],[-3.07845,51.00368],[-3.07842,51.00364],[-3.07864,51.00356],[-3.07875,51.00368],[-3.07913,51.00348],[-3.07769,51.0018],[-3.07669,51.00229],[-3.07632,51.00255],[-3.07422,51.00427],[-3.07301,51.00545],[-3.07257,51.00596],[-3.0725,51.00616],[-3.07408,51.00633],[-3.07498,51.00655],[-3.07503,51.0065],[-3.07501,51.00645],[-3.07477,51.00637],[-3.0749,51.00625],[-3.07471,51.00609],[-3.07416,51.00575],[-3.07479,51.00515],[-3.07492,51.00516],[-3.07554,51.0048],[-3.07582,51.00471]]]}},
{"type":"Feature","properties":{"types":"Other Sports Facility","area_m2":26423.2},"geometry":{"type":"Polygon","coordinates":[[[-3.09168,51.00361],[-3.09154,51.00364],[-3.09154,51.00459],[-3.09236,51.00483],[-3.09283,51.00516],[-3.09306,51.00514],[-3.09383,51.00497],[-3.09476,51.00466],[-3.09483,51.00453],[-3.09481,51.00438],[-3.09473,51.00428],[-3.09442,51.00409],[-3.09361,51.00373],[-3.09357,51.00379],[-3.09348,51.00382],[-3.09214,51.00363],[-3.09168,51.00361]],[[-3.09425,51.00418],[-3.09415,51.00448],[-3.09371,51.00442],[-3.09381,51.00412],[-3.09425,51.00418]]]}},
{"type":"Feature","properties":{"types":"Allotments Or Community Growing Spaces","area_m2":6573.2},"geometry":{"type":"Polygon","coordinates":[[[-3.08508,51.00576],[-3.08691,51.00542],[-3.08686,51.00523],[-3.08644,51.00531],[-3.08558,51.00516],[-3.08573,51.00479],[-3.08553,51.00515],[-3.08467,51.005],[-3.08508,51.00576]]]}},
{"type":"Feature","properties":{"types":"Other Sports Facility","area_m2":142615.5},"geometry":{"type":"Polygon","coordinates":[[[-3.08402,51.00706],[-3.08388,51.00722],[-3.0847,51.00806],[-3.08515,51.0089],[-3.08539,51.00909],[-3.08592,51.0094],[-3.08671,51.01007],[-3.0868,51.0102],[-3.08693,51.01067],[-3.0872,51.01086],[-3.08761,51.01104],[-3.08765,51.01092],[-3.08778,51.01079],[-3.08859,51.01074],[-3.08872,51.01075],[-3.0889,51.01081],[-3.08897,51.01068],[-3.08922,51.0107],[-3.08964,51.0108],[-3.09,51.01078],[-3.09028,51.01068],[-3.0908,51.01032],[-3.09052,51.00998],[-3.09053,51.00988],[-3.09034,51.0097],[-3.09002,51.00961],[-3.08932,51.00951],[-3.08922,51.00946],[-3.08887,51.00901],[-3.08878,51.00866],[-3.0891,51.00841],[-3.08926,51.00819],[-3.08924,51.00814],[-3.08929,51.00813],[-3.08928,51.00807],[-3.08931,51.00806],[-3.08932,51.00811],[-3.08937,51.00808],[-3.0893,51.00823],[-3.08966,51.00809],[-3.08989,51.00812],[-3.0898,51.008],[-3.08936,51.00816],[-3.08948,51.00776],[-3.08942,51.00776],[-3.08907,51.00742],[-3.08779,51.00671],[-3.08772,51.00663],[-3.08769,51.00668],[-3.08756,51.0066],[-3.08745,51.00651],[-3.08759,51.00646],[-3.0875,51.00635],[-3.08666,51.00664],[-3.08647,51.00641],[-3.08601,51.00645],[-3.08559,51.00658],[-3.08514,51.00584],[-3.0848,51.00586],[-3.08423,51.00596],[-3.08406,51.00606],[-3.08407,51.00617],[-3.084,51.00617],[-3.08402,51.00706]]]}},
{"type":"Feature","properties":{"types":"Playing Field","area_m2":15189.4},"geometry":{"type":"Polygon","coordinates":[[[-3.09848,51.00838],[-3.0977,51.0087],[-3.09723,51.00901],[-3.09825,51.00966],[-3.09846,51.00985],[-3.09858,51.00988],[-3.09974,51.00927],[-3.09952,51.00909],[-3.09848,51.00838]]]}},
{"type":"Feature","properties":{"types":"Play Space; Playing Field","area_m2":13730.7},"geometry":{"type":"Polygon","coordinates":[[[-3.07902,51.01053],[-3.08028,51.00983],[-3.08075,51.00939],[-3.07989,51.00887],[-3.07885,51.00915],[-3.07882,51.00921],[-3.07897,51.0096],[-3.07902,51.01042],[-3.07895,51.01053],[-3.07902,51.01053]]]}},
{"type":"Feature","properties":{"types":"Other Sports Facility","area_m2":67617.7},"geometry":{"type":"Polygon","coordinates":[[[-3.06854,51.01135],[-3.06992,51.01137],[-3.07099,51.01134],[-3.07171,51.01065],[-3.07232,51.0102],[-3.0723,51.01012],[-3.07207,51.00997],[-3.07216,51.00998],[-3.07232,51.01011],[-3.07235,51.01019],[-3.07251,51.01008],[-3.07236,51.01004],[-3.07236,51.00992],[-3.07262,51.00983],[-3.0728,51.0097],[-3.07284,51.00975],[-3.0732,51.00972],[-3.07455,51.00952],[-3.07425,51.00903],[-3.07415,51.00857],[-3.07408,51.00851],[-3.07193,51.00866],[-3.07179,51.00862],[-3.07034,51.00875],[-3.06854,51.01135]],[[-3.07341,51.00897],[-3.07357,51.00929],[-3.07228,51.00954],[-3.07213,51.00923],[-3.07341,51.00897]]]}},
{"type":"Feature","properties":{"types":"Playing Field","area_m2":5159.3},"geometry":{"type":"Polygon","coordinates":[[[-3.09398,51.01008],[-3.09391,51.01011],[-3.09393,51.01016],[-3.0941,51.0102],[-3.0942,51.01017],[-3.09426,51.01023],[-3.09505,51.0099],[-3.09515,51.0098],[-3.09505,51.00964],[-3.0952,51.00955],[-3.095,51.00935],[-3.09373,51.00987],[-3.09398,51.01008]]]}},
{"type":"Feature","properties":{"types":"Public Park Or Garden","area_m2":17908.9},"geometry":{"type":"Polygon","coordinates":[[[-3.11813,51.01146],[-3.11783,51.01168],[-3.11758,51.01169],[-3.11703,51.01185],[-3.11676,51.01182],[-3.11677,51.01188],[-3.11691,51.01187],[-3.11706,51.01194],[-3.11741,51.01182],[-3.11788,51.01172],[-3.11816,51.01148],[-3.11829,51.01193],[-3.11851,51.01188],[-3.11845,51.01149],[-3.11859,51.01113],[-3.11855,51.01096],[-3.1185,51.01089],[-3.11813,51.01067],[-3.11806,51.01054],[-3.11866,51.00949],[-3.11922,51.00908],[-3.11947,51.0088],[-3.11937,51.00879],[-3.11916,51.00905],[-3.11866,51.00892],[-3.11863,51.00874],[-3.1185,51.00866],[-3.11855,51.00844],[-3.11869,51.00851],[-3.11876,51.00848],[-3.11906,51.00857],[-3.11884,51.00837],[-3.11879,51.00821],[-3.1188,51.008],[-3.11872,51.00795],[-3.11801,51.00785],[-3.11792,51.0081],[-3.11812,51.00814],[-3.11797,51.00885],[-3.11811,51.00886],[-3.118,51.00936],[-3.11783,51.00935],[-3.11779,51.00949],[-3.11797,51.0095],[-3.11786,51.00997],[-3.11776,51.00996],[-3.11768,51.01009],[-3.11798,51.01013],[-3.11784,51.01032],[-3.1178,51.01057],[-3.11795,51.01082],[-3.11828,51.01102],[-3.11832,51.0111],[-3.11826,51.01113],[-3.11813,51.01146]]]}},
{"type":"Feature","properties":{"types":"Public Park Or Garden","area_m2":42234.4},"geometry":{"type":"Polygon","coordinates":[[[-3.10324,51.01169],[-3.10394,51.0115],[-3.10404,51.01156],[-3.10445,51.01142],[-3.10446,51.01125],[-3.10442,51.01128],[-3.10425,51.01121],[-3.10416,51.01112],[-3.10417,51.01101],[-3.10464,51.01069],[-3.10474,51.01068],[-3.10493,51.01074],[-3.10509,51.01053],[-3.1046,51.01061],[-3.10411,51.0109],[-3.1039,51.01096],[-3.10351,51.01106],[-3.10327,51.01106],[-3.10294,51.01082],[-3.10286,51.01082],[-3.10282,51.01074],[-3.10222,51.01031],[-3.10017,51.00892],[-3.09974,51.00916],[-3.09987,51.00925],[-3.09985,51.00932],[-3.09912,51.00969],[-3.09909,51.00977],[-3.09895,51.0099],[-3.0989,51.01016],[-3.10079,51.01066],[-3.10166,51.01103],[-3.10269,51.0116],[-3.10285,51.01175],[-3.10282,51.01185],[-3.10293,51.01197],[-3.1031,51.01193],[-3.1031,51.0117],[-3.10324,51.01169]]]}},
{"type":"Feature","properties":{"types":"Play Space; Public Park Or Garden","area_m2":32433.4},"geometry":{"type":"Polygon","coordinates":[[[-3.07544,51.01454],[-3.07542,51.01451],[-3.07624,51.01453],[-3.07664,51.0146],[-3.07714,51.01461],[-3.07849,51.01481],[-3.07852,51.0147],[-3.07723,51.0145],[-3.07722,51.01453],[-3.0769,51.01449],[-3.07697,51.01431],[-3.07693,51.0143],[-3.07686,51.01437],[-3.07635,51.01428],[-3.07407,51.01404],[-3.07366,51.01393],[-3.07364,51.01396],[-3.07302,51.01399],[-3.07286,51.01406],[-3.07327,51.01399],[-3.07227,51.01417],[-3.07193,51.01413],[-3.07239,51.01413],[-3.07184,51.0141],[-3.07157,51.01412],[-3.07127,51.01419],[-3.07096,51.01432],[-3.07042,51.01443],[-3.06963,51.01446],[-3.06959,51.01481],[-3.07053,51.01464],[-3.07123,51.01457],[-3.07188,51.01455],[-3.07189,51.01458],[-3.07046,51.01468],[-3.06959,51.01482],[-3.06958,51.01492],[-3.06975,51.01493],[-3.07121,51.01479],[-3.07176,51.01493],[-3.07175,51.01503],[-3.07194,51.01482],[-3.07236,51.01482],[-3.07253,51.01493],[-3.07234,51.01468],[-3.07388,51.01463],[-3.07469,51.01465],[-3.0747,51.01462],[-3.07533,51.01464],[-3.07796,51.0148],[-3.07792,51.015],[-3.07843,51.01504],[-3.07848,51.01484],[-3.07732,51.01465],[-3.0769,51.01461],[-3.07664,51.01462],[-3.07627,51.01456],[-3.07544,51.01454]],[[-3.07214,51.01458],[-3.07194,51.01457],[-3.07193,51.01454],[-3.0736,51.01445],[-3.07537,51.01451],[-3.07534,51.01455],[-3.07535,51.01453],[-3.07408,51.01447],[-3.07214,51.01458]]]}},
{"type":"Feature","properties":{"types":"Public Park Or Garden","area_m2":6272.0},"geometry":{"type":"Polygon","coordinates":[[[-3.10538,51.01643],[-3.10559,51.01628],[-3.1058,51.01598],[-3.10608,51.0158],[-3.10648,51.01573],[-3.10688,51.01579],[-3.10693,51.01572],[-3.10668,51.0157],[-3.10667,51.01564],[-3.10676,51.01555],[-3.10687,51.01522],[-3.10663,51.01505],[-3.10622,51.01559],[-3.10568,51.01596],[-3.10554,51.01603],[-3.10475,51.01623],[-3.10435,51.01646],[-3.10437,51.01649],[-3.10467,51.01656],[-3.10493,51.01673],[-3.10536,51.01645],[-3.10534,51.01642],[-3.10538,51.01643]]]}},
{"type":"Feature","properties":{"types":"Allotments Or Community Growing Spaces; Play Space; Playing Field","area_m2":105488.0},"geometry":{"type":"Polygon","coordinates":[[[-3.08142,51.01653],[-3.07975,51.01666],[-3.07958,51.01657],[-3.07956,51.01647],[-3.07953,51.01655],[-3.07946,51.01655],[-3.07933,51.01646],[-3.07869,51.01646],[-3.07863,51.01648],[-3.07859,51.01664],[-3.07907,51.01664],[-3.07873,51.01665],[-3.07755,51.01659],[-3.07594,51.01614],[-3.07539,51.01603],[-3.07504,51.01586],[-3.07485,51.01587],[-3.07477,51.0159],[-3.075,51.01724],[-3.07928,51.01769],[-3.07967,51.0177],[-3.07976,51.01819],[-3.07991,51.01812],[-3.07994,51.01817],[-3.08084,51.01801],[-3.08275,51.01776],[-3.08418,51.01768],[-3.08409,51.01764],[-3.08404,51.01727],[-3.08539,51.01718],[-3.08636,51.017],[-3.08611,51.01636],[-3.08622,51.01636],[-3.08622,51.0161],[-3.08565,51.01613],[-3.08554,51.01608],[-3.0855,51.01613],[-3.08535,51.01615],[-3.08535,51.01612],[-3.08441,51.01599],[-3.08427,51.0162],[-3.08392,51.01656],[-3.0834,51.0166],[-3.0834,51.0165],[-3.08142,51.01653]]]}},
{"type":"Feature","properties":{"types":"Other Sports Facility; Play Space; Playing Field","area_m2":52238.8},"geometry":{"type":"Polygon","coordinates":[[[-3.0924,51.01936],[-3.09223,51.01912],[-3.09301,51.01892],[-3.09434,51.0187],[-3.09419,51.01869],[-3.0928,51.01752],[-3.09295,51.01748],[-3.09292,51.01744],[-3.09405,51.01715],[-3.09348,51.01663],[-3.09313,51.01675],[-3.09293,51.01649],[-3.09243,51.01661],[-3.09232,51.01658],[-3.092,51.01672],[-3.09166,51.01681],[-3.09191,51.01713],[-3.09182,51.01725],[-3.09172,51.0177],[-3.0915,51.01787],[-3.09112,51.01805],[-3.08999,51.01832],[-3.08989,51.01839],[-3.08985,51.01849],[-3.09006,51.01879],[-3.09002,51.01909],[-3.09037,51.01963],[-3.09213,51.01914],[-3.0923,51.01939],[-3.0924,51.01936]]]}},
{"type":"Feature","properties":{"types":"Play Space; Playing Field","area_m2":22534.5},"geometry":{"type":"Polygon","coordinates":[[[-3.11269,51.01855],[-3.11271,51.01829],[-3.113,51.01799],[-3.11296,51.01755],[-3.11288,51.01744],[-3.11277,51.01699],[-3.11236,51.01691],[-3.11151,51.01693],[-3.11073,51.01704],[-3.11028,51.01721],[-3.11023,51.01719],[-3.11005,51.0173],[-3.11029,51.01726],[-3.11067,51.01747],[-3.11072,51.01754],[-3.11067,51.0176],[-3.11155,51.01808],[-3.11263,51.01883],[-3.11276,51.01875],[-3.11269,51.01855]]]}},
{"type":"Feature","properties":{"types":"Play Space; Playing Field","area_m2":8686.3},"geometry":{"type":"Polygon","coordinates":[[[-3.04526,51.02014],[-3.0453,51.02019],[-3.04628,51.02039],[-3.04658,51.02037],[-3.0466,51.0204],[-3.0468,51.02041],[-3.04683,51.01959],[-3.04586,51.01959],[-3.04542,51.01955],[-3.04538,51.01975],[-3.04534,51.01974],[-3.04526,51.02014]]]}},
{"type":"Feature","properties":{"types":"Other Sports Facility; Play Space; Playing Field","area_m2":15846.5},"geometry":{"type":"Polygon","coordinates":[[[-3.08554,51.02264],[-3.08608,51.0223],[-3.08657,51.02193],[-3.08551,51.02176],[-3.08551,51.02173],[-3.08469,51.02165],[-3.08387,51.02149],[-3.08377,51.02175],[-3.08428,51.02182],[-3.08418,51.02218],[-3.08458,51.02275],[-3.08455,51.0229],[-3.08467,51.02309],[-3.08554,51.02264]]]}},
{"type":"Feature","properties":{"types":"Allotments Or Community Growing Spaces","area_m2":44109.3},"geometry":{"type":"Polygon","coordinates":[[[-3.11393,51.02388],[-3.11394,51.02392],[-3.11381,51.02395],[-3.11379,51.024],[-3.11478,51.0242],[-3.11523,51.02432],[-3.1153,51.02424],[-3.11587,51.02424],[-3.11789,51.02433],[-3.11858,51.02421],[-3.11866,51.02295],[-3.11828,51.02283],[-3.11765,51.0227],[-3.11725,51.0227],[-3.11656,51.02276],[-3.11575,51.02299],[-3.11393,51.02388]]]}},
{"type":"Feature","properties":{"types":"Allotments Or Community Growing Spaces","area_m2":23023.2},"geometry":{"type":"Polygon","coordinates":[[[-3.09346,51.02416],[-3.09372,51.02405],[-3.09326,51.02366],[-3.09164,51.02393],[-3.09136,51.02462],[-3.09162,51.02495],[-3.09174,51.02523],[-3.09348,51.02516],[-3.09348,51.0252],[-3.094,51.02517],[-3.09399,51.02484],[-3.09356,51.02457],[-3.09338,51.02462],[-3.09319,51.02435],[-3.09346,51.02416]]]}},
{"type":"Feature","properties":{"types":"Playing Field","area_m2":48276.6},"geometry":{"type":"Polygon","coordinates":[[[-3.0615,51.02559],[-3.05619,51.02482],[-3.05549,51.0254],[-3.05611,51.02565],[-3.05625,51.02577],[-3.05745,51.02616],[-3.05776,51.0262],[-3.058,51.02628],[-3.05831,51.02628],[-3.05867,51.02638],[-3.05962,51.02655],[-3.0601,51.0266],[-3.06012,51.02663],[-3.06022,51.02657],[-3.0604,51.02656],[-3.06046,51.02667],[-3.06084,51.02662],[-3.06136,51.02641],[-3.06139,51.02629],[-3.06134,51.02629],[-3.0615,51.02559]]]}},
{"type":"Feature","properties":{"types":"Play Space; Playing Field","area_m2":14420.3},"geometry":{"type":"Polygon","coordinates":[[[-3.10837,51.02596],[-3.10842,51.02598],[-3.10831,51.02619],[-3.10843,51.02599],[-3.1088,51.02607],[-3.10885,51.02598],[-3.11061,51.02635],[-3.11045,51.02498],[-3.10958,51.02479],[-3.10955,51.02484],[-3.10948,51.02476],[-3.10879,51.02605],[-3.10837,51.02596]]]}},
{"type":"Feature","properties":{"types":"Play Space; Playing Field","area_m2":31392.5},"geometry":{"type":"Polygon","coordinates":[[[-3.0853,51.03036],[-3.08549,51.03051],[-3.08637,51.03016],[-3.08765,51.02953],[-3.08779,51.02944],[-3.0879,51.02927],[-3.08801,51.0292],[-3.08797,51.02904],[-3.08864,51.02897],[-3.08852,51.02866],[-3.08789,51.02877],[-3.08761,51.02856],[-3.08753,51.02837],[-3.08674,51.02858],[-3.08571,51.02891],[-3.08478,51.02931],[-3.08483,51.02957],[-3.08514,51.02999],[-3.0853,51.03036]]]}},
{"type":"Feature","properties":{"types":"Other Sports Facility","area_m2":97284.7},"geometry":{"type":"Polygon","coordinates":[[[-3.11283,51.03066],[-3.11353,51.03067],[-3.1136,51.03031],[-3.11636,51.03085],[-3.11678,51.0304],[-3.1172,51.02976],[-3.11684,51.02967],[-3.11675,51.02951],[-3.11624,51.02942],[-3.11628,51.02933],[-3.11506,51.02912],[-3.115,51.02904],[-3.11503,51.02886],[-3.11459,51.0288],[-3.1138,51.02878],[-3.11386,51.02816],[-3.11382,51.02821],[-3.11377,51.02878],[-3.11382,51.02886],[-3.11377,51.02924],[-3.1138,51.02885],[-3.11376,51.02883],[-3.11375,51.02871],[-3.1138,51.0282],[-3.11384,51.02816],[-3.11313,51.02809],[-3.11282,51.02798],[-3.11239,51.02789],[-3.11062,51.02766],[-3.11054,51.02767],[-3.11049,51.02808],[-3.11055,51.02867],[-3.11051,51.02976],[-3.11035,51.03074],[-3.11282,51.03049],[-3.11283,51.03066]],[[-3.11252,51.02876],[-3.11254,51.02812],[-3.11302,51.02813],[-3.113,51.02877],[-3.11252,51.02876]],[[-3.11256,51.02914],[-3.11346,51.02919],[-3.11333,51.03012],[-3.11243,51.03007],[-3.11256,51.02914]],[[-3.11361,51.03029],[-3.11379,51.02928],[-3.11376,51.0297],[-3.11361,51.03029]]]}},
{"type":"Feature","properties":{"types":"Allotments Or Community Growing Spaces","area_m2":16334.1},"geometry":{"type":"Polygon","coordinates":[[[-3.10603,51.0296],[-3.10547,51.02892],[-3.10607,51.02878],[-3.10358,51.02932],[-3.10386,51.02954],[-3.10431,51.0298],[-3.10437,51.02989],[-3.1052,51.03027],[-3.10605,51.03008],[-3.10639,51.02994],[-3.1061,51.02961],[-3.10661,51.0294],[-3.10603,51.0296]]]}},
{"type":"Feature","properties":{"types":"Other Sports Facility; Play Space; Playing Field","area_m2":25498.6},"geometry":{"type":"Polygon","coordinates":[[[-3.04729,51.02996],[-3.04681,51.02979],[-3.04617,51.02969],[-3.0453,51.02975],[-3.0451,51.02969],[-3.04499,51.02971],[-3.04552,51.03129],[-3.0469,51.03122],[-3.04792,51.03036],[-3.04729,51.02996]]]}},
{"type":"Feature","properties":{"types":"Play Space; Public Park Or Garden","area_m2":22098.1},"geometry":{"type":"Polygon","coordinates":[[[-3.09251,51.03132],[-3.09288,51.0318],[-3.09301,51.03184],[-3.09301,51.03181],[-3.09328,51.03169],[-3.09355,51.03188],[-3.09367,51.03183],[-3.09372,51.03203],[-3.09366,51.03209],[-3.09341,51.0321],[-3.09342,51.03223],[-3.09354,51.03223],[-3.09355,51.03236],[-3.09511,51.03226],[-3.09518,51.03221],[-3.09462,51.03145],[-3.09431,51.03113],[-3.09416,51.03107],[-3.09417,51.03096],[-3.09373,51.03114],[-3.09362,51.03101],[-3.09354,51.03072],[-3.09347,51.0307],[-3.09341,51.0306],[-3.09334,51.03028],[-3.09225,51.03067],[-3.09224,51.0307],[-3.09255,51.03107],[-3.09264,51.03127],[-3.09251,51.03132]]]}},
{"type":"Feature","properties":{"types":"Other Sports Facility; Playing Field","area_m2":97541.4},"geometry":{"type":"Polygon","coordinates":[[[-3.11898,51.03303],[-3.12034,51.03289],[-3.12114,51.03248],[-3.12085,51.03146],[-3.11962,51.03155],[-3.11865,51.03106],[-3.11684,51.03119],[-3.11636,51.03115],[-3.11553,51.03186],[-3.11537,51.03219],[-3.11525,51.03314],[-3.11532,51.03446],[-3.11536,51.03468],[-3.11552,51.03486],[-3.11747,51.03439],[-3.11741,51.03422],[-3.11773,51.03414],[-3.11753,51.03307],[-3.11788,51.03282],[-3.11787,51.0327],[-3.11805,51.0326],[-3.11863,51.03259],[-3.11891,51.03278],[-3.11898,51.03303]]]}},
{"type":"Feature","properties":{"types":"Play Space","area_m2":9043.4},"geometry":{"type":"Polygon","coordinates":[[[-3.06465,51.03275],[-3.06415,51.03232],[-3.06366,51.03211],[-3.06351,51.03209],[-3.06341,51.03321],[-3.06415,51.03327],[-3.06416,51.0333],[-3.06418,51.03327],[-3.06482,51.0333],[-3.0648,51.03308],[-3.06465,51.03275]]]}},
{"type":"Feature","properties":{"types":"Public Park Or Garden","area_m2":22345.8},"geometry":{"type":"Polygon","coordinates":[[[-3.1071,51.03209],[-3.10693,51.03205],[-3.10686,51.03195],[-3.10712,51.03162],[-3.1061,51.03139],[-3.10597,51.03164],[-3.10595,51.03176],[-3.10604,51.03176],[-3.10607,51.03206],[-3.10564,51.03324],[-3.10554,51.03337],[-3.10515,51.03326],[-3.10513,51.03328],[-3.1055,51.03341],[-3.10549,51.03345],[-3.10602,51.03345],[-3.10595,51.03359],[-3.10598,51.03444],[-3.10616,51.03491],[-3.10615,51.03498],[-3.10629,51.03516],[-3.10619,51.03524],[-3.10641,51.03538],[-3.10651,51.03551],[-3.10651,51.03598],[-3.1066,51.03604],[-3.10729,51.03592],[-3.10674,51.03595],[-3.10646,51.0348],[-3.10642,51.03425],[-3.10649,51.03362],[-3.10691,51.0336],[-3.10649,51.03354],[-3.10671,51.03281],[-3.1071,51.03209]],[[-3.10608,51.03341],[-3.10602,51.03338],[-3.10609,51.03338],[-3.10608,51.03341]]]}},
{"type":"Feature","properties":{"types":"Allotments Or Community Growing Spaces","area_m2":17721.7},"geometry":{"type":"Polygon","coordinates":[[[-3.11329,51.03225],[-3.11276,51.03226],[-3.11321,51.03408],[-3.11356,51.03503],[-3.11365,51.03511],[-3.11443,51.03497],[-3.11361,51.03274],[-3.11329,51.03225]]]}},
{"type":"Feature","properties":{"types":"Play Space; Public Park Or Garden","area_m2":19724.6},"geometry":{"type":"Polygon","coordinates":[[[-3.05252,51.03541],[-3.05373,51.03566],[-3.05358,51.03606],[-3.05313,51.03599],[-3.05354,51.03607],[-3.05338,51.03654],[-3.05352,51.03653],[-3.05388,51.03604],[-3.05398,51.03578],[-3.0556,51.03613],[-3.05647,51.03636],[-3.05652,51.03634],[-3.05554,51.03606],[-3.05399,51.03572],[-3.05441,51.03483],[-3.05446,51.03484],[-3.05479,51.03433],[-3.05484,51.03435],[-3.05507,51.03395],[-3.05524,51.03361],[-3.05516,51.03355],[-3.05523,51.03351],[-3.05579,51.03393],[-3.05603,51.03406],[-3.05612,51.03406],[-3.05612,51.03403],[-3.05594,51.03397],[-3.05598,51.03392],[-3.05611,51.03395],[-3.05615,51.03393],[-3.05631,51.03278],[-3.05569,51.03277],[-3.05569,51.03281],[-3.05549,51.03281],[-3.055,51.03304],[-3.05493,51.03311],[-3.05487,51.0331],[-3.05469,51.03319],[-3.05478,51.03328],[-3.05473,51.03331],[-3.05507,51.03359],[-3.05491,51.03371],[-3.05483,51.03382],[-3.05472,51.03381],[-3.05482,51.03384],[-3.05468,51.03407],[-3.05464,51.03407],[-3.05468,51.03425],[-3.05454,51.03447],[-3.05439,51.03457],[-3.05406,51.0345],[-3.05435,51.03459],[-3.05407,51.03511],[-3.05286,51.03483],[-3.05252,51.03541]],[[-3.05507,51.03327],[-3.05504,51.03315],[-3.05515,51.03306],[-3.0555,51.03294],[-3.05601,51.03298],[-3.05612,51.03306],[-3.05609,51.03327],[-3.05605,51.03333],[-3.05595,51.03335],[-3.05537,51.03338],[-3.05519,51.03336],[-3.05507,51.03327]]]}},
{"type":"Feature","properties":{"types":"Public Park Or Garden","area_m2":24300.6},"geometry":{"type":"Polygon","coordinates":[[[-3.07781,51.03322],[-3.07826,51.03307],[-3.07814,51.03286],[-3.07803,51.0328],[-3.07788,51.03278],[-3.07754,51.03284],[-3.07676,51.03288],[-3.0769,51.03312],[-3.07724,51.03473],[-3.07782,51.03547],[-3.0789,51.03639],[-3.07936,51.03602],[-3.07887,51.03574],[-3.07853,51.0353],[-3.07817,51.0351],[-3.07813,51.03478],[-3.07828,51.03429],[-3.07812,51.03416],[-3.07796,51.03381],[-3.07795,51.03373],[-3.07808,51.03371],[-3.07795,51.03372],[-3.07781,51.03322]]]}},
{"type":"Feature","properties":{"types":"Public Park Or Garden","area_m2":47378.9},"geometry":{"type":"Polygon","coordinates":[[[-3.06208,51.03153],[-3.06129,51.03197],[-3.0609,51.03257],[-3.06069,51.03306],[-3.06058,51.0335],[-3.06033,51.03349],[-3.06015,51.03344],[-3.06009,51.03356],[-3.05993,51.03363],[-3.05975,51.03421],[-3.05938,51.03458],[-3.05821,51.03437],[-3.05771,51.03521],[-3.0585,51.03548],[-3.05842,51.03566],[-3.0585,51.03571],[-3.05847,51.03575],[-3.05835,51.03575],[-3.05824,51.03591],[-3.05843,51.03601],[-3.05842,51.0361],[-3.05816,51.03645],[-3.0582,51.03648],[-3.05804,51.03666],[-3.05747,51.03652],[-3.05745,51.03654],[-3.05714,51.03648],[-3.05708,51.03657],[-3.0571,51.03663],[-3.05729,51.03669],[-3.05731,51.03663],[-3.05736,51.03665],[-3.05732,51.0367],[-3.05786,51.03686],[-3.05786,51.03693],[-3.05755,51.03744],[-3.0573,51.03768],[-3.05688,51.03757],[-3.05662,51.03745],[-3.05641,51.03745],[-3.056,51.03735],[-3.05587,51.03729],[-3.05559,51.03749],[-3.05585,51.03765],[-3.05629,51.03775],[-3.05649,51.03786],[-3.0574,51.03812],[-3.05737,51.03814],[-3.05743,51.03817],[-3.05731,51.03837],[-3.05706,51.03857],[-3.05735,51.03867],[-3.05747,51.03849],[-3.0578,51.03828],[-3.05785,51.03816],[-3.05812,51.03785],[-3.05843,51.03763],[-3.05873,51.03729],[-3.05862,51.03722],[-3.05858,51.0371],[-3.05868,51.03678],[-3.05879,51.0368],[-3.05886,51.03674],[-3.05901,51.03674],[-3.05894,51.03673],[-3.05893,51.03652],[-3.05908,51.03626],[-3.05902,51.03625],[-3.05904,51.03617],[-3.05933,51.03568],[-3.05965,51.03578],[-3.05994,51.03454],[-3.0605,51.03453],[-3.06071,51.0344],[-3.06057,51.03446],[-3.06036,51.03447],[-3.06019,51.03434],[-3.06001,51.03433],[-3.06006,51.03396],[-3.06018,51.03365],[-3.06073,51.03363],[-3.06108,51.03252],[-3.06135,51.03211],[-3.06161,51.03201],[-3.06233,51.03157],[-3.06257,51.03149],[-3.06258,51.03145],[-3.06236,51.03146],[-3.06208,51.03153]]]}},
{"type":"Feature","properties":{"types":"Playing Field","area_m2":5027.2},"geometry":{"type":"Polygon","coordinates":[[[-3.08476,51.03523],[-3.08643,51.03502],[-3.0863,51.0347],[-3.08626,51.03468],[-3.08442,51.0349],[-3.08476,51.03523]]]}},
{"type":"Feature","properties":{"types":"Other Sports Facility; Play Space; Playing Field","area_m2":5913.4},"geometry":{"type":"Polygon","coordinates":[[[-3.08252,51.03536],[-3.08379,51.03534],[-3.08449,51.03528],[-3.08412,51.03484],[-3.0825,51.03502],[-3.08252,51.03536]]]}},
{"type":"Feature","properties":{"types":"Play Space; Playing Field","area_m2":38391.4},"geometry":{"type":"Polygon","coordinates":[[[-3.10291,51.03445],[-3.10281,51.03439],[-3.10223,51.03442],[-3.10228,51.03463],[-3.10238,51.03465],[-3.10243,51.03492],[-3.10173,51.035],[-3.10178,51.03506],[-3.10167,51.03556],[-3.10185,51.03582],[-3.10233,51.03587],[-3.10309,51.03601],[-3.10546,51.03604],[-3.10508,51.03431],[-3.10341,51.03451],[-3.10291,51.03445]],[[-3.1024,51.0357],[-3.10197,51.03574],[-3.10182,51.03514],[-3.10226,51.03509],[-3.1024,51.0357]]]}},
{"type":"Feature","properties":{"types":"Play Space; Public Park Or Garden","area_m2":6750.7},"geometry":{"type":"Polygon","coordinates":[[[-3.05234,51.03782],[-3.05227,51.03781],[-3.05224,51.03786],[-3.05233,51.03795],[-3.05222,51.03797],[-3.05197,51.03797],[-3.05201,51.03799],[-3.05236,51.03797],[-3.05241,51.03802],[-3.05281,51.03762],[-3.05299,51.03764],[-3.05315,51.03772],[-3.05319,51.03765],[-3.05327,51.03768],[-3.05349,51.03733],[-3.05348,51.03725],[-3.05356,51.03721],[-3.05378,51.03692],[-3.054,51.03655],[-3.05382,51.03654],[-3.05352,51.03661],[-3.05325,51.03661],[-3.05305,51.03699],[-3.0529,51.03708],[-3.05255,51.03768],[-3.05249,51.03773],[-3.05242,51.03771],[-3.05234,51.03782]]]}},
{"type":"Feature","properties":{"types":"Playing Field","area_m2":12696.8},"geometry":{"type":"Polygon","coordinates":[[[-3.05613,51.03961],[-3.05631,51.03932],[-3.05603,51.03927],[-3.05609,51.03898],[-3.05596,51.03875],[-3.05574,51.03863],[-3.05546,51.03856],[-3.0549,51.03853],[-3.05468,51.03856],[-3.05457,51.03864],[-3.05423,51.03921],[-3.05426,51.03945],[-3.05613,51.03961]]]}},
{"type":"Feature","properties":{"types":"Other Sports Facility","area_m2":9072.1},"geometry":{"type":"Polygon","coordinates":[[[-3.10181,51.03906],[-3.10227,51.03925],[-3.10272,51.03937],[-3.10334,51.03947],[-3.10367,51.03921],[-3.10373,51.03924],[-3.10386,51.03913],[-3.10272,51.03863],[-3.10286,51.03849],[-3.10244,51.03833],[-3.10186,51.03889],[-3.10191,51.03892],[-3.10181,51.03906]]]}},
{"type":"Feature","properties":{"types":"Play Space; Playing Field","area_m2":9124.9},"geometry":{"type":"Polygon","coordinates":[[[-3.11493,51.05979],[-3.11496,51.05972],[-3.11496,51.05978],[-3.11585,51.05967],[-3.11592,51.05855],[-3.11511,51.05865],[-3.11475,51.05873],[-3.11494,51.0592],[-3.11482,51.05925],[-3.11476,51.05932],[-3.11487,51.0598],[-3.11493,51.05979]]]}},
{"type":"Feature","properties":{"types":"Allotments Or Community Growing Spaces","area_m2":6059.3},"geometry":{"type":"Polygon","coordinates":[[[-3.11435,51.12474],[-3.11318,51.12348],[-3.11315,51.1235],[-3.11327,51.12365],[-3.1131,51.12373],[-3.11337,51.12401],[-3.113,51.12416],[-3.11371,51.12499],[-3.11435,51.12474]]]}},
{"type":"Feature","properties":{"types":"Play Space; Playing Field","area_m2":24712.3},"geometry":{"type":"Polygon","coordinates":[[[-3.10744,51.12559],[-3.10667,51.12587],[-3.10628,51.12591],[-3.10627,51.12587],[-3.10607,51.12589],[-3.106,51.12571],[-3.10587,51.12572],[-3.10585,51.12567],[-3.10603,51.12564],[-3.10604,51.12562],[-3.10508,51.12577],[-3.10416,51.12602],[-3.10443,51.12636],[-3.10497,51.12689],[-3.10581,51.12663],[-3.10613,51.12702],[-3.10755,51.12666],[-3.10756,51.12596],[-3.10744,51.12559]]]}},
{"type":"Feature","properties":{"types":"Other Sports Facility","area_m2":7647.6},"geometry":{"type":"Polygon","coordinates":[[[-3.05565,51.15172],[-3.05604,51.15165],[-3.05609,51.1516],[-3.05577,51.15096],[-3.05496,51.15115],[-3.05464,51.15127],[-3.05479,51.15166],[-3.05479,51.1518],[-3.05475,51.1518],[-3.05479,51.15193],[-3.05531,51.15182],[-3.05538,51.15196],[-3.05551,51.15194],[-3.05558,51.15207],[-3.05583,51.15202],[-3.05565,51.15172]]]}},
{"type":"Feature","properties":{"types":"Allotments Or Community Growing Spaces","area_m2":5950.7},"geometry":{"type":"Polygon","coordinates":[[[-3.0577,51.15153],[-3.05812,51.15241],[-3.05943,51.15227],[-3.05925,51.15179],[-3.05896,51.15179],[-3.05898,51.15188],[-3.05817,51.15193],[-3.05798,51.15149],[-3.0577,51.15153]]]}},
{"type":"Feature","properties":{"types":"Playing Field","area_m2":31747.1},"geometry":{"type":"Polygon","coordinates":[[[-3.06869,51.15287],[-3.06864,51.15289],[-3.06861,51.15284],[-3.06835,51.15289],[-3.06824,51.15278],[-3.06687,51.15311],[-3.06602,51.15319],[-3.066,51.15326],[-3.06573,51.15327],[-3.06579,51.1533],[-3.06579,51.15394],[-3.06526,51.15395],[-3.06548,51.15448],[-3.0665,51.15447],[-3.06695,51.15458],[-3.06691,51.15435],[-3.069,51.15391],[-3.0688,51.15372],[-3.06868,51.15341],[-3.06903,51.15329],[-3.06869,51.15287]]]}},
{"type":"Feature","properties":{"types":"Playing Field","area_m2":28669.0},"geometry":{"type":"Polygon","coordinates":[[[-3.06542,51.15839],[-3.06538,51.15831],[-3.06522,51.15836],[-3.0653,51.15833],[-3.06502,51.1577],[-3.06283,51.15789],[-3.06212,51.15811],[-3.06264,51.15934],[-3.06326,51.15918],[-3.06554,51.15874],[-3.06535,51.15839],[-3.06542,51.15839]]]}},
{"type":"Feature","properties":{"types":"Allotments Or Community Growing Spaces","area_m2":22395.0},"geometry":{"type":"Polygon","coordinates":[[[-2.99856,50.77432],[-2.99846,50.77478],[-2.99826,50.77518],[-2.99825,50.7753],[-2.99854,50.77536],[-2.99919,50.77537],[-2.99968,50.77562],[-2.99988,50.77563],[-3.00015,50.77573],[-3.00046,50.77572],[-3.00071,50.77578],[-3.00113,50.77569],[-3.00117,50.77541],[-3.00091,50.77524],[-3.00079,50.77511],[-3.00035,50.77437],[-2.99856,50.77432]]]}},
{"type":"Feature","properties":{"types":"Play Space; Playing Field","area_m2":11477.3},"geometry":{"type":"Polygon","coordinates":[[[-3.0007,50.77655],[-3.00059,50.77657],[-3.00046,50.77644],[-3.00045,50.77657],[-2.99985,50.77659],[-2.99962,50.77739],[-3.00098,50.77774],[-3.00143,50.77706],[-3.0007,50.77655]]]}},
{"type":"Feature","properties":{"types":"Play Space; Playing Field","area_m2":6862.1},"geometry":{"type":"Polygon","coordinates":[[[-2.99725,50.77851],[-2.9972,50.7785],[-2.99712,50.77859],[-2.99703,50.77861],[-2.99562,50.77803],[-2.9957,50.7779],[-2.99556,50.77785],[-2.99565,50.77775],[-2.99551,50.77771],[-2.99516,50.77837],[-2.99575,50.77845],[-2.9975,50.77914],[-2.99781,50.77888],[-2.99713,50.77865],[-2.99725,50.77851]],[[-2.99608,50.77826],[-2.99594,50.77839],[-2.99556,50.77822],[-2.99571,50.7781],[-2.99608,50.77826]]]}},
{"type":"Feature","properties":{"types":"Other Sports Facility","area_m2":33763.4},"geometry":{"type":"Polygon","coordinates":[[[-2.9913,50.78419],[-2.9924,50.78466],[-2.99345,50.78374],[-2.99338,50.7836],[-2.99344,50.78344],[-2.99374,50.78322],[-2.99503,50.78369],[-2.99531,50.7833],[-2.9951,50.78325],[-2.99519,50.7831],[-2.99506,50.78308],[-2.99507,50.78315],[-2.99498,50.78315],[-2.99494,50.7832],[-2.99373,50.78278],[-2.99394,50.78255],[-2.99383,50.78231],[-2.99277,50.78203],[-2.9913,50.78419]]]}},
{"type":"Feature","properties":{"types":"Other Sports Facility; Play Space; Playing Field","area_m2":53987.0},"geometry":{"type":"Polygon","coordinates":[[[-2.99083,50.78539],[-2.99072,50.78571],[-2.99094,50.78594],[-2.99117,50.78607],[-2.99135,50.78623],[-2.99196,50.78715],[-2.99198,50.78723],[-2.99189,50.78726],[-2.992,50.78734],[-2.99198,50.78741],[-2.99206,50.78752],[-2.992,50.78755],[-2.99225,50.78794],[-2.99215,50.78869],[-2.99209,50.78877],[-2.99211,50.78883],[-2.99256,50.78895],[-2.99236,50.789],[-2.99199,50.78927],[-2.99195,50.78976],[-2.9934,50.79031],[-2.99435,50.78942],[-2.99446,50.78945],[-2.99467,50.78915],[-2.99471,50.78899],[-2.995,50.78898],[-2.995,50.78895],[-2.99429,50.78896],[-2.9947,50.78833],[-2.99427,50.7881],[-2.99405,50.78802],[-2.9939,50.7879],[-2.99367,50.78784],[-2.99335,50.78753],[-2.99255,50.78693],[-2.99246,50.78669],[-2.99226,50.78663],[-2.99218,50.78652],[-2.9922,50.7864],[-2.99213,50.78617],[-2.99183,50.78586],[-2.99172,50.78585],[-2.99156,50.78552],[-2.9911,50.78521],[-2.99102,50.78521],[-2.99083,50.78539]],[[-2.99227,50.78794],[-2.99218,50.78776],[-2.99234,50.78765],[-2.99223,50.7877],[-2.99206,50.78757],[-2.99216,50.78751],[-2.99205,50.78742],[-2.99253,50.78717],[-2.99293,50.78747],[-2.99246,50.78772],[-2.99253,50.78778],[-2.99227,50.78794]]]}},
{"type":"Feature","properties":{"types":"Allotments Or Community Growing Spaces; Play Space; Playing Field","area_m2":14002.4},"geometry":{"type":"Polygon","coordinates":[[[-2.9858,50.78769],[-2.98688,50.78804],[-2.98835,50.78835],[-2.98839,50.7883],[-2.98835,50.78822],[-2.98845,50.78818],[-2.98874,50.78781],[-2.98619,50.7871],[-2.9858,50.78769]]]}},
{"type":"Feature","properties":{"types":"Playing Field","area_m2":14417.7},"geometry":{"type":"Polygon","coordinates":[[[-2.98361,50.80718],[-2.98335,50.80614],[-2.98176,50.80648],[-2.98214,50.80768],[-2.98361,50.80718]]]}},
{"type":"Feature","properties":{"types":"Playing Field","area_m2":10082.0},"geometry":{"type":"Polygon","coordinates":[[[-2.98188,50.83964],[-2.98182,50.83966],[-2.9817,50.83949],[-2.9803,50.84003],[-2.98042,50.8401],[-2.98059,50.84013],[-2.98079,50.84037],[-2.98085,50.84036],[-2.981,50.84061],[-2.98088,50.84063],[-2.98091,50.84066],[-2.98232,50.84044],[-2.98188,50.83964]]]}},
{"type":"Feature","properties":{"types":"Public Park Or Garden","area_m2":57361.5},"geometry":{"type":"Polygon","coordinates":[[[-2.9742,50.86801],[-2.97279,50.86803],[-2.9719,50.8681],[-2.97174,50.86814],[-2.97176,50.86823],[-2.97159,50.86866],[-2.97155,50.86921],[-2.9719,50.87026],[-2.97194,50.87079],[-2.97334,50.87059],[-2.97385,50.87047],[-2.97497,50.87015],[-2.9742,50.86801]]]}},
{"type":"Feature","properties":{"types":"Allotments Or Community Growing Spaces","area_m2":8228.8},"geometry":{"type":"Polygon","coordinates":[[[-2.99189,50.89926],[-2.99131,50.89946],[-2.99163,50.90049],[-2.99235,50.8998],[-2.99291,50.89909],[-2.99285,50.89902],[-2.99266,50.89905],[-2.99189,50.89926]]]}},
{"type":"Feature","properties":{"types":"Playing Field","area_m2":18328.9},"geometry":{"type":"Polygon","coordinates":[[[-2.99144,50.90254],[-2.99128,50.90334],[-2.99094,50.90407],[-2.99151,50.90416],[-2.99267,50.9042],[-2.99276,50.90378],[-2.99279,50.90331],[-2.99273,50.90323],[-2.99259,50.90324],[-2.9926,50.90257],[-2.99144,50.90254]]]}},
{"type":"Feature","properties":{"types":"Playing Field","area_m2":10055.6},"geometry":{"type":"Polygon","coordinates":[[[-2.98963,50.90381],[-2.98959,50.9039],[-2.99028,50.90399],[-2.99026,50.90403],[-2.99081,50.9041],[-2.99117,50.90335],[-2.99126,50.90299],[-2.99019,50.90287],[-2.98977,50.90379],[-2.98963,50.90381]]]}},
{"type":"Feature","properties":{"types":"Playing Field","area_m2":14370.6},"geometry":{"type":"Polygon","coordinates":[[[-2.98247,50.93741],[-2.98261,50.93639],[-2.98133,50.93568],[-2.98111,50.93735],[-2.98247,50.93741]]]}},
{"type":"Feature","properties":{"types":"Play Space; Playing Field","area_m2":13066.6},"geometry":{"type":"Polygon","coordinates":[[[-2.99637,50.9793],[-2.99633,50.97927],[-2.99639,50.97924],[-2.99643,50.97926],[-2.99655,50.97918],[-2.99644,50.97891],[-2.99585,50.97843],[-2.99523,50.97817],[-2.99479,50.97857],[-2.99502,50.97867],[-2.99473,50.97893],[-2.99449,50.97882],[-2.99441,50.9789],[-2.9954,50.97953],[-2.99553,50.97954],[-2.99581,50.97967],[-2.99637,50.9793]]]}},
{"type":"Feature","properties":{"types":"Play Space; Playing Field","area_m2":20531.2},"geometry":{"type":"Polygon","coordinates":[[[-3.00414,51.07002],[-3.00427,51.07031],[-3.00441,51.07044],[-3.00442,51.07065],[-3.00562,51.07042],[-3.00559,51.07038],[-3.00753,51.06992],[-3.00732,51.0693],[-3.0066,51.06937],[-3.00409,51.06977],[-3.00414,51.07002]]]}},
{"type":"Feature","properties":{"types":"Playing Field","area_m2":40812.5},"geometry":{"type":"Polygon","coordinates":[[[-3.01585,51.08264],[-3.01587,51.08235],[-3.01583,51.08229],[-3.01603,51.08198],[-3.01398,51.08031],[-3.01226,51.08081],[-3.01221,51.08079],[-3.0124,51.08115],[-3.01246,51.08114],[-3.01491,51.08312],[-3.01585,51.08264]]]}},
{"type":"Feature","properties":{"types":"Other Sports Facility; Play Space; Playing Field","area_m2":11925.9},"geometry":{"type":"Polygon","coordinates":[[[-3.01749,51.08785],[-3.0176,51.08746],[-3.01596,51.08798],[-3.01602,51.08886],[-3.01669,51.08905],[-3.01684,51.08903],[-3.01749,51.08785]]]}},
{"type":"Feature","properties":{"types":"Other Sports Facility; Play Space; Playing Field","area_m2":43082.1},"geometry":{"type":"Polygon","coordinates":[[[-3.00856,51.09147],[-3.00783,51.09162],[-3.00576,51.0915],[-3.00562,51.09156],[-3.00546,51.0917],[-3.00544,51.09182],[-3.00528,51.09193],[-3.00527,51.09307],[-3.0052,51.09308],[-3.00513,51.09428],[-3.00487,51.09483],[-3.00491,51.09492],[-3.00502,51.09492],[-3.0051,51.09497],[-3.00567,51.09454],[-3.00615,51.09404],[-3.00637,51.09394],[-3.00667,51.09346],[-3.00692,51.09327],[-3.00737,51.09304],[-3.00747,51.09292],[-3.00774,51.09216],[-3.00803,51.09165],[-3.00857,51.09149],[-3.00856,51.09147]],[[-3.00573,51.09407],[-3.00565,51.09437],[-3.00521,51.09432],[-3.0053,51.09402],[-3.00573,51.09407]]]}},
{"type":"Feature","properties":{"types":"Allotments Or Community Growing Spaces","area_m2":14456.6},"geometry":{"type":"Polygon","coordinates":[[[-3.02009,51.09535],[-3.01995,51.09517],[-3.01921,51.09457],[-3.01896,51.09468],[-3.01882,51.09484],[-3.01794,51.09522],[-3.01861,51.09601],[-3.01893,51.09595],[-3.01966,51.09589],[-3.02012,51.09546],[-3.02009,51.09535]]]}},
{"type":"Feature","properties":{"types":"Playing Field","area_m2":22857.6},"geometry":{"type":"Polygon","coordinates":[[[-3.00359,51.09697],[-3.00211,51.0963],[-3.00186,51.09648],[-3.00132,51.09662],[-3.00088,51.09679],[-3.00043,51.09709],[-3.00237,51.09799],[-3.00241,51.09796],[-3.00302,51.09825],[-3.00315,51.09814],[-3.0027,51.09792],[-3.00359,51.09697]]]}},
{"type":"Feature","properties":{"types":"Play Space; Public Park Or Garden","area_m2":5029.0},"geometry":{"type":"Polygon","coordinates":[[[-2.99685,51.10983],[-2.99639,51.10989],[-2.99649,51.11014],[-2.99666,51.11032],[-2.99686,51.11044],[-2.99733,51.11061],[-2.99744,51.11046],[-2.99729,51.11007],[-2.99767,51.11003],[-2.99767,51.11006],[-2.99768,51.11003],[-2.99874,51.1099],[-2.99863,51.10983],[-2.99838,51.10988],[-2.9983,51.10985],[-2.99781,51.10991],[-2.99778,51.10989],[-2.99766,51.10993],[-2.99736,51.10991],[-2.99733,51.10994],[-2.99707,51.10985],[-2.99685,51.10983]]]}},
{"type":"Feature","properties":{"types":"Other Sports Facility; Play Space; Public Park Or Garden","area_m2":388985.8},"geometry":{"type":"Polygon","coordinates":[[[-3.00102,51.10843],[-3.00093,51.10855],[-3.00083,51.10851],[-3.00089,51.10909],[-3.00097,51.10902],[-3.00104,51.10903],[-3.00048,51.10934],[-3.00038,51.10934],[-3.00038,51.10939],[-2.99993,51.10962],[-2.99961,51.10963],[-2.99962,51.10967],[-3.00015,51.10969],[-3.00044,51.10955],[-3.00099,51.10952],[-3.0016,51.10935],[-3.00276,51.10934],[-3.00279,51.11017],[-3.0009,51.11056],[-3.0011,51.1106],[-3.00122,51.11068],[-3.00119,51.11111],[-3.0013,51.11149],[-3.00149,51.11158],[-3.0015,51.11182],[-3.00144,51.11183],[-3.00247,51.1143],[-3.00262,51.1143],[-3.00262,51.11436],[-3.00266,51.11436],[-3.00273,51.11431],[-3.00256,51.11416],[-3.00243,51.11386],[-3.00163,51.11197],[-3.00157,51.11181],[-3.00161,51.11178],[-3.00196,51.11177],[-3.00253,51.11168],[-3.00257,51.11171],[-3.0026,51.11168],[-3.00357,51.11154],[-3.00463,51.11417],[-3.00577,51.11413],[-3.00683,51.11324],[-3.00695,51.1132],[-3.007,51.11322],[-3.00958,51.11317],[-3.01203,51.11369],[-3.01222,51.1136],[-3.01223,51.11372],[-3.01283,51.11402],[-3.01288,51.11399],[-3.01242,51.11381],[-3.01238,51.11374],[-3.01253,51.11346],[-3.01244,51.11337],[-3.01241,51.11309],[-3.01277,51.11268],[-3.01293,51.11259],[-3.01327,51.11254],[-3.01334,51.11244],[-3.0144,51.11274],[-3.01433,51.11234],[-3.0144,51.11221],[-3.01235,51.11161],[-3.01229,51.11164],[-3.01207,51.11161],[-3.01212,51.1116],[-3.01203,51.11155],[-3.01206,51.11127],[-3.01221,51.1113],[-3.01214,51.11127],[-3.01222,51.11119],[-3.01221,51.11112],[-3.01199,51.11101],[-3.01159,51.1109],[-3.01163,51.11064],[-3.01171,51.11062],[-3.01233,51.11077],[-3.01245,51.11078],[-3.01248,51.11074],[-3.01161,51.11055],[-3.0112,51.11037],[-3.01096,51.11039],[-3.01102,51.11035],[-3.0109,51.1103],[-3.00998,51.11006],[-3.00903,51.10956],[-3.00849,51.10915],[-3.00855,51.10893],[-3.00829,51.10887],[-3.00796,51.10897],[-3.0079,51.10892],[-3.00803,51.10882],[-3.00774,51.10877],[-3.00658,51.10844],[-3.00594,51.10819],[-3.0048,51.10756],[-3.00381,51.10723],[-3.00393,51.10708],[-3.00243,51.10656],[-3.00264,51.10686],[-3.0026,51.10687],[-3.00271,51.10705],[-3.00277,51.10704],[-3.00278,51.1071],[-3.0025,51.10714],[-3.00174,51.10751],[-3.00153,51.10751],[-3.00138,51.10763],[-3.00127,51.10783],[-3.00133,51.10827],[-3.0011,51.10845],[-3.00102,51.10843]],[[-3.0066,51.10896],[-3.0065,51.10879],[-3.00654,51.10878],[-3.0066,51.10896]],[[-3.00155,51.11166],[-3.00205,51.11165],[-3.00259,51.11157],[-3.00258,51.11151],[-3.00261,51.11157],[-3.00426,51.11134],[-3.00435,51.11132],[-3.00434,51.11126],[-3.00444,51.11124],[-3.00447,51.11135],[-3.00441,51.11137],[-3.00206,51.11169],[-3.00155,51.11172],[-3.00155,51.11166]]]}},
{"type":"Feature","properties":{"types":"Other Sports Facility","area_m2":12014.7},"geometry":{"type":"Polygon","coordinates":[[[-2.98969,51.11252],[-2.98936,51.11291],[-2.98876,51.11272],[-2.98861,51.11306],[-2.98879,51.11324],[-2.98899,51.11335],[-2.98987,51.11361],[-2.99068,51.11266],[-2.98996,51.11263],[-2.98997,51.11254],[-2.99018,51.11225],[-2.98942,51.11198],[-2.9893,51.11214],[-2.98934,51.11216],[-2.9892,51.11236],[-2.98969,51.11252]]]}},
{"type":"Feature","properties":{"types":"Play Space; Public Park Or Garden","area_m2":12973.5},"geometry":{"type":"Polygon","coordinates":[[[-3.01646,51.11337],[-3.017,51.11296],[-3.0173,51.11292],[-3.01754,51.11259],[-3.0169,51.11234],[-3.01674,51.11258],[-3.01649,51.11273],[-3.01603,51.11248],[-3.01593,51.11256],[-3.01567,51.1125],[-3.01573,51.11238],[-3.01557,51.11255],[-3.01454,51.11225],[-3.01448,51.11235],[-3.01453,51.11278],[-3.01531,51.11299],[-3.01527,51.11302],[-3.01534,51.113],[-3.01646,51.11337]]]}},
{"type":"Feature","properties":{"types":"Play Space; Playing Field","area_m2":17251.9},"geometry":{"type":"Polygon","coordinates":[[[-3.00169,51.11739],[-3.00125,51.11639],[-2.9995,51.11676],[-2.99933,51.1165],[-2.99945,51.11677],[-2.999,51.11687],[-2.99951,51.1174],[-3.00009,51.11776],[-3.00169,51.11739]]]}},
{"type":"Feature","properties":{"types":"Other Sports Facility","area_m2":22745.2},"geometry":{"type":"Polygon","coordinates":[[[-3.00707,51.12031],[-3.00699,51.12033],[-3.00691,51.12063],[-3.00696,51.12068],[-3.00703,51.12062],[-3.0077,51.12053],[-3.00812,51.12039],[-3.00867,51.11993],[-3.00793,51.11893],[-3.00609,51.11943],[-3.00604,51.11961],[-3.0059,51.11966],[-3.00601,51.12013],[-3.00608,51.12013],[-3.00619,51.12033],[-3.00698,51.12014],[-3.00707,51.12031]]]}},
{"type":"Feature","properties":{"types":"Allotments Or Community Growing Spaces; Public Park Or Garden","area_m2":70450.3},"geometry":{"type":"Polygon","coordinates":[[[-3.01538,51.12237],[-3.01477,51.12207],[-3.01473,51.12195],[-3.01414,51.12211],[-3.01377,51.12229],[-3.0137,51.12252],[-3.01337,51.12264],[-3.01274,51.12259],[-3.01191,51.12292],[-3.01155,51.1232],[-3.01139,51.12347],[-3.01062,51.12386],[-3.01253,51.12483],[-3.01268,51.12486],[-3.01268,51.12481],[-3.01284,51.12484],[-3.01372,51.12442],[-3.01457,51.12413],[-3.01458,51.12406],[-3.01469,51.12399],[-3.01533,51.12383],[-3.01537,51.12387],[-3.01671,51.12336],[-3.01692,51.12326],[-3.01677,51.1231],[-3.01671,51.12315],[-3.01661,51.12309],[-3.01665,51.12306],[-3.01607,51.1228],[-3.01598,51.12271],[-3.01593,51.12256],[-3.01538,51.12237]]]}},
{"type":"Feature","properties":{"types":"Allotments Or Community Growing Spaces; Other Sports Facility; Play Space; Playing Field","area_m2":20112.1},"geometry":{"type":"Polygon","coordinates":[[[-3.0071,51.12423],[-3.00603,51.1241],[-3.00604,51.12414],[-3.00593,51.12417],[-3.00556,51.12419],[-3.00561,51.1242],[-3.00604,51.12489],[-3.00589,51.12495],[-3.00626,51.12547],[-3.00638,51.12544],[-3.00653,51.12554],[-3.00642,51.12563],[-3.00646,51.12564],[-3.00691,51.12517],[-3.00718,51.12499],[-3.00803,51.12479],[-3.0084,51.12462],[-3.00881,51.12456],[-3.00885,51.12458],[-3.00849,51.12464],[-3.00864,51.12477],[-3.00881,51.12508],[-3.00911,51.12522],[-3.00962,51.1249],[-3.00887,51.1245],[-3.0086,51.12446],[-3.00835,51.12437],[-3.0072,51.12424],[-3.0071,51.12426],[-3.0071,51.12423]]]}},
{"type":"Feature","properties":{"types":"Other Sports Facility; Playing Field","area_m2":14563.9},"geometry":{"type":"Polygon","coordinates":[[[-3.01501,51.12453],[-3.01487,51.1244],[-3.01482,51.12442],[-3.01467,51.12422],[-3.01447,51.12426],[-3.01564,51.12531],[-3.01573,51.12532],[-3.01585,51.12538],[-3.01598,51.12554],[-3.01713,51.12523],[-3.01643,51.12411],[-3.01501,51.12453]]]}},
{"type":"Feature","properties":{"types":"Playing Field","area_m2":12530.0},"geometry":{"type":"Polygon","coordinates":[[[-3.01866,51.12489],[-3.0179,51.12507],[-3.01776,51.12514],[-3.01733,51.12518],[-3.01726,51.12527],[-3.01773,51.12602],[-3.01799,51.12619],[-3.01931,51.12584],[-3.01866,51.12489]]]}},
{"type":"Feature","properties":{"types":"Other Sports Facility; Play Space; Public Park Or Garden","area_m2":30846.1},"geometry":{"type":"Polygon","coordinates":[[[-2.99514,51.12774],[-2.99546,51.12739],[-2.996,51.12704],[-2.99543,51.12708],[-2.99523,51.12682],[-2.99611,51.12654],[-2.99612,51.1265],[-2.99712,51.12619],[-2.99694,51.12584],[-2.99665,51.12593],[-2.99658,51.12582],[-2.99663,51.12593],[-2.99599,51.12613],[-2.99588,51.1261],[-2.99565,51.12566],[-2.99328,51.12637],[-2.99366,51.12726],[-2.99451,51.12769],[-2.99514,51.12808],[-2.99517,51.12802],[-2.99501,51.12786],[-2.99509,51.12784],[-2.99514,51.12774]],[[-2.99639,51.1261],[-2.99651,51.12624],[-2.99607,51.12638],[-2.99596,51.12623],[-2.99639,51.1261]]]}},
{"type":"Feature","properties":{"types":"Public Park Or Garden","area_m2":9054.1},"geometry":{"type":"Polygon","coordinates":[[[-3.00122,51.12757],[-3.00139,51.12752],[-3.00125,51.12734],[-3.0015,51.12725],[-3.00121,51.12695],[-3.00073,51.1271],[-3.00041,51.1265],[-2.99991,51.12673],[-3.00036,51.12772],[-3.00069,51.12805],[-3.00064,51.12791],[-3.00081,51.12786],[-3.00071,51.12773],[-3.00096,51.12765],[-3.00104,51.12776],[-3.00096,51.12778],[-3.0011,51.12798],[-3.00124,51.12792],[-3.00119,51.12777],[-3.00134,51.12772],[-3.00122,51.12757]]]}},
{"type":"Feature","properties":{"types":"Allotments Or Community Growing Spaces","area_m2":10980.1},"geometry":{"type":"Polygon","coordinates":[[[-2.98943,51.12795],[-2.98853,51.12808],[-2.98752,51.12778],[-2.98684,51.12859],[-2.98949,51.12854],[-2.98943,51.12795]]]}},
{"type":"Feature","properties":{"types":"Other Sports Facility; Play Space; Playing Field","area_m2":19391.0},"geometry":{"type":"Polygon","coordinates":[[[-2.98023,51.12962],[-2.98244,51.12972],[-2.98247,51.12922],[-2.98243,51.12916],[-2.98248,51.12913],[-2.98252,51.12863],[-2.98019,51.12857],[-2.98013,51.12957],[-2.98023,51.12962]]]}},
{"type":"Feature","properties":{"types":"Public Park Or Garden","area_m2":31109.9},"geometry":{"type":"Polygon","coordinates":[[[-3.02428,51.12856],[-3.02419,51.12861],[-3.02345,51.12873],[-3.02268,51.12891],[-3.02222,51.12906],[-3.02189,51.12923],[-3.02152,51.12927],[-3.0207,51.12964],[-3.02075,51.12966],[-3.02179,51.12941],[-3.02252,51.12955],[-3.02251,51.12958],[-3.02266,51.12965],[-3.02268,51.12956],[-3.02295,51.12972],[-3.02373,51.12982],[-3.02414,51.12993],[-3.02459,51.12997],[-3.02457,51.13018],[-3.02472,51.1301],[-3.02473,51.13003],[-3.02482,51.13003],[-3.02482,51.13],[-3.02608,51.13003],[-3.02607,51.13038],[-3.02628,51.13059],[-3.02648,51.13052],[-3.02658,51.13023],[-3.02649,51.1302],[-3.0265,51.13015],[-3.02659,51.13014],[-3.02662,51.13009],[-3.02633,51.12981],[-3.02678,51.1297],[-3.02693,51.12957],[-3.02731,51.12937],[-3.02735,51.1293],[-3.02725,51.12918],[-3.0271,51.12925],[-3.02703,51.12925],[-3.02702,51.12932],[-3.0269,51.12937],[-3.02668,51.12958],[-3.02636,51.12971],[-3.02618,51.1297],[-3.02607,51.12956],[-3.02604,51.12961],[-3.02608,51.1298],[-3.02602,51.12985],[-3.02531,51.12991],[-3.02506,51.12906],[-3.02498,51.12902],[-3.02491,51.12881],[-3.02485,51.12883],[-3.02482,51.12877],[-3.02452,51.12857],[-3.02443,51.12854],[-3.02428,51.12856]]]}},
{"type":"Feature","properties":{"types":"Allotments Or Community Growing Spaces","area_m2":5872.8},"geometry":{"type":"Polygon","coordinates":[[[-3.0076,51.12989],[-3.00855,51.13029],[-3.00905,51.12945],[-3.00848,51.12928],[-3.008,51.12965],[-3.00789,51.1296],[-3.0076,51.12989]]]}},
{"type":"Feature","properties":{"types":"Allotments Or Community Growing Spaces","area_m2":6780.3},"geometry":{"type":"Polygon","coordinates":[[[-3.01097,51.12983],[-3.01081,51.12979],[-3.01099,51.12955],[-3.01078,51.12948],[-3.01089,51.12925],[-3.01058,51.12918],[-3.01006,51.13024],[-3.00989,51.13093],[-3.01012,51.131],[-3.01097,51.12983]]]}},
{"type":"Feature","properties":{"types":"Playing Field","area_m2":11164.0},"geometry":{"type":"Polygon","coordinates":[[[-3.00723,51.1302],[-3.00716,51.1302],[-3.00658,51.13071],[-3.00676,51.13148],[-3.00673,51.1316],[-3.00677,51.13172],[-3.00702,51.1317],[-3.0069,51.13155],[-3.00865,51.13102],[-3.0074,51.13046],[-3.00723,51.1302]]]}},
{"type":"Feature","properties":{"types":"Other Sports Facility; Play Space; Playing Field","area_m2":29593.6},"geometry":{"type":"Polygon","coordinates":[[[-3.01305,51.13042],[-3.01297,51.13045],[-3.01245,51.13063],[-3.01238,51.13073],[-3.01223,51.13073],[-3.01223,51.13076],[-3.01211,51.13077],[-3.0119,51.13085],[-3.01191,51.13095],[-3.01163,51.13096],[-3.01115,51.13114],[-3.01063,51.13207],[-3.01064,51.13212],[-3.01162,51.13292],[-3.01175,51.13293],[-3.01305,51.1323],[-3.01315,51.13217],[-3.01319,51.13189],[-3.01315,51.13178],[-3.01329,51.13172],[-3.01336,51.13121],[-3.01281,51.13065],[-3.01316,51.1305],[-3.01305,51.13042]],[[-3.01199,51.13128],[-3.01266,51.13096],[-3.013,51.13125],[-3.01289,51.13132],[-3.01293,51.13135],[-3.01239,51.13161],[-3.01199,51.13128]]]}},
{"type":"Feature","properties":{"types":"Allotments Or Community Growing Spaces","area_m2":12588.2},"geometry":{"type":"Polygon","coordinates":[[[-3.01427,51.13328],[-3.01359,51.133],[-3.01318,51.1332],[-3.01284,51.1335],[-3.01303,51.13361],[-3.01339,51.13393],[-3.01357,51.13421],[-3.01367,51.1345],[-3.0152,51.13348],[-3.01427,51.13328]]]}},
{"type":"Feature","properties":{"types":"Other Sports Facility; Play Space; Playing Field","area_m2":78122.4},"geometry":{"type":"Polygon","coordinates":[[[-3.01447,51.13588],[-3.01555,51.13671],[-3.01639,51.1362],[-3.01623,51.13605],[-3.01617,51.13604],[-3.01621,51.13602],[-3.01615,51.13597],[-3.01628,51.13592],[-3.01623,51.13586],[-3.01664,51.13571],[-3.0169,51.13606],[-3.01709,51.13603],[-3.01711,51.13596],[-3.01973,51.1354],[-3.01977,51.13544],[-3.01978,51.13537],[-3.01956,51.13514],[-3.01912,51.1348],[-3.01873,51.13458],[-3.01865,51.13438],[-3.01801,51.13427],[-3.01813,51.13371],[-3.01827,51.13338],[-3.01823,51.13306],[-3.01841,51.13271],[-3.01836,51.13266],[-3.0185,51.13249],[-3.01912,51.13213],[-3.0189,51.13159],[-3.01845,51.13145],[-3.01777,51.13238],[-3.01696,51.13335],[-3.01707,51.13337],[-3.01694,51.13337],[-3.01614,51.13426],[-3.01609,51.13429],[-3.016,51.13426],[-3.01593,51.13432],[-3.0159,51.13436],[-3.01598,51.1344],[-3.01596,51.13442],[-3.01589,51.13445],[-3.01447,51.13588]],[[-3.01716,51.13338],[-3.01757,51.13339],[-3.01757,51.1334],[-3.01716,51.13338]],[[-3.01708,51.13601],[-3.01691,51.13605],[-3.01666,51.13569],[-3.01692,51.13601],[-3.01708,51.13601]]]}},
{"type":"Feature","properties":{"types":"Allotments Or Community Growing Spaces","area_m2":7765.8},"geometry":{"type":"Polygon","coordinates":[[[-3.02528,51.13658],[-3.02524,51.13575],[-3.02415,51.13578],[-3.02415,51.13584],[-3.02401,51.13585],[-3.02389,51.13629],[-3.02369,51.1364],[-3.02435,51.1365],[-3.02528,51.13658]]]}},
{"type":"Feature","properties":{"types":"Allotments Or Community Growing Spaces; Play Space","area_m2":6803.4},"geometry":{"type":"Polygon","coordinates":[[[-3.00621,51.1374],[-3.00716,51.1371],[-3.00726,51.13712],[-3.00753,51.13701],[-3.0075,51.1366],[-3.00672,51.13654],[-3.00681,51.13675],[-3.00614,51.13675],[-3.00575,51.13684],[-3.00621,51.1374]]]}},
{"type":"Feature","properties":{"types":"Playing Field","area_m2":49922.6},"geometry":{"type":"Polygon","coordinates":[[[-2.99207,51.13852],[-2.9927,51.13675],[-2.98964,51.13581],[-2.98972,51.13561],[-2.98967,51.13561],[-2.98915,51.13804],[-2.99004,51.1382],[-2.99011,51.13817],[-2.99037,51.13821],[-2.99064,51.13831],[-2.99207,51.13852]]]}},
{"type":"Feature","properties":{"types":"Allotments Or Community Growing Spaces","area_m2":9057.5},"geometry":{"type":"Polygon","coordinates":[[[-2.99128,51.1402],[-2.99157,51.14021],[-2.99155,51.14029],[-2.99176,51.14031],[-2.9918,51.14023],[-2.99192,51.14023],[-2.99219,51.14005],[-2.992,51.13976],[-2.99202,51.13971],[-2.99194,51.1397],[-2.9917,51.13942],[-2.99154,51.13911],[-2.99117,51.13905],[-2.99097,51.1396],[-2.99061,51.13954],[-2.99051,51.14006],[-2.99129,51.1401],[-2.99128,51.1402]]]}},
{"type":"Feature","properties":{"types":"Playing Field","area_m2":10773.2},"geometry":{"type":"Polygon","coordinates":[[[-2.98387,51.1396],[-2.98379,51.13996],[-2.98337,51.14042],[-2.98372,51.14067],[-2.9847,51.14078],[-2.98476,51.14076],[-2.98481,51.14072],[-2.98504,51.1397],[-2.98387,51.1396]]]}},
{"type":"Feature","properties":{"types":"Other Sports Facility","area_m2":21617.9},"geometry":{"type":"Polygon","coordinates":[[[-3.00989,51.13995],[-3.0099,51.14029],[-3.01003,51.14029],[-3.01009,51.14048],[-3.00979,51.14051],[-3.00977,51.14045],[-3.00915,51.1404],[-3.00914,51.14043],[-3.00867,51.1404],[-3.00865,51.14048],[-3.00844,51.14049],[-3.00786,51.14043],[-3.00779,51.14075],[-3.00899,51.14084],[-3.00913,51.14088],[-3.009,51.14096],[-3.00915,51.14091],[-3.00901,51.14137],[-3.00899,51.14165],[-3.00904,51.14168],[-3.0108,51.14136],[-3.01062,51.14064],[-3.01063,51.13969],[-3.00976,51.13964],[-3.00989,51.13995]]]}},
{"type":"Feature","properties":{"types":"Other Sports Facility","area_m2":35940.0},"geometry":{"type":"Polygon","coordinates":[[[-3.00883,51.141],[-3.00629,51.14076],[-3.00629,51.14073],[-3.00609,51.14071],[-3.00602,51.14144],[-3.00567,51.14204],[-3.0053,51.14233],[-3.00839,51.14259],[-3.0087,51.14183],[-3.0089,51.14108],[-3.00884,51.14107],[-3.00883,51.141]]]}},
{"type":"Feature","properties":{"types":"Other Sports Facility; Play Space; Playing Field","area_m2":27645.1},"geometry":{"type":"Polygon","coordinates":[[[-2.98084,51.14154],[-2.98081,51.14157],[-2.98073,51.14155],[-2.98027,51.14206],[-2.98034,51.14285],[-2.98101,51.14289],[-2.98103,51.1431],[-2.98148,51.14309],[-2.9815,51.14319],[-2.9814,51.14319],[-2.98141,51.14406],[-2.98214,51.14419],[-2.98193,51.14425],[-2.98207,51.14444],[-2.98258,51.14433],[-2.98256,51.14431],[-2.98266,51.14428],[-2.98262,51.14418],[-2.98315,51.14418],[-2.98334,51.14343],[-2.98175,51.14329],[-2.98176,51.14179],[-2.98084,51.14154]],[[-2.98114,51.14296],[-2.98108,51.14296],[-2.98108,51.14289],[-2.98113,51.14289],[-2.98114,51.14296]]]}},
{"type":"Feature","properties":{"types":"Other Sports Facility; Play Space; Playing Field","area_m2":22248.6},"geometry":{"type":"Polygon","coordinates":[[[-3.01013,51.18083],[-3.00915,51.18044],[-3.00847,51.18023],[-3.00807,51.18128],[-3.01009,51.18212],[-3.01093,51.18119],[-3.01013,51.18083]]]}},
{"type":"Feature","properties":{"types":"Other Sports Facility; Play Space; Playing Field","area_m2":6576.0},"geometry":{"type":"Polygon","coordinates":[[[-2.98548,51.20456],[-2.98566,51.2045],[-2.98569,51.20432],[-2.98547,51.2043],[-2.98527,51.20435],[-2.98311,51.20429],[-2.98297,51.2047],[-2.98429,51.20467],[-2.98548,51.20456]]]}},
{"type":"Feature","properties":{"types":"Allotments Or Community Growing Spaces","area_m2":13196.7},"geometry":{"type":"Polygon","coordinates":[[[-3.00102,51.20654],[-3.00112,51.20611],[-2.99962,51.20614],[-2.9989,51.20627],[-2.99845,51.20642],[-2.99829,51.20686],[-3.00103,51.2068],[-3.00102,51.20654]]]}},
{"type":"Feature","properties":{"types":"Playing Field","area_m2":23143.2},"geometry":{"type":"Polygon","coordinates":[[[-2.97771,51.20999],[-2.97922,51.21031],[-2.97955,51.21041],[-2.97993,51.21064],[-2.98,51.21073],[-2.98065,51.21089],[-2.98076,51.21075],[-2.98136,51.21026],[-2.98111,51.21001],[-2.98043,51.20986],[-2.98046,51.2096],[-2.98028,51.20958],[-2.9802,51.20962],[-2.97842,51.2093],[-2.97813,51.20933],[-2.9778,51.20965],[-2.97763,51.20992],[-2.97771,51.20999]]]}},
{"type":"Feature","properties":{"types":"Other Sports Facility; Play Space; Playing Field","area_m2":188080.2},"geometry":{"type":"Polygon","coordinates":[[[-2.99053,51.22772],[-2.99132,51.22843],[-2.99153,51.22838],[-2.99125,51.2283],[-2.99075,51.22784],[-2.9908,51.22776],[-2.99129,51.22787],[-2.99143,51.22761],[-2.99108,51.22727],[-2.99108,51.22722],[-2.99119,51.22723],[-2.99144,51.22715],[-2.99127,51.22717],[-2.99115,51.22715],[-2.99106,51.2269],[-2.99088,51.22662],[-2.99093,51.22652],[-2.99068,51.22629],[-2.9909,51.22602],[-2.99078,51.22604],[-2.99058,51.22594],[-2.99045,51.22595],[-2.99029,51.22587],[-2.99017,51.22568],[-2.99064,51.22555],[-2.99103,51.22554],[-2.9911,51.22547],[-2.99212,51.22509],[-2.99201,51.22497],[-2.99218,51.22483],[-2.99173,51.22436],[-2.99168,51.22423],[-2.99283,51.22369],[-2.9931,51.2235],[-2.99308,51.2234],[-2.99198,51.22317],[-2.99092,51.22281],[-2.9902,51.22278],[-2.98925,51.22266],[-2.9883,51.22239],[-2.98775,51.2223],[-2.98762,51.22224],[-2.98757,51.22198],[-2.98733,51.22159],[-2.98713,51.2216],[-2.98754,51.22203],[-2.98753,51.22228],[-2.9874,51.22228],[-2.98721,51.22236],[-2.98714,51.22233],[-2.98708,51.22223],[-2.98676,51.22217],[-2.98525,51.22213],[-2.98534,51.22177],[-2.98501,51.22176],[-2.9848,51.22221],[-2.98332,51.22207],[-2.98323,51.22225],[-2.98138,51.22167],[-2.98131,51.22177],[-2.98238,51.22212],[-2.98234,51.22218],[-2.98238,51.22215],[-2.98313,51.22242],[-2.98303,51.22252],[-2.98316,51.22243],[-2.98331,51.2224],[-2.98385,51.22264],[-2.98475,51.22313],[-2.98477,51.22322],[-2.98468,51.22332],[-2.98514,51.22335],[-2.98539,51.22351],[-2.98528,51.22376],[-2.98536,51.22364],[-2.98565,51.22371],[-2.98587,51.22398],[-2.98595,51.22388],[-2.98657,51.22423],[-2.98672,51.22444],[-2.98705,51.22449],[-2.98734,51.22492],[-2.98746,51.22493],[-2.98739,51.22496],[-2.98748,51.22515],[-2.98758,51.22519],[-2.98753,51.22523],[-2.98767,51.22545],[-2.98761,51.22547],[-2.98912,51.22717],[-2.98883,51.22717],[-2.98961,51.2272],[-2.98951,51.22728],[-2.98969,51.22731],[-2.98971,51.22721],[-2.99053,51.22772]],[[-2.98771,51.22486],[-2.98786,51.22507],[-2.98764,51.22514],[-2.98748,51.22494],[-2.98771,51.22486]]]}},
{"type":"Feature","properties":{"types":"Other Sports Facility; Playing Field","area_m2":67340.3},"geometry":{"type":"Polygon","coordinates":[[[-2.98689,51.22773],[-2.98667,51.22761],[-2.9855,51.2272],[-2.98537,51.22776],[-2.98522,51.2278],[-2.98496,51.22858],[-2.98466,51.22908],[-2.98452,51.22912],[-2.98398,51.22992],[-2.98469,51.22996],[-2.98541,51.23013],[-2.98572,51.23027],[-2.98604,51.23055],[-2.98636,51.23069],[-2.98732,51.23084],[-2.98791,51.23004],[-2.98804,51.22975],[-2.98806,51.22951],[-2.98831,51.22898],[-2.98843,51.22895],[-2.98829,51.22896],[-2.98821,51.22912],[-2.98767,51.22892],[-2.98768,51.2288],[-2.98714,51.22812],[-2.98779,51.22796],[-2.98774,51.22792],[-2.98785,51.22792],[-2.98782,51.22788],[-2.9877,51.22782],[-2.98708,51.22796],[-2.98689,51.22773]]]}},
{"type":"Feature","properties":{"types":"Play Space; Public Park Or Garden","area_m2":21130.2},"geometry":{"type":"Polygon","coordinates":[[[-2.97998,51.22988],[-2.9797,51.22984],[-2.97973,51.22975],[-2.97962,51.22975],[-2.97949,51.22999],[-2.97888,51.23078],[-2.97875,51.23078],[-2.97881,51.23083],[-2.97866,51.23102],[-2.97873,51.23105],[-2.97895,51.23081],[-2.97922,51.23086],[-2.97995,51.23109],[-2.98066,51.23138],[-2.98079,51.23139],[-2.98093,51.23135],[-2.98144,51.23092],[-2.9817,51.23099],[-2.98146,51.2309],[-2.9818,51.23056],[-2.98189,51.23039],[-2.98183,51.23038],[-2.98184,51.23033],[-2.98165,51.23032],[-2.97999,51.22991],[-2.97998,51.22988]]]}},
{"type":"Feature","properties":{"types":"Allotments Or Community Growing Spaces","area_m2":14214.6},"geometry":{"type":"Polygon","coordinates":[[[-2.9875,51.23857],[-2.98749,51.23861],[-2.98772,51.23831],[-2.9883,51.23843],[-2.98832,51.23839],[-2.98788,51.23829],[-2.9882,51.23785],[-2.98815,51.23783],[-2.98801,51.23795],[-2.98774,51.23782],[-2.98616,51.23746],[-2.98617,51.23735],[-2.98612,51.23735],[-2.9859,51.23773],[-2.98568,51.23829],[-2.98587,51.23835],[-2.98625,51.23855],[-2.98638,51.2386],[-2.98641,51.23857],[-2.98662,51.23867],[-2.98689,51.23839],[-2.9875,51.23857]]]}},
{"type":"Feature","properties":{"types":"Play Space; Public Park Or Garden","area_m2":15410.5},"geometry":{"type":"Polygon","coordinates":[[[-2.99613,51.23976],[-2.99615,51.2396],[-2.99671,51.23957],[-2.99659,51.23938],[-2.99622,51.23917],[-2.99542,51.23885],[-2.99524,51.23929],[-2.9954,51.23929],[-2.99543,51.23952],[-2.99536,51.23956],[-2.99534,51.23974],[-2.99537,51.24032],[-2.99556,51.24043],[-2.9956,51.24062],[-2.99555,51.24065],[-2.99568,51.24098],[-2.99574,51.24102],[-2.99678,51.24088],[-2.99673,51.24007],[-2.99658,51.24008],[-2.99658,51.24003],[-2.9965,51.24002],[-2.9962,51.24006],[-2.99613,51.23976]],[[-2.99559,51.24036],[-2.99606,51.24033],[-2.99612,51.24065],[-2.99566,51.24069],[-2.99559,51.24036]]]}},
{"type":"Feature","properties":{"types":"Other Sports Facility; Play Space; Playing Field","area_m2":9672.8},"geometry":{"type":"Polygon","coordinates":[[[-2.98554,51.24154],[-2.98558,51.2415],[-2.98538,51.24145],[-2.98569,51.241],[-2.98588,51.24105],[-2.98603,51.24059],[-2.98595,51.24054],[-2.98496,51.24045],[-2.98475,51.24054],[-2.98466,51.24085],[-2.98454,51.24164],[-2.98468,51.24171],[-2.98554,51.24154]]]}},
{"type":"Feature","properties":{"types":"Other Sports Facility","area_m2":95858.0},"geometry":{"type":"Polygon","coordinates":[[[-2.986,51.24583],[-2.98588,51.24577],[-2.98575,51.24602],[-2.98539,51.24596],[-2.98542,51.24588],[-2.98483,51.24579],[-2.98485,51.24572],[-2.98439,51.24568],[-2.98433,51.24565],[-2.98431,51.24584],[-2.9841,51.2462],[-2.98414,51.24625],[-2.98383,51.24652],[-2.9849,51.24711],[-2.98482,51.24719],[-2.98458,51.24726],[-2.9846,51.24732],[-2.98448,51.24736],[-2.98428,51.24752],[-2.98418,51.24767],[-2.98419,51.24783],[-2.98439,51.24799],[-2.98548,51.24818],[-2.98499,51.24812],[-2.98489,51.24831],[-2.98418,51.24815],[-2.98398,51.24849],[-2.98398,51.24884],[-2.98414,51.24935],[-2.98589,51.24897],[-2.98686,51.2488],[-2.98892,51.24853],[-2.98863,51.248],[-2.98848,51.24794],[-2.98794,51.24633],[-2.98798,51.24601],[-2.98718,51.2459],[-2.986,51.24583]],[[-2.98839,51.24794],[-2.98739,51.24802],[-2.98839,51.24791],[-2.98839,51.24794]],[[-2.98684,51.24813],[-2.98616,51.24814],[-2.98683,51.24811],[-2.98739,51.24804],[-2.98684,51.24813]],[[-2.9857,51.24817],[-2.98554,51.24817],[-2.98592,51.24816],[-2.9857,51.24817]]]}},
{"type":"Feature","properties":{"types":"Play Space; Playing Field","area_m2":15040.4},"geometry":{"type":"Polygon","coordinates":[[[-3.00935,51.26172],[-3.00927,51.26159],[-3.00859,51.26097],[-3.00803,51.26026],[-3.00707,51.25917],[-3.00674,51.2589],[-3.00604,51.25923],[-3.00628,51.25939],[-3.00709,51.26005],[-3.00742,51.26045],[-3.00753,51.26078],[-3.00753,51.26104],[-3.00858,51.26117],[-3.00902,51.2616],[-3.00935,51.26172]]]}},
{"type":"Feature","properties":{"types":"Public Park Or Garden","area_m2":27492.5},"geometry":{"type":"GeometryCollection","geometries":[{"type":"MultiPolygon","coordinates":[[[[-2.93776,50.72297],[-2.93761,50.723],[-2.93667,50.7235],[-2.93629,50.72363],[-2.93644,50.72376],[-2.93627,50.72388],[-2.93598,50.72398],[-2.93605,50.72404],[-2.93596,50.72414],[-2.93596,50.72426],[-2.93643,50.72461],[-2.93646,50.7246],[-2.93666,50.72479],[-2.9367,50.72478],[-2.93686,50.72501],[-2.93693,50.72497],[-2.93695,50.72491],[-2.93638,50.72444],[-2.93658,50.72424],[-2.93689,50.72418],[-2.93734,50.72404],[-2.93802,50.7236],[-2.93827,50.72365],[-2.93836,50.7238],[-2.93832,50.72385],[-2.93919,50.72345],[-2.93947,50.72324],[-2.93958,50.7232],[-2.93975,50.72318],[-2.94,50.72325],[-2.94006,50.72352],[-2.94001,50.72323],[-2.94,50.72272],[-2.93954,50.72295],[-2.9391,50.72244],[-2.93865,50.72221],[-2.93896,50.72178],[-2.9389,50.72168],[-2.93884,50.72167],[-2.93877,50.72176],[-2.93852,50.72212],[-2.93861,50.72217],[-2.93815,50.72271],[-2.93776,50.72297]]],[[[-2.93832,50.72385],[-2.93828,50.7239],[-2.93834,50.72422],[-2.93832,50.72385]]]]}]}},
{"type":"Feature","properties":{"types":"Play Space; Playing Field","area_m2":9588.9},"geometry":{"type":"Polygon","coordinates":[[[-2.93213,50.72757],[-2.93333,50.72789],[-2.93377,50.72748],[-2.93256,50.72672],[-2.93174,50.72732],[-2.93213,50.72757]]]}},
{"type":"Feature","properties":{"types":"Allotments Or Community Growing Spaces; Playing Field","area_m2":22831.4},"geometry":{"type":"Polygon","coordinates":[[[-2.92948,50.72919],[-2.92955,50.72916],[-2.92938,50.72896],[-2.92915,50.72904],[-2.92881,50.72924],[-2.92843,50.72956],[-2.92867,50.73017],[-2.92898,50.73072],[-2.92898,50.73088],[-2.92955,50.73078],[-2.92952,50.73069],[-2.92976,50.73072],[-2.93152,50.73038],[-2.93142,50.73032],[-2.93123,50.72969],[-2.93085,50.72978],[-2.92931,50.72997],[-2.92928,50.72985],[-2.92983,50.72976],[-2.92956,50.72924],[-2.92948,50.72919]]]}},
{"type":"Feature","properties":{"types":"Other Sports Facility; Play Space; Playing Field","area_m2":26629.0},"geometry":{"type":"Polygon","coordinates":[[[-2.96123,50.73512],[-2.96183,50.73463],[-2.96161,50.73457],[-2.96094,50.73458],[-2.96071,50.7345],[-2.96031,50.73475],[-2.95941,50.73514],[-2.96018,50.73543],[-2.96076,50.73556],[-2.96058,50.73559],[-2.9602,50.73549],[-2.95943,50.73517],[-2.9594,50.73528],[-2.95931,50.73534],[-2.95912,50.73537],[-2.95894,50.73547],[-2.95874,50.73546],[-2.95882,50.7356],[-2.95828,50.7357],[-2.9593,50.73652],[-2.95906,50.73626],[-2.95924,50.73616],[-2.95952,50.73638],[-2.95958,50.73636],[-2.9596,50.73643],[-2.95981,50.73647],[-2.9599,50.73655],[-2.95985,50.73659],[-2.95998,50.73667],[-2.96011,50.73655],[-2.96026,50.73655],[-2.96041,50.73666],[-2.96057,50.73659],[-2.96082,50.73656],[-2.96085,50.73622],[-2.96074,50.73565],[-2.96123,50.73512]],[[-2.95887,50.73583],[-2.95921,50.73608],[-2.95903,50.73618],[-2.95869,50.73594],[-2.95887,50.73583]]]}},
{"type":"Feature","properties":{"types":"Play Space; Playing Field","area_m2":28835.3},"geometry":{"type":"Polygon","coordinates":[[[-2.89856,50.74078],[-2.899,50.74122],[-2.89958,50.74127],[-2.89995,50.74157],[-2.89996,50.74181],[-2.90011,50.74177],[-2.90096,50.74181],[-2.90188,50.74174],[-2.90183,50.7416],[-2.9013,50.74103],[-2.901,50.7406],[-2.90101,50.74045],[-2.90137,50.73987],[-2.89854,50.7404],[-2.89856,50.74078]],[[-2.89926,50.74034],[-2.89906,50.74038],[-2.89902,50.74032],[-2.89923,50.74028],[-2.89926,50.74034]],[[-2.8992,50.74079],[-2.89901,50.74044],[-2.89933,50.74037],[-2.89949,50.74073],[-2.8992,50.74079]]]}},
{"type":"Feature","properties":{"types":"Playing Field","area_m2":10433.0},"geometry":{"type":"Polygon","coordinates":[[[-2.93358,50.79893],[-2.9339,50.79867],[-2.93446,50.79805],[-2.93288,50.79752],[-2.93261,50.79831],[-2.93275,50.79836],[-2.93358,50.79893]],[[-2.93291,50.79763],[-2.93315,50.79766],[-2.93305,50.79797],[-2.93281,50.79793],[-2.93291,50.79763]]]}},
{"type":"Feature","properties":{"types":"Other Sports Facility","area_m2":22905.4},"geometry":{"type":"Polygon","coordinates":[[[-2.89576,50.82319],[-2.89508,50.82266],[-2.8947,50.82311],[-2.89389,50.8237],[-2.89524,50.82474],[-2.89653,50.82407],[-2.89679,50.82389],[-2.89576,50.82319]]]}},
{"type":"Feature","properties":{"types":"Play Space; Playing Field","area_m2":27423.9},"geometry":{"type":"Polygon","coordinates":[[[-2.95154,50.84317],[-2.95188,50.84406],[-2.9522,50.84455],[-2.9525,50.84486],[-2.95302,50.84447],[-2.95343,50.8443],[-2.95428,50.84425],[-2.95444,50.84418],[-2.95412,50.84395],[-2.95395,50.84365],[-2.95388,50.84321],[-2.95404,50.84312],[-2.95393,50.84259],[-2.95259,50.84299],[-2.95257,50.84284],[-2.95249,50.84285],[-2.95154,50.84317]],[[-2.95259,50.84418],[-2.95281,50.84445],[-2.95233,50.8446],[-2.95211,50.84432],[-2.95259,50.84418]]]}},
{"type":"Feature","properties":{"types":"Allotments Or Community Growing Spaces; Playing Field","area_m2":22401.8},"geometry":{"type":"Polygon","coordinates":[[[-2.89617,50.85405],[-2.89668,50.85372],[-2.8968,50.85359],[-2.89626,50.85299],[-2.89541,50.85359],[-2.89513,50.85346],[-2.8939,50.85403],[-2.89414,50.85426],[-2.89392,50.85438],[-2.89386,50.85433],[-2.89351,50.85464],[-2.89473,50.855],[-2.89498,50.85488],[-2.89532,50.85466],[-2.89594,50.8541],[-2.89617,50.85405]]]}},
{"type":"Feature","properties":{"types":"Playing Field","area_m2":37194.3},"geometry":{"type":"Polygon","coordinates":[[[-2.94929,50.86045],[-2.94948,50.86048],[-2.94997,50.86073],[-2.95025,50.86016],[-2.95091,50.85949],[-2.95104,50.85928],[-2.95121,50.85877],[-2.95024,50.85867],[-2.95027,50.8583],[-2.94872,50.85822],[-2.94772,50.8583],[-2.94776,50.85863],[-2.94768,50.85863],[-2.9477,50.85943],[-2.94884,50.85943],[-2.94967,50.85951],[-2.94937,50.86012],[-2.94929,50.86045]]]}},
{"type":"Feature","properties":{"types":"Allotments Or Community Growing Spaces; Play Space","area_m2":25003.5},"geometry":{"type":"Polygon","coordinates":[[[-2.96348,50.86292],[-2.96313,50.86278],[-2.96314,50.86268],[-2.96353,50.86281],[-2.96374,50.86271],[-2.96442,50.86222],[-2.96499,50.86191],[-2.96414,50.86146],[-2.96305,50.86096],[-2.96281,50.86192],[-2.96246,50.86269],[-2.96229,50.86271],[-2.96208,50.86299],[-2.96184,50.86321],[-2.96217,50.86339],[-2.96244,50.86317],[-2.96306,50.86347],[-2.96348,50.86292]]]}},
{"type":"Feature","properties":{"types":"Other Sports Facility; Play Space; Public Park Or Garden","area_m2":7271.6},"geometry":{"type":"Polygon","coordinates":[[[-2.96083,50.86333],[-2.96001,50.86279],[-2.95886,50.86306],[-2.9589,50.8631],[-2.95898,50.86308],[-2.95904,50.86315],[-2.95912,50.86315],[-2.95913,50.86319],[-2.95907,50.86323],[-2.95908,50.86372],[-2.95911,50.86383],[-2.95923,50.86386],[-2.95951,50.86388],[-2.95976,50.86355],[-2.96035,50.86312],[-2.9608,50.86336],[-2.96083,50.86333]]]}},
{"type":"Feature","properties":{"types":"Play Space; Public Park Or Garden","area_m2":30306.0},"geometry":{"type":"Polygon","coordinates":[[[-2.95999,50.87225],[-2.95995,50.87218],[-2.96057,50.87188],[-2.96103,50.87155],[-2.96094,50.87151],[-2.9614,50.87107],[-2.96132,50.87097],[-2.96117,50.87089],[-2.96034,50.87062],[-2.95967,50.87126],[-2.95947,50.87117],[-2.95986,50.87081],[-2.95997,50.87086],[-2.9603,50.87058],[-2.96038,50.87042],[-2.96018,50.87033],[-2.96004,50.87047],[-2.95984,50.87039],[-2.95965,50.87055],[-2.95909,50.8703],[-2.9585,50.87072],[-2.95827,50.87061],[-2.95858,50.87081],[-2.9582,50.87109],[-2.95788,50.87122],[-2.95807,50.87152],[-2.95843,50.87147],[-2.95859,50.8719],[-2.95871,50.87192],[-2.95868,50.87212],[-2.959,50.87216],[-2.95901,50.87213],[-2.95903,50.87217],[-2.95942,50.87222],[-2.95976,50.87183],[-2.96031,50.87193],[-2.95977,50.87224],[-2.95999,50.87225]]]}},
{"type":"Feature","properties":{"types":"Public Park Or Garden","area_m2":23872.8},"geometry":{"type":"Polygon","coordinates":[[[-2.96817,50.87057],[-2.96768,50.87084],[-2.9674,50.87106],[-2.9674,50.87113],[-2.96792,50.87156],[-2.96819,50.872],[-2.96825,50.87199],[-2.96804,50.87158],[-2.96844,50.8715],[-2.96871,50.87151],[-2.96871,50.87156],[-2.97031,50.87158],[-2.97029,50.87114],[-2.97118,50.87123],[-2.97117,50.87109],[-2.97082,50.87096],[-2.97032,50.87067],[-2.97001,50.87055],[-2.96944,50.87043],[-2.96879,50.87043],[-2.96817,50.87057]]]}},
{"type":"Feature","properties":{"types":"Other Sports Facility","area_m2":5767.7},"geometry":{"type":"Polygon","coordinates":[[[-2.96215,50.87255],[-2.96215,50.87259],[-2.96247,50.87256],[-2.96243,50.87214],[-2.96304,50.87193],[-2.96304,50.87189],[-2.96289,50.87193],[-2.96264,50.8716],[-2.96223,50.87172],[-2.96189,50.87174],[-2.96182,50.87164],[-2.96165,50.87175],[-2.96181,50.87187],[-2.9619,50.87184],[-2.96183,50.87188],[-2.96187,50.87194],[-2.96198,50.8719],[-2.96201,50.87211],[-2.96171,50.87213],[-2.96169,50.87258],[-2.96215,50.87255]]]}},
{"type":"Feature","properties":{"types":"Playing Field","area_m2":14920.9},"geometry":{"type":"Polygon","coordinates":[[[-2.93425,50.87459],[-2.93428,50.87332],[-2.93408,50.87335],[-2.93405,50.87362],[-2.93335,50.8736],[-2.93246,50.8737],[-2.93232,50.87465],[-2.93425,50.87459]]]}},
{"type":"Feature","properties":{"types":"Other Sports Facility; Playing Field","area_m2":28049.1},"geometry":{"type":"Polygon","coordinates":[[[-2.96716,50.87551],[-2.96664,50.87475],[-2.96659,50.87476],[-2.96593,50.87414],[-2.96559,50.87391],[-2.9655,50.87381],[-2.96384,50.874],[-2.96392,50.87493],[-2.96389,50.87513],[-2.96423,50.8752],[-2.96515,50.87506],[-2.96526,50.87563],[-2.96716,50.87551]],[[-2.96562,50.87451],[-2.96574,50.8745],[-2.96561,50.87417],[-2.96584,50.87415],[-2.96595,50.87444],[-2.96587,50.87448],[-2.96597,50.87478],[-2.96572,50.87481],[-2.96562,50.87451]],[[-2.96633,50.87473],[-2.9661,50.87477],[-2.96597,50.87446],[-2.96619,50.87442],[-2.96633,50.87473]]]}},
{"type":"Feature","properties":{"types":"Playing Field","area_m2":9968.5},"geometry":{"type":"Polygon","coordinates":[[[-2.96233,50.87508],[-2.96389,50.87493],[-2.96382,50.87417],[-2.96277,50.87426],[-2.96274,50.87423],[-2.96275,50.87429],[-2.9622,50.87433],[-2.96211,50.8747],[-2.96233,50.87508]]]}},
{"type":"Feature","properties":{"types":"Public Park Or Garden","area_m2":19113.1},"geometry":{"type":"Polygon","coordinates":[[[-2.95434,50.87774],[-2.95457,50.87754],[-2.95483,50.87764],[-2.95507,50.87738],[-2.9552,50.87706],[-2.95602,50.87722],[-2.95573,50.87715],[-2.9558,50.87629],[-2.9557,50.87566],[-2.95541,50.8751],[-2.95505,50.87467],[-2.95489,50.87471],[-2.95452,50.87468],[-2.95463,50.87475],[-2.95493,50.87516],[-2.95486,50.87518],[-2.95514,50.87576],[-2.95513,50.87623],[-2.95503,50.87686],[-2.95458,50.8768],[-2.95455,50.8767],[-2.95447,50.87667],[-2.95454,50.87675],[-2.95461,50.87705],[-2.95374,50.87707],[-2.95349,50.8771],[-2.9534,50.87708],[-2.95345,50.87719],[-2.95351,50.87714],[-2.95371,50.87711],[-2.95391,50.87712],[-2.95397,50.87727],[-2.95377,50.8773],[-2.95384,50.87753],[-2.95389,50.87752],[-2.95397,50.87769],[-2.9539,50.87774],[-2.95396,50.87799],[-2.95408,50.87809],[-2.95438,50.87776],[-2.95434,50.87774]]]}},
{"type":"Feature","properties":{"types":"Play Space; Public Park Or Garden","area_m2":11546.9},"geometry":{"type":"Polygon","coordinates":[[[-2.95025,50.87682],[-2.95052,50.87804],[-2.95058,50.87803],[-2.95054,50.87789],[-2.95058,50.87784],[-2.95132,50.87771],[-2.95139,50.87789],[-2.95147,50.87788],[-2.95155,50.87807],[-2.9514,50.8781],[-2.9517,50.87804],[-2.95188,50.87792],[-2.95168,50.87783],[-2.95155,50.87766],[-2.95099,50.87633],[-2.95088,50.87631],[-2.95023,50.87651],[-2.95024,50.87657],[-2.95019,50.87659],[-2.95034,50.87681],[-2.95025,50.87682]]]}},
{"type":"Feature","properties":{"types":"Play Space; Public Park Or Garden","area_m2":13489.6},"geometry":{"type":"Polygon","coordinates":[[[-2.94946,50.88057],[-2.94951,50.88064],[-2.9525,50.87998],[-2.95254,50.88007],[-2.95274,50.87982],[-2.95282,50.87982],[-2.95275,50.87976],[-2.95305,50.87937],[-2.95261,50.87921],[-2.95133,50.8794],[-2.95126,50.87939],[-2.95114,50.87946],[-2.95091,50.87953],[-2.95099,50.8797],[-2.95077,50.87976],[-2.95077,50.87981],[-2.95057,50.87982],[-2.95082,50.88023],[-2.95071,50.88029],[-2.94946,50.88057]]]}},
{"type":"Feature","properties":{"types":"Play Space","area_m2":8985.6},"geometry":{"type":"Polygon","coordinates":[[[-2.9628,50.87977],[-2.9627,50.87974],[-2.9629,50.88018],[-2.96301,50.88059],[-2.96321,50.88089],[-2.96282,50.881],[-2.96348,50.88085],[-2.96355,50.88077],[-2.96368,50.88075],[-2.96382,50.88047],[-2.96416,50.88021],[-2.96409,50.8797],[-2.9628,50.87977]]]}},
{"type":"Feature","properties":{"types":"Public Park Or Garden","area_m2":9065.2},"geometry":{"type":"Polygon","coordinates":[[[-2.9617,50.88249],[-2.96166,50.88314],[-2.9627,50.8831],[-2.96266,50.8823],[-2.96068,50.88213],[-2.96061,50.88236],[-2.96091,50.8824],[-2.96092,50.88248],[-2.9617,50.88249]]]}},
{"type":"Feature","properties":{"types":"Playing Field","area_m2":23670.5},"geometry":{"type":"Polygon","coordinates":[[[-2.89187,50.90774],[-2.89156,50.90792],[-2.89136,50.90826],[-2.89168,50.90828],[-2.89247,50.90851],[-2.89357,50.90861],[-2.89376,50.90847],[-2.89396,50.90823],[-2.89383,50.90761],[-2.89388,50.90712],[-2.89401,50.90667],[-2.89361,50.90667],[-2.8932,50.9068],[-2.89282,50.90701],[-2.8929,50.90707],[-2.89244,50.90736],[-2.8924,50.90745],[-2.89207,50.90769],[-2.89193,50.90778],[-2.89187,50.90774]]]}},
{"type":"Feature","properties":{"types":"Play Space; Playing Field","area_m2":129868.0},"geometry":{"type":"Polygon","coordinates":[[[-2.91562,50.92331],[-2.91547,50.9234],[-2.9148,50.92357],[-2.91441,50.92358],[-2.91365,50.92353],[-2.91282,50.9236],[-2.91278,50.92404],[-2.91271,50.92427],[-2.9128,50.92431],[-2.91275,50.92459],[-2.91314,50.92463],[-2.91361,50.9248],[-2.91385,50.92497],[-2.91452,50.92519],[-2.91489,50.9252],[-2.91707,50.92507],[-2.91774,50.92506],[-2.91849,50.92486],[-2.91849,50.92475],[-2.91927,50.92455],[-2.91953,50.92436],[-2.91964,50.9242],[-2.91968,50.92399],[-2.92002,50.92365],[-2.92011,50.92332],[-2.92038,50.92297],[-2.92078,50.92214],[-2.91863,50.92223],[-2.91846,50.92184],[-2.91818,50.92138],[-2.91807,50.92137],[-2.91744,50.92134],[-2.91671,50.92142],[-2.91622,50.92153],[-2.91618,50.92162],[-2.91613,50.92163],[-2.91626,50.92191],[-2.91624,50.92196],[-2.91686,50.92307],[-2.91646,50.92318],[-2.91627,50.92329],[-2.91609,50.92318],[-2.91614,50.92333],[-2.91589,50.92337],[-2.91584,50.92321],[-2.91591,50.9232],[-2.91591,50.92317],[-2.91569,50.92319],[-2.91562,50.92331]],[[-2.91852,50.92442],[-2.91901,50.92429],[-2.91908,50.92441],[-2.91892,50.92445],[-2.91894,50.92447],[-2.91859,50.92453],[-2.91852,50.92442]],[[-2.9174,50.92477],[-2.91733,50.92478],[-2.91717,50.92451],[-2.91757,50.92441],[-2.91773,50.92469],[-2.91786,50.92466],[-2.91802,50.92495],[-2.91758,50.92505],[-2.9174,50.92477]]]}},
{"type":"Feature","properties":{"types":"Playing Field","area_m2":6532.1},"geometry":{"type":"Polygon","coordinates":[[[-2.94854,50.92429],[-2.9486,50.92406],[-2.94775,50.92395],[-2.94772,50.92405],[-2.94753,50.92404],[-2.94748,50.92475],[-2.9476,50.92477],[-2.94766,50.92475],[-2.9477,50.92479],[-2.94795,50.92484],[-2.94796,50.92481],[-2.94848,50.92489],[-2.94854,50.92429]]]}},
{"type":"Feature","properties":{"types":"Allotments Or Community Growing Spaces","area_m2":9810.2},"geometry":{"type":"Polygon","coordinates":[[[-2.91207,50.93007],[-2.91213,50.92901],[-2.91097,50.92895],[-2.91095,50.92907],[-2.91062,50.9294],[-2.91056,50.92959],[-2.9105,50.92964],[-2.91207,50.93007]]]}},
{"type":"Feature","properties":{"types":"Allotments Or Community Growing Spaces; Other Sports Facility; Playing Field; Public Park Or Garden","area_m2":74695.9},"geometry":{"type":"Polygon","coordinates":[[[-2.92908,50.95112],[-2.9292,50.95101],[-2.92954,50.95112],[-2.93008,50.9512],[-2.93003,50.95197],[-2.9295,50.9519],[-2.92937,50.95192],[-2.92922,50.95213],[-2.92922,50.95225],[-2.92764,50.95207],[-2.92742,50.95237],[-2.92649,50.95199],[-2.92609,50.95217],[-2.92607,50.95308],[-2.92624,50.9533],[-2.92655,50.95314],[-2.9269,50.95307],[-2.92772,50.95455],[-2.92999,50.95401],[-2.93184,50.95366],[-2.93159,50.95258],[-2.93124,50.95258],[-2.92995,50.95249],[-2.9299,50.95229],[-2.9297,50.95229],[-2.92969,50.95208],[-2.92994,50.95209],[-2.92997,50.95214],[-2.93006,50.95212],[-2.93015,50.95118],[-2.92951,50.95109],[-2.92861,50.95074],[-2.92829,50.95126],[-2.92866,50.95127],[-2.92877,50.95109],[-2.92908,50.95112]],[[-2.92908,50.95104],[-2.92904,50.95108],[-2.92877,50.95106],[-2.92859,50.95115],[-2.92847,50.95111],[-2.92855,50.95095],[-2.92864,50.95091],[-2.929,50.95099],[-2.92908,50.95104]]]}},
{"type":"Feature","properties":{"types":"Playing Field","area_m2":8631.1},"geometry":{"type":"Polygon","coordinates":[[[-2.87691,50.95613],[-2.8761,50.95567],[-2.87511,50.9565],[-2.87558,50.95679],[-2.87578,50.95699],[-2.87691,50.95613]]]}},
{"type":"Feature","properties":{"types":"Playing Field","area_m2":11583.6},"geometry":{"type":"Polygon","coordinates":[[[-2.87474,50.96135],[-2.87465,50.96144],[-2.87446,50.96265],[-2.87577,50.9627],[-2.87584,50.96158],[-2.87579,50.96157],[-2.8757,50.96161],[-2.87548,50.96158],[-2.875,50.9614],[-2.87491,50.96144],[-2.87476,50.9614],[-2.87474,50.96135]]]}},
{"type":"Feature","properties":{"types":"Play Space; Playing Field","area_m2":17290.0},"geometry":{"type":"Polygon","coordinates":[[[-2.92547,50.99868],[-2.92502,50.99875],[-2.92408,50.99881],[-2.92426,50.99923],[-2.92472,50.99994],[-2.92549,50.99983],[-2.92578,51.00015],[-2.92582,51.0001],[-2.9269,50.99996],[-2.92666,50.99975],[-2.92547,50.99868]],[[-2.92663,50.99977],[-2.92644,50.99985],[-2.92616,50.9996],[-2.92636,50.99952],[-2.92663,50.99977]]]}},
{"type":"Feature","properties":{"types":"Other Sports Facility; Play Space; Playing Field","area_m2":16074.2},"geometry":{"type":"Polygon","coordinates":[[[-2.87862,51.01904],[-2.88056,51.01849],[-2.88026,51.01762],[-2.87833,51.01788],[-2.87854,51.01844],[-2.87854,51.01885],[-2.87862,51.01904]]]}},
{"type":"Feature","properties":{"types":"Allotments Or Community Growing Spaces; Play Space; Playing Field","area_m2":18765.2},"geometry":{"type":"Polygon","coordinates":[[[-2.97574,51.01891],[-2.97548,51.01844],[-2.97558,51.01841],[-2.97559,51.01833],[-2.9753,51.01751],[-2.97439,51.01761],[-2.97412,51.01786],[-2.97373,51.01839],[-2.97349,51.01891],[-2.97416,51.01882],[-2.97427,51.01916],[-2.9751,51.01906],[-2.97574,51.01891]]]}},
{"type":"Feature","properties":{"types":"Allotments Or Community Growing Spaces","area_m2":15930.1},"geometry":{"type":"Polygon","coordinates":[[[-2.88115,51.02127],[-2.88123,51.02134],[-2.8823,51.02182],[-2.88297,51.02162],[-2.88246,51.02078],[-2.88241,51.0203],[-2.88223,51.0202],[-2.88226,51.02009],[-2.88105,51.02039],[-2.88114,51.02084],[-2.88115,51.02127]]]}},
{"type":"Feature","properties":{"types":"Playing Field","area_m2":49671.1},"geometry":{"type":"Polygon","coordinates":[[[-2.96275,51.02313],[-2.96291,51.02372],[-2.963,51.02382],[-2.96311,51.02386],[-2.96268,51.02406],[-2.9635,51.02493],[-2.96387,51.02478],[-2.9639,51.02473],[-2.96454,51.02441],[-2.96412,51.024],[-2.96508,51.02472],[-2.96563,51.02477],[-2.96594,51.02465],[-2.96703,51.02395],[-2.96647,51.02355],[-2.96625,51.02363],[-2.96621,51.02357],[-2.96585,51.02361],[-2.96543,51.02332],[-2.96512,51.02346],[-2.96505,51.0234],[-2.96516,51.02334],[-2.96512,51.02327],[-2.96522,51.02323],[-2.96528,51.02327],[-2.96535,51.02326],[-2.96464,51.02265],[-2.96387,51.02299],[-2.96281,51.02215],[-2.9627,51.02215],[-2.96218,51.02237],[-2.96256,51.02275],[-2.96275,51.02313]]]}},
{"type":"Feature","properties":{"types":"Play Space; Playing Field","area_m2":26366.7},"geometry":{"type":"Polygon","coordinates":[[[-2.93632,51.03976],[-2.93533,51.04017],[-2.93384,51.04064],[-2.93385,51.04069],[-2.93379,51.04073],[-2.93391,51.041],[-2.93405,51.04168],[-2.93667,51.0411],[-2.93659,51.04078],[-2.93721,51.04062],[-2.93632,51.03976]],[[-2.93631,51.04082],[-2.93647,51.04111],[-2.93602,51.04121],[-2.93586,51.04091],[-2.93631,51.04082]]]}},
{"type":"Feature","properties":{"types":"Play Space; Playing Field","area_m2":13369.0},"geometry":{"type":"Polygon","coordinates":[[[-2.89033,51.08935],[-2.89036,51.08922],[-2.89097,51.08926],[-2.89096,51.08929],[-2.89107,51.0893],[-2.89115,51.08877],[-2.89128,51.08874],[-2.89126,51.08849],[-2.89103,51.08853],[-2.89103,51.08847],[-2.88939,51.08839],[-2.88907,51.08885],[-2.8889,51.0892],[-2.89033,51.08935]]]}},
{"type":"Feature","properties":{"types":"Allotments Or Community Growing Spaces","area_m2":10536.3},"geometry":{"type":"Polygon","coordinates":[[[-2.88996,51.08936],[-2.88883,51.08927],[-2.88876,51.0893],[-2.89001,51.09064],[-2.89032,51.09057],[-2.89072,51.09044],[-2.89079,51.09033],[-2.89075,51.09023],[-2.88996,51.08936]]]}},
{"type":"Feature","properties":{"types":"Allotments Or Community Growing Spaces","area_m2":8008.5},"geometry":{"type":"Polygon","coordinates":[[[-2.92086,51.10705],[-2.91873,51.10648],[-2.91852,51.10689],[-2.92074,51.10748],[-2.92086,51.10705]]]}},
{"type":"Feature","properties":{"types":"Playing Field","area_m2":19749.6},"geometry":{"type":"Polygon","coordinates":[[[-2.91778,51.10869],[-2.91805,51.10866],[-2.91877,51.10856],[-2.91898,51.10848],[-2.91948,51.10853],[-2.91964,51.1073],[-2.91832,51.10697],[-2.91829,51.10702],[-2.91825,51.10701],[-2.91771,51.10788],[-2.91765,51.1083],[-2.91778,51.10869]]]}},
{"type":"Feature","properties":{"types":"Play Space; Playing Field","area_m2":24896.9},"geometry":{"type":"Polygon","coordinates":[[[-2.92184,51.11111],[-2.92266,51.11128],[-2.92261,51.11136],[-2.92225,51.1113],[-2.92223,51.11133],[-2.92371,51.11152],[-2.92479,51.11084],[-2.92493,51.11043],[-2.92276,51.11006],[-2.92208,51.11049],[-2.92196,51.11054],[-2.92192,51.11052],[-2.92172,51.11064],[-2.92166,51.1107],[-2.92167,51.11083],[-2.92158,51.111],[-2.92137,51.11122],[-2.92158,51.11124],[-2.92167,51.11112],[-2.92182,51.11115],[-2.92184,51.11111]]]}},
{"type":"Feature","properties":{"types":"Allotments Or Community Growing Spaces","area_m2":6616.8},"geometry":{"type":"Polygon","coordinates":[[[-2.94812,51.13304],[-2.94691,51.13356],[-2.94751,51.13403],[-2.94691,51.13435],[-2.94861,51.13352],[-2.94812,51.13304]]]}},
{"type":"Feature","properties":{"types":"Play Space; Playing Field","area_m2":5934.4},"geometry":{"type":"Polygon","coordinates":[[[-2.94511,51.13558],[-2.9445,51.13632],[-2.94552,51.13656],[-2.94588,51.1359],[-2.94511,51.13558]]]}},
{"type":"Feature","properties":{"types":"Other Sports Facility; Play Space; Public Park Or Garden","area_m2":13657.5},"geometry":{"type":"Polygon","coordinates":[[[-2.97429,51.13551],[-2.97391,51.13552],[-2.97389,51.13543],[-2.97388,51.13552],[-2.97331,51.13547],[-2.97326,51.1351],[-2.97323,51.13512],[-2.9733,51.1354],[-2.97324,51.13581],[-2.97311,51.13626],[-2.97294,51.13655],[-2.97294,51.13687],[-2.97338,51.13686],[-2.97343,51.13693],[-2.97403,51.13693],[-2.97425,51.13643],[-2.97431,51.13643],[-2.97437,51.13613],[-2.97465,51.13579],[-2.97447,51.13554],[-2.97429,51.13551]]]}},
{"type":"Feature","properties":{"types":"Playing Field","area_m2":33695.7},"geometry":{"type":"Polygon","coordinates":[[[-2.96873,51.14313],[-2.96876,51.14292],[-2.96761,51.14313],[-2.96703,51.14427],[-2.96875,51.14441],[-2.96957,51.14454],[-2.96966,51.14449],[-2.96992,51.14407],[-2.97037,51.14372],[-2.97113,51.14406],[-2.97115,51.1439],[-2.97081,51.14348],[-2.97059,51.14279],[-2.96981,51.14294],[-2.96986,51.14298],[-2.9695,51.1432],[-2.96873,51.14313]]]}},
{"type":"Feature","properties":{"types":"Play Space; Playing Field","area_m2":17861.3},"geometry":{"type":"Polygon","coordinates":[[[-2.89136,51.158],[-2.8928,51.15813],[-2.89301,51.15702],[-2.89303,51.15649],[-2.89162,51.15649],[-2.89136,51.158]]]}},
{"type":"Feature","properties":{"types":"Public Park Or Garden","area_m2":44156.1},"geometry":{"type":"Polygon","coordinates":[[[-2.95837,51.15757],[-2.95854,51.15772],[-2.95867,51.15794],[-2.95885,51.15801],[-2.95913,51.15832],[-2.95946,51.15854],[-2.95973,51.15865],[-2.96156,51.15818],[-2.9609,51.15734],[-2.96008,51.1566],[-2.95889,51.15566],[-2.95868,51.15582],[-2.95835,51.15563],[-2.95806,51.15585],[-2.95801,51.15605],[-2.95838,51.15688],[-2.95837,51.15757]]]}},
{"type":"Feature","properties":{"types":"Public Park Or Garden","area_m2":299494.7},"geometry":{"type":"Polygon","coordinates":[[[-2.95783,51.15783],[-2.9578,51.15776],[-2.958,51.15771],[-2.95815,51.15751],[-2.95804,51.15751],[-2.95809,51.15719],[-2.95835,51.1572],[-2.95833,51.15684],[-2.95797,51.15609],[-2.95796,51.15597],[-2.95813,51.15573],[-2.95852,51.15545],[-2.95727,51.15521],[-2.95597,51.15506],[-2.95542,51.15487],[-2.95487,51.15476],[-2.9534,51.15453],[-2.953,51.15452],[-2.9523,51.15462],[-2.95217,51.15521],[-2.95193,51.15553],[-2.95163,51.15611],[-2.95063,51.15693],[-2.95128,51.15727],[-2.95132,51.15725],[-2.95142,51.15731],[-2.95139,51.15733],[-2.95166,51.15748],[-2.9517,51.15745],[-2.95176,51.15748],[-2.95172,51.15751],[-2.95198,51.15765],[-2.95202,51.15762],[-2.95207,51.15765],[-2.95203,51.15768],[-2.95229,51.15782],[-2.95249,51.15778],[-2.95301,51.15814],[-2.95328,51.15817],[-2.95265,51.15859],[-2.9527,51.15865],[-2.95287,51.15865],[-2.95293,51.15878],[-2.95313,51.1597],[-2.95383,51.15968],[-2.95401,51.15953],[-2.95422,51.15949],[-2.95524,51.15951],[-2.95545,51.15994],[-2.95601,51.16043],[-2.95581,51.16091],[-2.95591,51.16094],[-2.95572,51.16135],[-2.95615,51.16144],[-2.95752,51.16187],[-2.95888,51.16004],[-2.95906,51.16],[-2.95924,51.16014],[-2.96113,51.1607],[-2.96138,51.1603],[-2.96032,51.15999],[-2.95934,51.15964],[-2.95957,51.15933],[-2.96075,51.15979],[-2.96079,51.15975],[-2.96068,51.15959],[-2.9608,51.15951],[-2.96194,51.15973],[-2.96219,51.15967],[-2.96162,51.1591],[-2.96149,51.15887],[-2.96161,51.15844],[-2.96157,51.15823],[-2.96103,51.15833],[-2.95923,51.15879],[-2.95859,51.15866],[-2.958,51.15833],[-2.95788,51.15834],[-2.95785,51.15823],[-2.95754,51.15822],[-2.95746,51.15789],[-2.95783,51.15783]]]}},
{"type":"Feature","properties":{"types":"Other Sports Facility; Play Space; Playing Field","area_m2":17539.0},"geometry":{"type":"Polygon","coordinates":[[[-2.92524,51.16035],[-2.92645,51.16052],[-2.92653,51.16058],[-2.92773,51.16069],[-2.92777,51.15999],[-2.92771,51.15913],[-2.92733,51.15911],[-2.92524,51.16035]]]}},
{"type":"Feature","properties":{"types":"Allotments Or Community Growing Spaces","area_m2":8476.9},"geometry":{"type":"Polygon","coordinates":[[[-2.93697,51.16179],[-2.93659,51.16059],[-2.93579,51.16056],[-2.93592,51.16149],[-2.936,51.1618],[-2.93697,51.16179]]]}},
{"type":"Feature","properties":{"types":"Play Space; Playing Field","area_m2":28037.7},"geometry":{"type":"Polygon","coordinates":[[[-2.9421,51.16457],[-2.9424,51.16442],[-2.94233,51.16435],[-2.94239,51.16348],[-2.93949,51.1631],[-2.93949,51.16451],[-2.9421,51.16457]]]}},
{"type":"Feature","properties":{"types":"Allotments Or Community Growing Spaces","area_m2":8539.9},"geometry":{"type":"Polygon","coordinates":[[[-2.96641,51.16999],[-2.96633,51.17],[-2.96629,51.16996],[-2.96499,51.17014],[-2.96517,51.17077],[-2.96571,51.17079],[-2.96576,51.17083],[-2.96611,51.17081],[-2.96671,51.17071],[-2.96666,51.1706],[-2.96661,51.1706],[-2.96641,51.16999]]]}},
{"type":"Feature","properties":{"types":"Playing Field","area_m2":16202.7},"geometry":{"type":"Polygon","coordinates":[[[-2.92629,51.2029],[-2.92541,51.20265],[-2.92453,51.20234],[-2.92391,51.20358],[-2.92456,51.20363],[-2.92511,51.20362],[-2.92558,51.20368],[-2.92561,51.20365],[-2.92565,51.20368],[-2.92574,51.20364],[-2.92583,51.20368],[-2.92626,51.20441],[-2.92645,51.2044],[-2.92584,51.20357],[-2.92629,51.2029]]]}},
{"type":"Feature","properties":{"types":"Other Sports Facility; Play Space; Playing Field","area_m2":19880.2},"geometry":{"type":"Polygon","coordinates":[[[-2.94195,51.20613],[-2.94247,51.20497],[-2.94057,51.20459],[-2.93999,51.20593],[-2.94135,51.20608],[-2.94155,51.20606],[-2.94195,51.20613]]]}},
{"type":"Feature","properties":{"types":"Other Sports Facility","area_m2":15301.1},"geometry":{"type":"Polygon","coordinates":[[[-2.94716,51.20884],[-2.94687,51.20921],[-2.94782,51.2094],[-2.94796,51.20921],[-2.9491,51.20969],[-2.94998,51.20973],[-2.95016,51.20946],[-2.94961,51.20922],[-2.94878,51.20892],[-2.94751,51.20859],[-2.94658,51.20844],[-2.94644,51.20866],[-2.94716,51.20884]]]}},
{"type":"Feature","properties":{"types":"Allotments Or Community Growing Spaces","area_m2":5548.8},"geometry":{"type":"Polygon","coordinates":[[[-2.96972,51.21852],[-2.96962,51.21843],[-2.96975,51.21807],[-2.96967,51.21793],[-2.96943,51.21779],[-2.9689,51.21783],[-2.96882,51.21837],[-2.96897,51.21878],[-2.96898,51.21872],[-2.96911,51.21868],[-2.96954,51.21863],[-2.9697,51.21865],[-2.96993,51.21895],[-2.96989,51.21877],[-2.96981,51.21874],[-2.96972,51.21852]]]}},
{"type":"Feature","properties":{"types":"Other Sports Facility; Play Space; Playing Field","area_m2":13445.8},"geometry":{"type":"Polygon","coordinates":[[[-2.97198,51.22089],[-2.97345,51.22111],[-2.97346,51.22115],[-2.97379,51.22117],[-2.97389,51.22093],[-2.97464,51.22105],[-2.97466,51.22099],[-2.97472,51.221],[-2.97469,51.22096],[-2.97473,51.22086],[-2.97483,51.22086],[-2.97476,51.22124],[-2.97488,51.22099],[-2.97494,51.22038],[-2.97484,51.22032],[-2.97483,51.22047],[-2.97398,51.22046],[-2.97395,51.22054],[-2.97272,51.22037],[-2.97284,51.22007],[-2.97281,51.2201],[-2.9726,51.22008],[-2.97248,51.22032],[-2.97227,51.22027],[-2.97198,51.22089]]]}},
{"type":"Feature","properties":{"types":"Playing Field","area_m2":34349.3},"geometry":{"type":"Polygon","coordinates":[[[-2.88409,51.22766],[-2.88378,51.22766],[-2.88412,51.22923],[-2.88446,51.22914],[-2.88486,51.22894],[-2.88547,51.22887],[-2.88588,51.22889],[-2.88585,51.22769],[-2.88567,51.22769],[-2.88567,51.22767],[-2.88586,51.22767],[-2.88563,51.2268],[-2.88372,51.22666],[-2.88374,51.22764],[-2.88409,51.22763],[-2.88409,51.22766]]]}},
{"type":"Feature","properties":{"types":"Playing Field","area_m2":19562.6},"geometry":{"type":"Polygon","coordinates":[[[-2.89693,51.22941],[-2.89724,51.22944],[-2.89805,51.22958],[-2.89755,51.22782],[-2.8962,51.228],[-2.89618,51.22815],[-2.8963,51.22853],[-2.89597,51.22857],[-2.89624,51.22937],[-2.89687,51.22941],[-2.89685,51.22946],[-2.89671,51.22949],[-2.89691,51.2295],[-2.89693,51.22941]]]}},
{"type":"Feature","properties":{"types":"Other Sports Facility; Play Space; Playing Field","area_m2":14103.7},"geometry":{"type":"Polygon","coordinates":[[[-2.89607,51.23029],[-2.89594,51.22961],[-2.89597,51.22934],[-2.89582,51.22895],[-2.89531,51.22901],[-2.89517,51.22853],[-2.89473,51.22857],[-2.89488,51.22992],[-2.895,51.23056],[-2.89607,51.23029]]]}},
{"type":"Feature","properties":{"types":"Playing Field","area_m2":23163.9},"geometry":{"type":"Polygon","coordinates":[[[-2.89962,51.22994],[-2.89905,51.22983],[-2.89897,51.22986],[-2.89901,51.22989],[-2.89893,51.23018],[-2.89903,51.23069],[-2.89921,51.2313],[-2.89942,51.23176],[-2.90102,51.23137],[-2.90081,51.23003],[-2.89962,51.22994]]]}},
{"type":"Feature","properties":{"types":"Allotments Or Community Growing Spaces","area_m2":7880.8},"geometry":{"type":"Polygon","coordinates":[[[-2.96079,51.23281],[-2.96074,51.23276],[-2.9603,51.23261],[-2.95893,51.23202],[-2.95859,51.23225],[-2.95882,51.23253],[-2.96047,51.23319],[-2.96079,51.23281]]]}},
{"type":"Feature","properties":{"types":"Playing Field","area_m2":13135.7},"geometry":{"type":"Polygon","coordinates":[[[-2.94088,51.23976],[-2.94073,51.24021],[-2.94089,51.24054],[-2.94106,51.24065],[-2.9414,51.24071],[-2.94207,51.24069],[-2.94299,51.2396],[-2.94255,51.23958],[-2.94233,51.23966],[-2.94088,51.23976]]]}},
{"type":"Feature","properties":{"types":"Public Park Or Garden","area_m2":6116.5},"geometry":{"type":"Polygon","coordinates":[[[-2.93782,51.26365],[-2.93819,51.2638],[-2.93859,51.26404],[-2.93877,51.26391],[-2.93892,51.26394],[-2.93923,51.2641],[-2.93942,51.26396],[-2.93943,51.26388],[-2.93873,51.26323],[-2.93771,51.26346],[-2.93782,51.26365]]]}}
]
}
